file,function,line,condition,failure
admission_plan.py,_config,39,"not isinstance(config, dict)",raise ArtifactError('View config must be an object')
admission_plan.py,_config,43,,raise ArtifactError('invalid required View arguments') from exc
admission_plan.py,_config,55,start > end,raise ArtifactError('reversed View scope')
admission_plan.py,_config,59,'knowledge_cutoff' in result AND result['pit_policy'] not in POLICIES,raise ArtifactError('invalid fact PIT policy')
admission_plan.py,_config,63,"'universe_ids' in result AND not isinstance(groups, (list, tuple)) or not groups or len(set(groups)) != len(groups)",raise ArtifactError('nonempty unique universe IDs required')
admission_plan.py,_config,71,'anchor_session' in result AND not start <= anchor <= end,raise ArtifactError('anchor outside View scope')
admission_plan.py,_config,73,"'anchor_session' in result AND result['pit_policy'] not in {'research_non_pit', 'strict_decision_time'}",raise ArtifactError('invalid adjusted PIT policy')
admission_plan.py,_config,75,'anchor_session' in result AND result['pit_policy'] == 'strict_decision_time' and anchor > cutoff,raise ArtifactError('future adjusted anchor')
admission_plan.py,_config,80,"'fields' in result AND not isinstance(fields, (list, tuple)) or not fields or len(fields) != len(set(fields)) or (not set(fields) <= set(MARKET_VIEW_FIELDS))",raise ArtifactError('invalid Qlib fields')
admission_plan.py,_config,86,'fields' in result AND result['price_basis'] != 'unadjusted' or result['adjusted_price_view_id'] is not None or result['pit_policy'] != 'best_effort' or (result['decision_cutoff'] is not None),raise ArtifactError('V1 plan requires unadjusted best_effort market Qlib')
admission_plan.py,validate_admission_plan,102,scope_registry_digest != _digest(registry_bytes),raise ArtifactError('frozen requirement registry digest mismatch')
admission_plan.py,validate_admission_plan,108,len(leaves) != 56 or len(set(leaves)) != 56 or len(features) != 469 or any((not set(f['leaves']) <= set(leaves) for f in features)),raise ArtifactError('invalid packaged requirement registry')
admission_plan.py,validate_admission_plan,110,"not isinstance(target, dict) or set(target) != {'symbols', 'start_session', 'end_session'}",raise ArtifactError('complete explicit target required')
admission_plan.py,validate_admission_plan,116,start > end,raise ArtifactError('reversed target scope')
admission_plan.py,validate_admission_plan,119,"not isinstance(required_view_configs, dict)",raise ArtifactError('all five required View kinds must declare target semantics')
admission_plan.py,validate_admission_plan,122,len(canonical_configs) != len(required_view_configs) or set(canonical_configs) != set(builders),raise ArtifactError('all five required View kinds must declare target semantics')
admission_plan.py,validate_admission_plan,127,"not isinstance(config, dict) or set(config) & set(target)",raise ArtifactError('required View config must not override target scope')
admission_plan.py,validate_admission_plan,130,set(required['market_qlib']['fields']) != set(MARKET_VIEW_FIELDS),raise ArtifactError('V1 target requires the complete market Qlib field set')
admission_plan.py,validate_admission_plan,132,"not isinstance(views, dict) or not views",raise ArtifactError('nonempty explicit View shards required')
admission_plan.py,validate_admission_plan,138,"not isinstance(spec, dict) or set(spec) != {'kind', 'config'} or (not isinstance(spec['kind'], str))",raise ArtifactError('invalid View shard')
admission_plan.py,validate_admission_plan,141,kind not in builders,raise ArtifactError('invalid View shard')
admission_plan.py,validate_admission_plan,144,not set(config['symbols']) <= set(target['symbols']),raise ArtifactError('View shard security outside target')
admission_plan.py,validate_admission_plan,146,not start <= config['start_session'] <= config['end_session'] <= end,raise ArtifactError('View shard dates outside target')
admission_plan.py,validate_admission_plan,149,semantic(config) != semantic(required[kind]),raise ArtifactError('View shard semantics differ from required target')
admission_plan.py,validate_admission_plan,158,digest != expected_snapshot_manifest_digest,raise ArtifactError('Snapshot manifest differs from frozen reference')
admission_plan.py,validate_admission_plan,160,"not isinstance(manifest.get('created_at'), str)",raise ArtifactError('Snapshot created_at is missing')
admission_plan.py,validate_admission_plan,166,"not isinstance(refs, dict) or set(refs) != set(EVENT_SNAPSHOT_DOMAINS) or manifest.get('validation_summary') != {'status': 'PASS', 'required_domains': list(EVENT_SNAPSHOT_DOMAINS), 'cross_domain': 'PASS'}",raise ArtifactError('incomplete Snapshot manifest composition')
admission_plan.py,validate_admission_plan,169,"not isinstance(ref, dict) or ref.get('domain') != domain",raise ArtifactError('invalid Snapshot domain reference')
admission_plan.py,validate_admission_plan,176,_commit_ref(commit) != ref,raise ArtifactError('Snapshot reference-domain binding mismatch')
admission_plan.py,validate_admission_plan,186,"anchor not in entry['sessions'] or _checked_security_identity_state(identities[symbol], anchor) != 'within_identity_interval'",raise ArtifactError('adjusted anchor outside security identity/open sessions')
admission_plan.py,validate_admission_plan,193,identities[symbol]['list_session'] is None,raise ArtifactError('unknown security identity interval')
admission_plan.py,validate_admission_plan,206,selected & coverage[kind][symbol],raise ArtifactError('duplicate overlapping View shard work: ' + label)
admission_plan.py,validate_admission_plan,210,not active,raise ArtifactError('View shard has no eligible security sessions')
artifacts.py,_identity,151,,raise ArtifactError(str(exc)) from exc
artifacts.py,_identity,152,,assert validated is not None
artifacts.py,_safe_path,170,,raise ArtifactError('artifact path must remain inside its allowed closure') from exc
artifacts.py,_safe_path,173,component.is_symlink(),raise ArtifactError(f'artifact path component must not be a symlink: {component}')
artifacts.py,_json_bytes,191,,raise ArtifactError('artifact metadata and rows must be canonical JSON values') from exc
artifacts.py,_validated_digest,207,"not isinstance(value, str) or not _SHA256.fullmatch(value)",raise ArtifactError(f'{name} must be a canonical sha256 digest')
artifacts.py,_builder_implementation_ref,230,"not isinstance(revision, str) or not revision",raise ArtifactError('builder implementation must declare a controlled revision')
artifacts.py,_validate_builder_implementation_ref,244,"not isinstance(value, dict) or set(value) != {'implementation', 'revision', 'digest'}",raise ArtifactError('builder implementation ref is invalid')
artifacts.py,_validate_builder_implementation_ref,253,"not all((isinstance(item, str) and item for item in descriptor.values())) or value['digest'] != _digest(_json_bytes(descriptor))",raise ArtifactError('builder implementation ref digest mismatch')
artifacts.py,_validate_manifest_identity,261,manifest.get('identity_digest') != actual_digest,raise ArtifactError('artifact deterministic identity digest mismatch')
artifacts.py,_validate_manifest_identity,263,"identity != _derived_identity(prefix, actual_digest)",raise ArtifactError('artifact ID does not match its deterministic identity')
artifacts.py,_timestamp,270,"not isinstance(value, str)",raise ArtifactError('timestamp must be an ISO-8601 string')
artifacts.py,_timestamp,274,,raise ArtifactError('timestamp must be an ISO-8601 string') from exc
artifacts.py,_timestamp,276,parsed.tzinfo is None,raise ArtifactError('timestamp must include a UTC offset')
artifacts.py,_ensure_directory,284,,raise ArtifactError('artifact directory must remain inside the data root') from exc
artifacts.py,_ensure_directory,288,not root.is_dir() or root.is_symlink(),raise ArtifactError('data root must be a real directory')
artifacts.py,_ensure_directory,293,current.is_symlink(),raise ArtifactError(f'artifact path component must not be a symlink: {current}')
artifacts.py,_ensure_directory,296,not current.is_dir(),raise ArtifactError(f'artifact path component must be a directory: {current}')
artifacts.py,_relative_file,324,"not isinstance(value, str)",raise ArtifactError('artifact file path must be relative text')
artifacts.py,_relative_file,327,relative.is_absolute() or not relative.parts or '..' in relative.parts,raise ArtifactError('artifact file path must stay inside its artifact')
artifacts.py,_load_manifest,348,"not allowed_schema_versions or any((not isinstance(version, str) or not version for version in allowed_schema_versions))",raise ArtifactError('allowed artifact schema versions are invalid')
artifacts.py,_load_manifest,351,not artifact_dir.exists(),raise ArtifactNotFoundError(f'{artifact_type} {identity!r} does not exist')
artifacts.py,_load_manifest,353,artifact_dir.is_symlink() or not artifact_dir.is_dir(),raise ArtifactError('artifact identity must resolve to a real directory')
artifacts.py,_load_manifest,364,not manifest_path.is_file() or manifest_path.is_symlink() or (not digest_path.is_file()) or digest_path.is_symlink(),raise ArtifactError(f'{artifact_type} {identity!r} has no valid manifest closure')
artifacts.py,_load_manifest,370,,raise ArtifactError('manifest digest sidecar is not ASCII') from exc
artifacts.py,_load_manifest,372,recorded_digest != actual_digest,raise ArtifactError(f'{artifact_type} {identity!r} manifest digest mismatch')
artifacts.py,_load_manifest,376,,raise ArtifactError(f'{artifact_type} {identity!r} manifest is not valid JSON') from exc
artifacts.py,_load_manifest,378,"not isinstance(manifest, dict)",raise ArtifactError('artifact manifest must be a JSON object')
artifacts.py,_load_manifest,384,manifest.get('artifact_type') != artifact_type or manifest.get('schema_version') not in allowed_schema_versions or manifest.get(identity_field) != identity,raise ArtifactError(f'{artifact_type} manifest identity mismatch')
artifacts.py,_tree_digests,392,path.is_symlink(),raise ArtifactError('published artifact closure must not contain symlinks')
artifacts.py,_declared_content_files,409,"not isinstance(entries, list) or not entries",raise ArtifactError('View content files are missing')
artifacts.py,_declared_content_files,413,"not isinstance(entry, dict) or set(entry) != {'path', 'content_digest', 'size'}",raise ArtifactError('View content entry is invalid')
artifacts.py,_declared_content_files,416,"not isinstance(name, str)",raise ArtifactError('View content path is invalid')
artifacts.py,_declared_content_files,418,name in contents,raise ArtifactError('View content file is declared twice')
artifacts.py,_declared_content_files,421,not path.is_file(),raise ArtifactError('View content file is missing')
artifacts.py,_declared_content_files,424,len(content) != entry['size'] or _digest(content) != entry['content_digest'],raise ArtifactError('View content digest or size mismatch')
artifacts.py,_declared_content_files,429,path.is_symlink(),raise ArtifactError('published artifact closure must not contain symlinks')
artifacts.py,_declared_content_files,433,"actual != set(contents) | {_MANIFEST, _MANIFEST_DIGEST}",raise ArtifactError('View contains undeclared or missing content')
artifacts.py,_publish_directory,476,target.is_symlink(),raise ArtifactConflictError('immutable artifact target must not be a symlink')
artifacts.py,_publish_directory,488,"target.exists() AND not target.is_dir() or not _publication_equivalent(target, candidate, identity_digest)",raise ArtifactConflictError(f'immutable artifact already exists: {target.name}')
artifacts.py,_publish_directory,496,target.exists() and target.is_dir(),raise ArtifactConflictError(f'immutable artifact was concurrently published: {target.name}') from exc
artifacts.py,_publish_directory,499,,raise ArtifactError(f'could not publish immutable artifact: {target.name}') from exc
artifacts.py,_payload_file,509,"not isinstance(payload_files, list) or len(payload_files) != 1",raise ArtifactError('market RawBatch requires exactly one payload file')
artifacts.py,_payload_file,512,"not isinstance(entry, dict)",raise ArtifactError('RawBatch payload entry must be an object')
artifacts.py,_payload_file,515,not path.is_file(),raise ArtifactError('RawBatch payload file is missing')
artifacts.py,_payload_file,518,entry.get('content_digest') != _digest(payload) or entry.get('bytes') != len(payload),raise ArtifactError('RawBatch payload content does not match its manifest')
artifacts.py,write_raw_batch,542,domain not in ALL_CANONICAL_DOMAINS,raise ArtifactError('RawBatch domain must be a registered canonical domain')
artifacts.py,write_raw_batch,553,"not isinstance(payload, bytes)",raise ArtifactError('RawBatch payload must be bytes')
artifacts.py,write_raw_batch,555,"not isinstance(status, str) or not status",raise ArtifactError('RawBatch status must be non-empty text')
artifacts.py,write_raw_batch,559,"not isinstance(request, Mapping) or (summary is not None and (not isinstance(summary, Mapping)))",raise ArtifactError('RawBatch request and summary must be mappings')
artifacts.py,prepare,590,_digest((candidate / 'payload.bin').read_bytes()) != payload_digest,raise ArtifactError('staged RawBatch payload failed its digest check')
artifacts.py,_load_raw_manifest,614,not target.exists() AND found is not None,"raise ArtifactError(f'expected raw_batch {raw_batch_id!r}, found {found}')"
artifacts.py,_load_raw_manifest,624,manifest.get('domain') not in ALL_CANONICAL_DOMAINS,raise ArtifactError('RawBatch has an unsupported domain')
artifacts.py,_load_raw_manifest,633,"not isinstance(manifest.get('request'), dict)",raise ArtifactError('RawBatch request metadata must be an object')
artifacts.py,_load_raw_manifest,635,"not isinstance(manifest.get('summary'), dict)",raise ArtifactError('RawBatch summary must be an object')
artifacts.py,_load_raw_manifest,637,"not isinstance(manifest.get('retrieved_at'), str)",raise ArtifactError('RawBatch retrieved_at is missing')
artifacts.py,_load_raw_manifest,640,"not isinstance(manifest.get('status'), str) or not manifest['status']",raise ArtifactError('RawBatch status must be non-empty text')
artifacts.py,_load_raw_manifest,643,"not isinstance(payload_files, list) or len(payload_files) != 1 or (not isinstance(payload_files[0], dict))",raise ArtifactError('RawBatch payload declaration is invalid')
artifacts.py,_load_raw_manifest,646,"not _relative_file(layout.root, target, payload_entry.get('path')).is_file()",raise ArtifactError('RawBatch payload file is missing')
artifacts.py,_load_raw_manifest,649,type(payload_entry.get('bytes')) is not int or payload_entry['bytes'] < 0,raise ArtifactError('RawBatch payload size is invalid')
artifacts.py,_decode_rows,673,,raise ArtifactError(f'RawBatch {raw.ref.raw_batch_id!r} payload is not JSON') from exc
artifacts.py,_decode_rows,675,"not isinstance(value, list) or any((not isinstance(row, dict) for row in value))",raise ArtifactError('market RawBatch payload must be a JSON array of row objects')
artifacts.py,_contract_content,683,,raise ArtifactError(f'unknown contract version: {contract_version!r}') from exc
artifacts.py,_validate_domain_rows,715,,raise ArtifactError(f'{domain} rows violate {domain}.v1: {exc}') from exc
artifacts.py,_observation_rows,743,"not isinstance(source_ref, str)",raise ArtifactError('observed PIT source_ref must be a RawBatch identity')
artifacts.py,_observation_rows,748,source_ref not in evidence,raise ArtifactError('observed PIT source_ref must resolve to an actual RawBatch') from exc
artifacts.py,_observation_rows,757,raw_domain != domain,raise ArtifactError('observed PIT RawBatch belongs to another domain')
artifacts.py,_observation_rows,759,raw_id not in transitive_raw_batch_ids,raise ArtifactError('observed PIT source_ref is outside the DomainCommit transitive RawBatch closure')
artifacts.py,_observation_rows,767,observed_at < retrieved_at,raise ArtifactError('observed PIT first_observed_at predates its RawBatch retrieval')
artifacts.py,apply,821,,raise ArtifactError(f'{source} has an invalid {domain} primary key') from exc
artifacts.py,apply,827,not (existing is None) AND existing != copied,raise ArtifactConflictError(f'{source} conflicts with an earlier value for {domain} key {key!r}')
artifacts.py,_merge_rows,841,,raise ArtifactError(f'{domain} rows have invalid sort keys') from exc
artifacts.py,_symbol_exchange,846,"not isinstance(symbol, str)",raise ArtifactError('market symbol must be canonical text')
artifacts.py,_symbol_exchange,850,,raise ArtifactError('market symbol has no canonical exchange suffix') from exc
artifacts.py,_validate_market_dependencies,869,security_row is None or security_row.get('exchange') != exchange,raise ArtifactError(f'market symbol {symbol!r} has no matching security identity')
artifacts.py,_validate_market_dependencies,872,identity_state != 'within_identity_interval',"raise ArtifactError(f'market row {(symbol, row['session'])!r} is outside the security identity interval')"
artifacts.py,_validate_market_dependencies,878,calendar_row is None,"raise ArtifactError(f'market session {(exchange, row['session'])!r} is absent from the fixed calendar')"
artifacts.py,_validate_market_dependencies,882,calendar_row.get('is_open') is not True,"raise ArtifactError(f'market session {(exchange, row['session'])!r} is closed in the fixed calendar')"
artifacts.py,_validate_pr6_dependencies,895,row['symbol'] not in securities,raise ArtifactError('financial fact has no security identity')
artifacts.py,_validate_pr6_dependencies,900,outside_calendar,raise ArtifactError('valuation fact is outside open calendar coverage')
artifacts.py,__init__,921,domain not in ALL_CANONICAL_DOMAINS,raise ArtifactError('builder domain must be a registered canonical domain')
artifacts.py,__init__,925,"builder_config is not None and (not isinstance(builder_config, Mapping))",raise ArtifactError('builder_config must be a mapping')
artifacts.py,__init__,962,"dependency_commit_ids is not None and (not isinstance(dependency_commit_ids, Mapping))",raise ArtifactError('dependency_commit_ids must be a mapping')
artifacts.py,__init__,977,name in explicit_dependencies and explicit_dependencies[name] != identity,raise ArtifactError('legacy and explicit dependency identities disagree')
artifacts.py,__call__,995,,raise ArtifactError(str(exc)) from exc
artifacts.py,__call__,997,self.builder_config.get('coverage_state_policy') != writable_contracts()['source_coverage']['current'],raise ArtifactError('LEGACY_CONTRACT_READ_ONLY: current source coverage contract required for publication')
artifacts.py,__call__,999,request.patch_ids,raise ArtifactError('this RawBatch contract does not support non-empty patch_ids')
artifacts.py,__call__,1004,contract.get('domain') != self.domain,raise ArtifactError('build contract does not belong to the executor domain')
artifacts.py,__call__,1010,'coverage_state_policy' in self.builder_config and (not coverage_enabled),raise ArtifactError('unsupported source coverage state policy')
artifacts.py,__call__,1021,raw.manifest.get('domain') != self.domain,raise ArtifactError(f'RawBatch {raw.ref.raw_batch_id!r} belongs to another domain')
artifacts.py,__call__,1025,raw.manifest.get('status') != 'success',raise ArtifactError(f'RawBatch {raw.ref.raw_batch_id!r} is not successful')
artifacts.py,__call__,1044,request.parent_commit is not None AND parent.ref.contract_version != request.contract_version or parent.manifest.get('contract_digest') != contract_digest,raise ArtifactError('parent commit belongs to a different contract lineage')
artifacts.py,__call__,1046,"request.parent_commit is not None AND parent.manifest.get('source_coverage', {}).get('schema_version') != coverage_policy",raise ArtifactError('LEGACY_CONTRACT_READ_ONLY: source coverage upgrade requires a new lineage')
artifacts.py,__call__,1053,set(self.dependency_commit_ids) != required_dependencies,raise ArtifactError(f'{self.domain} requires explicit dependency commits {sorted(required_dependencies)!r}')
artifacts.py,__call__,1113,"self.domain in FUNDAMENTAL_DOMAINS AND not _equal_rows(replay._build_rows(contract, parent.rows if parent else (), raw_batches), rows)",raise ArtifactError('financial staged rows differ from their source mapping')
artifacts.py,__call__,1118,"self.domain in EVENT_DOMAINS AND not _equal_rows(replay._build_rows(contract, parent.rows if parent else (), raw_batches), rows)",raise ArtifactError('event staged rows differ from RawBatch mapping')
artifacts.py,__call__,1174,request.contract_version == 'universe_membership.v3' AND self.group_states != replay.group_states,raise ArtifactError('group states differ from raw replay')
artifacts.py,__call__,1183,self.expected_commit_id is not None and self.expected_commit_id != commit_id,raise ArtifactError('commit_id must equal the derived content-safe identity')
artifacts.py,prepare,1205,_digest((candidate / 'contract.json').read_bytes()) != contract_digest,raise ArtifactError('staged contract digest mismatch')
artifacts.py,prepare,1207,rows_digest(staged_rows) != logical_digest,raise ArtifactError('staged logical content digest mismatch')
artifacts.py,_load_domain_commit,1235,domain not in ALL_CANONICAL_DOMAINS,raise ArtifactError('domain must be a registered canonical domain')
artifacts.py,_load_domain_commit,1241,not target.exists() AND found is not None,"raise ArtifactError(f'expected domain_commit:{domain} {domain_commit_id!r}, found {found}')"
artifacts.py,_load_domain_commit,1253,manifest.get('domain') != domain,raise ArtifactError('DomainCommit domain mismatch')
artifacts.py,_load_domain_commit,1260,"not isinstance(builder_config, dict) or manifest.get('builder_config_digest') != _digest(_json_bytes(builder_config))",raise ArtifactError('DomainCommit builder config digest mismatch')
artifacts.py,_load_domain_commit,1262,"not isinstance(manifest.get('created_at'), str)",raise ArtifactError('DomainCommit created_at is missing')
artifacts.py,_load_domain_commit,1266,not contract_path.is_file(),raise ArtifactError('DomainCommit contract content is missing')
artifacts.py,_load_domain_commit,1269,manifest.get('contract_digest') != _digest(contract_content),raise ArtifactError('DomainCommit contract digest mismatch')
artifacts.py,_load_domain_commit,1273,,raise ArtifactError('DomainCommit contract content is invalid') from exc
artifacts.py,_load_domain_commit,1280,"not isinstance(contract, dict) or contract.get('contract_version') != contract_version or contract.get('domain') != domain",raise ArtifactError('DomainCommit contract identity mismatch')
artifacts.py,_load_domain_commit,1284,,raise ArtifactError('DomainCommit uses an unsupported contract') from exc
artifacts.py,_load_domain_commit,1299,"not (manifest['schema_version'] == 'domain_commit.v2') AND not isinstance(output_files, list) or len(output_files) != 1",raise ArtifactError('market DomainCommit requires exactly one output file')
artifacts.py,_load_domain_commit,1302,"not (manifest['schema_version'] == 'domain_commit.v2') AND not isinstance(output, dict)",raise ArtifactError('DomainCommit output entry is invalid')
artifacts.py,_load_domain_commit,1305,not (manifest['schema_version'] == 'domain_commit.v2') AND not rows_path.is_file(),raise ArtifactError('DomainCommit rows file is missing')
artifacts.py,_load_domain_commit,1311,not (manifest['schema_version'] == 'domain_commit.v2') AND output.get('content_digest') != _digest(rows_content) or manifest.get('logical_content_digest') != _digest(rows_content),raise ArtifactError('DomainCommit logical content digest mismatch')
artifacts.py,_load_domain_commit,1315,not (manifest['schema_version'] == 'domain_commit.v2'),raise ArtifactError('DomainCommit rows are invalid JSON') from exc
artifacts.py,_load_domain_commit,1317,"not (manifest['schema_version'] == 'domain_commit.v2') AND not isinstance(rows, list) or any((not isinstance(row, dict) for row in rows))",raise ArtifactError('DomainCommit rows must be a JSON array of objects')
artifacts.py,_load_domain_commit,1319,not (manifest['schema_version'] == 'domain_commit.v2') AND output.get('rows') != len(rows),raise ArtifactError('DomainCommit row count mismatch')
artifacts.py,_load_domain_commit,1330,"manifest.get('validation_summary') != {'status': 'PASS', 'contract_rows': len(rows), 'cross_domain': expected_cross_domain}",raise ArtifactError('DomainCommit validation summary is invalid')
artifacts.py,_validate_domain_commit_closure,1359,key in active,raise ArtifactError('DomainCommit lineage contains a cycle')
artifacts.py,_validate_domain_commit_closure,1366,"parent is not None AND not isinstance(parent, dict) or parent.get('domain') != key[0] or (not isinstance(parent.get('domain_commit_id'), str))",raise ArtifactError('DomainCommit parent ref is invalid')
artifacts.py,_validate_domain_commit_closure,1370,"not isinstance(dependencies, dict) or set(dependencies) != set(_DOMAIN_DEPENDENCIES[key[0]])",raise ArtifactError('DomainCommit dependency refs are incomplete')
artifacts.py,_validate_domain_commit_closure,1373,"not isinstance(ref, dict) or not isinstance(ref.get('domain_commit_id'), str)",raise ArtifactError('DomainCommit dependency ref is invalid')
artifacts.py,_validate_domain_commit_node,1397,key in active,raise ArtifactError('DomainCommit lineage contains a cycle')
artifacts.py,_validate_domain_commit_node,1404,"not isinstance(raw_refs, list)",raise ArtifactError('DomainCommit ordered raw refs are invalid')
artifacts.py,_validate_domain_commit_node,1409,'coverage_state_policy' in commit.manifest['builder_config'] and (not coverage_enabled),raise ArtifactError('unsupported coverage state policy')
artifacts.py,_validate_domain_commit_node,1411,('source_coverage' in commit.manifest) != coverage_enabled,raise ArtifactError('source coverage manifest/policy mismatch')
artifacts.py,_validate_domain_commit_node,1424,'security_session_scope' in commit.manifest['builder_config'] AND domain not in _SECURITY_SESSION_SCOPE_DOMAINS,raise ArtifactError('unsupported security session scope domain')
artifacts.py,_validate_domain_commit_node,1429,"not isinstance(raw_ref, dict) or not isinstance(raw_ref.get('raw_batch_id'), str)",raise ArtifactError('DomainCommit raw ref is invalid')
artifacts.py,_validate_domain_commit_node,1432,raw.manifest.get('domain') != domain or _raw_ref(raw) != raw_ref,raise ArtifactError('DomainCommit raw ref does not match its artifact')
artifacts.py,_validate_domain_commit_node,1447,len(raw_ids) != len(raw_refs),raise ArtifactError('DomainCommit raw refs must not contain duplicates')
artifacts.py,_validate_domain_commit_node,1451,commit.manifest.get('ordered_patch_refs') != [],raise ArtifactError('market DomainCommit patch refs must be empty')
artifacts.py,_validate_domain_commit_node,1461,"parent_ref is not None AND not isinstance(parent_ref, dict) or parent_ref.get('domain') != domain or (not isinstance(parent_ref.get('domain_commit_id'), str))",raise ArtifactError('DomainCommit parent ref is invalid')
artifacts.py,_validate_domain_commit_node,1471,parent_ref is not None AND _commit_ref(parent) != parent_ref,raise ArtifactError('DomainCommit parent ref does not match its artifact')
artifacts.py,_validate_domain_commit_node,1477,parent_ref is not None AND parent.ref.contract_version != commit.ref.contract_version or parent.manifest['contract_digest'] != commit.manifest['contract_digest'],raise ArtifactError('DomainCommit parent has a different contract lineage')
artifacts.py,_validate_domain_commit_node,1488,coverage_enabled AND commit.manifest['source_coverage'] != expected_coverage,raise ArtifactError('source coverage differs from validated Raw lineage')
artifacts.py,_validate_domain_commit_node,1515,domain in FUNDAMENTAL_DOMAINS AND commit.ref.contract_version == 'universe_membership.v3' and commit.manifest.get('group_states') != replay.group_states,raise ArtifactError('universe group states differ from RawBatch mapping')
artifacts.py,_validate_domain_commit_node,1520,"domain in FUNDAMENTAL_DOMAINS AND not _equal_rows(expected_rows, canonical_rows)",raise ArtifactError('financial canonical rows differ from their RawBatch mapping')
artifacts.py,_validate_domain_commit_node,1529,"domain in EVENT_DOMAINS AND not _equal_rows(expected_rows, canonical_rows)",raise ArtifactError('event canonical rows differ from RawBatch mapping')
artifacts.py,_validate_domain_commit_node,1539,"commit.ref.contract_version in {'corporate_actions.v2', 'security_capital.v2'} or (domain == 'price_limits' and commit.manifest['builder_config'].get('limit_qualification')) or (domain == 'corporate_actions' and commit.manifest['builder_config'].get('corporate_action_reobservation')) AND not _equal_rows(expected_rows, commit.rows)",raise ArtifactError('qualified D-M1 observations differ from RawBatch mapping')
artifacts.py,_validate_domain_commit_node,1546,"required AND not isinstance(dependency_refs, dict) or set(dependency_refs) != required",raise ArtifactError(f'{domain} dependency refs are incomplete')
artifacts.py,_validate_domain_commit_node,1553,"required AND not isinstance(dependency_ref, dict) or not isinstance(dependency_ref.get('domain_commit_id'), str)",raise ArtifactError(f'{domain} dependency ref is invalid')
artifacts.py,_validate_domain_commit_node,1563,required AND _commit_ref(dependency) != dependency_ref,raise ArtifactError(f'{domain} dependency ref does not match its artifact')
artifacts.py,_validate_domain_commit_node,1580,not (required) AND dependency_refs != {},raise ArtifactError(f'{domain} must not contain dependency commit refs')
artifacts.py,_checked_snapshot_commits,1637,not (requested_domains == _REQUIRED_SNAPSHOT_DOMAINS) AND not (requested_domains == _REQUIRED_DM1_SNAPSHOT_DOMAINS) AND not (requested_domains == set(FUNDAMENTAL_SNAPSHOT_DOMAINS)) AND not (requested_domains == set(EVENT_SNAPSHOT_DOMAINS)),raise ArtifactError('DataSnapshot requires exactly a registered domain set')
artifacts.py,_checked_snapshot_commits,1641,required_domains is not None AND not selected or not selected <= requested_domains,raise ArtifactError('View dependencies are absent from Snapshot')
artifacts.py,_checked_snapshot_commits,1643,required_domains is not None AND any((not set(_DOMAIN_DEPENDENCIES[d]) <= selected for d in selected)),raise ArtifactError('View dependency set is not closed')
artifacts.py,_checked_snapshot_commits,1664,'market_daily' in commits AND market_dependencies != expected_dependencies,raise ArtifactError('snapshot domain refs do not match market_daily fixed dependencies')
artifacts.py,_checked_snapshot_commits,1671,commits[domain].manifest.get('dependency_commit_refs') != expected,raise ArtifactError(f'snapshot domain refs do not match {domain} fixed dependencies')
artifacts.py,_checked_snapshot_commits,1681,not references_only and set(REFERENCE_SNAPSHOT_DOMAINS).issubset(ordered_domains),raise ArtifactError('D-M1 snapshot cross-domain validation failed') from exc
artifacts.py,create_snapshot,1735,expected_snapshot_id is not None and expected_snapshot_id != snapshot_id,raise ArtifactError('snapshot_id must equal the derived content-safe identity')
artifacts.py,_load_snapshot_with_commits,1772,not target.exists() AND found is not None,"raise ArtifactError(f'expected data_snapshot {snapshot_id!r}, found {found}')"
artifacts.py,_load_snapshot_with_commits,1784,"not isinstance(manifest.get('created_at'), str)",raise ArtifactError('DataSnapshot created_at is missing')
artifacts.py,_load_snapshot_with_commits,1794,"not isinstance(domain_refs, dict) or set(domain_refs) != registered_domains",raise ArtifactError('DataSnapshot manifest has incomplete domain refs')
artifacts.py,_load_snapshot_with_commits,1800,"manifest.get('validation_summary') != {'status': 'PASS', 'required_domains': list(ordered_domains), 'cross_domain': 'PASS'}",raise ArtifactError('DataSnapshot validation summary is invalid')
artifacts.py,_load_snapshot_with_commits,1805,"not isinstance(ref, dict) or not isinstance(ref.get('domain_commit_id'), str)",raise ArtifactError('DataSnapshot domain ref is invalid')
artifacts.py,_load_snapshot_with_commits,1816,set(commits) != expected_domains,raise ArtifactError('checked Snapshot composition is incomplete')
artifacts.py,_load_snapshot_with_commits,1819,domain_refs[domain] != _commit_ref(commits[domain]),raise ArtifactError('DataSnapshot domain ref digest mismatch')
artifacts.py,_artifact_directories,1828,not directory.is_dir(),raise ArtifactError('artifact collection path must be a real directory')
artifacts.py,_artifact_directories,1833,not artifact_dir.is_dir(),raise ArtifactError('artifact collection contains a non-directory entry')
artifacts.py,view_reader,1908,,raise ArtifactError('catalog View has an invalid Snapshot ref') from exc
artifacts.py,rebuild_catalog,1973,layout.catalog.is_symlink(),raise ArtifactError('catalog path must not be a symlink')
artifacts.py,list_catalog,2027,not layout.catalog.is_file() or layout.catalog.is_symlink(),raise ArtifactNotFoundError('catalog does not exist; call rebuild_catalog')
artifacts.py,lookup_catalog,2064,len(matches) != 1,raise ArtifactNotFoundError('catalog has no unique exact artifact match')
bootstrap_sources.py,plan_truncated_raw_split,41,"endpoint not in {'fina_indicator', 'income', 'balancesheet', 'cashflow', 'forecast', 'stk_holdernumber', 'top10_holders', 'daily', 'daily_basic', 'stk_limit', 'adj_factor', 'index_daily', 'suspend_d', 'index_weight', 'moneyflow', 'margin_detail'}",raise ArtifactError('endpoint has no bounded historical split executor')
bootstrap_sources.py,plan_truncated_raw_split,48,"manifest.get('status') != 'success' or policy['status'] != 'established' or policy.get('action') != 'split_date_scope' or isinstance(policy.get('limit'), bool) or (not isinstance(policy.get('limit'), int)) or (policy['limit'] <= 0) or (not isinstance(rows, list)) or (len(rows) < policy['limit'])",raise ArtifactError('scope split requires a retained response at the source cap')
bootstrap_sources.py,plan_truncated_raw_split,54,,raise ArtifactError('Raw is not rejected by source completeness admission')
bootstrap_sources.py,plan_truncated_raw_split,57,"not {'start_date', 'end_date'} <= set(params) or not {'ts_code', 'index_code'} & set(params) or set(params) - {'ts_code', 'index_code', 'start_date', 'end_date', 'report_type'}",raise ArtifactError('unsplittable response scope; source qualification required')
bootstrap_sources.py,plan_truncated_raw_split,61,start >= end,raise ArtifactError('unsplittable single-day response at source cap')
bootstrap_sources.py,plan_truncated_raw_split,71,family is None,raise ArtifactError('unsupported indicator split SourceProfile')
bootstrap_sources.py,plan_bootstrap_sources,93,start > end or financial_start > start,raise ArtifactError('invalid bootstrap bounds/lookback')
bootstrap_sources.py,collect_bootstrap_sources,166,not domains or len(set(domains)) != len(domains) or (not set(domains) <= set(plan['requests_by_domain'])),raise ArtifactError('explicit unique planned domains required')
bootstrap_sources.py,collect_bootstrap_sources,170,spec['domain'] != domain,raise ArtifactError('bootstrap domain/request mismatch')
bootstrap_sources.py,collect_bootstrap_sources,181,,raise ArtifactError('source run is already active') from exc
bootstrap_sources.py,collect_bootstrap_sources,184,plan_path.exists() AND json.loads(plan_path.read_bytes()) != frozen,raise ArtifactError('source run plan changed')
build.py,_validate_identity,35,"not isinstance(value, str)",raise BuildContractError(f'{name} must be a string')
build.py,_validate_identity,37,value != value.strip() or not _IDENTITY.fullmatch(value),raise BuildContractError(f'{name} must be an explicit artifact identity')
build.py,_validate_identity,39,value.casefold() in _FLOATING_IDENTITIES,raise BuildContractError(f'{name} must not use a floating identity')
build.py,_identities,45,"isinstance(values, (str, bytes)) or not isinstance(values, Sequence)",raise BuildContractError(f'{name} must be a sequence of identities')
build.py,_identities,50,len(frozen) != len(set(frozen)),raise BuildContractError(f'{name} must not contain duplicate identities')
build.py,_registered_contract,56,,assert contract_version is not None
build.py,_registered_contract,60,,raise BuildContractError(f'{name} must name a registered contract') from exc
build.py,_registered_contract,63,"not isinstance(domain, str)",raise BuildContractError(f'registered contract {contract_version!r} has no domain')
build.py,__post_init__,91,self.parent_commit is None and (not self.raw_batch_ids),raise BuildContractError('a genesis build requires at least one raw batch')
build.py,__post_init__,93,self.parent_commit is not None and (not self.raw_batch_ids) and (not self.patch_ids),raise BuildContractError('an incremental build requires at least one raw batch or patch')
build.py,__post_init__,111,self.domain != contract_domain,raise BuildContractError('commit contract does not belong to the commit domain')
build.py,__post_init__,135,not callable(self.executor),raise BuildContractError('executor must be callable')
build.py,build,152,contract_domain != self.domain,raise BuildContractError('contract version does not belong to the build domain')
build.py,build,157,,raise BuildContractError(str(exc)) from exc
build.py,build,160,"not isinstance(result, DomainCommitRef)",raise BuildContractError('executor must return DomainCommitRef')
build.py,build,167,returned_domain != self.domain,raise BuildContractError('executor returned a commit for another domain')
build.py,build,169,returned_contract_domain != returned_domain,raise BuildContractError('executor returned a contract for another domain')
build.py,build,171,returned_contract != request.contract_version,raise BuildContractError('executor returned a different contract version')
cli.py,,142,__name__ == '__main__',raise SystemExit(main())
consumer_admission.py,consumer_admission,18,pr7.manifest['snapshot_ref']['snapshot_id'] != refs['snapshot_id'],raise ArtifactError('consumer View Snapshot mismatch')
consumer_admission.py,consumer_admission,29,not rows,raise ArtifactError('consumer has no actual rows for ' + leaf)
consumer_admission.py,consumer_admission,35,not rows,raise ArtifactError('no public PR6 metadata for ' + leaf)
consumer_admission.py,consumer_admission,50,row['revision_ref'] is None,raise ArtifactError('real PR7 leaf has no visible evidence: ' + leaf)
consumer_admission.py,consumer_admission,56,"len(matrix) != 56 or all_leaves != set().union(*map(set, scope['partition'].values()))",raise ArtifactError('56 requirement closure mismatch')
consumer_admission.py,consumer_admission,60,unresolved,raise ArtifactError('unresolved Feature dependencies: ' + str(unresolved))
consumer_admission.py,consumer_admission,62,len(features) != 469,raise ArtifactError('authoritative Feature count mismatch')
consumer_admission.py,consumer_admission,68,not union or not lookback or lookback[0]['session'] != '2025-06-09',raise ArtifactError('historical union/lookback missing')
consumption.py,validate_session,67,"not isinstance(value, str)",raise ArtifactError(f'{name} must be an ISO date')
consumption.py,validate_session,71,,raise ArtifactError(f'{name} must be an ISO date') from exc
consumption.py,validate_symbols,77,"isinstance(values, (str, bytes)) or not isinstance(values, Sequence)",raise ArtifactError('symbols must be an ordered sequence')
consumption.py,validate_symbols,80,not result or len(result) != len(set(result)),raise ArtifactError('symbols must be non-empty and unique')
consumption.py,ordered_row,90,,raise ArtifactError(f'canonical row has no field {exc.args[0]!r}') from exc
consumption.py,market_view_batch,99,"kind not in {'market_replay', 'market_qlib'} or len(configs) > MARKET_BATCH_SIZE",raise ArtifactError('invalid market View batch')
consumption.py,market_view_batch,104,len(selected) != 1,raise ArtifactError('market View batch requires one symbol per View')
consumption.py,market_view_batch,106,"validate_session(config['start_session'], 'start_session') > validate_session(config['end_session'], 'end_session')",raise ArtifactError('market View batch has a reversed scope')
consumption.py,market_view_batch,136,"any((file_state(path) != state for path, state in observed.items()))",raise ArtifactError('market View source changed during batch')
consumption.py,__init__,172,"any((file_state(p) != state for p, state in observed.items()))",raise ArtifactError('Snapshot inputs changed during validation')
consumption.py,_check_consumed_metadata,181,"getattr(self, '_invalidated', False)",raise ArtifactError('Reader consumed input changed after validation')
consumption.py,_check_consumed_metadata,190,"observed is not None and any((file_state(path) != state for path, state in observed.items()))",raise ArtifactError('Reader consumed input changed after validation')
consumption.py,_remember_consumed_metadata,221,"any((file_state(path) != state for path, state in observed.items()))",raise ArtifactError('Reader consumed input changed during validation')
consumption.py,_remember_consumed_metadata,226,"previous is not None AND any((path in previous and previous[path] != state for path, state in observed.items()))",raise ArtifactError('Reader consumed input changed during validation')
consumption.py,schema,234,,raise ArtifactError(f'snapshot has no readable domain {domain!r}') from exc
consumption.py,market_daily,276,start > end,raise ArtifactError('market session interval is reversed')
consumption.py,_security_session_rows,325,"not (cached is not None and cached[0] == stamp) AND (after.st_dev, after.st_ino, after.st_size, after.st_ctime_ns) != stamp",raise ArtifactError('partition changed during security projection')
consumption.py,as_of,350,(start_session is not None or end_session is not None) and domain not in DAILY_DOMAINS,raise ArtifactError('session-bounded PIT requires a daily event domain')
consumption.py,members,382,"domain not in {'universe_membership', 'industry_membership'}",raise ArtifactError('membership domain required')
consumption.py,members_from_view_ref,405,"not isinstance(ref, dict) or set(ref) != required or ref['snapshot_id'] != self.snapshot.ref.snapshot_id or (ref['domain_commit_id'] != self.commits['universe_membership'].ref.commit_id) or (ref['identity_digest'] != domain_ref['identity_digest']) or (not isinstance(ref['universe_ids'], list)) or (group_id not in ref['universe_ids'])",raise ArtifactError('financial membership ref does not match Snapshot')
consumption.py,members_from_view_ref,409,"not validate_session(ref['start_session'], 'start_session') <= day <= validate_session(ref['end_session'], 'end_session')",raise ArtifactError('financial membership ref does not cover session')
consumption.py,industry_facts,417,self.commits['industry_membership'].ref.contract_version != 'industry_membership.v3',raise ArtifactError('industry availability states require industry_membership.v3')
consumption.py,facts,460,domain not in self.commits,raise ArtifactError(f'snapshot has no readable domain {domain!r}')
consumption.py,facts,465,domain in EVENT_DOMAINS and symbols is not None AND not requested <= {r['symbol'] for r in self.security_master()},raise ArtifactError('unknown security')
consumption.py,facts,471,domain in FUNDAMENTAL_DOMAINS AND domain == 'universe_membership' and 'group_states' in self.commits[domain].manifest AND symbols is not None and (not symbols or not set(symbols) <= set(available)),raise ArtifactError('INSUFFICIENT_SCOPE: universe symbols')
consumption.py,facts,476,domain in FUNDAMENTAL_DOMAINS AND start_session is not None or end_session is not None AND domain != 'valuation_daily',raise ArtifactError('INSUFFICIENT_SCOPE: use explicit PIT membership/financial Reader')
consumption.py,facts,480,domain in FUNDAMENTAL_DOMAINS AND start_session is not None or end_session is not None AND not days,raise ArtifactError('INSUFFICIENT_SCOPE: no valuation coverage')
consumption.py,facts,485,"domain in FUNDAMENTAL_DOMAINS AND start_session is not None or end_session is not None AND not expected <= {(r['symbol'], r['session']) for r in candidates}",raise ArtifactError('INSUFFICIENT_SCOPE: valuation gap')
consumption.py,facts,491,not selected_fields or len(selected_fields) != len(set(selected_fields)) or any((field not in available for field in selected_fields)),raise ArtifactError('Fact fields must be a non-empty ordered schema subset')
consumption.py,facts,496,start is not None and end is not None and (start > end),raise ArtifactError('fact session interval is reversed')
consumption.py,facts,501,"domain == 'corporate_actions' and (start is not None or end is not None) AND any((row.get('observation_state', 'dated_action') != 'dated_action' and (selected_symbols is None or row['symbol'] in selected_symbols) for row in self.commits[domain].rows))",raise ArtifactError('INSUFFICIENT_SCOPE: unresolved corporate action observations; inspect without date projection')
consumption.py,qlib_symbol,536,"not isinstance(symbol, str) or len(symbol) != 9 or symbol[6] != '.' or (not symbol[:6].isdigit()) or (symbol[7:] not in {'SH', 'SZ'})",raise ArtifactError('QlibView symbol is not canonical')
consumption.py,feature_bytes,551,"not (value is None) AND not (isinstance(value, bool)) AND not (isinstance(value, (int, float)) and math.isfinite(float(value)))",raise ArtifactError('Qlib market fields must be finite numeric values or null')
consumption.py,_validate_qlib_inputs,586,start > end,raise ArtifactError('QlibView session interval is reversed')
consumption.py,_validate_qlib_inputs,593,not view_fields or len(view_fields) != len(set(view_fields)) or any((field not in MARKET_VIEW_FIELDS for field in view_fields)),raise ArtifactError('QlibView fields must be an ordered unique market field subset')
consumption.py,_validate_qlib_inputs,595,"price_basis not in {'unadjusted', 'anchor_adjusted'}",raise ArtifactError('QlibView price basis is invalid')
consumption.py,_validate_qlib_inputs,597,"pit_policy not in {'strict_decision_time', 'research_non_pit', 'best_effort'}",raise ArtifactError('QlibView PIT policy is invalid')
consumption.py,_validate_qlib_inputs,601,"price_basis == 'anchor_adjusted' AND pit_policy not in {'strict_decision_time', 'research_non_pit'}",raise ArtifactError('adjusted QlibView requires an explicit PIT policy')
consumption.py,_validate_qlib_inputs,603,price_basis == 'anchor_adjusted' AND adjusted_price_view_id is None,raise ArtifactError('adjusted QlibView requires an explicit Derived ref')
consumption.py,_validate_qlib_inputs,609,price_basis == 'anchor_adjusted' AND adjusted.manifest['snapshot_ref']['snapshot_id'] != reader.snapshot.ref.snapshot_id,raise ArtifactError('QlibView Derived ref belongs to another Snapshot')
consumption.py,_validate_qlib_inputs,616,"price_basis == 'anchor_adjusted' AND adjusted.manifest['scope'] != {'symbols': list(selected), 'start_session': start, 'end_session': end, 'interval': 'closed'}",raise ArtifactError('QlibView Derived scope mismatch')
consumption.py,_validate_qlib_inputs,618,price_basis == 'anchor_adjusted' AND decision_cutoff is None,raise ArtifactError('adjusted QlibView requires an explicit decision cutoff')
consumption.py,_validate_qlib_inputs,624,price_basis == 'anchor_adjusted' AND pit_policy != adjusted.manifest['pit_policy'] or cutoff != adjusted.manifest['decision_cutoff'],raise ArtifactError('QlibView PIT policy/cutoff differs from its Derived view')
consumption.py,_validate_qlib_inputs,626,not (price_basis == 'anchor_adjusted') AND adjusted_price_view_id is not None,raise ArtifactError('unadjusted QlibView must not carry an adjusted Derived ref')
consumption.py,_build_qlib_view,655,not calendar,raise ArtifactError('QlibView scope has no open calendar sessions')
consumption.py,_build_qlib_view,659,set(security) != set(selected),raise ArtifactError('QlibView scope includes an unknown security identity')
consumption.py,_build_qlib_view,678,listed is None,raise ArtifactError('QlibView requires a known list_session')
consumption.py,_build_qlib_view,689,not eligible,raise ArtifactError(f'QlibView has no identity interval for {symbol!r}')
consumption.py,_load_qlib_view,825,"not isinstance(snapshot_ref, dict) or not isinstance(snapshot_ref.get('snapshot_id'), str)",raise ArtifactError('QlibView snapshot ref is invalid')
consumption.py,_load_qlib_view,833,"snapshot_ref != {'snapshot_id': snapshot.ref.snapshot_id, 'identity_digest': snapshot.manifest['identity_digest']}",raise ArtifactError('QlibView snapshot ref does not match its artifact')
consumption.py,_load_qlib_view,839,"manifest.get('schema_version') == 'qlib_view.v2' AND not isinstance(derived_refs, list) or len(derived_refs) != 1",raise ArtifactError('adjusted QlibView Derived refs are invalid')
consumption.py,_load_qlib_view,842,"manifest.get('schema_version') == 'qlib_view.v2' AND not isinstance(ref, dict) or not isinstance(ref.get('view_id'), str)",raise ArtifactError('adjusted QlibView Derived ref is invalid')
consumption.py,_load_qlib_view,849,"manifest.get('schema_version') == 'qlib_view.v2' AND ref != {'view_id': adjusted.ref.view_id, 'identity_digest': adjusted.manifest['identity_digest']}",raise ArtifactError('adjusted QlibView Derived ref mismatch')
consumption.py,_load_qlib_view,858,manifest.get('schema_version') == 'qlib_view.v2' AND manifest.get('price_basis') != 'anchor_adjusted' or manifest.get('anchor_session') != adjusted.manifest['anchor_session'] or manifest.get('decision_cutoff') != adjusted.manifest['decision_cutoff'] or (manifest.get('pit_policy') != adjusted.manifest['pit_policy']) or (manifest.get('pit_qualification') != adjusted.manifest['pit_qualification']),raise ArtifactError('adjusted QlibView anchor/PIT metadata is invalid')
consumption.py,_load_qlib_view,860,manifest.get('schema_version') == 'qlib_view.v2' AND manifest.get('source_quality_refs') != adjusted.manifest['domain_refs'],raise ArtifactError('adjusted QlibView source/quality refs are invalid')
consumption.py,_load_qlib_view,862,manifest.get('schema_version') == 'qlib_view.v2' AND manifest.get('scope') != adjusted.manifest['scope'],raise ArtifactError('adjusted QlibView scope differs from its Derived view')
consumption.py,_load_qlib_view,878,"not isinstance(fields, list) or not fields or len(fields) != len(set(fields)) or any((field not in MARKET_VIEW_FIELDS for field in fields)) or (not isinstance(scope, dict)) or (scope.get('interval') != 'closed') or (not isinstance(scope.get('symbols'), list)) or (not isinstance(instruments, list)) or (len(instruments) != len(scope['symbols']))",raise ArtifactError('QlibView field or scope metadata is invalid')
consumption.py,_load_qlib_view,885,validate_symbols(scope['symbols']) != tuple(scope['symbols']) or scope['start_session'] > scope['end_session'],raise ArtifactError('QlibView scope is invalid')
consumption.py,_load_qlib_view,889,"[item.get('symbol') for item in instruments if isinstance(item, dict)] != scope['symbols']",raise ArtifactError('QlibView instrument order does not match its scope')
consumption.py,_load_qlib_view,897,"not isinstance(item, dict) or item.get('qlib_symbol') != qlib_symbol(item.get('symbol', '')) or item.get('storage_path') != f'features/{item['qlib_symbol'].lower()}'",raise ArtifactError('QlibView instrument mapping is invalid')
consumption.py,_load_qlib_view,906,not scope['start_session'] <= item['start_session'] <= item['end_session'] <= scope['end_session'],raise ArtifactError('QlibView instrument scope is invalid')
consumption.py,_load_qlib_view,913,"not isinstance(exporter, dict) or set(exporter) != {'implementation', 'revision', 'digest'}",raise ArtifactError('QlibView exporter ref is invalid')
consumption.py,_load_qlib_view,922,"descriptor != {'implementation': 'axiom_data.consumption.build_qlib_view', 'revision': _QLIB_EXPORTER_REVISION} or exporter['digest'] != _digest(_json_bytes(descriptor))",raise ArtifactError('QlibView exporter ref digest mismatch')
consumption.py,_load_qlib_view,928,"manifest.get('exporter_config') != {'calendar': 'union-of-open-SSE-SZSE-sessions', 'feature_dtype': 'little-endian-float32', 'missing_value': 'IEEE-754 NaN'}",raise ArtifactError('QlibView exporter config is invalid')
consumption.py,_load_qlib_view,931,"not isinstance(output_files, list)",raise ArtifactError('QlibView output manifest is invalid')
consumption.py,_load_qlib_view,946,len(declared_paths) != len(output_files) or len(declared_paths) != len(required_paths) or set(declared_paths) != required_paths,raise ArtifactError('QlibView output file set is invalid')
consumption.py,_load_qlib_view,950,"not isinstance(entry, dict) or not isinstance(entry.get('path'), str)",raise ArtifactError('QlibView output entry is invalid')
consumption.py,_load_qlib_view,953,not path.is_file(),raise ArtifactError('QlibView output file is missing')
consumption.py,_load_qlib_view,958,entry.get('content_digest') != _digest(content) or entry.get('bytes') != len(content),raise ArtifactError('QlibView output file digest mismatch')
consumption.py,_load_qlib_view,962,entry['path'].endswith('.day.bin') and (len(content) < 8 or len(content) % 4),raise ArtifactError('QlibView feature file framing is invalid')
consumption.py,_load_qlib_view,965,_content_tree_digests(target) != expected,raise ArtifactError('QlibView contains undeclared output content')
consumption.py,_load_qlib_view,967,"not isinstance(manifest.get('created_at'), str)",raise ArtifactError('QlibView created_at is missing')
consumption.py,_load_qlib_view,974,not calendar or calendar != tuple(sorted(set(calendar))),raise ArtifactError('QlibView calendar is not ordered and unique')
consumption.py,_load_qlib_view,985,instruments_path.read_text(encoding='ascii') != expected_instruments,raise ArtifactError('QlibView instruments file does not match its manifest')
consumption.py,_load_qlib_view,992,"manifest.get('validation_summary') != {'status': 'PASS', 'calendar_sessions': len(calendar), 'instruments': len(instruments), 'fields': len(fields)}",raise ArtifactError('QlibView validation summary is invalid')
consumption.py,fact_metadata,1017,self.view.manifest.get('artifact_type') != 'pr6_fact_view',raise ArtifactError('financial FactView metadata required')
consumption.py,fact_metadata,1019,self.view.manifest['schema_version'] == 'pr6_fact_view.v1',raise ArtifactError('METADATA_NOT_IN_V1_CONTRACT')
consumption.py,market_daily,1044,"self.view.manifest['schema_version'] in {'pr6_fact_view.v5', 'pr7_fact_view.v4'} AND selected is not None and (not set(selected) <= set(self.view.manifest['scope']['symbols']))",raise ArtifactError('INSUFFICIENT_SCOPE: View symbols')
consumption.py,market_daily,1048,"self.view.manifest['schema_version'] in {'pr6_fact_view.v5', 'pr7_fact_view.v4'} AND start and end and (start > end)",raise ArtifactError('reversed View range')
consumption.py,market_daily,1073,len(content) < 8 or len(content) % 4,raise ArtifactError('Qlib feature file has invalid float32 framing')
consumption.py,market_daily,1077,values[0] != current_first or not 0 <= current_first < len(calendar),raise ArtifactError('Qlib feature file has an invalid calendar offset')
consumption.py,market_daily,1081,not (first_index is None) AND first_index != current_first,raise ArtifactError('Qlib feature fields have inconsistent offsets')
consumption.py,market_daily,1083,,assert first_index is not None
consumption.py,market_daily,1086,len(lengths) != 1,raise ArtifactError('Qlib feature fields have inconsistent lengths')
consumption.py,market_daily,1089,first_index + length > len(calendar),raise ArtifactError('Qlib feature values exceed their calendar')
consumption.py,market_daily,1094,calendar[first_index] != item['start_session'] or calendar[first_index + length - 1] != item['end_session'],raise ArtifactError('Qlib feature range does not match instrument scope')
consumption.py,compare_direct_and_qlib,1147,manifest['snapshot_ref']['snapshot_id'] != direct.snapshot.ref.snapshot_id,raise ArtifactError('QlibView belongs to another Snapshot')
consumption.py,_report_mapping,1286,"not isinstance(value, Mapping)",raise ArtifactError(f'PR3 report {name} must be an object')
consumption.py,_report_ref,1296,missing,raise ArtifactError(f'PR3 report {name} is missing immutable refs')
consumption.py,_validate_pass_comparison,1309,not checks or any((value is not True for value in checks.values())) or report.get('mismatches') != [],raise ArtifactError(f'PR3 {name} PASS is inconsistent with its results')
consumption.py,validate_pr3_report_refs,1344,direct_snapshot != run_snapshot or direct_view != run_view,raise ArtifactError('PR3 direct/Qlib report refs do not match the run manifest')
consumption.py,validate_pr3_report_refs,1346,direct.get('scope') != run_view_value.get('scope'),raise ArtifactError('PR3 direct/Qlib report scope does not match the run manifest')
consumption.py,validate_pr3_report_refs,1348,direct.get('fields') != run_view_value.get('fields'),raise ArtifactError('PR3 direct/Qlib report fields do not match the run manifest')
consumption.py,validate_pr3_report_refs,1373,"not isinstance(run_raw_value, list)",raise ArtifactError('PR3 run RawBatch refs must be a list')
consumption.py,validate_pr3_report_refs,1389,offline.get('source_root_artifact_map') != expected_root_map,raise ArtifactError('PR3 offline source root artifact map is inconsistent')
consumption.py,checked_artifact_refs,1425,"not isinstance(raw_ids, list) or any((not isinstance(raw_id, str) for raw_id in raw_ids))",raise ArtifactError(f'PR3 report {name} RawBatch IDs must be a list')
consumption.py,validate_pr3_report_refs,1440,source_snapshot != run_snapshot or source_commits != run_commits or source_raw != run_raw_summary or (source_view != run_view),raise ArtifactError('PR3 offline source refs do not match the run manifest')
consumption.py,validate_pr3_report_refs,1451,"not isinstance(rebuilt_map, Mapping) or rebuilt_map != {'domain_commits': {domain: ref['domain_commit_id'] for domain, ref in rebuilt_commits.items()}, 'snapshot': rebuilt_snapshot['snapshot_id'], 'qlib_view': rebuilt_view['view_id']}",raise ArtifactError('PR3 offline rebuilt root artifact map is inconsistent')
consumption.py,validate_pr3_report_refs,1471,"_report_ref(offline_direct.get('source_snapshot_ref'), tuple(run_snapshot), 'offline direct Snapshot ref') != rebuilt_snapshot or _report_ref(offline_direct.get('qlib_view_ref'), tuple(run_view), 'offline direct QlibView ref') != rebuilt_view",raise ArtifactError('PR3 offline direct/Qlib refs do not match rebuilt refs')
consumption.py,validate_pr3_report_refs,1492,offline.get('identity_equality') != expected_identity,raise ArtifactError('PR3 offline identity equality summary is inconsistent')
consumption.py,validate_pr3_report_refs,1501,offline.get('status') == 'PASS' and (not all(expected_identity.values()) or logical.get('canonical_rows') is not True or catalog.get('status') != 'PASS' or (offline_direct.get('status') != 'PASS')),raise ArtifactError('PR3 offline PASS is not supported by its artifact refs')
consumption.py,request_coverage,1524,symbol not in known,raise ArtifactError('unknown security')
consumption.py,request_coverage,1525,domain not in reader.commits,raise ArtifactError('Snapshot lacks event domain')
consumption.py,request_coverage,1540,"domain not in reader._pr7_request_intervals AND (domain, identity) not in reader._verified_lineage AND current in seen",raise ArtifactError('event lineage contains a cycle')
consumption.py,request_coverage,1545,"domain not in reader._pr7_request_intervals AND (domain, identity) not in reader._verified_lineage AND _commit_ref(commit) != expected_ref",raise ArtifactError('event lineage parent ref mismatch')
consumption.py,request_coverage,1562,"domain not in reader._pr7_request_intervals AND raw_id in refs and refs[raw_id] not in (None, raw_ref)",raise ArtifactError('event lineage RawBatch refs disagree')
consumption.py,request_coverage,1571,"domain not in reader._pr7_request_intervals AND refs[ref] is not None and _raw_manifest_ref(manifest, digest) != refs[ref]",raise ArtifactError('event request RawBatch ref mismatch')
consumption.py,request_coverage,1573,domain not in reader._pr7_request_intervals AND manifest['domain'] != domain,raise ArtifactError('event request RawBatch domain mismatch')
consumption.py,request_coverage,1581,,raise ArtifactError('INSUFFICIENT_SCOPE: no bounded supplier request for ' + symbol + ' ' + session)
consumption.py,dependency_session,1591,domain not in reader.commits,raise ArtifactError('Snapshot lacks event domain')
consumption.py,exchange_sessions,1601,start > end,raise ArtifactError('reversed calendar scope')
consumption.py,exchange_sessions,1609,not identities,raise ArtifactError('unknown security')
consumption.py,exchange_sessions,1610,len(identities) != 1,raise ArtifactError('ambiguous security exchange mapping')
consumption.py,exchange_sessions,1612,"exchange not in {'SSE', 'SZSE'}",raise ArtifactError('unknown exchange')
consumption.py,exchange_sessions,1617,len(rows) != len(by_day) or set(by_day) != set(days),raise ArtifactError('INSUFFICIENT_SCOPE: ' + exchange + ' calendar coverage')
consumption.py,exchange_sessions,1618,any((type(r['is_open']) is not bool for r in rows)),raise ArtifactError('invalid exchange session state')
consumption.py,leaf_facts,1632,leaf not in LEAF_DOMAINS,raise ArtifactError('unknown event leaf')
consumption.py,leaf_facts,1636,"not exchange_sessions(reader, [symbol], target_session, target_session)[symbol]['sessions']",raise ArtifactError('CLOSED_SESSION: ' + symbol + ' ' + target_session)
contracts/__init__.py,load_contract,68,,raise ValueError(f'unknown contract version: {contract_version!r}') from exc
contracts/__init__.py,load_contract,71,contract.get('contract_version') != contract_version,raise ValueError(f'packaged contract identity mismatch: {contract_version}')
contracts/__init__.py,load_contract,73,contract.get('domain') != _CONTRACT_DOMAINS[contract_version],raise ValueError(f'packaged contract domain mismatch: {contract_version}')
contracts/__init__.py,writable_contracts,86,policy.get('schema_version') != 'writable_contracts.v1' or set(policy['domains']) != set(_CONTRACT_DOMAINS.values()),raise ValueError('writable contract registry is incomplete')
contracts/__init__.py,writable_contracts,91,"versions['current'] in versions['legacy_read_only'] or accepted != {v for v, d in _CONTRACT_DOMAINS.items() if d == domain}",raise ValueError('writable contract policy does not classify all registered versions')
contracts/__init__.py,require_writable_contract,98,contract_version != current,raise ValueError(f'LEGACY_CONTRACT_READ_ONLY: {contract_version}; current writable contract is {current}')
domains/events.py,validate_rows,22,r['revision_id'] != fingerprint(economic_content(r)),raise MarketContractError('revision fingerprint mismatch')
domains/events.py,validate_rows,23,set(r['values']) != set(units),raise MarketContractError('event value schema mismatch')
domains/events.py,validate_rows,24,"set(r['missing_reasons']) != {k for k, v in r['values'].items() if v is None}",raise MarketContractError('missing reasons mismatch')
domains/events.py,validate_rows,29,v is None AND r['missing_reasons'][k] not in allowed,raise MarketContractError('unknown missing reason')
domains/events.py,validate_rows,32,"not (v is None) AND not (units[k] in {'date', 'fiscal_date'}) AND units[k] == 'enum' AND v not in contract.get('source_type_values', ['预增', '预减', '扭亏', '首亏', '续亏', '续盈', '略增', '略减'])",raise MarketContractError('unsupported forecast enum')
domains/events.py,validate_rows,33,"not (v is None) AND not (units[k] in {'date', 'fiscal_date'}) AND not (units[k] == 'enum') AND isinstance(v, bool) or not isinstance(v, (int, float)) or (not math.isfinite(v))",raise MarketContractError('nonfinite canonical numeric value')
domains/events.py,validate_rows,34,"not (v is None) AND not (units[k] in {'date', 'fiscal_date'}) AND not (units[k] == 'enum') AND not (isinstance(v, bool) or not isinstance(v, (int, float)) or (not math.isfinite(v))) AND domain in {'margin_daily', 'holder_count_events'} and v < 0",raise MarketContractError('negative balance/count/volume')
domains/events.py,validate_rows,36,domain == 'holder_count_events' and r['values']['number'] is not None and r['values']['number'] % 1,raise MarketContractError('fractional holder count')
domains/events.py,validate_rows,40,domain == 'top_holders_reports' AND ids != sorted(set(ids)),raise MarketContractError('holder identity closure mismatch')
domains/events.py,validate_rows,42,"domain == 'top_holders_reports' AND h['holder_id'] != fingerprint(['tushare', h['name']])",raise MarketContractError('holder identity mismatch')
domains/events.py,validate_rows,44,domain == 'top_holders_reports' AND h['validity'] != ('valid' if valid else 'invalid'),raise MarketContractError('holder validity mismatch')
domains/events.py,validate_rows,53,"domain == 'top_holders_reports' AND h.get('missing_reason') == 'ambiguous_source_rows' AND h.get('qualification_profile') != 'top10_ambiguity.v1' or valid or any((h[k] is not None for k in ('shares', 'ratio', 'category'))) or (len(variants) < 2) or (len({fingerprint(s) for s in variants}) != len(variants)) or any((s.get('holder_name') != h['name'] or s.get('ts_code') != r['symbol'] or s.get('end_date') != r['report_period'].replace('-', '') or (s.get('ann_date') != r['announcement'].replace('-', '')) for s in variants))",raise MarketContractError('ambiguous holder source closure mismatch')
domains/events.py,validate_rows,61,"domain == 'top_holders_reports' AND any((h.get('missing_reason') == 'inconsistent_report_total' for h in holders)) AND len(holders) != 10 or any((h.get('qualification_profile') != 'top10_ambiguity.v1' or h.get('missing_reason') != 'inconsistent_report_total' or h['ratio'] is not None or (not isinstance(h.get('source_ratio'), (int, float))) or isinstance(h['source_ratio'], bool) or (not 0 <= h['source_ratio'] <= 100) for h in holders)) or sum((h['source_ratio'] for h in holders)) <= 100.01",raise MarketContractError('inconsistent report total evidence mismatch')
domains/events.py,validate_rows,62,domain == 'top_holders_reports' AND r['group_completeness'] != ('complete' if complete else 'incomplete'),raise MarketContractError('group completeness mismatch')
domains/events.py,validate_rows,64,domain == 'top_holders_reports' AND r['values']['top10_ratio'] != expected,raise MarketContractError('incomplete report aggregate or incorrect ratio')
domains/events.py,validate_rows,65,domain == 'top_holders_reports' AND expected is not None and expected > 100.01,raise MarketContractError('top10 ratios exceed total capital')
domains/events.py,validate_rows,66,not (domain == 'top_holders_reports') AND r['holders'] or r['group_completeness'] != 'not_applicable',raise MarketContractError('unexpected holder group')
domains/events.py,validate_rows,67,"not isinstance(r['observations'], list) or not r['observations']",raise MarketContractError('observation sequence required')
domains/events.py,validate_rows,69,"o['observation_id'] != fingerprint({k: v for k, v in o.items() if k != 'observation_id'})",raise MarketContractError('observation identity mismatch')
domains/events.py,validate_rows,70,o['revision_id'] != r['revision_id'] or instant(o['observed_at']) < instant(r['first_observed_at']),raise MarketContractError('observation content mismatch')
domains/events.py,validate_rows,78,"unresolved or 'source_qualification' in o AND domain != 'margin_daily' or q.get('profile') != 'margin_negative_repayment.v1' or (not values) or set(values) - set(mapping) or ({mapping[k] for k in values} != unresolved) or any((isinstance(v, bool) or not isinstance(v, (int, float)) or (not math.isfinite(v)) or (v >= 0) for v in values.values()))",raise MarketContractError('negative repayment qualification closure mismatch')
domains/fundamentals.py,validate_rows,33,"version in {'v2', 'v3', 'v4'} AND not isinstance(observations, list) or not observations",raise MarketContractError('observation lineage required')
domains/fundamentals.py,validate_rows,36,"version in {'v2', 'v3', 'v4'} AND o['observation_id'] != fingerprint({k: v for k, v in o.items() if k != 'observation_id'})",raise MarketContractError('observation identity mismatch')
domains/fundamentals.py,validate_rows,38,"version in {'v2', 'v3', 'v4'} AND o['revision_id'] != row['revision_id'] or instant(o['observed_at']) < instant(row['first_observed_at'])",raise MarketContractError('invalid content observation binding')
domains/fundamentals.py,validate_rows,46,row['revision_id'] != fingerprint(economic_content(row)),raise MarketContractError('revision content fingerprint mismatch')
domains/fundamentals.py,validate_rows,51,"domain in {'financial_events', 'valuation_daily'} AND domain == 'financial_events' AND endpoint not in FINANCIAL_FIELDS",raise MarketContractError('unsupported financial endpoint')
domains/fundamentals.py,validate_rows,60,"domain in {'financial_events', 'valuation_daily'} AND not isinstance(values, Mapping) or set(values) != expected or (not isinstance(reasons, Mapping))",raise MarketContractError('financial field schema mismatch')
domains/fundamentals.py,validate_rows,62,"domain in {'financial_events', 'valuation_daily'} AND set(reasons) != {k for k, v in values.items() if v is None}",raise MarketContractError('financial missing reasons must match null fields')
domains/fundamentals.py,validate_rows,65,"domain in {'financial_events', 'valuation_daily'} AND value is not None and (isinstance(value, bool) or not isinstance(value, (int, float)) or (not math.isfinite(value)))",raise MarketContractError('financial value must be finite or null')
domains/fundamentals.py,validate_rows,67,"domain in {'financial_events', 'valuation_daily'} AND value is None and reasons[field] not in {'vendor_null', 'not_provided'}",raise MarketContractError('unknown missing reason')
domains/fundamentals.py,validate_rows,74,"not (domain in {'financial_events', 'valuation_daily'}) AND end is not None and end <= start",raise MarketContractError('empty or reversed membership interval')
domains/fundamentals.py,validate_rows,86,"'membership' in domain and (not any(('group_state_ref' in o for r in frozen for o in r.get('observations', [])))) AND key in intervals and (intervals[key] is None or row['effective_from'] < intervals[key])",raise MarketContractError('overlapping membership spans at knowledge cutoff')
domains/fundamentals.py,validate_group_states,99,"state['state_id'] != fingerprint({k: v for k, v in state.items() if k != 'state_id'})",raise MarketContractError('universe group state identity mismatch')
domains/fundamentals.py,validate_group_states,106,actual != interval['members'] or len(actual) != interval['member_count'] or fingerprint(actual) != interval['member_set_digest'],raise MarketContractError('group state member set closure mismatch')
domains/market.py,_rows,31,"isinstance(rows, (str, bytes)) or not isinstance(rows, Sequence)",raise MarketContractError(f'{domain} rows must be a sequence')
domains/market.py,_rows,35,,raise MarketContractError(f'unknown canonical domain {domain!r}') from exc
domains/market.py,_rows,41,"not isinstance(row, Mapping)",raise MarketContractError(f'{domain} row {index} must be a mapping')
domains/market.py,_rows,45,,raise MarketContractError(f'{domain} row {index} has invalid field names') from exc
domains/market.py,_rows,47,actual_fields != expected_set,raise MarketContractError(f'{domain} row {index} must match the exact v1 schema')
domains/market.py,_validate_keys,59,,raise MarketContractError(f'unknown canonical domain {domain!r}') from exc
domains/market.py,_validate_keys,65,,raise MarketContractError(f'{domain} primary key values have invalid types') from exc
domains/market.py,_validate_keys,67,len(keys) != len(unique_keys),raise MarketContractError(f'{domain} primary keys must be unique')
domains/market.py,_validate_keys,73,,raise MarketContractError(f'{domain} sort key values have invalid types') from exc
domains/market.py,_validate_keys,75,ordered_keys != sorted_keys,raise MarketContractError(f'{domain} rows must follow the declared sort order')
domains/market.py,_date,82,"not isinstance(value, str)",raise MarketContractError(f'{name} must be an ISO-8601 date')
domains/market.py,_date,86,,raise MarketContractError(f'{name} must be an ISO-8601 date') from exc
domains/market.py,_date,88,parsed.isoformat() != value,raise MarketContractError(f'{name} must use canonical ISO-8601 form')
domains/market.py,_exchange,94,"not isinstance(value, str) or value not in _EXCHANGES",raise MarketContractError('exchange must be SSE or SZSE')
domains/market.py,_symbol,100,"not isinstance(value, str)",raise MarketContractError('symbol must be a canonical string')
domains/market.py,_symbol,103,match is None,raise MarketContractError('symbol must be six digits followed by .SH or .SZ')
domains/market.py,_symbol,105,exchange is not None and _SUFFIX_EXCHANGE[match.group('suffix')] != _exchange(exchange),raise MarketContractError('symbol suffix must match exchange')
domains/market.py,_number,114,"isinstance(value, bool) or not isinstance(value, expected)",raise MarketContractError(f'{name} has the wrong numeric type')
domains/market.py,_number,116,not math.isfinite(value) or value < 0,raise MarketContractError(f'{name} must be finite and non-negative')
domains/market.py,validate_trading_calendar_rows,128,,assert session is not None
domains/market.py,validate_trading_calendar_rows,131,"not isinstance(is_open, bool)",raise MarketContractError('is_open must be boolean')
domains/market.py,validate_trading_calendar_rows,152,sorted(sessions) != expected,raise MarketContractError(f'trading_calendar coverage for {exchange} must contain every calendar date between its artifact boundaries')
domains/market.py,validate_trading_calendar_rows,160,predecessor != previous_open.get(exchange),"raise MarketContractError('previous_open_session must be the nearest earlier open session for the same exchange, or null at the artifact left boundary')"
domains/market.py,validate_security_master_rows,182,list_session is not None and delist_session is not None AND delist_session < list_session,raise MarketContractError('delist_session must not precede list_session')
domains/market.py,validate_security_master_rows,184,"not isinstance(row['status'], str) or not row['status']",raise MarketContractError('status must be a non-empty source/current observation')
domains/market.py,_checked_security_identity_state,200,,assert target is not None
domains/market.py,validate_market_daily_rows,235,row['adj_factor'] is not None and row['adj_factor'] <= 0,raise MarketContractError('adj_factor must be strictly positive')
domains/market.py,validate_market_daily_rows,238,"not isinstance(suspended, bool)",raise MarketContractError('is_suspended must be boolean')
domains/market.py,validate_market_daily_rows,243,suspended AND any((value is not None for value in ohlc)),raise MarketContractError('confirmed suspended rows must have null OHLC')
domains/market.py,validate_market_daily_rows,245,suspended AND row['volume_shares'] != 0 or row['amount_cny'] != 0,raise MarketContractError('confirmed suspended rows must have zero volume_shares and amount_cny')
domains/market.py,validate_market_daily_rows,249,"suspended AND row['turnover_rate'] not in (None, 0, 0.0)",raise MarketContractError('confirmed suspended turnover_rate must be zero or null')
domains/market.py,validate_market_daily_rows,254,any((value is None for value in required)),"raise MarketContractError('normal trading rows require OHLC, pre_close, volume_shares, and amount_cny')"
domains/market.py,validate_market_daily_rows,259,"high < max(open_price, low, close)",raise MarketContractError('high is below another OHLC value')
domains/market.py,validate_market_daily_rows,261,"low > min(open_price, high, close)",raise MarketContractError('low is above another OHLC value')
domains/reference.py,_text,53,"not isinstance(value, str) or not value",raise MarketContractError(f'{name} must be non-empty text')
domains/reference.py,_timestamp,64,,raise MarketContractError(f'{name} must be an ISO-8601 timestamp') from exc
domains/reference.py,_timestamp,66,parsed.tzinfo is None,raise MarketContractError(f'{name} must include a UTC offset')
domains/reference.py,_provenance,78,qualification not in PIT_QUALIFICATIONS,raise MarketContractError('pit_qualification is not canonical')
domains/reference.py,_provenance,80,qualification == 'verified',raise MarketContractError('VERIFIED_EVIDENCE_UNAVAILABLE: D-M1 has no typed SourceEvidence artifact')
domains/reference.py,_provenance,86,qualification == 'observed' and (source_available is not None or basis != FIRST_OBSERVATION_EVIDENCE),raise MarketContractError('observed PIT must be supported only by first observation')
domains/reference.py,_provenance,92,qualification == 'best_effort' and (source_available is not None or basis != TERMINAL_HISTORY_EVIDENCE),raise MarketContractError('best_effort PIT requires explicit terminal-history observation semantics')
domains/reference.py,weakest_pit_qualification,105,any((value not in PIT_QUALIFICATIONS for value in qualifications)),raise MarketContractError('consumed rows have invalid PIT qualification')
domains/reference.py,validate_strict_decision_time,119,"qualification in {'best_effort', 'unknown'}",raise MarketContractError('best-effort or unknown historical facts cannot support strict decision time')
domains/reference.py,validate_strict_decision_time,124,,assert timestamp is not None
domains/reference.py,validate_strict_decision_time,126,"datetime.fromisoformat(timestamp.replace('Z', '+00:00')).date() > cutoff",raise MarketContractError(f'{timestamp_name} is later than the strict decision cutoff')
domains/reference.py,validate_security_status_rows,139,status not in _STATUS_REASON or row['reason'] != _STATUS_REASON[status],raise MarketContractError('security status/reason combination is invalid')
domains/reference.py,validate_price_limits_rows,154,state == 'limited' AND upper is None or lower is None or lower <= 0 or (upper <= lower),raise MarketContractError('limited rows require positive ordered bounds')
domains/reference.py,validate_price_limits_rows,157,"not (state == 'limited') AND state in {'no_limit', 'unknown'} AND upper is not None or lower is not None",raise MarketContractError('no_limit/unknown rows require null bounds')
domains/reference.py,validate_price_limits_rows,159,"not (state == 'limited') AND not (state in {'no_limit', 'unknown'})",raise MarketContractError('limit_state is not canonical')
domains/reference.py,validate_price_limits_rows,162,row['rule_ref'] == 'zero_limit_pair.v1' and state != 'unknown',"raise MarketContractError('zero source limits are unknown, not tradable bounds or no-limit evidence')"
domains/reference.py,validate_adjustment_factor_rows,174,factor is None or factor <= 0,raise MarketContractError('adjustment factor must be strictly positive')
domains/reference.py,validate_benchmark_daily_rows,185,"not isinstance(benchmark, str) or _INDEX.fullmatch(benchmark) is None",raise MarketContractError('benchmark must be a canonical exchange-qualified code')
domains/reference.py,validate_benchmark_daily_rows,188,close is None,raise MarketContractError('benchmark close must be present')
domains/reference.py,validate_security_capital_rows,205,"version == 'v2' AND row['missing_reason'] == 'source_capital_conflict' AND total is not None or circulating is not None or (not isinstance(conflict, Mapping)) or (set(conflict) != {'profile', 'total_share', 'float_share'}) or (conflict['profile'] != 'capital_conflict.v1')",raise MarketContractError('capital conflict requires null values and source evidence')
domains/reference.py,validate_security_capital_rows,209,version == 'v2' AND row['missing_reason'] == 'source_capital_conflict' AND source_total is None or source_float is None or (not 0 < source_total < source_float),raise MarketContractError('capital conflict evidence is not inconsistent')
domains/reference.py,validate_security_capital_rows,213,version == 'v2' AND row['missing_reason'] is not None or conflict is not None,raise MarketContractError('unexpected capital qualification')
domains/reference.py,validate_security_capital_rows,215,total is None or circulating is None or total <= 0 or (circulating <= 0),raise MarketContractError('share counts must be strictly positive')
domains/reference.py,validate_security_capital_rows,217,circulating > total,raise MarketContractError('circulating shares must not exceed total shares')
domains/reference.py,validate_corporate_action_rows,248,action_type not in terms and (not unresolved),raise MarketContractError('corporate action type is unsupported')
domains/reference.py,validate_corporate_action_rows,256,version == 'v2' AND row['observation_state'] != expected or row['ex_date'] != row['effective_date'],raise MarketContractError('corporate action observation state mismatch')
domains/reference.py,validate_corporate_action_rows,259,unresolved AND any((value is not None for value in values.values())),raise MarketContractError('unresolved action must not invent economic terms')
domains/reference.py,validate_corporate_action_rows,264,values[selected] is None or values[selected] <= 0,raise MarketContractError('corporate action term must be positive')
domains/reference.py,validate_corporate_action_rows,266,"any((value is not None for name, value in values.items() if name != selected))",raise MarketContractError('corporate action row must contain one economic term')
domains/reference.py,validate_corporate_action_rows,269,action_type == 'split' and ratio is not None and (ratio <= 1),raise MarketContractError('split ratio must exceed one')
domains/reference.py,validate_corporate_action_rows,271,action_type == 'consolidation' and ratio is not None and (ratio >= 1),raise MarketContractError('consolidation ratio must be below one')
domains/reference.py,checked_session_symbol,296,identity is None,raise MarketContractError(f'{symbol!r} has no security identity')
domains/reference.py,checked_session_symbol,300,cal is None or (open_only and cal['is_open'] is not True),raise MarketContractError('D-M1 fact refers to an invalid calendar session')
domains/reference.py,checked_session_symbol,303,state != 'within_identity_interval',raise MarketContractError('D-M1 fact is outside its security identity interval')
domains/reference.py,validate_reference_snapshot_rows,309,identity is None,raise MarketContractError('security status has no security identity')
domains/reference.py,validate_reference_snapshot_rows,312,cal is None or cal['is_open'] is not True,raise MarketContractError('security status refers to an invalid calendar session')
domains/reference.py,validate_reference_snapshot_rows,320,row['status'] in expected_lifecycle AND identity_state != expected_lifecycle[row['status']],raise MarketContractError('security lifecycle status conflicts with identity')
domains/reference.py,validate_reference_snapshot_rows,322,not (row['status'] in expected_lifecycle) AND identity_state != 'within_identity_interval',raise MarketContractError('active security status is outside identity interval')
domains/reference.py,validate_reference_snapshot_rows,327,row['status'] == 'normal_active' and (observed is None or observed['is_suspended'] is not False),raise MarketContractError('normal status has no normal market evidence')
domains/reference.py,validate_reference_snapshot_rows,331,row['status'] == 'suspended' and (observed is None or observed['is_suspended'] is not True),raise MarketContractError('suspended status has no explicit suspended market row')
domains/reference.py,validate_reference_snapshot_rows,333,row['status'] == 'unknown_source_gap' and observed is not None,raise MarketContractError('unknown source gap conflicts with a market row')
domains/reference.py,validate_reference_snapshot_rows,342,row['limit_state'] == 'limited' and legacy is not None and (legacy['up_limit'] != row['upper_limit'] or legacy['down_limit'] != row['lower_limit']),raise MarketContractError('formal price limits conflict with market_daily evidence')
domains/reference.py,validate_reference_snapshot_rows,348,legacy is not None and legacy['adj_factor'] != row['factor'],raise MarketContractError('formal adjustment factor conflicts with market_daily')
domains/reference.py,validate_reference_snapshot_rows,356,identity is None,raise MarketContractError('corporate action has no security identity')
domains/reference.py,validate_reference_snapshot_rows,368,"state not in {'within_identity_interval', 'unknown'}",raise MarketContractError('corporate action date is outside security lifecycle')
domains/reference.py,validate_reference_snapshot_rows,374,"exchange_dates and exchange_dates[0] <= value <= exchange_dates[-1] and ((identity['exchange'], value) not in calendar)",raise MarketContractError('corporate action date is outside calendar coverage')
domains/reference.py,validate_reference_snapshot_rows,380,cal is None or cal['is_open'] is not True,raise MarketContractError('benchmark row is not on an open calendar session')
event_reconciliation.py,reconcile,18,hashlib.sha256((reference / item['path']).read_bytes()).hexdigest() != item['sha256'],raise ArtifactError('frozen shareholder digest mismatch')
event_reconciliation.py,reconcile,27,not matched,raise ArtifactError('source row missing')
event_reconciliation.py,reconcile,31,domain == 'top_holders_reports' AND len(row['holders']) != len(matched),raise ArtifactError('raw holder group truncated')
event_reconciliation.py,reconcile,34,"domain == 'top_holders_reports' AND (h['shares'], h['ratio'], h['category']) != (s.get('hold_amount'), s.get('hold_ratio'), s.get('holder_type'))",raise ArtifactError('holder row mapping differs')
event_reconciliation.py,reconcile,44,not same,raise ArtifactError('independent mapping/unit check failed')
event_reconciliation.py,reconcile,56,"set(direct) != {(r['symbol'], r['session']) for r in binary}",raise ArtifactError('Qlib key mismatch')
event_reconciliation.py,reconcile,60,"not (value is None and actual is None or (value is not None and actual is not None and math.isclose(value, actual, rel_tol=1e-06, abs_tol=1e-06)))",raise ArtifactError('Qlib numeric mismatch')
event_source.py,load_event_source_profile,14,"version not in {'tushare_pr7.v1', 'tushare_pr7_holder.v2', 'tushare_pr7_holder.v3'}",raise ArtifactError('unsupported event source version')
event_source.py,announcement,27,"version in {'tushare_pr7_holder.v2', 'tushare_pr7_holder.v3'} and isinstance(value, str) and (len(value) == 19) AND parsed.strftime('%Y-%m-%d %H:%M:%S') != value",raise ValueError('noncanonical timestamp')
event_source.py,announcement,28,"version in {'tushare_pr7_holder.v2', 'tushare_pr7_holder.v3'} and isinstance(value, str) and (len(value) == 19)",raise ArtifactError('invalid supplier announcement timestamp') from exc
event_source.py,validate_payload,63,len(records) >= definition['limit'],raise ArtifactError('payload invalid or possibly truncated; split request')
event_source.py,_validate_payload_shape,68,definition is None,raise ArtifactError('unsupported event endpoint')
event_source.py,_validate_payload_shape,70,"not isinstance(params, dict) or set(params) != {'ts_code', 'start_date', 'end_date'}",raise ArtifactError('event request requires a single security and explicit date bounds')
event_source.py,_validate_payload_shape,74,params['start_date'] > params['end_date'],raise ArtifactError('reversed request bounds')
event_source.py,_validate_payload_shape,76,"not isinstance(records, list)",raise ArtifactError('payload invalid or possibly truncated; split request')
event_source.py,_validate_payload_shape,78,"not isinstance(row, dict) or set(row) - set(definition['fields'])",raise ArtifactError('unexpected payload field')
event_source.py,_validate_payload_shape,79,row.get('ts_code') != params['ts_code'],raise ArtifactError('security outside individual request')
event_source.py,_validate_payload_shape,86,not params['start_date'] <= represented <= params['end_date'],raise ArtifactError('date outside individual request')
event_source.py,_number,121,"value is not None and (isinstance(value, bool) or not isinstance(value, (int, float)) or (not math.isfinite(value)))",raise ArtifactError('source value must be finite numeric or null')
event_source.py,normalize,127,top10_qualification is not None and (domain != 'top_holders_reports' or top10_qualification != 'top10_ambiguity.v1'),raise ArtifactError('unsupported Top10 qualification')
event_source.py,normalize,129,margin_qualification is not None and (domain != 'margin_daily' or margin_qualification != 'margin_negative_repayment.v1'),raise ArtifactError('unsupported margin qualification')
event_source.py,normalize,136,d is None or d['domain'] != domain or m['domain'] != domain or (m['schema_version'] != 'raw_batch.v2') or (m['source_profile_digest'] != profile_digest(version)) or (m['source_profile_ref'] != 'tushare.pr7.' + endpoint) or (request['fields'] != d['fields']),raise ArtifactError('event profile/domain binding mismatch')
event_source.py,normalize,140,version == 'tushare_pr7_holder.v3' and m['summary'].get('source_qualification') != excluded,raise ArtifactError('holder source qualification summary mismatch')
event_source.py,normalize,144,'canonical_admission' in m['summary'] and m['summary']['canonical_admission'] != admission,raise ArtifactError('holder canonical admission summary mismatch')
event_source.py,normalize,165,"endpoint == 'top10_holders' AND not isinstance(name, str) or not name",raise ArtifactError('holder name required')
event_source.py,normalize,185,endpoint == 'top10_holders' AND len({h['holder_id'] for h in row['holders']}) != len(row['holders']),raise ArtifactError('duplicate holder in report')
event_source.py,normalize,197,not (endpoint == 'top10_holders') AND len({fingerprint(s) for s in sources}) != 1,raise ArtifactError('ambiguous same-publication source rows')
event_source.py,normalize,204,"not (endpoint == 'top10_holders') AND not (value is None) AND not (scale == 'date') AND scale == 'text' AND not isinstance(value, str) or not value",raise ArtifactError('invalid forecast type')
event_source.py,__init__,221,'forecast_source_types' in config AND domain != 'forecast_observations' or config['forecast_source_types'] != 'forecast_source_types.v1',raise ArtifactError('unsupported forecast source type mapping')
event_source.py,__init__,226,qualification is not None AND domain != 'top_holders_reports' or qualification != 'top10_ambiguity.v1',raise ArtifactError('unsupported Top10 qualification')
event_source.py,__init__,231,qualification is not None AND domain != 'margin_daily' or qualification != 'margin_negative_repayment.v1',raise ArtifactError('unsupported margin qualification')
event_source.py,_build_rows,238,self.domain == 'forecast_observations' and (contract['contract_version'] == 'forecast_observations.v2') != bool(self.builder_config.get('forecast_source_types')),raise ArtifactError('forecast source types require explicit mapping and forecast_observations.v2')
event_source.py,extend_snapshot,267,domain not in EVENT_DOMAINS,raise ArtifactError('event extension domain required')
event_source.py,extend_snapshot,270,domain not in ids,raise ArtifactError('parent Snapshot lacks extension domain')
event_views.py,_event_view_batch,40,not 1 < len(configs) <= EVENT_BATCH_SIZE,raise ArtifactError('invalid event View batch')
event_views.py,_event_view_batch,45,len(selected) != 1,raise ArtifactError('event View batch requires one symbol per View')
event_views.py,_event_view_batch,52,any((d not in reader.commits for d in EVENT_DOMAINS)),raise ArtifactError('event Snapshot domains required')
event_views.py,_event_view_batch,85,"any((file_state(path) != state for path, state in observed.items()))",raise ArtifactError('event View source changed during batch')
event_views.py,_project,98,start > end,raise ArtifactError('reversed View range')
event_views.py,_project,106,not any((item['sessions'] for item in calendars.values())),raise ArtifactError('INSUFFICIENT_SCOPE: no open exchange sessions')
event_views.py,_project,107,any((d not in reader.commits for d in EVENT_DOMAINS)),raise ArtifactError('event Snapshot domains required')
event_views.py,load_event_fact_view_with_reader,254,Path(reader.data_root).resolve() != layout.root.resolve() or reader.snapshot.ref.snapshot_id != manifest['snapshot_ref']['snapshot_id'],raise ArtifactError('checked Reader does not match event View Snapshot')
event_views.py,load_event_fact_view_with_reader,271,"manifest['schema_version'] == 'pr7_fact_view.v4' AND scope['symbols'] != list(symbols) or not isinstance(instruments, list) or len(instruments) != len(symbols) or (not isinstance(bundle, dict)) or (not bundle) or any((not isinstance(v, str) for v in bundle.values())) or (not scope['start_session'] <= states['sessions'][0] <= states['sessions'][-1] <= scope['end_session']) or (manifest['snapshot_ref'] != {'snapshot_id': reader.snapshot.ref.snapshot_id, 'identity_digest': reader.snapshot.manifest['identity_digest']}) or (manifest['state_encoding'] != 'leaf_intervals.v1')",raise ArtifactError('sparse event View structure is invalid')
event_views.py,load_event_fact_view_with_reader,281,manifest['schema_version'] == 'pr7_fact_view.v4',raise ArtifactError('sparse event View structure is invalid') from exc
event_views.py,load_event_fact_view_with_reader,283,"manifest['schema_version'] == 'pr7_fact_view.v4' AND {k: v for k, v in manifest.items() if k not in {'view_id', 'identity_digest', 'created_at'}} != expected",raise ArtifactError('sparse event View structural closure mismatch')
event_views.py,load_event_fact_view_with_reader,285,manifest['schema_version'] == 'pr7_fact_view.v4' AND contents != expected_files,raise ArtifactError('sparse event View files differ from declared states')
event_views.py,load_event_fact_view_with_reader,293,"manifest['schema_version'] == 'pr7_fact_view.v3' AND not isinstance(payload, dict) or set(payload) != {'wide', 'sessions', 'symbol_calendars'}",raise ArtifactError('event View rows have invalid structure')
event_views.py,load_event_fact_view_with_reader,295,"manifest['schema_version'] == 'pr7_fact_view.v3' AND not isinstance(bundle, dict) or not bundle or any((not isinstance(v, str) for v in bundle.values()))",raise ArtifactError('invalid code bundle')
event_views.py,load_event_fact_view_with_reader,300,manifest['schema_version'] == 'pr7_fact_view.v3',raise ArtifactError('event View structure is invalid') from exc
event_views.py,load_event_fact_view_with_reader,302,"manifest['schema_version'] == 'pr7_fact_view.v3' AND {k: v for k, v in manifest.items() if k not in {'view_id', 'identity_digest', 'created_at'}} != expected",raise ArtifactError('event View structural closure mismatch')
event_views.py,load_event_fact_view_with_reader,304,manifest['schema_version'] == 'pr7_fact_view.v3' AND contents != outputs,raise ArtifactError('event View files differ from declared rows')
event_views.py,load_event_fact_view_with_reader,308,"not isinstance(bundle, dict) or not bundle or any((not isinstance(v, str) for v in bundle.values()))",raise ArtifactError('invalid code bundle')
event_views.py,load_event_fact_view_with_reader,310,"{k: v for k, v in manifest.items() if k not in {'view_id', 'identity_digest', 'created_at'}} != expected",raise ArtifactError('event View semantic closure mismatch')
event_views.py,load_event_fact_view_with_reader,312,"_safe_path(layout.root, target / path, closure=target).read_bytes() != content",raise ArtifactError('event View file differs from Snapshot projection')
evidence.py,_mapping,96,"not isinstance(value, Mapping)",raise ArtifactError(f'PR5 evidence {name} must be an object')
evidence.py,_sequence,102,"isinstance(value, (str, bytes)) or not isinstance(value, Sequence)",raise ArtifactError(f'PR5 evidence {name} must be a list')
evidence.py,_digest,108,"not isinstance(value, str) or not value.startswith('sha256:') or len(value) != 71",raise ArtifactError(f'PR5 evidence {name} digest is invalid')
evidence.py,_load_actual_refs,142,set(claimed_domains) != set(REFERENCE_SNAPSHOT_DOMAINS),raise ArtifactError('PR5 evidence DomainCommit set is incomplete')
evidence.py,_load_actual_refs,151,"not isinstance(commit_id, str)",raise ArtifactError('PR5 evidence DomainCommit ID is invalid')
evidence.py,_load_actual_refs,196,snapshot.manifest['domain_refs'].get(domain) != projected,raise ArtifactError('PR5 DomainCommit refs differ from Snapshot composition')
evidence.py,_pass_report,270,report.get('status') != 'PASS' or not checks or any((value is not True for value in checks.values())) or (report.get('mismatches') != []),raise ArtifactError(f'PR5 {name} PASS is inconsistent')
evidence.py,validate_d01_snapshot_coexistence,281,"set(evidence) != _D01_EVIDENCE_FIELDS or evidence.get('schema_version') != 'axiom_data.pr5_d01_snapshot_coexistence.v1' or (not isinstance(evidence.get('validation_root'), str))",raise ArtifactError('PR5 D01 snapshot coexistence evidence is incomplete')
evidence.py,validate_d01_snapshot_coexistence,291,claims['old_snapshot'].get('snapshot_id') == claims['new_snapshot'].get('snapshot_id'),raise ArtifactError('PR5 D01 old/new Snapshot identities must differ')
evidence.py,validate_d01_snapshot_coexistence,306,any((dict(claims[name]) != actual_refs[name] for name in snapshots)),raise ArtifactError('PR5 D01 Snapshot ref differs from its loaded artifact')
evidence.py,validate_d01_snapshot_coexistence,319,dict(old_domain_refs) != snapshots['old_snapshot'].manifest['domain_refs'] or dict(new_domain_refs) != snapshots['new_snapshot'].manifest['domain_refs'] or dict(old_domain_refs) == dict(new_domain_refs),raise ArtifactError('PR5 D01 Snapshot domain refs are inconsistent')
evidence.py,validate_d01_snapshot_coexistence,324,evidence.get('old_snapshot_manifest_digest_before_new') != actual_refs['old_snapshot']['manifest_digest'],raise ArtifactError('PR5 D01 old Snapshot changed after new publication')
evidence.py,validate_pr5_evidence,348,set(refs) != set(_REF_NAMES),raise ArtifactError('PR5 run artifact refs are incomplete')
evidence.py,validate_pr5_evidence,351,dict(refs) != actual_refs,raise ArtifactError('PR5 report refs differ from the loaded artifacts')
evidence.py,validate_pr5_evidence,360,not raw_refs or not domain_refs,raise ArtifactError('PR5 run RawBatch/DomainCommit refs are empty')
evidence.py,validate_pr5_evidence,364,any((field not in raw for field in _RAW_REF_FIELDS)) or raw.get('schema_version') != 'raw_batch.v2',raise ArtifactError('PR5 run RawBatch ref is incomplete or non-v2')
evidence.py,validate_pr5_evidence,379,dict(artifacts) != actual_artifacts,raise ArtifactError('PR5 artifact map differs from the loaded artifacts')
evidence.py,validate_pr5_evidence,383,ref.get('domain_commit_id') != artifacts.get(domain),raise ArtifactError('PR5 DomainCommit artifact map is inconsistent')
evidence.py,validate_pr5_evidence,393,ref.get(id_field) != artifacts.get(name),raise ArtifactError(f'PR5 run {name} ref is inconsistent')
evidence.py,validate_pr5_evidence,405,"qlib_ref.get('derived_view_id') != adjusted_ref.get('view_id') or any((qlib_ref.get(name) != adjusted_ref.get(name) for name in ('anchor_session', 'pit_policy', 'pit_qualification', 'decision_cutoff')))",raise ArtifactError('PR5 Qlib/Derived PIT binding is inconsistent')
evidence.py,validate_pr5_evidence,412,projected_run_raw != list(raw_refs),raise ArtifactError('PR5 run RawBatch list differs from its closure refs')
evidence.py,validate_pr5_evidence,436,catalog.get('status') != 'PASS' or catalog.get('entries') != len(catalog_entries) or dict(catalog_counts) != dict(sorted(actual_catalog_counts.items())) or (dict(lookups) != actual_lookups) or any((actual_catalog_counts.get(name) != 1 for name in actual_lookups)),raise ArtifactError('PR5 catalog evidence is inconsistent')
evidence.py,validate_pr5_evidence,442,dict(direct_qlib) != actual_direct,raise ArtifactError('PR5 direct/Qlib report differs from loaded artifacts')
evidence.py,validate_pr5_evidence,450,"not isinstance(start, str) or not isinstance(end, str)",raise ArtifactError('PR5 run session scope is invalid')
evidence.py,validate_pr5_evidence,466,dict(dm1_reconciliation) != actual_dm1,raise ArtifactError('PR5 D-M1 reconciliation differs from loaded artifacts')
evidence.py,validate_pr5_evidence,479,qsys_reconciliation.get('status') != 'PASS' or qsys_reconciliation.get('contract_or_build_bug_count') != 0 or qsys_reconciliation.get('snapshot_id') != snapshot_ref.get('snapshot_id') or (qsys_reconciliation.get('snapshot_ref') != dict(snapshot_ref)) or (qsys_reconciliation.get('raw_batch_refs') != expected_market_raw),raise ArtifactError('PR5 Qsys reconciliation refs are inconsistent')
evidence.py,validate_pr5_evidence,513,not offline_ok or offline_recovery.get('status') != 'PASS',raise ArtifactError('PR5 offline recovery refs/results are inconsistent')
evidence.py,validate_pr5_evidence,518,set(gates) != set(_GATE_SCHEMA) or dict(acceptance_refs) != actual_refs,raise ArtifactError('PR5 acceptance refs/gates are incomplete')
evidence.py,validate_pr5_evidence,527,dict(run_d01) != dict(gate_d01),raise ArtifactError('PR5 D01 evidence differs between run and acceptance reports')
evidence.py,validate_pr5_evidence,581,actual_direct.get('scope') != view_scope or actual_direct.get('fields') != loaded['qlib_view'].manifest['fields'] or adjusted.manifest['scope'] != view_scope or (replay.manifest['scope'] != view_scope) or (list(symbols) != view_scope['symbols']) or (start != view_scope['start_session']) or (end != view_scope['end_session']),raise ArtifactError('PR5 scope/field evidence differs from loaded Views')
evidence.py,validate_pr5_evidence,602,not derived_pass or gate.get('status') != 'PASS',raise ArtifactError(f'PR5 acceptance gate {name} PASS is inconsistent')
evidence.py,validate_pr5_evidence,604,acceptance_matrix.get('status') != 'PASS' or run.get('status') != 'PASS',raise ArtifactError('PR5 terminal PASS is inconsistent')
evidence.py,pr6_actual_refs,617,view.manifest['snapshot_ref']['snapshot_id'] != snapshot_id,raise ArtifactError('PR6 evidence View/Snapshot mismatch')
evidence.py,validate_pr6_evidence,634,set(run_manifest) != expected_fields or run_manifest['schema_version'] != 'pr6_evidence.v1',raise ArtifactError('PR6 evidence schema mismatch')
evidence.py,validate_pr6_evidence,636,str(Path(data_root)) != run_manifest['data_root'] or str(Path(offline_root)) != run_manifest['offline_root'],raise ArtifactError('PR6 verifier must bind actual validation roots')
evidence.py,validate_pr6_evidence,638,Path(data_root).resolve() == Path(offline_root).resolve(),raise ArtifactError('PR6 recovery requires a different root')
evidence.py,validate_pr6_evidence,643,refs != actual or run_manifest['offline_artifact_refs'] != offline or offline != actual,raise ArtifactError('PR6 actual artifact refs or recovery identity mismatch')
evidence.py,validate_pr6_evidence,646,run_manifest['reconciliation'] != report,raise ArtifactError('PR6 reconciliation does not match actual inputs')
evidence.py,validate_pr6_evidence,664,run_manifest['gates'] != gates or not all(gates.values()),raise ArtifactError('PR6 gate result differs from actual validation')
exchange_security.py,parse_termination,20,exchange not in profile()['endpoints'],raise ArtifactError('unsupported boundary exchange')
exchange_security.py,parse_termination,25,exchange == 'SSE' AND value['pageHelp']['total'] != len(rows) or not rows,raise ArtifactError('incomplete exchange termination table')
exchange_security.py,parse_termination,32,"not (exchange == 'SSE') AND len([n for n in book.namelist() if re.fullmatch('xl/worksheets/sheet[0-9]+\\.xml', n)]) != 1",raise ArtifactError('unexpected exchange workbook sheets')
exchange_security.py,parse_termination,41,"not (exchange == 'SSE') AND cell.find('s:f', ns) is not None",raise ArtifactError('formula in boundary evidence')
exchange_security.py,parse_termination,51,not (exchange == 'SSE') AND not set(fields) <= set(header.values()) or not rows,raise ArtifactError('unexpected exchange termination columns')
exchange_security.py,parse_termination,55,"not re.fullmatch('[0-9]{1,6}', code)",raise ArtifactError('invalid exchange security identity')
exchange_security.py,parse_termination,60,item['delist_session'] < item['list_session'] or symbol in result,raise ArtifactError('duplicate or reversed exchange boundary')
exchange_security.py,parse_termination,64,,raise ArtifactError('malformed exchange termination evidence') from exc
exchange_security.py,__init__,82,domain != 'security_master',raise ArtifactError('boundary builder requires security_master')
exchange_security.py,__call__,92,request.parent_commit AND parent.manifest['builder_implementation_ref']['revision'] != self.implementation_revision,raise ArtifactError('exchange boundary mapping requires a new lineage root')
exchange_security.py,_build_rows,105,version == p['profile_version'] AND exchange not in p['endpoints'] or exchange in seen or m['request'] != p['endpoints'][exchange] or (m['source_profile_ref'] != 'exchange.termination.' + exchange) or (m['source_profile_digest'] != _digest(_json_bytes(p))),raise ArtifactError('exchange boundary source binding mismatch')
exchange_security.py,_build_rows,109,version == 'tushare_phase1.v1' AND set(grouped) != {'stock_basic'},raise ArtifactError('security source endpoint mismatch')
exchange_security.py,_build_rows,116,not (version == 'tushare_phase1.v1') AND version == 'tushare_sw_pilot.v1' AND request['endpoint'] != 'stock_basic' or m['source_profile_ref'] != 'tushare.sw-pilot.stock_basic' or m['source_profile_digest'] != sw_digest() or (request['fields'] != sw_profile()['endpoints']['stock_basic']['fields']),raise ArtifactError('stock reference source binding mismatch')
exchange_security.py,_build_rows,118,"not (version == 'tushare_phase1.v1') AND version == 'tushare_sw_pilot.v1' AND payload_issues('stock_basic', params, rows)",raise ArtifactError('invalid stock reference payload')
exchange_security.py,_build_rows,119,not (version == 'tushare_phase1.v1') AND not (version == 'tushare_sw_pilot.v1'),raise ArtifactError('unsupported security source profile')
exchange_security.py,_build_rows,122,symbol in source,raise ArtifactError('duplicate stock identity observation')
exchange_security.py,_build_rows,125,seen != required,raise ArtifactError('missing or extraneous exchange boundary coverage')
exchange_security.py,_build_rows,129,row is None,raise ArtifactError('missing scoped stock identity')
exchange_security.py,_build_rows,133,"status not in {'L', 'D', 'P'} or row.get('exchange') != exchange",raise ArtifactError('invalid stock status/exchange')
exchange_security.py,_build_rows,136,status == 'D' AND official is None,raise ArtifactError('delisted security lacks official boundary')
exchange_security.py,_build_rows,137,status == 'D' AND official['list_session'] != listed,raise ArtifactError('official/supplier listing boundary mismatch')
exchange_security.py,_build_rows,140,not (status == 'D') AND official or row.get('delist_date'),raise ArtifactError('live/termination source contradiction')
exchange_security.py,_build_rows,144,{r['symbol'] for r in parent_rows} - set(symbols),raise ArtifactError('incremental security scope dropped identities')
financial_coverage.py,prepared_input,38,"slot not in {'admission', 'financial_history', 'calendar', 'security_master', 'taxonomy'}",raise ValueError('unknown financial preparation slot')
financial_coverage.py,check,57,"any((file_state(p) != state for p, state in observed.items()))",raise ArtifactError('View inputs changed after validation')
financial_coverage.py,prepared_input,85,batch is not None AND slot == 'financial_history' AND not arguments or not set(arguments) <= batch['histories'].keys(),raise ArtifactError('INSUFFICIENT_SCOPE: symbols outside domain coverage')
financial_coverage.py,_require_valuation,116,"not set(sessions) <= indexes.keys() or any((int(inputs['coverage'].get(s, '0'), 16) & required != required for s in symbols))",raise ArtifactError('INSUFFICIENT_SCOPE: valuation date/security gap')
financial_coverage.py,require_symbols,150,symbols is not None and (not symbols or not set(symbols) <= available),raise ArtifactError('INSUFFICIENT_SCOPE: symbols outside domain coverage')
financial_coverage.py,require_range,155,start > end or start < available_start or end > available_end,raise ArtifactError('INSUFFICIENT_SCOPE: requested dates outside actual coverage')
financial_coverage.py,membership_coverage,161,reader.commits[domain].ref.contract_version == 'industry_membership.v3' AND group != 'SW2021',raise ArtifactError('unknown industry classification system')
financial_coverage.py,membership_coverage,166,reader.commits[domain].ref.contract_version == 'industry_membership.v3' AND {r['symbol'] for r in selected} != required,raise ArtifactError('INSUFFICIENT_SCOPE: industry observation not visible')
financial_coverage.py,membership_coverage,168,reader.commits[domain].ref.contract_version == 'industry_membership.v3' AND start < row['coverage_from'] or end >= row['coverage_to'],raise ArtifactError('INSUFFICIENT_SCOPE: industry dates')
financial_coverage.py,membership_coverage,175,group_states is not None AND not known,raise ArtifactError('UNKNOWN_UNIVERSE')
financial_coverage.py,membership_coverage,177,group_states is not None AND not selected,raise ArtifactError('INSUFFICIENT_SCOPE: group observation not visible')
financial_coverage.py,membership_coverage,180,group_states is not None AND start < state['coverage_from'] or end >= state['coverage_to'],raise ArtifactError('INSUFFICIENT_SCOPE: universe dates')
financial_coverage.py,membership_coverage,183,group_states is not None AND symbols is not None and (not set(symbols) <= set(available)),raise ArtifactError('INSUFFICIENT_SCOPE: universe symbols')
financial_coverage.py,membership_coverage,188,not matching,raise ArtifactError('UNKNOWN_UNIVERSE' if domain == 'universe_membership' else 'UNKNOWN_CLASSIFICATION')
financial_coverage.py,membership_coverage,190,not selected,raise ArtifactError('INSUFFICIENT_SCOPE: membership not visible')
financial_coverage.py,membership_coverage,196,domain == 'universe_membership' AND symbols is not None and (not set(symbols) <= set(available_symbols)),raise ArtifactError('INSUFFICIENT_SCOPE: universe symbol coverage')
financial_coverage.py,membership_coverage,199,domain == 'universe_membership' AND start < lower or end >= upper,raise ArtifactError('INSUFFICIENT_SCOPE: universe dates')
financial_coverage.py,membership_coverage,209,cursor <= end,raise ArtifactError('INSUFFICIENT_SCOPE: classification date/security gap')
financial_coverage.py,admit_view,219,not dates,raise ArtifactError('INSUFFICIENT_SCOPE: reversed dates')
financial_coverage.py,admit_view,225,not set(dates) <= rows.keys(),raise ArtifactError('INSUFFICIENT_SCOPE: calendar gap')
financial_coverage.py,admit_view,227,not sessions,raise ArtifactError('INSUFFICIENT_SCOPE: no open sessions')
financial_coverage.py,admit_view,243,"any((e not in inputs['endpoints'].get(s, ()) for s in symbols for e in {e for e, _ in FIELD_MAP.values()}))",raise ArtifactError('INSUFFICIENT_SCOPE: financial endpoint/security gap')
financial_coverage.py,admit_materialized,263,not symbols or not set(symbols) <= set(scope['symbols']),raise ArtifactError('INSUFFICIENT_SCOPE: View symbols')
financial_coverage.py,admit_materialized,266,not fields or not set(fields) <= set(manifest['fields']),raise ArtifactError('INSUFFICIENT_SCOPE: View fields')
financial_reconciliation.py,validate_reference,21,path.is_symlink() or hashlib.sha256(path.read_bytes()).hexdigest() != item['sha256'],raise ArtifactError('frozen forensic reference digest mismatch')
financial_reconciliation.py,reconcile,34,"(direct['symbol'], direct['session']) != (export['symbol'], export['session'])",raise ArtifactError('direct/Qlib key mismatch')
financial_reconciliation.py,reconcile,38,"not (value is None and actual is None or (value is not None and actual is not None and math.isclose(value, actual, rel_tol=1e-06, abs_tol=1e-06)))",raise ArtifactError('direct/Qlib value mismatch')
financial_reconciliation.py,reconcile,57,not matches,raise ArtifactError('independent source mapping mismatch')
financial_reconciliation.py,reconcile,69,"{'2024-03-31', '2024-06-30', '2024-09-30', '2024-12-31', '2025-03-31'} <= set(periods) AND any((v != expected for v in actual))",raise ArtifactError('independent TTM arithmetic mismatch')
financial_reconciliation.py,reconcile,97,len(union) != frozen_union['unique_instrument_count'] or fingerprint(list(union)) != frozen_union['ordered_digest'],raise ArtifactError('historical union differs from frozen PR4 exact identity')
financial_views.py,financial_view_batch,68,not 1 < len(configs) <= FINANCIAL_VIEW_BATCH_SIZE,raise ArtifactError('invalid financial View batch')
financial_views.py,financial_view_batch,73,len(selected) != 1,raise ArtifactError('financial View batch requires one symbol per View')
financial_views.py,financial_view_batch,78,any((any((config[key] != common[key] for key in scope_keys)) for config in configs[1:])),raise ArtifactError('financial View batch scopes differ')
financial_views.py,financial_view_batch,82,start > end,raise ArtifactError('reversed financial View interval')
financial_views.py,financial_view_batch,86,"any((file_state(path) != state for path, state in observed.items()))",raise ArtifactError('financial View inputs changed before batch')
financial_views.py,financial_view_batch,102,"any((file_state(path) != state for path, state in {**observed, **batch.get('observed', {})}.items()))",raise ArtifactError('financial View source changed during batch')
financial_views.py,project,141,start > end,raise ArtifactError('reversed financial View interval')
financial_views.py,project,143,not scope['universe_ids'] or len(scope['universe_ids']) != len(set(scope['universe_ids'])),raise ArtifactError('financial View requires explicit unique universes')
financial_views.py,project,145,not set(symbols) <= known,raise ArtifactError('financial View scope lacks security identities')
financial_views.py,project,146,any((d not in reader.commits for d in FUNDAMENTAL_DOMAINS)),raise ArtifactError('financial Snapshot domains required')
financial_views.py,project,149,not sessions,raise ArtifactError('financial View has no calendar coverage')
financial_views.py,load_financial_fact_view_with_reader,491,checked_reader is not None and declared == 'pr6_fact_view.v1',raise ArtifactError('legacy PR6 View requires its declared Reader')
financial_views.py,load_financial_fact_view_with_reader,495,Path(reader.data_root).resolve() != layout.root.resolve() or reader.snapshot.ref.snapshot_id != manifest['snapshot_ref']['snapshot_id'],raise ArtifactError('checked Reader does not match financial View Snapshot')
financial_views.py,load_financial_fact_view_with_reader,532,"declared == 'pr6_fact_view.v5' AND scope['symbols'] != list(symbols) or policy not in POLICIES or (not isinstance(bundle, dict)) or (not bundle) or any((not isinstance(v, str) for v in bundle.values())) or (not scope['start_session'] <= states['sessions'][0] <= states['sessions'][-1] <= scope['end_session']) or (manifest['snapshot_ref'] != {'snapshot_id': reader.snapshot.ref.snapshot_id, 'identity_digest': reader.snapshot.manifest['identity_digest']}) or (manifest['domain_refs'] != reader.snapshot.manifest['domain_refs']) or (manifest['membership_ref'] != _membership_ref(reader, scope, policy, cutoff)) or (manifest['industry_ref'] != _industry_ref(reader, scope, policy, cutoff)) or (manifest['state_encoding'] != 'leaf_intervals.v1') or (manifest['requested_scope'] != expected_scope) or (manifest['validated_scope'] != expected_scope) or (manifest['instrument_storage_scope'] != expected_instruments) or (manifest['fields'] != list(WIDE_FIELDS)) or (manifest['qlib_field_mapping'] != {f: f.replace('.', '__') for f in WIDE_FIELDS}) or (manifest['implementation_digests'] != {n: _digest(c.encode()) for n, c in sorted(bundle.items())}) or (manifest['financial_resolution_policy'] != 'financial_leaf_resolution.v1') or (manifest['fact_metadata_schema'] != 'typed_fact.v2') or (manifest['cutoff_policy'] != 'min_knowledge_cutoff_session_end_Asia_Shanghai.v1') or (manifest['pit_qualification'] not in {'observed', 'best_effort', 'unknown'}) or (not isinstance(manifest['actual_available_scope'], dict)) or (summary.get('status') != 'PASS') or (summary.get('wide_rows') != len(rows)) or (summary.get('state_changes') != sum((len(spans) for by_field in states['states'].values() for spans in by_field.values()))) or (type(summary.get('derived_rows')) is not int) or (summary['derived_rows'] < 0)",raise ArtifactError('sparse financial View structural closure mismatch')
financial_views.py,load_financial_fact_view_with_reader,534,declared == 'pr6_fact_view.v5',raise ArtifactError('sparse financial View structure is invalid') from exc
financial_views.py,load_financial_fact_view_with_reader,538,declared == 'pr6_fact_view.v5' AND contents != expected_files,raise ArtifactError('sparse financial View files differ from declared states')
financial_views.py,load_financial_fact_view_with_reader,555,"declared == 'pr6_fact_view.v4' AND not isinstance(payload, dict) or set(payload) != {'wide', 'sessions'} or (not isinstance(payload['wide'], list)) or (not isinstance(payload['sessions'], list)) or (not payload['sessions']) or (payload['sessions'] != sorted(set(payload['sessions']))) or (not isinstance(bundle, dict)) or (not bundle) or any((not isinstance(v, str) for v in bundle.values())) or (start > end) or (payload['sessions'][0] < start) or (payload['sessions'][-1] > end) or (scope['symbols'] != list(symbols)) or (policy not in POLICIES)",raise ArtifactError('financial View rows have invalid structure')
financial_views.py,load_financial_fact_view_with_reader,562,"declared == 'pr6_fact_view.v4' AND not isinstance(row, dict) or row.get('symbol') not in symbols or row.get('session') not in sessions or (not isinstance(row.get('values'), dict)) or (set(row['values']) != set(WIDE_FIELDS)) or (not isinstance(row.get('facts'), dict)) or (set(row['facts']) != set(WIDE_FIELDS))",raise ArtifactError('financial View row structure is invalid')
financial_views.py,load_financial_fact_view_with_reader,564,declared == 'pr6_fact_view.v4' AND key in seen,raise ArtifactError('financial View row is duplicated')
financial_views.py,load_financial_fact_view_with_reader,588,"declared == 'pr6_fact_view.v4' AND manifest['snapshot_ref'] != {'snapshot_id': reader.snapshot.ref.snapshot_id, 'identity_digest': reader.snapshot.manifest['identity_digest']} or manifest['domain_refs'] != reader.snapshot.manifest['domain_refs'] or manifest['membership_ref'] != _membership_ref(reader, scope, policy, cutoff) or (manifest['requested_scope'] != expected_scope) or (manifest['validated_scope'] != expected_scope) or (manifest['instrument_storage_scope'] != expected_instruments) or (manifest['fields'] != list(WIDE_FIELDS)) or (manifest['qlib_field_mapping'] != {f: f.replace('.', '__') for f in WIDE_FIELDS}) or (manifest['implementation_digests'] != {n: _digest(c.encode()) for n, c in sorted(bundle.items())}) or (manifest['financial_resolution_policy'] != 'financial_leaf_resolution.v1') or (manifest['fact_metadata_schema'] != 'typed_fact.v2') or (manifest['cutoff_policy'] != 'min_knowledge_cutoff_session_end_Asia_Shanghai.v1') or (manifest['pit_qualification'] not in {'observed', 'best_effort', 'unknown'}) or (not isinstance(manifest['actual_available_scope'], dict)) or (summary.get('status') != 'PASS') or (summary.get('wide_rows') != len(payload['wide'])) or (type(summary.get('derived_rows')) is not int) or (summary['derived_rows'] < 0)",raise ArtifactError('financial View structural closure mismatch')
financial_views.py,load_financial_fact_view_with_reader,590,declared == 'pr6_fact_view.v4',raise ArtifactError('financial View structure is invalid') from exc
financial_views.py,load_financial_fact_view_with_reader,592,declared == 'pr6_fact_view.v4' AND contents != expected_files,raise ArtifactError('financial View files differ from declared rows')
financial_views.py,load_financial_fact_view_with_reader,597,"not isinstance(bundle, dict) or not bundle or any((not isinstance(v, str) for v in bundle.values()))",raise ArtifactError('invalid frozen code bundle')
financial_views.py,load_financial_fact_view_with_reader,600,"{k: v for k, v in manifest.items() if k not in {'view_id', 'identity_digest', 'created_at'}} != expected",raise ArtifactError('financial View semantic closure mismatch')
financial_views.py,load_financial_fact_view_with_reader,604,checked.read_bytes() != content,raise ArtifactError('financial Fact/Qlib file differs from source projection')
fundamentals_source.py,load_fundamentals_source_profile,17,"version not in {'tushare_pr6.v1', 'tushare_pr6.v2', 'tushare_fina_indicator.v1'}",raise ArtifactError('unsupported financial SourceProfile version')
fundamentals_source.py,source_date,27,"not isinstance(value, str) or len(value) != 8",raise ArtifactError('supplier date requires YYYYMMDD')
fundamentals_source.py,source_date,31,,raise ArtifactError('invalid supplier date') from exc
fundamentals_source.py,_validate_payload_shape,42,endpoint not in profile['endpoints'],raise ArtifactError('endpoint outside SourceProfile')
fundamentals_source.py,_validate_payload_shape,46,"not isinstance(params, dict) or not params or set(params) - allowed",raise ArtifactError('financial request must have bounded allowed parameters')
fundamentals_source.py,_validate_payload_shape,49,"endpoint == 'index_weight' AND set(params) != {'index_code', 'start_date', 'end_date'}",raise ArtifactError('index_weight requires explicit index and date bounds')
fundamentals_source.py,_validate_payload_shape,52,"not (endpoint == 'index_weight') AND endpoint == 'bak_basic' AND set(params) not in ([{'trade_date'}, {'ts_code', 'trade_date'}] if profile_version == 'tushare_pr6.v2' else [{'ts_code', 'trade_date'}])",raise ArtifactError('bak_basic requires explicit security/date scope')
fundamentals_source.py,_validate_payload_shape,55,not (endpoint == 'index_weight') AND not (endpoint == 'bak_basic') AND not params.get('ts_code') or not (params.get('period') or params.get('trade_date') or (params.get('start_date') and params.get('end_date'))),raise ArtifactError('financial/valuation request requires security and date/period bounds')
fundamentals_source.py,_validate_payload_shape,59,params.get('start_date') and params['start_date'] > params['end_date'],raise ArtifactError('reversed supplier request interval')
fundamentals_source.py,_validate_payload_shape,61,"not isinstance(records, list)",raise ArtifactError('source payload must be rows')
fundamentals_source.py,_validate_payload_shape,64,"not isinstance(row, dict) or set(row) - set(definition['fields'])",raise ArtifactError('unexpected source payload fields')
fundamentals_source.py,_validate_payload_shape,67,not code,raise ArtifactError('missing source security')
fundamentals_source.py,_validate_payload_shape,69,params.get('ts_code') and code != params['ts_code'],raise ArtifactError('source security outside individual RawBatch request')
fundamentals_source.py,_validate_payload_shape,71,endpoint == 'index_weight' and row.get('index_code') != params['index_code'],raise ArtifactError('source index outside individual RawBatch request')
fundamentals_source.py,_validate_payload_shape,76,params.get('trade_date') and represented != params['trade_date'],raise ArtifactError('source date outside RawBatch request')
fundamentals_source.py,_validate_payload_shape,78,params.get('period') and row.get('end_date') != params['period'],raise ArtifactError('source report period outside RawBatch request')
fundamentals_source.py,_validate_payload_shape,80,params.get('report_type') and str(row.get('report_type')) != params['report_type'],raise ArtifactError('source report type outside RawBatch request')
fundamentals_source.py,_validate_payload_shape,82,params.get('start_date') and (not params['start_date'] <= represented <= params['end_date']),raise ArtifactError('source date outside RawBatch date bounds')
fundamentals_source.py,collect,91,definition is None,raise ArtifactError('unsupported financial endpoint')
fundamentals_source.py,_indicator_revision_winners,119,"not isinstance(flag, str) or flag not in {'0', '1'}",raise ArtifactError('ambiguous simultaneous revisions: unknown fina_indicator update_flag')
fundamentals_source.py,_indicator_revision_winners,123,prior is not None and prior != row,raise ArtifactError('ambiguous simultaneous revisions: conflicting fina_indicator update_flag ' + flag)
fundamentals_source.py,_financial_revision_rows,138,"not isinstance(flag, str) or flag not in {'0', '1'}",raise ArtifactError('ambiguous simultaneous revisions: unknown financial update_flag')
fundamentals_source.py,__init__,165,"acquisition is not None AND domain != 'universe_membership' or not isinstance(acquisition, dict) or set(acquisition) != {'policy', 'raw_batch_ids'} or (acquisition['policy'] != 'complete_bootstrap.v1') or (not isinstance(acquisition['raw_batch_ids'], list)) or (not acquisition['raw_batch_ids']) or any((not isinstance(ref, str) for ref in acquisition['raw_batch_ids'])) or (len(set(acquisition['raw_batch_ids'])) != len(acquisition['raw_batch_ids']))",raise ArtifactError('invalid explicit universe acquisition')
fundamentals_source.py,_legacy_rows,183,definition is None or definition['domain'] != self.domain,raise ArtifactError('financial endpoint/domain mismatch')
fundamentals_source.py,_legacy_rows,187,m['schema_version'] != 'raw_batch.v2' or m['source_profile_digest'] != profile_digest(version) or m['source_profile_ref'] != 'tushare.pr6.' + endpoint or (request.get('fields') != definition['fields']),raise ArtifactError('financial source profile binding mismatch')
fundamentals_source.py,_legacy_rows,206,"endpoint == 'bak_basic' AND not isinstance(industry, str) or not industry",raise ArtifactError('industry classification missing')
fundamentals_source.py,_legacy_rows,218,"not (endpoint == 'bak_basic') AND not (value is None) AND isinstance(value, bool) or not isinstance(value, (int, float))",raise ArtifactError('supplier numeric field is not numeric')
fundamentals_source.py,_legacy_rows,240,not end or (dates and end <= dates[-1]),raise ArtifactError('index membership requires explicit coverage end after final snapshot')
fundamentals_source.py,_legacy_rows,256,"selected is not None AND not isinstance(selected, list) or not selected or len(selected) != len(set(selected))",raise ArtifactError('financial scope symbols must be a nonempty unique list')
fundamentals_source.py,_build_rows,273,acquisition and (not group_mode),raise ArtifactError('complete bootstrap requires universe_membership.v3')
fundamentals_source.py,_build_rows,330,not (self.domain != 'universe_membership') AND bootstrap - raws.keys(),raise ArtifactError('incomplete explicit universe acquisition')
fundamentals_source.py,_build_rows,340,not (self.domain != 'universe_membership') AND not (raw.ref.raw_batch_id in bootstrap) AND completed and instant(observed) <= instant(completed),raise ArtifactError('incremental observation predates complete bootstrap')
fundamentals_source.py,_build_rows,345,"not (self.domain != 'universe_membership') AND any((a[1] >= b[0] for a, b in zip(intervals, intervals[1:])))",raise ArtifactError('overlapping bootstrap request intervals')
fundamentals_source.py,_build_rows,356,not (self.domain != 'universe_membership') AND profile['source_profile_digest'] != profile_digest() or profile['source_profile_ref'] != 'tushare.pr6.index_weight' or profile['source_profile_version'] != 'tushare_pr6.v1' or (profile['domain'] != self.domain) or (profile['request']['fields'] != load_fundamentals_source_profile()['endpoints']['index_weight']['fields']),raise ArtifactError('financial source profile binding mismatch')
fundamentals_source.py,_build_rows,367,not (self.domain != 'universe_membership') AND not records AND group_mode and profile['summary'].get('membership_complete') is not True,raise ArtifactError('SOURCE_GAP: empty response lacks complete membership assertion')
fundamentals_source.py,_build_rows,369,not (self.domain != 'universe_membership') AND not records AND params['start_date'] != params['end_date'],raise ArtifactError('empty ranged snapshot has no effective identity')
fundamentals_source.py,_build_rows,373,"not (self.domain != 'universe_membership') AND key in simultaneous and sorted(simultaneous[key], key=fingerprint) != sorted(values, key=fingerprint)",raise ArtifactError('ambiguous simultaneous membership snapshots')
fundamentals_source.py,_build_rows,383,not (self.domain != 'universe_membership') AND acquisition and (not snapshots),raise ArtifactError('SOURCE_GAP: bootstrap contains no membership observation')
fundamentals_source.py,_build_rows,388,not (self.domain != 'universe_membership') AND 'membership_end_exclusive' not in self.builder_config or (end is not None and end <= source_date(dates[-1])),raise ArtifactError('membership requires explicit coverage end or open interval')
fundamentals_source.py,_build_rows,403,not (self.domain != 'universe_membership') AND not state_rows and (not group_mode),raise ArtifactError('INSUFFICIENT_SCOPE: empty interval state has no canonical history')
gate_a.py,completeness_matrix,67,len(rows) != 13,raise ArtifactError('original 13 source completeness bindings changed')
gate_a.py,_entry,75,not callable(value) or not inspect.isfunction(value),raise ArtifactError('executable Python entry required: ' + name)
gate_a.py,_scope,82,"not isinstance(scope, dict) or set(scope) != keys",raise ArtifactError('complete explicit source scope required')
gate_a.py,_scope,89,not scope['financial_observation_start'] <= scope['start_session'] <= scope['end_session'],raise ArtifactError('source scope or financial lookback reversed')
gate_a.py,_request_coverage,151,endpoint == 'dividend' AND not any((r['params'] == {'ts_code': symbol} for r in matching)),raise ArtifactError('security-wide dividend observation absent')
gate_a.py,_request_coverage,157,"not _intervals_cover(intervals, lower, scope['end_session'])",raise ArtifactError('planner misses ' + spec['domain'] + '/' + endpoint + '/' + symbol)
gate_a.py,_source_plan,168,"generated.get('schema_version') != 'v1_bootstrap_sources.v1' or generated.get('scope') != scope or set(generated.get('requests_by_domain', {})) != domains or (set(generated.get('required_reused_domains', [])) != reused)",raise ArtifactError('source planner changed the requested scope or domain composition')
gate_a.py,_source_plan,176,"identity in ids or (domain, spec['collector'], spec['endpoint']) not in allowed or spec['domain'] != domain",raise ArtifactError('duplicate or unregistered source planner request')
gate_a.py,_source_plan,182,"params.get('ts_code', params.get('index_code')) not in selectors",raise ArtifactError('source planner request outside security/index target')
gate_a.py,_source_plan,188,'start_date' in params AND not lower <= first <= last <= scope['end_session'],raise ArtifactError('source planner request outside time target')
gate_a.py,query,209,endpoint != 'fina_indicator' or self.calls != 1,raise ArtifactError('daily probe attempted unplanned source collection')
gate_a.py,_daily_contract_probe,228,version == current or 'LEGACY_CONTRACT_READ_ONLY' not in str(exc),raise ArtifactError('public daily writable contract admission failed') from exc
gate_a.py,_daily_contract_probe,230,(Path(root) / 'operations' / run_id).exists(),raise ArtifactError('public daily legacy contract rejection occurred after operation writes')
gate_a.py,_daily_contract_probe,234,version != current,raise ArtifactError('public daily accepted a read-only contract')
gate_a.py,_daily_contract_probe,236,result.get('status') != 'CANDIDATE_BUILT' or result.get('ready_for_consumption') is not False,raise ArtifactError('public daily writable contract did not build a candidate')
gate_a.py,_daily_contract_probe,239,snapshot.manifest['domain_refs']['financial_events']['contract_version'] != version,raise ArtifactError('public daily published the wrong writable contract')
gate_a.py,_daily_contract_probe,242,source.calls != 1,raise ArtifactError('public daily recollected a bound probe observation')
gate_a.py,_operational_routes,267,not required <= calls,raise ArtifactError('public operation admission/build route absent: ' + name)
gate_a.py,_operational_routes,273,"getattr(axiom_data, public) is not getattr(module, name)",raise ArtifactError('public operation route differs from canonical entry: ' + public)
gate_a.py,_operational_routes,284,'LEGACY_CONTRACT_READ_ONLY' not in str(exc),raise ArtifactError('public operation did not enforce writable contract') from exc
gate_a.py,_operational_routes,286,,raise ArtifactError('public operation accepted a legacy writable contract: ' + name)
gate_a.py,_operational_routes,295,str(exc) != expected,raise ArtifactError('public daily operation did not enforce request admission') from exc
gate_a.py,_operational_routes,297,,raise ArtifactError('public daily operation accepted an invalid source request')
gate_a.py,_operational_routes,299,list(Path(root).iterdir()),raise ArtifactError('rejected public operation wrote state')
gate_a.py,_operational_routes,307,,raise ArtifactError('public View operation accepted an empty plan')
gate_a.py,_operational_routes,317,'LEGACY_CONTRACT_READ_ONLY' not in str(exc),raise ArtifactError('public build did not enforce writable contract') from exc
gate_a.py,_operational_routes,319,,raise ArtifactError('public build accepted a legacy writable contract')
gate_a.py,_operational_routes,321,"called or application.build(None, ['gate-a-raw'], [], 'financial_events.v4').contract_version != 'financial_events.v4'",raise ArtifactError('public build writable contract behavior differs')
gate_a.py,_operational_routes,332,,raise ArtifactError('public source completeness admitted a capped response')
gate_a.py,_operational_routes,340,page['admission'] != 'page_series_required',raise ArtifactError('pagination accepted an unbound single page')
gate_a.py,_operational_routes,347,,raise ArtifactError('pagination admitted a response outside its selector')
gate_a.py,_sparse_readiness,393,not required <= set(historical_sparse.ENDPOINTS),raise ArtifactError('required historical sparse endpoint executor missing')
gate_a.py,_sparse_readiness,398,not required <= {r['endpoint'] for r in specs} or len(specs) > 100,raise ArtifactError('sparse planner misses a source or expands into daily scans')
gate_a.py,_writable_readiness,411,digest != _contract()['writable_contracts_digest'],raise ArtifactError('writable contract policy differs from reviewed version')
gate_a.py,_reference_qualification,426,root not in path.resolve().parents,raise ArtifactError('reference evidence outside repository')
gate_a.py,_reference_qualification,429,_digest(content) != ref['content_digest'],raise ArtifactError('reviewed reference evidence digest mismatch')
gate_a.py,_reference_qualification,438,len(symbols) != 3601 or len(set(symbols)) != 3601 or (not set(scope['symbols']) <= set(symbols)) or (identity.get('status') != 'PASS') or (identity.get('rows') != 3601) or (industry.get('status') != 'PASS') or (industry['proof']['automatic_conditions'] != [True] * 4) or (industry['profile'] != _profile('tushare_sw2021.v1')),raise ArtifactError('reviewed target/security/industry qualification differs')
gate_a.py,_requirement_bindings,460,set(expected) != set(contract['requirements']),raise ArtifactError('actual public exporters do not resolve the frozen requirements')
gate_a.py,_requirement_bindings,464,"(spec.get('domain'), spec.get('public_field')) != (domain, field)",raise ArtifactError('requirement public domain/field substituted: ' + leaf)
gate_a.py,_requirement_bindings,469,not required <= source_domains,raise ArtifactError('requirement source does not back public field: ' + leaf)
gate_a.py,_coverage_readiness,480,source_coverage.POLICY != expected['version'] or _entry(expected['projector']) is not source_coverage.observation or _entry(expected['state']) is not source_coverage.state,raise ArtifactError('source coverage policy/entry mismatch')
gate_a.py,_coverage_readiness,500,set(projected) != required or projected['request'] != manifest['request'] or projected['observed_at'] != manifest['retrieved_at'] or (projected['row_count'] != 0) or (projected['empty_result'] is not True) or (projected['payload_admission'].get('complete') is not True),raise ArtifactError('coverage projection loses source/request/completeness semantics')
gate_a.py,_coverage_readiness,509,initial['schema_version'] != expected['version'] or replay['state_digest'] != initial['state_digest'] or extended['state_digest'] == initial['state_digest'],raise ArtifactError('coverage state loses idempotence or new empty observation identity')
gate_a.py,_coverage_readiness,516,,raise ArtifactError('partial observation accepted by coverage policy')
gate_a.py,_coverage_readiness,522,not config,raise ArtifactError('public assembly does not enable the coverage identity policy')
gate_a.py,validate_terminal_evidence_plan,537,"not isinstance(plan, dict) or set(plan) != {'schema_version', 'target_digest', 'scope_registry_digest', 'requirements', 'daily_cases'} or plan['schema_version'] != 'gate_b_evidence_plan.v1' or (plan['requirements'] != contract['terminal_evidence']) or (plan['daily_cases'] != contract['daily_cases']) or (plan['scope_registry_digest'] != _registry()[1])",raise ArtifactError('terminal evidence requirements differ from frozen contract')
gate_a.py,validate_terminal_evidence_plan,545,"set(spec) != {'required', 'producer', 'validator', 'calls'} or not isinstance(spec['required'], list) or (not spec['required']) or (len(set(spec['required'])) != len(spec['required'])) or any((not isinstance(field, str) or not field for field in spec['required'])) or (set(spec['calls']) != {'producer', 'validator'})",raise ArtifactError('terminal artifact/ref schema invalid: ' + category)
gate_a.py,validate_terminal_evidence_plan,551,"not isinstance(spec[role], str) or not spec[role].startswith('axiom_data.') or set(call) != {'args', 'kwargs'} or (not isinstance(call['args'], list)) or (not isinstance(call['kwargs'], dict))",raise ArtifactError('terminal evidence call schema invalid: ' + category)
gate_a.py,validate_gate_a,585,contract.get('schema_version') != 'gate_a_contract.v3',raise ArtifactError('Gate A contract version differs from current policy')
gate_a.py,validate_gate_a,587,"not isinstance(plan, dict) or set(plan) != set(make_gate_a_plan(plan.get('scope', {})))",raise ArtifactError('complete Gate A plan required')
gate_a.py,validate_gate_a,590,plan != make_gate_a_plan(scope),raise ArtifactError('Gate A plan changes frozen requirements or target binding')
gate_a.py,validate_gate_a,596,digest != contract['scope_registry_digest'] or set(contract['requirements']) != leaves or len(leaves) != 56 or (len(registry['feature_dependencies']) != 469) or any((not set(f['leaves']) <= leaves for f in registry['feature_dependencies'])),raise ArtifactError('frozen 56/469 registry binding mismatch')
gate_a.py,validate_gate_a,598,{s['domain'] for s in contract['sources'].values()} != set(EVENT_SNAPSHOT_DOMAINS),raise ArtifactError('source registry lacks an accepted canonical domain')
gate_a.py,validate_gate_a,601,not spec['sources'] or not set(spec['sources']) <= set(contract['sources']),raise ArtifactError('requirement has no source binding: ' + leaf)
gate_a.py,source_check,616,"profile['profile_version'] != spec['profile'] or not set(spec['endpoints']) <= set(profile.get('endpoints', {}))",raise ArtifactError('required source profile/endpoint absent')
gate_a.py,source_check,622,"key == 'endpoints' AND any((profile['endpoints'][endpoint].get(k) != v for k, v in definition.items()))",raise ArtifactError('source endpoint coverage/PIT semantics changed')
gate_a.py,source_check,624,not (key == 'endpoints') AND profile.get(key) != value,raise ArtifactError('source coverage/PIT semantics changed')
gate_a.py,source_check,627,spec['coverage'] != contract['coverage_policy']['version'] or spec['pit'] != 'best_effort_terminal_history; observation_time_is_not_historical_publication',raise ArtifactError('unreviewed source coverage/PIT policy binding')
gate_a.py,source_check,632,checked.get('status') != 'PASS',"raise ArtifactError('source completeness policy unestablished: ' + endpoint + ': ' + '; '.join(checked.get('reasons', [])))"
gate_a.py,source_check,638,spec['mode'] == 'collect' AND planner is not _entry('axiom_data.bootstrap_sources.plan_bootstrap_sources'),raise ArtifactError('unreviewed source planner')
gate_a.py,source_check,641,spec['mode'] == 'collect' AND generated is None,raise ArtifactError('source planner failed')
gate_a.py,industry_check,657,"profile.get('classification_system') != 'SW2021' or profile.get('historical_availability') != 'best_effort' or profile.get('gap_policy') != 'classification_unavailable/source_coverage_gap' or (profile.get('out_date_policy') != 'boundary_session_ambiguous') or (len(anomaly) != 1) or (anomaly[0].get('source_code') != '850401.SI') or (anomaly[0].get('canonical_code') != '850412.SI') or ('exclusive identity end' not in boundary.get('boundary', ''))",raise ArtifactError('industry/security authority policy differs from accepted decisions')
gate_a.py,validate_gate_a_report,708,"not isinstance(report, dict)",raise ArtifactError('Gate A report required')
gate_a.py,validate_gate_a_report,711,report.get('report_digest') != _digest(_json_bytes(content)),raise ArtifactError('Gate A report digest mismatch')
gate_a.py,validate_gate_a_report,713,report != validate_gate_a(plan),raise ArtifactError('Gate A report no longer matches current code/contracts/plan')
gate_a.py,plan_historical_views,720,"not isinstance(target, dict) or set(target) != {'symbols', 'start_session', 'end_session'}",raise ArtifactError('complete historical target required')
gate_a.py,validate_terminal_evidence,777,"not isinstance(evidence, dict) or set(evidence) != set(required)",raise ArtifactError('all terminal evidence categories required')
gate_a.py,validate_terminal_evidence,781,"not isinstance(record, dict) or not set(spec['required']) <= set(record)",raise ArtifactError('terminal evidence fields missing: ' + category)
gate_a.py,validate_terminal_evidence,791,snapshot.ref.manifest_digest != baseline['manifest_digest'] or baseline['target_digest'] != plan['target_digest'],raise ArtifactError('terminal baseline/target binding mismatch')
gate_a.py,validate_terminal_evidence,794,"views['snapshot_id'] != snapshot_id or views['target_digest'] != plan['target_digest'] or (not isinstance(views['refs'], dict)) or (not views['refs'])",raise ArtifactError('terminal View target mismatch')
gate_a.py,validate_terminal_evidence,798,"not isinstance(spec, dict) or set(spec) != {'kind', 'view_id', 'manifest_digest'}",raise ArtifactError('explicit terminal View refs required')
gate_a.py,validate_terminal_evidence,801,loader is None,raise ArtifactError('unknown terminal View kind')
gate_a.py,validate_terminal_evidence,804,view.ref.manifest_digest != spec['manifest_digest'] or view.manifest['snapshot_ref']['snapshot_id'] != snapshot_id,raise ArtifactError('terminal View identity mismatch')
gate_a.py,validate_terminal_evidence,807,kinds != set(_contract()['historical_view_policy']['view_kinds']),raise ArtifactError('required terminal View family missing')
gate_a.py,validate_terminal_evidence,811,admission['snapshot_id'] != snapshot_id or admission['target_digest'] != plan['target_digest'] or admission['scope_registry_digest'] != plan['scope_registry_digest'],raise ArtifactError('full admission baseline/scope mismatch')
gate_a.py,validate_terminal_evidence,817,"not isinstance(checked_admission, dict) or checked_admission.get('status') != 'FULL_ADMISSION_VALIDATED' or checked_admission.get('snapshot_id') != snapshot_id or (checked_admission.get('target_digest') != plan['target_digest'])",raise ArtifactError('full admission verifier did not validate the declared target')
gate_a.py,validate_terminal_evidence,820,daily['baseline_snapshot_id'] != snapshot_id or set(daily['cases']) != set(plan['daily_cases']),raise ArtifactError('daily case coverage mismatch')
gate_a.py,validate_terminal_evidence,822,len({ref.get('run_id') for ref in daily['cases'].values()}) != len(plan['daily_cases']),raise ArtifactError('distinct daily case executions required')
gate_a.py,validate_terminal_evidence,825,"not isinstance(ref, dict) or set(ref) != {'run_id', 'content_digest'}",raise ArtifactError('daily execution record ref required')
gate_a.py,validate_terminal_evidence,832,"_digest(content) != ref['content_digest'] or record['plan']['source_plan']['parent_snapshot_id'] != snapshot_id or record['status'] not in {'NO_CHANGE', 'CANDIDATE_BUILT'}",raise ArtifactError('daily execution evidence mismatch')
gate_a.py,validate_terminal_evidence,835,case == 'no_change' and (record['status'] != 'NO_CHANGE' or result.ref.snapshot_id != snapshot_id),raise ArtifactError('daily no-change evidence differs')
gate_a.py,validate_terminal_evidence,838,"not isinstance(daily_check, dict) or daily_check.get('status') != 'DAILY_EVIDENCE_VALIDATED'",raise ArtifactError('daily scenario semantics have not been validated')
gate_a.py,validate_terminal_evidence,843,recovery['snapshot_id'] != snapshot_id or recovery['snapshot_manifest_digest'] != baseline['manifest_digest'] or recovery['blocked_external_attempts'] != 0 or (Path(recovery['restored_root']).resolve() == root.resolve()),raise ArtifactError('offline recovery binding mismatch')
gate_a.py,validate_terminal_evidence,847,field not in recovery,raise ArtifactError('recovery execution record ref missing')
gate_a.py,validate_terminal_evidence,854,_digest(content) != recovery['content_digest'] or record['status'] != 'RECOVERY_VALIDATED' or record['snapshot_manifest_digest'] != baseline['manifest_digest'] or (record['validated_views'] != recovery['validated_views']) or (record['blocked_external_attempts'] != 0),raise ArtifactError('recovery durable record mismatch')
gate_a.py,validate_terminal_evidence,856,"load_snapshot(restored, snapshot_id).ref.manifest_digest != baseline['manifest_digest']",raise ArtifactError('restored Snapshot differs from baseline')
gate_a.py,validate_terminal_evidence,858,set(recovery['validated_views']) != set(views['refs']),raise ArtifactError('recovery View coverage differs from baseline')
gate_a.py,validate_terminal_evidence,861,"any((recovery['validated_views'][label].get(k) != v for k, v in spec.items()))",raise ArtifactError('recovery View ref differs from baseline')
gate_a.py,validate_terminal_evidence,863,"_view_loaders()[spec['kind']](restored, spec['view_id']).ref.manifest_digest != spec['manifest_digest']",raise ArtifactError('restored View differs from frozen reference')
gate_a.py,validate_terminal_evidence,866,notebook['snapshot_id'] != snapshot_id or notebook['view_refs'] != views['refs'] or notebook['target_digest'] != plan['target_digest'],raise ArtifactError('Notebook target binding mismatch')
gate_a.py,validate_terminal_evidence,872,"_digest(content) != notebook['content_digest'] or not code or any((cell.get('execution_count') is None or any((o.get('output_type') == 'error' for o in cell.get('outputs', []))) for cell in code))",raise ArtifactError('Notebook execution artifact incomplete')
gate_a.py,validate_terminal_evidence,875,"not isinstance(notebook_check, dict) or notebook_check.get('status') != 'NOTEBOOK_SMOKE_VALIDATED'",raise ArtifactError('Notebook parameter/execution binding has not been validated')
historical_sparse.py,_checkpoint_plan,25,"'plan_digest' in plan and plan['plan_digest'] not in {digest, _digest(_json_bytes(content))}",raise ArtifactError('sparse plan digest mismatch')
historical_sparse.py,_check_children,70,"not {'start_date', 'end_date'} <= set(params) or not children",raise ArtifactError('sparse split requires bounded date scope')
historical_sparse.py,_check_children,80,"any((child[k] != parent[k] for k in ('collector', 'domain', 'endpoint', 'availability_policy'))) or {k: v for k, v in p.items() if k not in {'start_date', 'end_date'}} != {k: v for k, v in params.items() if k not in {'start_date', 'end_date'}}",raise ArtifactError('sparse child selector mismatch')
historical_sparse.py,_check_children,84,first != cursor or last < first or last > end,raise ArtifactError('sparse child interval gap or overlap')
historical_sparse.py,_check_children,87,cursor != end + timedelta(days=1),raise ArtifactError('sparse child intervals do not exhaust parent')
historical_sparse.py,_validate_sparse_coverage,102,"not _same_plan(plan, expected)",raise ArtifactError('sparse plan differs from canonical planner')
historical_sparse.py,_validate_sparse_coverage,106,not domains or len(set(domains)) != len(domains) or (not set(domains) <= set(plan['requests_by_domain'])),raise ArtifactError('explicit unique sparse domains required')
historical_sparse.py,_validate_sparse_coverage,109,"frozen.exists() and json.loads(frozen.read_bytes()) != {'plan': _checkpoint_plan(plan), 'domains': domains}",raise ArtifactError('sparse coverage plan binding mismatch')
historical_sparse.py,visit,115,batch in ancestors,raise ArtifactError('cyclic sparse checkpoint lineage')
historical_sparse.py,visit,127,frozen.exists() and path.exists() and checkpoint.exists() AND saved['requests'] != stored_specs or saved['plan_digest'] != digest or record.get('schema_version') != 'collection_checkpoint.v2' or (record.get('plan_digest') != digest) or (record.get('request_id') != key),raise ArtifactError('sparse checkpoint plan binding mismatch')
historical_sparse.py,visit,157,"not (record['state'] == 'VALID_COMPLETE') AND record['state'] == 'SUPERSEDED_BY_SPLIT' AND parent_raw.manifest['domain'] != spec['domain'] or any((parent_raw.manifest[k] != binding[k] for k in ('source_profile_version', 'source_profile_digest', 'source_profile_ref'))) or parent_raw.manifest['request'] != {'endpoint': spec['endpoint'], 'params': spec['params'], 'fields': binding['fields']}",raise ArtifactError('sparse parent Raw request binding mismatch')
historical_sparse.py,visit,159,not (record['state'] == 'VALID_COMPLETE') AND record['state'] == 'SUPERSEDED_BY_SPLIT' AND split != split_resolver(parent_raw),raise ArtifactError('sparse split differs from retained parent Raw')
historical_sparse.py,visit,161,not (record['state'] == 'VALID_COMPLETE') AND record['state'] == 'SUPERSEDED_BY_SPLIT' AND record['child_refs']['request_ids'] != [_request(c) for c in split['requests']],raise ArtifactError('sparse child request identity mismatch')
historical_sparse.py,visit,165,not (record['state'] == 'VALID_COMPLETE') AND record['state'] == 'SUPERSEDED_BY_SPLIT' AND record['child_refs']['run_id'] != child_batch,raise ArtifactError('sparse child run binding mismatch')
historical_sparse.py,execute_historical_sparse,207,"not _same_plan(plan, plan_historical_sparse(**plan['scope']))",raise ArtifactError('sparse plan differs from canonical planner')
industry_qualification.py,observation,18,m['source_profile_version'] != PROFILE,raise ArtifactError('industry qualification source binding mismatch')
industry_qualification.py,observation,22,issues,"raise ArtifactError('industry qualification payload: ' + ','.join(issues))"
industry_qualification.py,validate_pages,34,not pages,raise ArtifactError('missing page series')
industry_qualification.py,validate_pages,44,"terminal or e['offset'] != offset or e['limit'] <= 0 or (raw.manifest['request']['endpoint'] != endpoint) or (params != {'is_new': mode, 'limit': str(e['limit']), 'offset': str(offset)}) or (len(values) != e['rows']) or (len(values) > e['limit']) or (raw.ref.manifest_digest != e['manifest_digest'])",raise ArtifactError('incomplete or misbound page series')
industry_qualification.py,validate_pages,47,previous & keys,raise ArtifactError('duplicate records across pages: unstable pagination')
industry_qualification.py,validate_pages,53,not terminal,raise ArtifactError('missing terminal page')
industry_qualification.py,score_history,82,start > end or not stock,raise ArtifactError('invalid qualification scope')
industry_qualification.py,score_history,92,r['out_date'] AND r['out_date'] < r['in_date'],raise ValueError('reversed interval')
industry_qualification.py,score_history,103,exchange not in sessions or not sessions[exchange],raise ArtifactError('qualification lacks exchange calendar')
industry_qualification.py,score_history,105,symbol.endswith('.SH') and exchange != 'SSE' or (symbol.endswith('.SZ') and exchange != 'SZSE'),raise ArtifactError('security exchange mismatch')
industry_qualification.py,score_history,110,any((r in invalid for r in history)),raise ArtifactError('invalid interval in target scope')
layout.py,_segment,19,"not isinstance(value, str) or not _SEGMENT.fullmatch(value)",raise LayoutError(f'{name} must be one safe path segment')
layout.py,__post_init__,32,not root.is_absolute(),raise LayoutError('data root must be absolute')
layout.py,__post_init__,34,root.is_symlink(),raise LayoutError('data root must not be a symlink')
offline_guard.py,check,20,legacy or data,raise PermissionError('LEGACY_DATA_READ_DENIED: ' + str(resolved))
offline_guard.py,no_network,25,,raise PermissionError('NETWORK_DISABLED')
operations.py,_resolve_snapshot_id,49,snapshot_id == 'current',raise ArtifactError('no valid current Snapshot pointer') from exc
operations.py,_resolve_snapshot_id,51,"snapshot_id == 'current' AND not isinstance(pointer, dict)",raise ArtifactError('no valid current Snapshot pointer')
operations.py,validate_request_spec,110,"not isinstance(spec, dict) or set(spec) != allowed",raise ArtifactError('source request requires the complete public plan schema')
operations.py,validate_request_spec,115,"not isinstance(params, dict) or set(params) - keys",raise ArtifactError('unsupported source request parameter')
operations.py,validate_request_spec,117,"any((not isinstance(v, str) or len(v) > 128 for v in params.values()))",raise ArtifactError('source parameters must be bounded strings')
operations.py,validate_request_spec,126,"not (k in {'start_date', 'end_date', 'trade_date', 'period'}) AND not (k in {'ts_code', 'index_code'}) AND k == 'exchange' and v not in {'', 'SSE', 'SZSE'}",raise ArtifactError('unsupported exchange')
operations.py,validate_request_spec,128,"not (k in {'start_date', 'end_date', 'trade_date', 'period'}) AND not (k in {'ts_code', 'index_code'}) AND not (k == 'exchange' and v not in {'', 'SSE', 'SZSE'}) AND k == 'list_status' and v not in {'L', 'D', 'P'}",raise ArtifactError('unsupported listing status')
operations.py,validate_request_spec,130,"not (k in {'start_date', 'end_date', 'trade_date', 'period'}) AND not (k in {'ts_code', 'index_code'}) AND not (k == 'exchange' and v not in {'', 'SSE', 'SZSE'}) AND not (k == 'list_status' and v not in {'L', 'D', 'P'}) AND k == 'report_type' and (not v.isdigit() or len(v) > 2)",raise ArtifactError('invalid report type')
operations.py,validate_request_spec,144,family not in profiles or spec['endpoint'] not in profiles[family]['endpoints'],raise ArtifactError('unsupported source operation')
operations.py,validate_request_spec,154,spec['domain'] not in permitted,raise ArtifactError('source operation domain mismatch')
operations.py,validate_request_spec,162,"not (family in {'sw_pilot', 'industry_qualification'}) AND set(params) & {'src', 'level', 'l1_code', 'l2_code', 'l3_code', 'is_new', 'limit', 'offset'}",raise ArtifactError('SW parameters require the SW qualification collector')
operations.py,validate_request_spec,165,"spec['availability_policy'] not in {'session_close', 'next_session_publication', 'revision_scan', 'reference_observation'}",raise ArtifactError('unsupported availability policy')
operations.py,validate_request_spec,168,"not isinstance(economic, dict) or set(economic) != {'start', 'end'}",raise ArtifactError('economic scope must be explicit')
operations.py,validate_request_spec,172,start > end,raise ArtifactError('reversed economic scope')
operations.py,plan_daily,185,"not isinstance(source_requests, list)",raise ArtifactError('daily source requests must be an explicit list')
operations.py,plan_daily,189,len(set(keys)) != len(keys),raise ArtifactError('duplicate daily source request')
operations.py,plan_daily,197,"spec['availability_policy'] != policies.get(spec['domain'], 'session_close')",raise ArtifactError('daily availability policy does not match domain')
operations.py,plan_daily,202,set(changed) - set(reader.commits),raise ArtifactError('daily domain is absent from the explicit parent Snapshot')
operations.py,_check_collected,269,"manifest['schema_version'] != 'raw_batch.v2' or manifest['status'] != 'success' or manifest['domain'] != spec['domain'] or any((manifest.get(k) != v for k, v in binding.items() if k != 'fields')) or (manifest['request'] != {'endpoint': spec['endpoint'], 'params': spec['params'], 'fields': binding['fields']})",raise ArtifactError('resume RawBatch/source request binding mismatch')
operations.py,_supersede_collection_request,334,"record['state'] not in {'NEEDS_SPLIT', 'SUPERSEDED_BY_SPLIT'} or record['split'] != split",raise ArtifactError('collection split differs from revalidated parent')
operations.py,_supersede_collection_request,337,"record.get('child_refs', child_refs) != child_refs",raise ArtifactError('collection split child graph changed')
operations.py,collect_requests,359,"not isinstance(requests, list) or not requests",raise ArtifactError('explicit nonempty source request plan required')
operations.py,collect_requests,363,len(set(keys)) != len(keys),raise ArtifactError('duplicate requests in plan')
operations.py,collect_requests,371,"observed_raw_batch_ids is not None AND not isinstance(observed_raw_batch_ids, dict) or not set(observed_raw_batch_ids) <= set(keys)",raise ArtifactError('observed Raw refs must map planned request IDs')
operations.py,collect_requests,389,state['plan_digest'] != plan_digest or state['requests'] != requests,raise ArtifactError('resume plan differs from frozen run plan')
operations.py,collect_requests,401,result is not None AND result.get('plan_digest') != plan_digest or result.get('request_id') != key,raise ArtifactError('collection checkpoint binding mismatch')
operations.py,collect_requests,404,"result is not None AND result.get('schema_version') == 'collection_checkpoint.v1' AND set(result) != {'schema_version', 'plan_digest', 'request_id', 'raw_batch_id', 'failure'}",raise ArtifactError('invalid legacy collection checkpoint')
operations.py,collect_requests,409,"result is not None AND result.get('schema_version') == 'collection_checkpoint.v1' AND failure is not None and (not isinstance(failure, dict) or set(failure) not in ({'error_type'}, {'error_type', 'raw_batch_id'}) or (not isinstance(failure['error_type'], str)))",raise ArtifactError('invalid collection checkpoint failure')
operations.py,collect_requests,413,result is not None AND result.get('schema_version') == 'collection_checkpoint.v1' AND identity is None and failure is None,raise ArtifactError('collection checkpoint has no result')
operations.py,collect_requests,415,result is not None AND result.get('schema_version') == 'collection_checkpoint.v1' AND identity is not None and failed_id is not None and (identity != failed_id),raise ArtifactError('ambiguous legacy Raw checkpoint refs')
operations.py,collect_requests,424,"result is not None AND not (result.get('schema_version') == 'collection_checkpoint.v1') AND result.get('schema_version') == 'collection_checkpoint.v2' AND set(record) not in ({'state', 'raw_batch_id', 'failure', 'split'}, {'state', 'raw_batch_id', 'failure', 'split', 'child_refs'}) or record['state'] not in {'VALID_COMPLETE', 'NEEDS_RETRY', 'NEEDS_SPLIT', 'FAILED_TERMINAL', 'SUPERSEDED_BY_SPLIT'}",raise ArtifactError('invalid collection checkpoint state')
operations.py,collect_requests,427,result is not None AND not (result.get('schema_version') == 'collection_checkpoint.v1') AND not (result.get('schema_version') == 'collection_checkpoint.v2'),raise ArtifactError('unsupported collection checkpoint schema')
operations.py,collect_requests,440,"key in bound AND key in state['completed'] and state['completed'][key] != bound[key] or records[key]['raw_batch_id'] not in (None, bound[key])",raise ArtifactError('completed Raw ref differs from explicitly bound observation')
operations.py,collect_requests,452,identity is not None AND previous['state'] == 'SUPERSEDED_BY_SPLIT' AND record['state'] != 'NEEDS_SPLIT' or record['split'] != previous['split'],raise ArtifactError('superseded parent no longer matches frozen split')
operations.py,compare_event_projection,512,view.manifest['snapshot_ref']['snapshot_id'] != snapshot_id,raise ArtifactError('View/Snapshot mismatch')
operations.py,compare_event_projection,517,not set(symbols) <= set(scope['symbols']) or not set(fields) <= set(LEAF_DOMAINS) or start_session < scope['start_session'] or (end_session > scope['end_session']) or (start_session > end_session),raise ArtifactError('comparison outside View scope')
operations.py,compare_event_projection,529,set(actual) != expected_keys,raise ArtifactError('direct/Qlib session keys differ')
operations.py,compare_event_projection,538,"(expected is None) != (got is None) or (expected is not None and (not math.isclose(expected, got, rel_tol=1e-06, abs_tol=1e-06)))",raise ArtifactError('direct/Qlib value or missingness differs')
operations.py,_validate_domain_inputs,550,"not isinstance(domain_inputs, dict) or not domain_inputs or set(domain_inputs) - set(EVENT_SNAPSHOT_DOMAINS)",raise ArtifactError('explicit registered domain input plan required')
operations.py,_validate_domain_inputs,554,"not isinstance(spec, dict) or set(spec) != {'raw_batch_ids', 'contract_version', 'config', 'new_lineage'}","raise ArtifactError('domain input requires raw refs, contract, config and lineage decision')"
operations.py,_validate_domain_inputs,556,"not isinstance(spec['config'], dict) or set(spec['config']) - allowed_config",raise ArtifactError('unsupported public builder config')
operations.py,_validate_domain_inputs,561,load_contract(spec['contract_version'])['domain'] != domain,raise ArtifactError('public domain/contract mismatch')
operations.py,_validate_domain_inputs,565,,raise ArtifactError(str(exc)) from exc
operations.py,_validate_domain_inputs,570,"key in config and validate_session(config[key], key) != config[key]",raise ArtifactError('public scope requires canonical ISO sessions')
operations.py,_validate_domain_inputs,572,'start_session' in config and 'end_session' in config and (config['start_session'] > config['end_session']),raise ArtifactError('reversed public scope')
operations.py,_validate_domain_inputs,577,"'security_session_scope' in config AND domain not in _SECURITY_SESSION_SCOPE_DOMAINS or config['security_session_scope'] != 'exchange_security.v1' or (not {'symbols', 'start_session', 'end_session'} <= set(config))",raise ArtifactError('unsupported or incomplete public security session scope')
operations.py,_validate_domain_inputs,583,"key in spec['config'] and (domain, spec['config'][key]) != expected",raise ArtifactError('unsupported source qualification: ' + key)
operations.py,_validate_domain_inputs,585,'universe_acquisition' in spec['config'] and domain != 'universe_membership',raise ArtifactError('universe acquisition requires universe_membership')
operations.py,_validate_domain_inputs,587,'top10_qualification' in spec['config'] and (domain != 'top_holders_reports' or spec['config']['top10_qualification'] != 'top10_ambiguity.v1'),raise ArtifactError('unsupported Top10 qualification')
operations.py,_validate_domain_inputs,589,'margin_qualification' in spec['config'] and (domain != 'margin_daily' or spec['config']['margin_qualification'] != 'margin_negative_repayment.v1'),raise ArtifactError('unsupported margin qualification')
operations.py,_validate_domain_inputs,591,'corporate_action_observations' in spec['config'] and (domain != 'corporate_actions' or spec['config']['corporate_action_observations'] != 'corporate_action_observations.v1'),raise ArtifactError('unsupported corporate action observations')
operations.py,_validate_domain_inputs,595,'security_boundary_policy' in spec['config'] and (domain != 'security_master' or spec['config']['security_boundary_policy'] != 'exchange_security.v1'),raise ArtifactError('unsupported security boundary policy')
operations.py,_validate_domain_inputs,597,'industry_source_profile' in spec['config'] and (domain != 'industry_membership' or spec['config']['industry_source_profile'] != 'tushare_sw2021.v1'),raise ArtifactError('unsupported industry source profile')
operations.py,_validate_domain_inputs,599,"'session_suspension_policy' in spec['config'] and (domain not in {'market_daily', 'security_status'} or spec['config']['session_suspension_policy'] not in {'session_suspension.v1', 'session_suspension.v2', 'session_suspension.v3'})",raise ArtifactError('unsupported session suspension policy')
operations.py,_validate_domain_inputs,601,'market_source_partitioning' in spec['config'] and (domain != 'market_daily' or spec['config']['market_source_partitioning'] != 'security.v1'),raise ArtifactError('unsupported market source partitioning')
operations.py,_validate_domain_inputs,605,'dm1_source_partitioning' in spec['config'] AND domain not in _EXPECTED_ENDPOINTS or spec['config']['dm1_source_partitioning'] != 'security.v1',raise ArtifactError('unsupported D-M1 source partitioning')
operations.py,_validate_domain_inputs,613,type(spec['new_lineage']) is not bool,raise ArtifactError('new_lineage must be boolean')
operations.py,daily,629,"not isinstance(source_requests, list) or not source_requests",raise ArtifactError('daily requires explicit source requests')
operations.py,daily,642,domain in requested AND 'security_session_scope' in spec['config'] AND raw.manifest['domain'] != domain,raise ArtifactError('source scope Raw domain mismatch')
operations.py,daily,646,not requested <= set(domain_inputs),raise ArtifactError('daily build inputs must cover every required source domain')
operations.py,daily,656,,raise ArtifactError('daily run already active') from exc
operations.py,daily,659,path.exists() and json.loads(path.read_bytes())['plan'] != frozen,raise ArtifactError('resume daily plan differs from frozen inputs')
operations.py,daily,685,result['status'] == 'CANDIDATE_BUILT' AND not changed AND result['snapshot_id'] != concrete,raise ArtifactError('no-change Snapshot identity mismatch')
operations.py,daily,691,,raise
operations.py,bootstrap,704,(domain_inputs is None) == (domain_commit_ids is None),raise ArtifactError('bootstrap requires exactly one explicit input mode')
operations.py,bootstrap,712,"not isinstance(domain_commit_ids, dict) or set(domain_commit_ids) != set(EVENT_SNAPSHOT_DOMAINS)",raise ArtifactError('bootstrap checkpoint requires all V1 domains')
operations.py,bootstrap,719,path.exists() and json.loads(path.read_bytes())['domain_commit_ids'] != ids,raise ArtifactError('resume bootstrap checkpoint differs from frozen inputs')
operations.py,assemble_candidate,771,set(commits) | set(domain_inputs) != set(EVENT_SNAPSHOT_DOMAINS),raise ArtifactError('V1 candidate requires the complete registered domain set')
operations.py,assemble_candidate,781,state['plan_digest'] != _digest(_json_bytes(plan)) or state['plan'] != plan,raise ArtifactError('resume build plan mismatch')
operations.py,assemble_candidate,817,domain in state['published_commits'] AND identity == previous AND replay.commit_id != identity,raise ArtifactError('resume no-change result differs from request')
operations.py,assemble_candidate,830,"domain in state['published_commits'] AND not (identity == previous) AND any((resumed.manifest.get(k) != v for k, v in expected.items()))",raise ArtifactError('resume commit does not match explicit build request')
operations.py,assemble_candidate,848,"{d: c.ref.commit_id for d, c in verified.commits.items()} != commits",raise ArtifactError('candidate domain closure mismatch')
partition_rows.py,array_rows,55,token() != '[',raise ArtifactError('partition rows must be a JSON array')
partition_rows.py,array_rows,60,token() != ']' AND token() != '{',raise ArtifactError('partition row must be an object')
partition_rows.py,array_rows,68,token() != ']' AND ended,raise ArtifactError('invalid partition JSON') from exc
partition_rows.py,array_rows,75,"token() != ']' AND separator != ','",raise ArtifactError('invalid partition array separator')
partition_rows.py,array_rows,79,token(),raise ArtifactError('trailing partition JSON content')
partition_rows.py,__init__,87,manifest.get('partition_policy') != POLICY or manifest.get('output_files') != [],raise ArtifactError('unsupported partition storage contract')
partition_rows.py,__init__,90,"not isinstance(entries, list)",raise ArtifactError('complete partition map required')
partition_rows.py,__init__,94,"not isinstance(entry, dict) or set(entry) != {'key', 'object_id', 'content_digest', 'rows', 'bytes'}",raise ArtifactError('invalid partition entry')
partition_rows.py,__init__,97,"not isinstance(key, str) or key in seen",raise ArtifactError('duplicate or invalid partition key')
partition_rows.py,__init__,100,"not isinstance(identity, str) or len(identity) != 64 or any((c not in '0123456789abcdef' for c in identity))",raise ArtifactError('invalid partition object identity')
partition_rows.py,__init__,102,entry['content_digest'] != 'sha256:' + identity,raise ArtifactError('partition content digest mismatch')
partition_rows.py,__init__,104,"any((type(entry[k]) is not int or entry[k] < 0 for k in ('rows', 'bytes')))",raise ArtifactError('invalid partition size/count')
partition_rows.py,_key,117,,raise ArtifactError('partition row sort key missing') from exc
partition_rows.py,_rows,125,digest != entry['object_id'] or content.tell() != entry['bytes'],raise ArtifactError('partition content digest mismatch')
partition_rows.py,_rows,132,"partition_key(self.domain, row) != entry['key']",raise ArtifactError('partition key/content mismatch')
partition_rows.py,_rows,135,previous is not None and key < previous,raise ArtifactError('partition sort order mismatch')
partition_rows.py,_rows,140,,raise ArtifactError('invalid partition row content') from exc
partition_rows.py,_rows,142,count != entry['rows'],raise ArtifactError('partition row count mismatch')
partition_rows.py,sessions,150,self.domain not in SESSION_PARTITION_DOMAINS,raise ArtifactError('session pruning is not supported for this domain')
partition_rows.py,__getitem__,171,not 0 <= index < len(self),raise IndexError(index)
partition_rows.py,validate,188,previous is not None and key <= previous,raise ArtifactError('canonical sort order or duplicate primary key')
partition_rows.py,validate,192,seen is not None AND primary in seen,raise ArtifactError('duplicate primary key')
partition_rows.py,validate,206,count != len(self) or 'sha256:' + digest.hexdigest() != self.manifest.get('logical_content_digest'),raise ArtifactError('DomainCommit logical content digest mismatch')
partitions.py,publish_partitions,40,target.exists() AND path.read_bytes() != content,raise ArtifactError('immutable partition content conflict')
partitions.py,read_partitions,50,manifest.get('partition_policy') != POLICY or manifest.get('output_files') != [],raise ArtifactError('unsupported partition storage contract')
partitions.py,read_partitions,53,"not isinstance(entries, list)",raise ArtifactError('complete partition map required')
partitions.py,read_partitions,58,"not isinstance(entry, dict) or set(entry) != {'key', 'object_id', 'content_digest', 'rows', 'bytes'}",raise ArtifactError('invalid partition entry')
partitions.py,read_partitions,61,"not isinstance(key, str) or key in seen",raise ArtifactError('duplicate or invalid partition key')
partitions.py,read_partitions,64,"not isinstance(identity, str) or len(identity) != 64 or any((c not in '0123456789abcdef' for c in identity))",raise ArtifactError('invalid partition object identity')
partitions.py,read_partitions,69,_digest(content) != 'sha256:' + identity or entry['content_digest'] != 'sha256:' + identity or entry['bytes'] != len(content),raise ArtifactError('partition content digest mismatch')
partitions.py,read_partitions,73,,raise ArtifactError('invalid partition JSON') from exc
partitions.py,read_partitions,75,"not isinstance(values, list) or len(values) != entry['rows']",raise ArtifactError('partition row count mismatch')
partitions.py,read_partitions,77,"any((not isinstance(r, dict) or partition_key(domain, r) != key for r in values))",raise ArtifactError('partition key/content mismatch')
partitions.py,read_partitions,81,_digest(_json_bytes(rows)) != manifest.get('logical_content_digest'),raise ArtifactError('DomainCommit logical content digest mismatch')
pit.py,instant,22,,raise MarketContractError('knowledge time requires an ISO timestamp') from exc
pit.py,instant,24,result.tzinfo is None,raise MarketContractError('knowledge time requires a UTC offset')
pit.py,usable_from,35,policy not in POLICIES,raise MarketContractError('unsupported PIT policy')
pit.py,usable_from,38,qualification == 'verified',raise MarketContractError('VERIFIED_EVIDENCE_UNAVAILABLE')
pit.py,usable_from,40,"qualification not in {'observed', 'best_effort', 'unknown'}",raise MarketContractError('invalid PIT qualification')
pit.py,usable_from,43,row['source_available_at'] is not None,raise MarketContractError('untyped source availability cannot prove a revision')
pit.py,select_revisions,74,policy not in POLICIES,raise MarketContractError('unsupported PIT policy')
pit.py,select_revisions,92,len({r['revision_id'] for r in winners}) != 1,raise MarketContractError(f'ambiguous simultaneous revisions: {key}')
pit.py,_select_observations,99,any(('group_state_ref' in o for r in rows for o in r['observations'])),raise MarketContractError('universe group_states required; member rows alone are incomplete')
pit.py,_select_observations,126,universe AND len({r['observation_ref']['state_id'] for r in winners}) != 1,raise MarketContractError('ambiguous simultaneous membership states')
pit.py,_select_observations,133,not (universe) AND len({r['revision_id'] for r in winners}) != 1,raise MarketContractError(f'ambiguous simultaneous revisions: {key}')
pit.py,_financial_tie,144,"any((r.get('endpoint') not in {'income', 'balancesheet', 'cashflow', 'fina_indicator'} for r in winners))",raise MarketContractError('financial leaf resolution requires financial records')
pit.py,select_group_states,203,policy not in POLICIES,raise MarketContractError('unsupported PIT policy')
pit.py,select_group_states,214,len({s['state_id'] for s in winners}) != 1,raise MarketContractError('ambiguous simultaneous universe group states')
pit.py,_group_members,231,sorted((r['revision_id'] for r in found)) != state['member_revision_refs'],raise MarketContractError('universe state member closure mismatch')
pit.py,active_members,250,len(symbols) != len(set(symbols)),raise MarketContractError('overlapping or conflicting PIT membership intervals')
pit.py,historical_union,258,not lookback_start <= start_session <= end_session,raise MarketContractError('invalid historical read interval')
pit.py,_quarter,268,len(period) != 10 or period[5:] not in suffixes,raise MarketContractError('stable financial derivation requires calendar fiscal quarters')
pit.py,_value,277,"isinstance(value, bool) or not isinstance(value, (int, float)) or (not math.isfinite(value))",raise MarketContractError('financial value must be finite or null')
pit.py,financial_derived_from_selected,299,quarter in series,raise MarketContractError('multiple logical events for one financial period/type')
pit.py,select_event_revisions,416,len({r['revision_id'] for r in winners}) != 1,raise ArtifactError('ambiguous simultaneous event revisions: ' + key)
pr6_pit_v1.py,instant,22,,raise MarketContractError('knowledge time requires an ISO timestamp') from exc
pr6_pit_v1.py,instant,24,result.tzinfo is None,raise MarketContractError('knowledge time requires a UTC offset')
pr6_pit_v1.py,usable_from,35,policy not in POLICIES,raise MarketContractError('unsupported PIT policy')
pr6_pit_v1.py,usable_from,38,qualification == 'verified',raise MarketContractError('VERIFIED_EVIDENCE_UNAVAILABLE')
pr6_pit_v1.py,usable_from,40,"qualification not in {'observed', 'best_effort', 'unknown'}",raise MarketContractError('invalid PIT qualification')
pr6_pit_v1.py,usable_from,43,row['source_available_at'] is not None,raise MarketContractError('untyped source availability cannot prove a revision')
pr6_pit_v1.py,select_revisions,58,policy not in POLICIES,raise MarketContractError('unsupported PIT policy')
pr6_pit_v1.py,select_revisions,71,len({r['revision_id'] for r in winners}) != 1,raise MarketContractError(f'ambiguous simultaneous revisions: {key}')
pr6_pit_v1.py,members,84,len(symbols) != len(set(symbols)),raise MarketContractError('overlapping or conflicting PIT membership intervals')
pr6_pit_v1.py,historical_union,92,not lookback_start <= start_session <= end_session,raise MarketContractError('invalid historical read interval')
pr6_pit_v1.py,_quarter,102,len(period) != 10 or period[5:] not in suffixes,raise MarketContractError('stable financial derivation requires calendar fiscal quarters')
pr6_pit_v1.py,_value,111,"isinstance(value, bool) or not isinstance(value, (int, float)) or (not math.isfinite(value))",raise MarketContractError('financial value must be finite or null')
pr6_pit_v1.py,financial_derived,125,quarter in series,raise MarketContractError('multiple logical events for one financial period/type')
pr6_views_v1.py,project,30,start > end,raise ArtifactError('reversed PR6 View interval')
pr6_views_v1.py,project,32,not scope['universe_ids'] or len(scope['universe_ids']) != len(set(scope['universe_ids'])),raise ArtifactError('PR6 View requires explicit unique universes')
pr6_views_v1.py,project,34,not set(symbols) <= known,raise ArtifactError('PR6 View scope lacks security identities')
pr6_views_v1.py,project,35,any((d not in reader.commits for d in PR6_DOMAINS)),raise ArtifactError('PR6 snapshot required')
pr6_views_v1.py,project,37,not sessions,raise ArtifactError('PR6 View has no calendar coverage')
pr6_views_v1.py,facts,132,domain not in self.commits,raise ArtifactError(f'snapshot has no readable domain {domain!r}')
pr6_views_v1.py,facts,138,not selected_fields or len(selected_fields) != len(set(selected_fields)) or any((field not in available for field in selected_fields)),raise ArtifactError('Fact fields must be a non-empty ordered schema subset')
pr6_views_v1.py,facts,143,start is not None and end is not None and (start > end),raise ArtifactError('fact session interval is reversed')
pr7_views_v1.py,request_coverage,22,symbol not in {r['symbol'] for r in reader.security_master()},raise ArtifactError('unknown security')
pr7_views_v1.py,request_coverage,24,commit is None,raise ArtifactError('Snapshot lacks PR7 domain')
pr7_views_v1.py,request_coverage,37,,raise ArtifactError('INSUFFICIENT_SCOPE: no bounded supplier request for ' + symbol + ' ' + session)
pr7_views_v1.py,leaf_facts,41,leaf not in LEAF_DOMAINS,raise ArtifactError('unknown PR7 leaf')
pr7_views_v1.py,project,72,start > end,raise ArtifactError('reversed View range')
pr7_views_v1.py,project,75,not days or start < min(days) or end > max(days),raise ArtifactError('INSUFFICIENT_SCOPE: calendar bounds')
pr7_views_v1.py,project,77,not sessions,raise ArtifactError('INSUFFICIENT_SCOPE: calendar')
pr7_views_v1.py,project,78,any((d not in reader.commits for d in PR7_DOMAINS)),raise ArtifactError('PR7 Snapshot required')
public_source_scope.py,request_bounds,16,,raise ArtifactError('security-session source request requires explicit date bounds')
public_source_scope.py,validate_request_envelope,33,"not bounds or config['start_session'] < min((start for start, _ in bounds)) or config['end_session'] > max((end for _, end in bounds))",raise ArtifactError('security session scope exceeds requested source scope')
public_source_scope.py,validate_security_scope,41,domain not in _SECURITY_SESSION_SCOPE_DOMAINS or config['security_session_scope'] != 'exchange_security.v1',raise ArtifactError('unsupported security session scope domain/policy')
public_source_scope.py,validate_security_scope,43,"not {'symbols', 'start_session', 'end_session'} <= set(config)",raise ArtifactError('explicit security session scope required')
public_source_scope.py,validate_security_scope,48,start > end,raise ArtifactError('reversed security session scope')
public_source_scope.py,validate_security_scope,68,state == 'unknown',raise ArtifactError('unknown security identity interval')
public_source_scope.py,validate_security_scope,74,position == len(windows) or windows[position][0] > day,raise ArtifactError('security session scope has a Raw request coverage gap')
publication.py,seal,17,path.is_symlink(),raise ArtifactError('published closure must not contain symlinks')
publication.py,writer,31,,raise ArtifactError('another Data writer is active') from exc
reconciliation.py,_check_independent_profile,70,"not isinstance(endpoints, Mapping)",raise ArtifactError('independent source checker requires endpoint profiles')
reconciliation.py,_check_independent_profile,74,"not isinstance(definition, Mapping)",raise ArtifactError(f'independent source checker has no {endpoint} profile')
reconciliation.py,_check_independent_profile,81,"isinstance(expected, dict) AND not isinstance(actual, Mapping) or any((actual.get(name) != value for name, value in expected.items()))",raise ArtifactError(f'independent source checker does not recognize {endpoint} {section}')
reconciliation.py,_check_independent_profile,85,"not (isinstance(expected, dict)) AND actual != expected",raise ArtifactError(f'independent source checker does not recognize {endpoint} {section}')
reconciliation.py,_source_session,92,"not isinstance(value, str) or len(value) != 8 or (not value.isdigit())",raise ArtifactError('independent source session must be YYYYMMDD text')
reconciliation.py,_source_session,98,,raise ArtifactError('independent source session is invalid') from exc
reconciliation.py,_source_number,105,"isinstance(value, bool) or not isinstance(value, (int, float))",raise ArtifactError('independent source numeric field is invalid')
reconciliation.py,_source_number,108,not math.isfinite(number),raise ArtifactError('independent source numeric field is not finite')
reconciliation.py,independent_tushare_market_expectations,138,raw.manifest.get('schema_version') != 'raw_batch.v2',raise ArtifactError('independent source checker requires profile-bound raw_batch.v2 input')
reconciliation.py,independent_tushare_market_expectations,155,raw.manifest.get('domain') != 'market_daily' or raw.manifest.get('source_profile_ref') != definition['source_profile_ref'] or raw.manifest.get('source_profile_version') != profile['profile_version'] or (raw.manifest.get('source_profile_digest') != profile_digest),raise ArtifactError('independent source checker profile mismatch')
reconciliation.py,independent_tushare_market_expectations,159,,raise ArtifactError('independent source checker requires JSON rows') from exc
reconciliation.py,independent_tushare_market_expectations,161,"not isinstance(rows, list) or any((not isinstance(row, dict) for row in rows))",raise ArtifactError('independent source checker requires row objects')
reconciliation.py,independent_tushare_market_expectations,166,"not isinstance(symbol, str) or not isinstance(source_date, str)",raise ArtifactError('independent source join key must be text')
reconciliation.py,independent_tushare_market_expectations,169,key in tables[endpoint] and tables[endpoint][key] != row,raise ArtifactError(f'independent source rows conflict at {key!r}')
reconciliation.py,independent_tushare_market_expectations,172,seen_endpoints != set(tables),raise ArtifactError('independent source checker is missing a required endpoint')
reconciliation.py,independent_tushare_market_expectations,186,scaled_volume is None or scaled_volume != scaled_volume.to_integral_value(),raise ArtifactError('independent source volume does not convert to whole shares')
reconciliation.py,load_frozen_qsys_market,224,,raise RuntimeError('Qsys parquet reconciliation requires pyarrow') from exc
reconciliation.py,index,324,,raise ArtifactError(f'{name} reconciliation row has no key') from exc
reconciliation.py,index,326,"not all((isinstance(value, str) for value in key))",raise ArtifactError(f'{name} reconciliation key must be text')
reconciliation.py,index,330,key in result and result[key] != row,raise ArtifactError(f'{name} reconciliation rows conflict at {key!r}')
recovery.py,verify_recovery,48,"not isinstance(views, dict) or not views",raise ArtifactError('recovery requires nonempty explicit View references')
recovery.py,verify_recovery,55,"not isinstance(spec, dict) or set(spec) != {'kind', 'view_id', 'manifest_digest'} or (not isinstance(spec['kind'], str))",raise ArtifactError('invalid recovery View reference')
recovery.py,verify_recovery,58,spec['kind'] not in loaders,raise ArtifactError('invalid recovery View reference')
recovery.py,verify_recovery,63,"rebuild_views is not None AND not isinstance(rebuild_views, dict) or not rebuild_views or (not set(rebuild_views) <= set(views))",raise ArtifactError('rebuild requests must name required recovery Views')
recovery.py,verify_recovery,68,"rebuild_views is not None AND not isinstance(spec, dict) or set(spec) != {'kind', 'config'} or (not isinstance(spec['config'], dict)) or (not isinstance(spec.get('kind'), str))",raise ArtifactError('recovery rebuild kind differs from required View')
recovery.py,verify_recovery,71,rebuild_views is not None AND spec['kind'] != views[label]['kind'],raise ArtifactError('recovery rebuild kind differs from required View')
recovery.py,verify_recovery,73,"rebuild_views is not None AND spec['kind'] not in {'market_qlib', 'market_replay', 'adjusted_price'}",raise ArtifactError('exact recovery rebuild requires a creation-time-pinnable View kind')
recovery.py,verify_recovery,81,rebuild_views is not None,raise ArtifactError('invalid recovery rebuild arguments') from exc
recovery.py,verify_recovery,97,,raise ArtifactError('recovery run already active') from exc
recovery.py,verify_recovery,101,path.exists() AND old.get('plan') != plan or old.get('plan_digest') != _digest(_json_bytes(plan)),raise ArtifactError('recovery resume plan changed')
recovery.py,verify_recovery,116,snapshot.ref.manifest_digest != expected_snapshot_manifest_digest,raise ArtifactError('restored Snapshot manifest differs from frozen reference')
recovery.py,verify_recovery,125,plan['rebuild_views'] is not None AND rebuilt['status'] != 'VIEWS_BUILT',raise ArtifactError('required recovery View rebuild failed')
recovery.py,verify_recovery,128,plan['rebuild_views'] is not None AND result != plan['views'][label],raise ArtifactError('rebuilt View differs from frozen reference')
recovery.py,verify_recovery,149,view.ref.manifest_digest != spec['manifest_digest'] or view.manifest['snapshot_ref']['snapshot_id'] != concrete,raise ArtifactError('restored View differs from frozen Snapshot/View reference')
recovery.py,verify_recovery,157,attempts,raise ArtifactError('recovery attempted network or external legacy data access')
reference_reconciliation.py,_date,20,"not isinstance(value, str) or len(value) != 8 or (not value.isdigit())",raise ArtifactError('independent D-M1 source date is invalid')
reference_reconciliation.py,_date,24,,raise ArtifactError('independent D-M1 source date is invalid') from exc
reference_reconciliation.py,_number,31,"isinstance(value, bool) or not isinstance(value, (int, float))",raise ArtifactError('independent D-M1 numeric value is invalid')
reference_reconciliation.py,_number,34,not math.isfinite(number),raise ArtifactError('independent D-M1 numeric value is not finite')
reference_reconciliation.py,_rows,54,raw.manifest.get('schema_version') != 'raw_batch.v2' or raw.manifest.get('domain') != domain or raw.manifest.get('source_profile_digest') != reference_source_profile_digest(),raise ArtifactError('independent D-M1 checker source binding mismatch')
reference_reconciliation.py,_rows,57,"not isinstance(values, list) or any((not isinstance(row, dict) for row in values))",raise ArtifactError('independent D-M1 checker requires raw JSON row arrays')
reference_reconciliation.py,reconcile_reference_raw_mapping,150,"source.get('suspend_timing') not in (None, '')",raise ArtifactError('independent D-M1 checker rejects intraday suspension')
reference_source.py,load_reference_source_profile,67,"not isinstance(profile, dict) or profile.get('profile_version') != 'tushare_dm1.v1'",raise ArtifactError('packaged D-M1 source profile is invalid')
reference_source.py,_normalized_profile,75,"not isinstance(pit, Mapping) or not isinstance(endpoints, Mapping)",raise ArtifactError('D-M1 source profile semantics are invalid')
reference_source.py,_normalized_profile,96,,raise ArtifactError('D-M1 source profile semantics are incomplete') from exc
reference_source.py,_endpoint_profile,106,"not isinstance(value, dict)",raise ArtifactError(f'unsupported D-M1 Tushare endpoint: {endpoint!r}')
reference_source.py,collect,135,domain not in _EXPECTED_ENDPOINTS or endpoint not in _EXPECTED_ENDPOINTS[domain],raise ArtifactError('endpoint is not assigned to the requested D-M1 domain')
reference_source.py,collect,139,domain not in endpoint_profile['canonical_domains'],raise ArtifactError('source profile does not authorize the domain mapping')
reference_source.py,collect,141,"not isinstance(params, Mapping)",raise ArtifactError('Tushare request params must be a mapping')
reference_source.py,collect,147,"not isinstance(fields_value, list) or any((not isinstance(field, str) for field in fields_value))",raise ArtifactError('D-M1 endpoint fields are invalid')
reference_source.py,collect,150,not callable(query),"raise ArtifactError('Tushare client must provide query(endpoint, ...)')"
reference_source.py,_raw_tables,214,raw.manifest.get('schema_version') != 'raw_batch.v2',raise ArtifactError('D-M1 Tushare builder requires raw_batch.v2')
reference_source.py,_raw_tables,218,endpoint not in _EXPECTED_ENDPOINTS[domain],raise ArtifactError(f'{domain} received an unexpected source endpoint')
reference_source.py,_raw_tables,226,raw.manifest.get('domain') != domain or raw.manifest.get('source_profile_ref') != definition['source_profile_ref'] or raw.manifest.get('source_profile_version') != profile['profile_version'] or (raw.manifest.get('source_profile_digest') != profile_digest),raise ArtifactError('D-M1 RawBatch source profile binding mismatch')
reference_source.py,_raw_tables,230,raw.manifest.get('collector_code_ref') != f'axiom-data.{TushareReferenceCollector.implementation_revision}',raise ArtifactError('D-M1 RawBatch collector revision mismatch')
reference_source.py,_raw_tables,232,request.get('fields') != definition['fields'],raise ArtifactError('D-M1 RawBatch request fields differ from SourceProfile')
reference_source.py,_raw_tables,239,"not isinstance(summary, dict) or (summary.get('response_fields') != definition['fields'] or summary.get('represented_session_field') != definition['represented_session_field'])",raise ArtifactError('D-M1 RawBatch response schema differs from SourceProfile')
reference_source.py,_raw_tables,242,"not isinstance(params, dict)",raise ArtifactError('D-M1 RawBatch request params are invalid')
reference_source.py,_raw_tables,245,not request_symbols <= symbols,raise ArtifactError('D-M1 RawBatch symbol scope exceeds the build scope')
reference_source.py,_raw_tables,249,endpoint == 'dividend' AND set(params) != {'ts_code'},raise ArtifactError('dividend request must use its security-only scope')
reference_source.py,_raw_tables,252,"not (endpoint == 'dividend') AND set(params) != {'ts_code', 'start_date', 'end_date'}",raise ArtifactError('D-M1 session request fields are invalid')
reference_source.py,_raw_tables,256,not (endpoint == 'dividend') AND request_start != start or request_end != end,raise ArtifactError('D-M1 RawBatch date scope differs from build scope')
reference_source.py,_raw_tables,260,,raise ArtifactError('D-M1 RawBatch payload is not JSON') from exc
reference_source.py,_raw_tables,262,"not isinstance(rows, list) or any((not isinstance(row, dict) for row in rows))",raise ArtifactError('D-M1 RawBatch payload must contain row objects')
reference_source.py,_raw_tables,265,set(row) != set(definition['fields']),raise ArtifactError('D-M1 RawBatch payload fields differ from SourceProfile')
reference_source.py,_raw_tables,267,_source_symbol(row.get('ts_code')) not in request_symbols,raise ArtifactError('D-M1 RawBatch payload security is outside its request')
reference_source.py,_raw_tables,270,"endpoint == 'dividend' AND not isinstance(row.get('div_proc'), str) or not row['div_proc']",raise ArtifactError('dividend payload has no action-state observation')
reference_source.py,_raw_tables,275,not (endpoint == 'dividend'),assert request_start is not None and request_end is not None
reference_source.py,_raw_tables,277,not (endpoint == 'dividend') AND not request_start <= represented <= request_end,raise ArtifactError('D-M1 RawBatch payload session is outside its request')
reference_source.py,_raw_tables,289,set(grouped) != _EXPECTED_ENDPOINTS[domain] AND requested != _EXPECTED_ENDPOINTS[domain],raise ArtifactError(f'{domain} is missing source endpoints {sorted(missing)!r}')
reference_source.py,_raw_tables,294,values != symbols,raise ArtifactError(f'{endpoint} requests do not cover every scoped symbol')
reference_source.py,_raw_tables,296,not observed,raise ArtifactError('D-M1 builder received no RawBatch observations')
reference_source.py,_request_symbols,303,"not isinstance(params, dict) or not isinstance(params.get('ts_code'), str)",raise ArtifactError('D-M1 RawBatch request lacks explicit ts_code scope')
reference_source.py,_request_symbols,306,not symbols or '' in symbols,raise ArtifactError('D-M1 RawBatch ts_code scope is empty')
reference_source.py,__init__,327,domain not in _EXPECTED_ENDPOINTS,raise ArtifactError('TushareDm1Builder supports only D-M1 reference domains')
reference_source.py,__init__,331,'corporate_action_reobservation' in config AND domain != 'corporate_actions' or config['corporate_action_reobservation'] != 'corporate_action_reobservation.v1',raise ArtifactError('unsupported corporate action reobservation policy')
reference_source.py,__init__,335,'limit_qualification' in config AND domain != 'price_limits' or config['limit_qualification'] != 'zero_limit_pair.v1',raise ArtifactError('unsupported limit qualification')
reference_source.py,__init__,339,'capital_qualification' in config AND domain != 'security_capital' or config['capital_qualification'] != 'capital_conflict.v1',raise ArtifactError('unsupported capital qualification')
reference_source.py,__init__,343,'corporate_action_observations' in config AND domain != 'corporate_actions' or config['corporate_action_observations'] != 'corporate_action_observations.v1',raise ArtifactError('unsupported corporate action observation mapping')
reference_source.py,__init__,346,'dm1_source_partitioning' in config and config['dm1_source_partitioning'] != 'security.v1',raise ArtifactError('unsupported D-M1 source partitioning')
reference_source.py,__init__,351,'security_session_scope' in config and (domain not in _SECURITY_SESSION_SCOPE_DOMAINS or config['security_session_scope'] != _SECURITY_SESSION_SCOPE_POLICY),raise ArtifactError('unsupported security session scope policy')
reference_source.py,__init__,353,domain != 'security_status' and 'session_suspension_policy' in config,raise ArtifactError('session suspension mapping requires security_status')
reference_source.py,_scope,381,"not isinstance(values, list) or not values or any((not isinstance(value, str) for value in values)) or (len(values) != len(set(values))) or (not isinstance(start, str)) or (not isinstance(end, str))",raise ArtifactError('D-M1 builder requires ordered symbols and session bounds')
reference_source.py,_scope,385,,assert start_date is not None and end_date is not None
reference_source.py,_scope,387,start_date > end_date,raise ArtifactError('D-M1 session scope is reversed')
reference_source.py,_build_rows,398,self.domain == 'security_capital' and (contract['contract_version'] == 'security_capital.v2') != bool(self.builder_config.get('capital_qualification')),raise ArtifactError('capital qualification requires security_capital.v2 and explicit mapping')
reference_source.py,_build_rows,400,self.domain == 'corporate_actions' and (contract['contract_version'] == 'corporate_actions.v2') != bool(self.builder_config.get('corporate_action_observations')),raise ArtifactError('corporate action observations require explicit v2 contract/mapping')
reference_source.py,_merge_rows,434,previous is not None AND content(previous) != content(row),raise ArtifactConflictError('corporate action revision content conflict')
reference_source.py,_partitioned_rows,447,len(scope) != 1 or not scope <= set(symbols),raise ArtifactError('partitioned D-M1 requires individual scoped requests')
reference_source.py,_partitioned_rows,455,set(chunks) != set(symbols),raise ArtifactError('D-M1 requests do not cover scoped securities')
reference_source.py,_security_session_context,508,"identity is None or identity.get('exchange') not in {'SSE', 'SZSE'}",raise ArtifactError('security session scope requires a frozen security identity')
reference_source.py,_allowed_security_sessions,535,,raise ArtifactError('security session scope has an invalid security identity') from exc
reference_source.py,_allowed_security_sessions,537,state == 'unknown',raise ArtifactError('security session scope cannot qualify unknown identity state')
reference_source.py,_allowed_security_sessions,540,calendar_row is None,raise ArtifactError('security session scope requires an exchange calendar row')
reference_source.py,_validate_parent_security_sessions,563,"symbol not in identities or not isinstance(session, str)",raise ArtifactError('security session scope refuses an invalid parent fact row')
reference_source.py,_validate_parent_security_sessions,566,"identity.get('exchange') not in {'SSE', 'SZSE'}",raise ArtifactError('security session scope has an invalid security identity')
reference_source.py,_validate_parent_security_sessions,570,,raise ArtifactError('security session scope has an invalid security identity') from exc
reference_source.py,_validate_parent_security_sessions,573,state != 'within_identity_interval' or calendar_row is None or calendar_row['is_open'] is not True,raise ArtifactError('security session scope refuses an invalid parent fact row')
reference_source.py,_status_rows,591,key in daily,raise ArtifactConflictError('daily status evidence has duplicate keys')
reference_source.py,_status_rows,605,"not (self.builder_config.get('session_suspension_policy') == 'session_suspension.v3') AND row.get('suspend_timing') not in (None, '')",raise ArtifactError('intraday suspension timing is unsupported in D-M1')
reference_source.py,_status_rows,610,set(daily) & set(suspended),raise ArtifactConflictError('daily and suspension evidence conflict')
reference_source.py,_limit_rows,655,key in found,raise ArtifactConflictError('price-limit source has duplicate keys')
reference_source.py,_limit_rows,674,(upper is None) != (lower is None),raise ArtifactError('incomplete price-limit pair is unsupported')
reference_source.py,_action_rows,704,effective is None and (not qualified),raise ArtifactError('implemented corporate action requires ex_date')
reference_source.py,_action_rows,715,"total_stock not in (None, 0, 0.0) and abs(total_stock - mapped_stock) > 1e-10",raise ArtifactError('dividend row contains unsupported stock terms')
reference_source.py,_action_rows,745,emitted == 0,raise ArtifactError('implemented corporate action has no supported terms')
reference_source.py,_factor_rows,761,symbol in symbols and start <= session <= end AND factor is None or factor <= 0,raise ArtifactError('adjustment factor must be positive')
reference_source.py,_benchmark_rows,773,benchmark in symbols and start <= session <= end AND close is None,raise ArtifactError('benchmark close must be present')
reference_source.py,_capital_rows,792,total is None or circulating is None,raise ArtifactError('security capital source fields must be present')
reference_sources.py,plan_reference_requests,21,policy['pagination'] != 'limit_offset' or policy['terminal_page_rule'] != 'contiguous_offsets_then_short_page' or type(page_size) is not int or (not 0 < page_size < policy['limit']),raise ArtifactError('unsupported SW page continuation policy or page size')
reference_sources.py,collect_reference_sources,59,,raise ArtifactError('invalid reference source plan') from exc
reference_sources.py,collect_reference_sources,61,plan != expected,raise ArtifactError('reference plan differs from public planner')
reference_sources.py,collect_reference_sources,76,,raise ArtifactError('reference collection already active') from exc
reference_sources.py,collect_reference_sources,80,path.exists() AND json.loads(path.read_bytes()) != frozen,raise ArtifactError('reference resume plan/context changed')
reference_sources.py,collect_reference_sources,114,not validate_raw_completeness(raw)['complete'],raise ArtifactError('reference request requires complete source evidence')
reference_sources.py,collect_reference_sources,134,count > limit,raise ArtifactError('oversized SW page')
reference_sources.py,collect_reference_sources,143,,raise
scope_coverage.py,session_coverage,18,domain not in SESSION_PARTITION_DOMAINS or domain == 'benchmark_daily',raise ArtifactError('security session domain required')
scope_coverage.py,session_coverage,20,domain not in reader.commits,raise ArtifactError('Snapshot lacks requested coverage domain')
scope_coverage.py,session_coverage,24,not fields or len(fields) != len(set(fields)) or (not set(fields) <= allowed),raise ArtifactError('coverage fields must belong to the declared contract')
scope_coverage.py,session_coverage,40,state == 'unknown',raise ArtifactError('INSUFFICIENT_SCOPE: unknown security identity interval')
scope_coverage.py,session_coverage,51,not bit or day not in exchange_days[calendars[symbol]['exchange']],raise ArtifactError('canonical row conflicts with exchange sessions')
scope_coverage.py,session_coverage,56,field not in values,raise ArtifactError('coverage field missing from canonical row')
session_suspension.py,bind_profile,12,"version not in {'session_suspension.v1', 'session_suspension.v2', 'session_suspension.v3'}",raise ArtifactError('unknown session suspension policy')
session_suspension.py,is_halt_event,21,"row.get('suspend_type') not in {'S', 'R'}",raise ArtifactError('unknown suspension event type')
session_suspension.py,qualified_daily_state,33,"case is not None AND (row.get('suspend_timing'), row.get('suspend_type')) != (case['source_timing'], case['source_type'])",raise ArtifactError('qualified suspension source signature changed')
session_suspension.py,qualified_daily_state,35,case is not None AND case['canonical_day_state'] == 'full_day_halt' AND daily is not None,raise ArtifactError('qualified full-day halt conflicts with daily evidence')
session_suspension.py,qualified_daily_state,40,"case is not None AND not daily or (daily.get('ts_code'), daily.get('trade_date')) != (row.get('ts_code'), row.get('trade_date')) or isinstance(volume, bool) or (not isinstance(volume, (int, float))) or (not math.isfinite(volume)) or (volume <= 0)",raise ArtifactError('qualified traded halt lacks same-session positive-volume evidence')
session_suspension.py,qualified_partial_halt,56,"not (timing in (None, '')) AND not (policy == 'session_suspension.v2') AND policy == 'session_suspension.v1' AND not match",raise ArtifactError('unsupported suspension timing format')
session_suspension.py,qualified_partial_halt,60,"not (timing in (None, '')) AND not (policy == 'session_suspension.v2') AND policy == 'session_suspension.v1' AND m1 >= 60 or m2 >= 60 or (not 570 <= start < end <= 900) or ((start, end) == (570, 900))",raise ArtifactError('unsupported suspension timing interval')
session_suspension.py,qualified_partial_halt,61,"not (timing in (None, '')) AND not (policy == 'session_suspension.v2') AND not (policy == 'session_suspension.v1')",raise ArtifactError('unknown session suspension policy')
session_suspension.py,qualified_partial_halt,66,"row.get('suspend_type') not in {'S', 'R'} or not daily or (daily.get('ts_code'), daily.get('trade_date')) != (row.get('ts_code'), row.get('trade_date')) or isinstance(volume, bool) or (not isinstance(volume, (int, float))) or (not math.isfinite(volume)) or (not volume > 0)",raise ArtifactError('partial halt lacks same-session traded daily evidence')
session_suspension.py,_validate_traded_day_intervals,74,not match,raise ArtifactError('unsupported suspension timing format')
session_suspension.py,_validate_traded_day_intervals,78,m1 >= 60 or m2 >= 60 or (not 540 <= start < end <= 900),raise ArtifactError('unsupported suspension timing interval')
session_suspension.py,_validate_traded_day_intervals,80,intervals and start < intervals[-1][1],raise ArtifactError('unordered/overlapping suspension intervals')
session_suspension.py,_validate_traded_day_intervals,82,not intervals,raise ArtifactError('unsupported suspension timing format')
session_suspension.py,_validate_traded_day_intervals,92,"covered(565, 565) and covered(570, 690) and covered(780, 900)",raise ArtifactError('halt covers all trading opportunities but daily trades exist')
source_client.py,query,19,not (limited or transient) or attempt == 2,raise
source_completeness.py,source_profile_completeness_binding,69,"profile_version not in extension.get('profile_versions', [])",raise SourceCompletenessError('required SourceProfile completeness extension missing')
source_completeness.py,current_contract_binding,84,"not re.fullmatch('source_completeness\\.v[0-9]+', str(extension.get('extension_version')))",raise SourceCompletenessError('required SourceProfile completeness extension missing')
source_completeness.py,reject,176,,"raise SourceCompletenessError(message, raw_batch_id=raw_batch_id)"
source_completeness.py,_validate_raw_result,315,manifest.get('status') != 'success',"raise SourceCompletenessError('partial or failed Raw cannot be admitted', raw_batch_id=raw.ref.raw_batch_id)"
source_completeness.py,_validate_raw_result,321,"any((summary.get(key) in (False, 'partial', 'PARTIAL', 'truncated', 'TRUNCATED') for key in ('complete', 'completeness', 'result_status'))) or summary.get('truncated') is True or summary.get('partial') is True","raise SourceCompletenessError('partial or truncated Raw cannot be admitted', raw_batch_id=raw.ref.raw_batch_id)"
source_completeness.py,_industry_raw_scope,330,,"raise SourceCompletenessError(str(exc), raw_batch_id=raw.ref.raw_batch_id) from exc"
source_completeness.py,_validate_raw_binding,348,"binding is not None AND version not in original.get('profile_versions', []) or binding != _binding_for_extension(version, manifest.get('source_profile_digest'), original)","raise SourceCompletenessError('Raw completeness extension binding mismatch', raw_batch_id=raw.ref.raw_batch_id)"
source_completeness.py,_validate_raw_binding,372,definition is None or manifest.get('source_profile_digest') != digest or request.get('fields') != definition['fields'],"raise SourceCompletenessError('Raw source profile/fields binding mismatch', raw_batch_id=raw.ref.raw_batch_id)"
source_completeness.py,_validate_raw_binding,384,manifest.get('domain') not in domains or manifest.get('source_profile_ref') != source_ref,"raise SourceCompletenessError('Raw source profile/domain binding mismatch', raw_batch_id=raw.ref.raw_batch_id)"
source_completeness.py,_validate_raw_completeness,446,manifest.get('source_profile_version') == 'exchange_security.v1' AND manifest.get('domain') != 'security_master' or exchange not in authority['endpoints'] or request != authority['endpoints'][exchange] or (manifest.get('source_profile_ref') != 'exchange.termination.' + exchange) or (manifest.get('source_profile_digest') != _digest(_json_bytes(authority))),"raise SourceCompletenessError('exchange boundary source binding mismatch', raw_batch_id=raw.ref.raw_batch_id)"
source_completeness.py,_validate_raw_completeness,467,not legacy,"raise SourceCompletenessError(str(exc), raw_batch_id=raw.ref.raw_batch_id) from exc"
source_completeness.py,requalify_sources,498,admitted.get('complete') is not True,raise ArtifactError('current candidate source completeness is unproven')
source_coverage.py,observation,11,"policy not in {POLICY, LEGACY_POLICY}",raise ArtifactError('unsupported source coverage policy')
source_coverage.py,observation,18,policy == POLICY and admission.get('complete') is not True,raise ArtifactError('complete source evidence required for coverage')
source_coverage.py,observation,22,manifest.get('status') != 'success',raise ArtifactError('coverage requires successful Raw')
source_coverage.py,observation,25,"any((summary.get(key) in (False, 'partial', 'PARTIAL', 'truncated', 'TRUNCATED') for key in ('complete', 'completeness', 'result_status')))",raise ArtifactError('partial source observation cannot expand complete coverage')
source_coverage.py,observation,27,summary.get('truncated') is True or summary.get('partial') is True,raise ArtifactError('partial source observation cannot expand complete coverage')
source_coverage.py,state,44,"policy not in {POLICY, LEGACY_POLICY}",raise ArtifactError('unsupported source coverage policy')
sparse_conformance.py,query,68,endpoint != 'forecast',raise AssertionError('fixture queried an unexpected endpoint')
sparse_conformance.py,_shape,81,"not isinstance(result, dict) or result.get('status') not in {'COMPLETE', 'PARTIAL'} or result.get('complete') is not (result['status'] == 'COMPLETE') or (not isinstance(result.get('coverage'), list)) or (len(result['coverage']) != 1)",raise ValueError('sparse validator returned malformed aggregate evidence')
sparse_conformance.py,_seed,90,_shape(result) != 'COMPLETE',raise ValueError('valid exact partition did not complete')
sparse_conformance.py,_seed,95,len(children) != 2 or len(parent['observations']) != 2 or parent.get('empty') is not True or any((child.get('complete') is not True or child.get('empty') is not True for child in children)),raise ValueError('exact partition lost child completeness or empty observations')
sparse_conformance.py,_seed,102,"any((admission.get('complete') is not True or admission.get('row_count') != 0 or admission.get('scope') != child['request']['params'] or (admission.get('historical_completeness') != 'request_complete_best_effort') or (admission.get('empty_result_semantics') != 'no_source_events_in_scope') for admission, child in zip(admissions, children)))",raise ValueError('empty child lost formal scope or best-effort admission')
sparse_conformance.py,_seed,105,len(json.loads(retained.payload)) != cap,raise ValueError('split parent does not retain the real fixed-cap response')
sparse_conformance.py,_seed,109,resumed != result or client.calls != 3,raise ValueError('checkpoint resume changed evidence or recollected source requests')
sparse_conformance.py,_malformed_split,141,not (case == 'interval_gap') AND not (case == 'selector_mismatch') AND not (case == 'conflicting_overlap'),raise ValueError('unknown malformed split fixture')
sparse_conformance.py,_malformed_split,146,collected['status'] != 'COMPLETE' or len(collected['completed']) != 2,raise ValueError('malformed split fixture failed to collect its independently valid children')
sparse_conformance.py,_malformed_split,151,admission.get('complete') is not True or admission.get('scope') != child['params'],raise ValueError('malformed split child admission differs from its own scope')
sparse_conformance.py,run_sparse_conformance,171,type(cap) is not int or cap <= 0,raise ValueError('forecast fixture requires its real declared positive cap')
sparse_conformance.py,run_sparse_conformance,206,"not (case == 'missing_child') AND not (case in {'interval_gap', 'selector_mismatch', 'conflicting_overlap'}) AND not (case == 'truncated_child') AND not (case == 'partial_child') AND case == 'empty_child_wrong_scope' AND json.loads(other_raw.payload) != [] or other_raw.manifest['request']['params'] == child['request']['params']",raise ValueError('wrong-scope fixture requires empty Raw with a different actual scope')
sw_industry.py,build_rows,16,contract['contract_version'] != 'industry_membership.v3',raise ArtifactError('SW2021 contract version required')
sw_industry.py,build_rows,18,"not isinstance(symbols, list) or not symbols or len(set(symbols)) != len(symbols)",raise ArtifactError('explicit SW2021 security scope required')
sw_industry.py,build_rows,20,start > end,raise ArtifactError('reversed industry coverage')
sw_industry.py,build_rows,23,cfg.get('sw_mapping_profile') != mapping,raise ArtifactError('SW2021 builder mapping profile mismatch')
sw_industry.py,build_rows,32,"not (ep == 'index_classify') AND not (ep == 'index_member_all' and set(p) == {'is_new', 'limit', 'offset'})",raise ArtifactError('SW build requires full frozen taxonomy and global Y/N pages')
sw_industry.py,build_rows,33,"sorted(levels) != ['L1', 'L2', 'L3'] or set(pages) != {'Y', 'N'}",raise ArtifactError('incomplete SW collection')
sw_industry.py,build_rows,38,terminal or actual != offset or len(rows) > limit,raise ArtifactError('incomplete SW page sequence')
sw_industry.py,build_rows,41,key in seen,raise ArtifactError('duplicate SW page record')
sw_industry.py,build_rows,44,not terminal,raise ArtifactError('missing SW terminal page')
sw_industry.py,build_rows,47,len(index) != len(nodes),raise ArtifactError('duplicate canonical taxonomy node')
sw_industry.py,build_rows,51,node['level'] == 'L1' AND node['parent_code'] != '0',raise ArtifactError('invalid taxonomy root')
sw_industry.py,build_rows,53,not (node['level'] == 'L1') AND node['parent_code'] not in industry_codes or industry_codes[node['parent_code']]['level'] != ('L1' if node['level'] == 'L2' else 'L2'),raise ArtifactError('invalid taxonomy hierarchy')
sw_industry.py,build_rows,59,node is None or node['level'] != level.upper() or node['industry_name'] != source[level + '_name'],raise ArtifactError('unresolved SW taxonomy/member identity')
sw_industry.py,build_rows,61,level != 'l1' and node['parent_code'] != index[source[('l1' if level == 'l2' else 'l2') + '_code']]['industry_code'],raise ArtifactError('SW member parent mismatch')
sw_industry.py,build_rows,63,until and until < since,raise ArtifactError('reversed SW membership interval')
sw_industry.py,build_rows,76,left['effective_to'] is None or right['effective_from'] < left['effective_to'],raise ArtifactError('overlapping SW membership intervals')
sw_industry.py,validate_rows,112,row['classification_system'] != 'SW2021' or row['group_id'] != 'SW2021',raise ArtifactError('invalid SW classification system')
sw_industry.py,validate_rows,114,"row['logical_event_key'] != fingerprint(['SW2021', row['symbol']]) or row['revision_id'] != fingerprint(economic_content(row))",raise ArtifactError('industry history identity mismatch')
sw_industry.py,validate_rows,115,"_date('coverage_from', row['coverage_from']) >= _date('coverage_to', row['coverage_to'])",raise ArtifactError('invalid industry coverage')
sw_industry.py,validate_rows,116,not row['observations'],raise ArtifactError('industry observation lineage missing')
sw_industry.py,validate_rows,119,"o['observation_id'] != fingerprint({k: v for k, v in o.items() if k != 'observation_id'}) or o['revision_id'] != row['revision_id']",raise ArtifactError('industry observation identity mismatch')
sw_industry.py,validate_rows,123,until and until < since,raise ArtifactError('reversed industry interval')
sw_industry.py,validate_rows,124,previous and (previous['effective_to'] is None or since < date.fromisoformat(previous['effective_to'])),raise ArtifactError('overlapping industry intervals')
sw_industry.py,validate_rows,125,span['industry_id'] != span['taxonomy']['l3']['code'],raise ArtifactError('industry taxonomy identity mismatch')
sw_industry.py,project_state,131,session < state['coverage_from'] or session >= state['coverage_to'],raise ArtifactError('INSUFFICIENT_SCOPE: industry dates')
sw_industry.py,project_state,138,len(active) > 1,raise ArtifactError('conflicting industry projection')
sw_mapping.py,canonical_taxonomy,19,profile.get('profile_version') != 'tushare_sw2021.v1' or profile.get('mapping_revision') != 'sw2021-special-steel.v1' or len(mappings) != 1,raise ArtifactError('SW2021 requires the explicit versioned anomaly mapping')
sw_mapping.py,canonical_taxonomy,24,"any((mapping.get(k) != v for k, v in expected.items())) or not mapping.get('evidence_refs')",raise ArtifactError('unsupported SW2021 anomaly mapping')
sw_mapping.py,canonical_taxonomy,28,"not source or any(((r.get('industry_name'), r.get('level'), r.get('parent_code'), r.get('industry_code')) != ('特钢Ⅲ', 'L3', '230500', '230501') for r in source))",raise ArtifactError('SW2021 anomaly condition 1: taxonomy identity conflict')
sw_mapping.py,canonical_taxonomy,31,not named or any((r.get('l3_code') != '850412.SI' for r in named)),raise ArtifactError('SW2021 anomaly condition 2: member code conflict')
sw_mapping.py,canonical_taxonomy,33,"any((r.get(level + '_code') == '850401.SI' for r in members for level in ('l1', 'l2', 'l3')))",raise ArtifactError('SW2021 anomaly condition 3: actual old-code membership')
sw_mapping.py,canonical_taxonomy,38,"row.get(level + '_code') == '850412.SI' and (level != 'l3' or (row.get('l3_name'), row.get('l2_code'), row.get('l1_code')) != ('特钢Ⅲ', '801045.SI', '801040.SI'))",raise ArtifactError('SW2021 anomaly condition 4: canonical node conflict')
sw_mapping.py,canonical_taxonomy,41,any((r.get('index_code') == '850412.SI' for r in taxonomy)),raise ArtifactError('SW2021 taxonomy changed; new mapping profile required')
sw_qualification.py,inspect_sw_pilot,12,not raw_batch_ids or len(set(raw_batch_ids)) != len(raw_batch_ids),raise ArtifactError('explicit unique pilot RawBatch refs required')
sw_qualification.py,inspect_sw_pilot,14,not symbols or len(set(symbols)) != len(symbols),raise ArtifactError('explicit unique pilot symbols required')
sw_qualification.py,inspect_sw_pilot,24,m['source_profile_version'] != 'tushare_sw_pilot.v1' or m['source_profile_digest'] != profile_digest() or req['fields'] != load_profile()['endpoints'][ep]['fields'] or (m['source_profile_ref'] != 'tushare.sw-pilot.' + ep),raise ArtifactError('SW pilot source binding mismatch')
sw_qualification.py,inspect_sw_pilot,34,ep == 'index_classify' AND key in taxonomy and taxonomy[key] != r,raise ArtifactError('taxonomy conflict')
sw_qualification.py,inspect_sw_pilot,42,set(stock) != scope,raise ArtifactError('pilot lacks stock reference identities')
sw_qualification.py,inspect_sw_pilot,65,raw.manifest['source_profile_version'] != 'tushare_pr6.v2' or raw.manifest['source_profile_digest'] != pr6_digest('tushare_pr6.v2'),raise ArtifactError('comparison source binding mismatch')
sw_qualification.py,inspect_sw_pilot,75,not responses,raise ArtifactError('missing pilot observation mode')
sw_qualification.py,inspect_sw_pilot,92,not sessions[exchange],raise ArtifactError('pilot calendar missing exchange')
sw_source.py,load_profile,12,"version not in {'tushare_sw_pilot.v1', 'tushare_industry_qualification.v1'}",raise ArtifactError('unsupported industry SourceProfile')
sw_source.py,validate_request,22,"not isinstance(params, dict)",raise ArtifactError('SW request parameters must be explicit')
sw_source.py,validate_request,24,endpoint not in load_profile(profile_version)['endpoints'],raise ArtifactError('endpoint outside industry profile')
sw_source.py,validate_request,27,"endpoint == 'index_classify' AND set(params) != {'src', 'level'} or params['src'] != 'SW2021' or params['level'] not in {'L1', 'L2', 'L3'}",raise ArtifactError('SW taxonomy requires explicit SW2021 and level')
sw_source.py,validate_request,32,"not (endpoint == 'index_classify') AND endpoint in {'index_member_all', 'ci_index_member'} AND page AND profile_version != 'tushare_industry_qualification.v1' or page != {'limit', 'offset'}",raise ArtifactError('explicit complete page parameters required')
sw_source.py,validate_request,35,"not (endpoint == 'index_classify') AND endpoint in {'index_member_all', 'ci_index_member'} AND page AND any((not str(params[k]).isdigit() for k in page)) or not 1 <= int(params['limit']) <= maximum or (not 0 <= int(params['offset']) <= 1000000)",raise ArtifactError('invalid bounded page')
sw_source.py,validate_request,38,"not (endpoint == 'index_classify') AND endpoint in {'index_member_all', 'ci_index_member'} AND len(selectors) > 1 or (not selectors and (not page)) or (not selectors <= {'ts_code', 'l1_code', 'l2_code', 'l3_code'})",raise ArtifactError('SW membership requires one bounded selector')
sw_source.py,validate_request,44,"not (endpoint == 'index_classify') AND endpoint in {'index_member_all', 'ci_index_member'} AND not (key == 'ts_code') AND key is not None and (not isinstance(value, str) or not re.fullmatch('[0-9]{6}\\.SI' if endpoint == 'index_member_all' else 'CI[0-9]{6}\\.CI', value))",raise ArtifactError('invalid SW industry code')
sw_source.py,validate_request,46,"not (endpoint == 'index_classify') AND endpoint in {'index_member_all', 'ci_index_member'} AND 'is_new' in params and params['is_new'] not in {'Y', 'N'}",raise ArtifactError('invalid SW observation mode')
sw_source.py,validate_request,49,"not (endpoint == 'index_classify') AND not (endpoint in {'index_member_all', 'ci_index_member'}) AND endpoint == 'stock_basic' AND set(params) != {'list_status', 'exchange'} or params['list_status'] not in {'L', 'D', 'P'} or params['exchange'] not in {'', 'SSE', 'SZSE'}",raise ArtifactError('stock comparison request scope required')
sw_source.py,validate_request,51,"not (endpoint == 'index_classify') AND not (endpoint in {'index_member_all', 'ci_index_member'}) AND not (endpoint == 'stock_basic')",raise ArtifactError('unsupported SW qualification endpoint')
sw_source.py,validate_payload_scope,79,"not isinstance(records, list) or any((not isinstance(row, dict) for row in records))",raise ArtifactError('industry payload must be row objects')
sw_source.py,validate_payload_scope,83,issues,"raise ArtifactError('industry qualification payload: ' + ','.join(issues))"
sw_source.py,validate_raw_scope,97,"definition is None or manifest.get('schema_version') != 'raw_batch.v2' or manifest.get('domain') != definition['domain'] or (manifest.get('source_profile_digest') != profile_digest(version)) or (manifest.get('source_profile_ref') != 'tushare.sw-pilot.' + endpoint) or (set(request) != {'endpoint', 'params', 'fields'}) or (request.get('fields') != definition['fields'])",raise ArtifactError('industry qualification source binding mismatch')
tushare.py,load_tushare_source_profile,57,"not isinstance(profile, dict) or profile.get('profile_version') != 'tushare_phase1.v1'",raise ArtifactError('packaged Tushare source profile is invalid')
tushare.py,_normalized_source_profile,65,"not isinstance(pit, Mapping) or not isinstance(endpoints, Mapping)",raise ArtifactError('Tushare source profile semantics are invalid')
tushare.py,_normalized_source_profile,80,,raise ArtifactError('Tushare source profile semantics are incomplete') from exc
tushare.py,_endpoint_profile,98,"not isinstance(endpoints, dict) or endpoint not in endpoints",raise ArtifactError(f'unsupported Tushare endpoint: {endpoint!r}')
tushare.py,_endpoint_profile,101,"not isinstance(profile, dict)",raise ArtifactError('Tushare endpoint profile is invalid')
tushare.py,_retrieved_at,109,"not isinstance(value, str)",raise ArtifactError('retrieved_at must be an ISO-8601 string')
tushare.py,_retrieved_at,113,,raise ArtifactError('retrieved_at must be an ISO-8601 string') from exc
tushare.py,_retrieved_at,115,parsed.tzinfo is None,raise ArtifactError('retrieved_at must include a UTC offset')
tushare.py,_response_records,130,"not (isinstance(response, list)) AND hasattr(response, 'to_json')",raise ArtifactError('Tushare response cannot be serialized') from exc
tushare.py,_response_records,132,"not (isinstance(response, list)) AND not (hasattr(response, 'to_json'))",raise ArtifactError('Tushare client must return tabular records')
tushare.py,_response_records,134,"any((not isinstance(row, Mapping) for row in records))",raise ArtifactError('Tushare response rows must be objects')
tushare.py,_client,153,,raise ArtifactError('live collection requires the optional tushare package') from exc
tushare.py,collect,170,"not isinstance(params, Mapping)",raise ArtifactError('Tushare request params must be a mapping')
tushare.py,collect,174,"not isinstance(fields, list) or any((not isinstance(field, str) for field in fields))",raise ArtifactError('Tushare endpoint fields are invalid')
tushare.py,collect,178,not callable(query),"raise ArtifactError('Tushare client must provide query(endpoint, ...)')"
tushare.py,_endpoint_domain,247,,raise ArtifactError(f'unsupported Tushare endpoint: {endpoint!r}')
tushare.py,_source_date,254,"not isinstance(value, str)",raise ArtifactError('Tushare date must be YYYYMMDD text')
tushare.py,_source_date,259,,raise ArtifactError(f'invalid Tushare date: {value!r}') from exc
tushare.py,_source_symbol,265,"not isinstance(value, str) or not _SYMBOL.fullmatch(value)",raise ArtifactError(f'invalid Tushare security code: {value!r}')
tushare.py,_optional_float,273,"isinstance(value, bool) or not isinstance(value, (int, float))",raise ArtifactError('Tushare numeric field must be a number or null')
tushare.py,_optional_float,276,not math.isfinite(number),raise ArtifactError('Tushare numeric field must be finite')
tushare.py,_volume_shares,288,number is None,raise ArtifactError('Tushare daily vol must be present')
tushare.py,_volume_shares,291,scaled != scaled.to_integral_value(),raise ArtifactError('Tushare daily vol does not convert to whole shares')
tushare.py,_raw_endpoint_rows,301,raw.manifest.get('schema_version') != 'raw_batch.v2',raise ArtifactError('Tushare builder requires profile-bound raw_batch.v2 input')
tushare.py,_raw_endpoint_rows,307,"not isinstance(endpoint, str)",raise ArtifactError('Tushare RawBatch has no endpoint identity')
tushare.py,_raw_endpoint_rows,315,raw.manifest.get('source_profile_ref') != profile.get('source_profile_ref') or raw.manifest.get('source_profile_version') != source_profile.get('profile_version') or raw.manifest.get('source_profile_digest') != profile_digest,raise ArtifactError('Tushare RawBatch source profile mismatch')
tushare.py,_raw_endpoint_rows,319,,raise ArtifactError('Tushare RawBatch payload is not JSON') from exc
tushare.py,_raw_endpoint_rows,321,"not isinstance(rows, list) or any((not isinstance(row, dict) for row in rows))",raise ArtifactError('Tushare RawBatch payload must contain row objects')
tushare.py,_source_table,337,,raise ArtifactError(f'Tushare {endpoint} row has an invalid primary key') from exc
tushare.py,_source_table,340,key in table and table[key] != copied,raise ArtifactConflictError(f'Tushare {endpoint} contains conflicting key {key!r}')
tushare.py,_merge_canonical,357,key in rows and rows[key] != copied,raise ArtifactConflictError(f'{source} conflicts at canonical key {key!r}')
tushare.py,__init__,384,"domain != 'market_daily' and set(config) & {'session_suspension_policy', 'market_source_partitioning'}",raise ArtifactError('market-only source mapping configuration')
tushare.py,__init__,389,"configured_version not in (None, profile_version)",raise ArtifactError('Tushare builder source profile version mismatch')
tushare.py,_scope,417,"not isinstance(symbols, list) or not symbols or len(symbols) != len(set(symbols)) or any((not isinstance(symbol, str) or not _SYMBOL.fullmatch(symbol) for symbol in symbols)) or (not isinstance(start, str)) or (not isinstance(end, str))",raise ArtifactError('Tushare builder requires explicit symbols and session bounds')
tushare.py,_scope,420,,assert start_date is not None and end_date is not None
tushare.py,_scope,422,start_date > end_date,raise ArtifactError('Tushare builder session bounds are reversed')
tushare.py,_build_rows,449,not (self.domain == 'trading_calendar') AND not (self.domain == 'security_master') AND not (grouping is None) AND grouping == 'security.v1' AND symbol not in symbols,raise ArtifactError('partitioned market build requires individual scoped security requests')
tushare.py,_build_rows,451,not (self.domain == 'trading_calendar') AND not (self.domain == 'security_master') AND not (grouping is None) AND grouping == 'security.v1' AND set(chunks_by_symbol) != set(symbols),raise ArtifactError('market source requests do not cover scoped securities')
tushare.py,_build_rows,454,not (self.domain == 'trading_calendar') AND not (self.domain == 'security_master') AND not (grouping is None) AND not (grouping == 'security.v1'),raise ArtifactError('unsupported market source partitioning')
tushare.py,mapped_rows,461,not (self.domain == 'trading_calendar') AND not (self.domain == 'security_master') AND grouping is not None AND any((r.get('ts_code') != expected for values in grouped.values() for r in values)),raise ArtifactError('market payload differs from individual security request')
tushare.py,_calendar_rows,487,set(grouped) != {'trade_cal'},raise ArtifactError('trading_calendar requires only trade_cal RawBatches')
tushare.py,_calendar_rows,490,"not isinstance(request, dict)",raise ArtifactError('trade_cal RawBatch request metadata is invalid')
tushare.py,_calendar_rows,493,"request.get('endpoint') != 'trade_cal' or not isinstance(params, dict)",raise ArtifactError('trade_cal RawBatch request metadata is invalid')
tushare.py,_calendar_rows,503,exchange not in exchanges or request_start != start or request_end != end or (exchange in requested_exchanges),raise ArtifactError('trade_cal RawBatch request scope mismatch')
tushare.py,_calendar_rows,510,payload_exchange != exchange,raise ArtifactError('trade_cal payload exchange does not match its RawBatch request')
tushare.py,_calendar_rows,514,session not in expected_dates,raise ArtifactError('trade_cal payload is outside the declared request scope')
tushare.py,_calendar_rows,519,key in source,raise ArtifactError('trade_cal payload has duplicate calendar rows')
tushare.py,_calendar_rows,523,actual_dates != expected_dates,raise ArtifactError('trade_cal payload does not completely cover its RawBatch request scope')
tushare.py,_calendar_rows,527,requested_exchanges != exchanges,raise ArtifactError('trade_cal RawBatches do not cover every scoped exchange')
tushare.py,_calendar_rows,535,"is_open not in (0, 1, '0', '1')",raise ArtifactError('Tushare trade_cal is_open must be 0 or 1')
tushare.py,_security_rows,558,set(grouped) != {'stock_basic'},raise ArtifactError('security_master requires only stock_basic RawBatches')
tushare.py,_security_rows,565,row is None,raise ArtifactError(f'stock_basic has no scoped identity for {symbol!r}')
tushare.py,_security_rows,568,"not isinstance(list_status, str) or not list_status",raise ArtifactError('stock_basic list_status must be present')
tushare.py,_security_rows,571,delist_session is not None,raise ArtifactError('unverified Tushare delist_date boundary cannot be promoted')
tushare.py,_market_rows,595,set(grouped) != allowed,raise ArtifactError('market_daily requires all five frozen Tushare endpoints')
tushare.py,in_scope,602,,assert session is not None
tushare.py,_market_rows,620,"endpoint == 'suspend_d' AND not (partial_halts == 'session_suspension.v3') AND row.get('suspend_timing') not in (None, '')",raise ArtifactError('unsupported non-full-day suspend_timing')
tushare.py,_market_rows,628,key is not None AND key in keyed[endpoint],raise ArtifactConflictError(f'Tushare {endpoint} has duplicate canonical key {key!r}')
tushare.py,_market_rows,665,key in keyed['daily'],raise ArtifactConflictError(f'daily and suspend_d both claim market state for {key!r}')
validation.py,validation_signature,33,raw.get('schema_version') != 'raw_batch.v2',raise ArtifactError('V1 validation applicability requires version-bound RawBatch v2')
validation.py,assess_applicability,53,signature.get('applicability_digest') != _digest(_json_bytes(content)),raise ArtifactError('validation applicability digest mismatch')
view_operation.py,_completed_view,21,record['kind'] != spec['kind'],raise ArtifactError('completed View kind mismatch')
view_operation.py,_completed_view,24,view.ref.manifest_digest != record['manifest_digest'],raise ArtifactError('completed View manifest mismatch')
view_operation.py,_completed_view,36,spec['kind'] == 'market_qlib' AND actual_basis != config['price_basis'],raise ArtifactError('completed Qlib View price basis mismatch')
view_operation.py,_completed_view,42,key in config AND scope.get(key) != expected,raise ArtifactError('completed View scope mismatch')
view_operation.py,_completed_view,45,"spec['kind'] in {'pr6_fact', 'pr7_fact'} AND manifest['implementation_digests'] != code",raise ArtifactError('completed View implementation mismatch')
view_operation.py,_completed_view,47,"spec['kind'] in {'pr6_fact', 'pr7_fact'} AND instant(manifest['knowledge_cutoff']) != instant(config['knowledge_cutoff'])",raise ArtifactError('completed View cutoff mismatch')
view_operation.py,_completed_view,53,key in config and key in manifest and (manifest[key] != expected),raise ArtifactError('completed View input mismatch: ' + key)
view_operation.py,_completed_view,57,spec['kind'] == 'market_qlib' AND [r['view_id'] for r in refs] != ([config['adjusted_price_view_id']] if config['adjusted_price_view_id'] else []),raise ArtifactError('completed View Derived input mismatch')
view_operation.py,materialize_views,92,"not isinstance(views, dict) or not views",raise ArtifactError('explicit nonempty required View plan required')
view_operation.py,materialize_views,97,"not isinstance(spec, dict) or set(spec) != {'kind', 'config'} or (not isinstance(spec['kind'], str)) or (not isinstance(spec['config'], dict))",raise ArtifactError('required View needs a registered kind and config')
view_operation.py,materialize_views,100,spec['kind'] not in builders,raise ArtifactError('required View needs a registered kind and config')
view_operation.py,materialize_views,102,,raise ArtifactError('invalid required View arguments') from exc
view_operation.py,materialize_views,118,plan_path.exists() AND stored_plan is not None and stored_plan != separate_plan,raise ArtifactError('required View frozen plans disagree')
view_operation.py,materialize_views,121,stored_plan != plan or state['plan_digest'] != _digest(_json_bytes(plan)),raise ArtifactError('required View resume plan or implementation changed')
view_operation.py,materialize_views,200,set(state['published_views']) != set(frozen),raise ArtifactError('required View closure incomplete')
view_states.py,encode_states,29,"kind not in {'financial', 'event'}",raise ArtifactError('unknown sparse View kind')
view_states.py,encode_states,32,len(by_key) != len(rows),raise ArtifactError('duplicate daily View row')
view_states.py,encode_states,36,not days or days != sorted(set(days)),raise ArtifactError('sparse View sessions are not ordered')
view_states.py,encode_states,44,row is None,raise ArtifactError('sparse View is missing a projected day')
view_states.py,encode_states,47,"fact.pop('knowledge_cutoff') != session_cutoff(cutoff, day)",raise ArtifactError('daily View cutoff differs from its session')
view_states.py,encode_states,49,kind == 'event' and fact.pop('target_session') != day,raise ArtifactError('event target session differs from its row')
view_states.py,encode_states,61,"set(by_key) != {(symbol, day) for symbol, days in symbol_sessions.items() for day in days}",raise ArtifactError('sparse View has rows outside its calendar')
view_states.py,unpacked_states,71,type(uncompressed_bytes) is not int or uncompressed_bytes < 0,raise ArtifactError('sparse View size is invalid')
view_states.py,unpacked_states,75,len(raw) != uncompressed_bytes,raise ArtifactError('sparse View decoded size differs from manifest')
view_states.py,unpacked_states,78,raw != _json_bytes(payload),raise ArtifactError('sparse View state JSON is not canonical')
view_states.py,unpacked_states,81,,raise ArtifactError('sparse View state file is invalid') from exc
view_states.py,__init__,89,"kind not in {'financial', 'event'}",raise ArtifactError('unknown sparse View kind')
view_states.py,__init__,91,"not isinstance(payload, dict) or set(payload) != {'sessions', 'symbol_sessions', 'states'}",raise ArtifactError('sparse View payload is invalid')
view_states.py,__init__,98,"not isinstance(sessions, list) or not sessions or sessions != sorted(set(sessions)) or (not isinstance(by_symbol, dict)) or (set(by_symbol) != set(symbols)) or (not isinstance(states, dict)) or (set(states) != set(symbols))",raise ArtifactError('sparse View session or symbol scope is invalid')
view_states.py,__init__,120,"not isinstance(days, list) or not days or days != sorted(set(days)) or (not set(days) <= set(sessions)) or (not isinstance(states[symbol], dict)) or (set(states[symbol]) != set(fields))",raise ArtifactError('sparse View symbol calendar is invalid')
view_states.py,__init__,126,"not isinstance(spans, list) or not spans",raise ArtifactError('sparse View field has no state')
view_states.py,__init__,135,"not isinstance(span, dict) or set(span) != {'effective_from', 'effective_to', 'state'} or (not isinstance(span['state'], dict)) or ('fact' not in span['state']) or (not isinstance(span['state']['fact'], dict)) or ('value' not in span['state']['fact'])",raise ArtifactError('sparse View state is invalid')
view_states.py,__init__,141,first >= last or (previous_end is not None and (first != previous_end or span['state'] == previous_state)),"raise ArtifactError('sparse View intervals overlap, gap or repeat')"
view_states.py,__init__,145,starts[0] != days[0] or previous_end != (date.fromisoformat(days[-1]) + timedelta(days=1)).isoformat(),raise ArtifactError('sparse View intervals do not close their calendar')
view_validation.py,_dependencies,23,kind not in domains,raise ArtifactError('unknown View validation kind')
view_validation.py,inputs,58,"any((file_state(p) != state for p, state in code_states.items()))",raise ArtifactError('View implementation changed during validation')
view_validation.py,inputs,81,"cached is None or cached[0] != key or any((file_state(p) != state for p, state in cached[2].items())) AND any((file_state(p) != state for p, state in observed.items()))",raise ArtifactError('View validation inputs changed during validation')
view_validation.py,inputs,93,"kind == 'market_qlib' AND any((file_state(p) != state for p, state in observed.items()))",raise ArtifactError('View validation inputs changed during validation')
view_validation.py,inputs,98,"any((file_state(p) != state for p, state in observed.items()))",raise ArtifactError('View validation inputs changed during use')
views.py,_snapshot_domain_ref,70,,raise ArtifactError(f'Snapshot lacks required domain {domain!r}') from exc
views.py,adjusted_price_batch,84,len(configs) > ADJUSTED_BATCH_SIZE,raise ArtifactError('adjusted-price batch exceeds its security bound')
views.py,adjusted_price_batch,89,len(selected) != 1,raise ArtifactError('adjusted-price batch requires one symbol per View')
views.py,adjusted_price_batch,112,"any((file_state(path) != state for path, state in observed.items()))",raise ArtifactError('adjusted-price source changed during batch')
views.py,_build_adjusted_price_view,156,start > end or not start <= anchor <= end,raise ArtifactError('adjusted-price anchor must be inside the requested scope')
views.py,_build_adjusted_price_view,158,"pit_policy not in {'strict_decision_time', 'research_non_pit'}",raise ArtifactError('adjusted-price PIT policy is invalid')
views.py,_build_adjusted_price_view,160,pit_policy == 'strict_decision_time' and anchor > cutoff,raise ArtifactError('strict decision-time view cannot use a future anchor')
views.py,_build_adjusted_price_view,183,any((value is None for value in anchors.values())),raise ArtifactError(f'adjusted-price anchor factor is unavailable for {missing!r}')
views.py,_build_adjusted_price_view,197,,raise ArtifactError(f'adjusted-price PIT qualification is insufficient: {exc}') from exc
views.py,_build_adjusted_price_view,205,,assert anchor_factor is not None
views.py,_view_reader,296,reader.data_root != _layout(data_root).root or reader.snapshot.ref.snapshot_id != snapshot_id,raise ArtifactError('checked Reader does not match View root/Snapshot')
views.py,_load_adjusted_price_view,315,"not isinstance(snapshot_ref, dict) or not isinstance(snapshot_ref.get('snapshot_id'), str)",raise ArtifactError('adjusted-price Snapshot ref is invalid')
views.py,_load_adjusted_price_view,322,"snapshot_ref != {'snapshot_id': snapshot.ref.snapshot_id, 'identity_digest': snapshot.manifest['identity_digest']}",raise ArtifactError('adjusted-price Snapshot ref mismatch')
views.py,_load_adjusted_price_view,326,"manifest.get('domain_refs', {}).get(domain) != expected",raise ArtifactError('adjusted-price domain ref mismatch')
views.py,_load_adjusted_price_view,330,"not isinstance(contract_ref, dict) or not isinstance(output, dict)",raise ArtifactError('adjusted-price content refs are invalid')
views.py,_load_adjusted_price_view,339,not contract_path.is_file() or _digest(contract_path.read_bytes()) != contract_ref.get('content_digest') or (not rows_path.is_file()) or (_digest(rows_path.read_bytes()) != output.get('content_digest')),raise ArtifactError('adjusted-price content digest mismatch')
views.py,_load_adjusted_price_view,342,json.loads(contract_path.read_bytes()) != json.loads(packaged_contract),raise ArtifactError('adjusted-price contract is not the registered v1 content')
views.py,_load_adjusted_price_view,349,manifest.get('builder_ref') != expected_builder,raise ArtifactError('adjusted-price builder ref is invalid')
views.py,_load_adjusted_price_view,352,"not isinstance(rows, list) or any((not isinstance(row, dict) for row in rows))",raise ArtifactError('adjusted-price rows are invalid')
views.py,_load_adjusted_price_view,354,output.get('rows') != len(rows),raise ArtifactError('adjusted-price row count mismatch')
views.py,_load_adjusted_price_view,360,_content_tree_digests(target) != expected_paths,raise ArtifactError('adjusted-price view has undeclared content')
views.py,_load_adjusted_price_view,363,"not isinstance(scope, dict) or scope.get('interval') != 'closed'",raise ArtifactError('adjusted-price scope is invalid')
views.py,_load_adjusted_price_view,374,"not start <= anchor <= end or policy not in {'strict_decision_time', 'research_non_pit'} or (policy == 'strict_decision_time' and anchor > cutoff)",raise ArtifactError('adjusted-price anchor policy is invalid')
views.py,_load_adjusted_price_view,378,"structural_only AND qualification not in {'verified', 'observed', 'best_effort', 'unknown'}",raise ArtifactError('adjusted-price PIT qualification is invalid')
views.py,_load_adjusted_price_view,404,not (structural_only),raise ArtifactError('adjusted-price PIT evidence is invalid') from exc
views.py,_load_adjusted_price_view,406,manifest.get('pit_qualification') != qualification,raise ArtifactError('adjusted-price PIT qualification mismatch')
views.py,_load_adjusted_price_view,413,"manifest.get('validation_summary') != {'status': 'PASS', 'anchor_factors_present': True, 'future_anchor_blocked': policy != 'strict_decision_time' or anchor <= cutoff, 'availability_qualification': qualification}",raise ArtifactError('adjusted-price validation did not pass')
views.py,__init__,430,pr6_fact_view_id is not None and financial_fact_view_id is not None,raise ArtifactError('provide one financial FactView ID')
views.py,__init__,446,financial_fact_view_id is not None AND self.financial.manifest['snapshot_ref']['snapshot_id'] != snapshot_id,raise ArtifactError('financial FactView belongs to another Snapshot')
views.py,__init__,454,self.adjusted is not None and self.adjusted.manifest['snapshot_ref']['snapshot_id'] != snapshot_id,raise ArtifactError('FactView Derived ref belongs to another Snapshot')
views.py,financial_members,462,self.financial is None or 'membership_ref' not in self.financial.manifest,raise ArtifactNotFoundError('financial membership ref unavailable')
views.py,read,480,"domain in {'pr6', 'financial'} AND self.financial is None",raise ArtifactNotFoundError('VIEW_NOT_BUILT: explicit financial FactView required')
views.py,read,483,"domain in {'pr6', 'financial'} AND pit_policy not in {'actual', manifest['pit_policy']}",raise ArtifactError('financial FactView policy differs from materialization')
views.py,read,485,"domain in {'pr6', 'financial'} AND cutoff_policy is not None and cutoff_policy != manifest['cutoff_policy']",raise ArtifactError('financial FactView cutoff differs from materialization')
views.py,read,490,"domain in {'pr6', 'financial'} AND manifest['schema_version'] == 'pr6_fact_view.v1' AND not selected_fields or set(selected_fields) - set(manifest['fields'])",raise ArtifactError('invalid v1 FactView fields')
views.py,read,505,"domain in {'pr6', 'financial'} AND not selected_fields or len(selected_fields) != len(set(selected_fields)) or set(selected_fields) - set(manifest['fields'])",raise ArtifactError('invalid financial FactView fields')
views.py,read,528,domain == 'adjusted_price' AND self.adjusted is None,raise ArtifactNotFoundError('adjusted-price view unavailable; build-required')
views.py,read,535,domain == 'adjusted_price' AND not selected_fields or len(selected_fields) != len(set(selected_fields)) or any((field not in available for field in selected_fields)),raise ArtifactError('adjusted FactView fields are invalid')
views.py,read,537,domain == 'adjusted_price' AND price_basis != 'anchor_adjusted',raise ArtifactError('adjusted price requires anchor_adjusted price_basis')
views.py,read,556,"not (domain == 'adjusted_price') AND price_basis not in {'canonical', 'unadjusted'}",raise ArtifactError('canonical fact domain does not support this price basis')
views.py,read,577,pit_policy != 'actual' AND pit_policy in _PIT_STRENGTH AND _PIT_STRENGTH[qualification] < _PIT_STRENGTH[pit_policy],raise ArtifactError('FactView requested PIT qualification is unavailable')
views.py,read,579,pit_policy != 'actual' AND not (pit_policy in _PIT_STRENGTH) AND pit_policy != actual_policy,raise ArtifactError('FactView PIT policy differs from its underlying facts')
views.py,read,581,cutoff_policy is not None and cutoff_policy != actual_cutoff,raise ArtifactError('FactView cutoff policy differs from its underlying facts')
views.py,_build_market_replay_view,631,start > end,raise ArtifactError('MarketReplayView scope is reversed')
views.py,_load_market_replay_view,736,"not isinstance(snapshot_ref, dict) or not isinstance(snapshot_ref.get('snapshot_id'), str)",raise ArtifactError('MarketReplayView Snapshot ref is invalid')
views.py,_load_market_replay_view,740,"snapshot_ref != {'snapshot_id': snapshot.ref.snapshot_id, 'identity_digest': snapshot.manifest['identity_digest']}",raise ArtifactError('MarketReplayView Snapshot ref mismatch')
views.py,_load_market_replay_view,743,"not isinstance(domain_refs, dict)",raise ArtifactError('MarketReplayView domain refs are invalid')
views.py,_load_market_replay_view,746,"ref != _snapshot_domain_ref(snapshot, domain)",raise ArtifactError('MarketReplayView domain ref mismatch')
views.py,_load_market_replay_view,749,"not isinstance(output, dict)",raise ArtifactError('MarketReplayView output ref is invalid')
views.py,_load_market_replay_view,756,manifest.get('builder_ref') != expected_builder,raise ArtifactError('MarketReplayView builder ref is invalid')
views.py,_load_market_replay_view,759,not path.is_file() or _digest(path.read_bytes()) != output.get('content_digest'),raise ArtifactError('MarketReplayView output digest mismatch')
views.py,_load_market_replay_view,762,"not isinstance(rows, list) or output.get('rows') != len(rows)",raise ArtifactError('MarketReplayView rows are invalid')
views.py,_load_market_replay_view,764,_content_tree_digests(target) != {'rows.json': output['content_digest']},raise ArtifactError('MarketReplayView contains undeclared content')
views.py,_load_market_replay_view,766,"manifest.get('price_basis') != 'unadjusted' or manifest.get('validation_summary', {}).get('status') != 'PASS'",raise ArtifactError('MarketReplayView semantic validation failed')
views.py,_load_market_replay_view,776,"not isinstance(scope, dict) or not isinstance(policy, dict) or policy.get('mode') != 'post_session_replay' or (policy.get('replay_cutoff_session') != scope.get('end_session')) or (policy.get('pit_policy') != 'research_non_pit')",raise ArtifactError('MarketReplayView temporal policy is invalid')
views.py,_load_market_replay_view,780,"structural_only AND policy.get('pit_qualification') not in {'verified', 'observed', 'best_effort', 'unknown'}",raise ArtifactError('MarketReplayView PIT qualification is invalid')
views.py,_load_market_replay_view,789,not (structural_only) AND policy.get('pit_qualification') != weakest_pit_qualification(qualification_rows),raise ArtifactError('MarketReplayView PIT qualification mismatch')
