label,kind,symbol,status,issues
adjusted_price-000001.SZ,adjusted_price,000001.SZ,UNKNOWN,[]
adjusted_price-000002.SZ,adjusted_price,000002.SZ,UNKNOWN,[]
adjusted_price-000005.SZ,adjusted_price,000005.SZ,UNKNOWN,[]
adjusted_price-000006.SZ,adjusted_price,000006.SZ,UNKNOWN,[]
adjusted_price-000007.SZ,adjusted_price,000007.SZ,UNKNOWN,[]
adjusted_price-000008.SZ,adjusted_price,000008.SZ,UNKNOWN,[]
adjusted_price-000009.SZ,adjusted_price,000009.SZ,UNKNOWN,[]
adjusted_price-000010.SZ,adjusted_price,000010.SZ,UNKNOWN,[]
adjusted_price-000011.SZ,adjusted_price,000011.SZ,UNKNOWN,[]
adjusted_price-000012.SZ,adjusted_price,000012.SZ,UNKNOWN,[]
adjusted_price-000014.SZ,adjusted_price,000014.SZ,UNKNOWN,[]
adjusted_price-000016.SZ,adjusted_price,000016.SZ,UNKNOWN,[]
adjusted_price-000018.SZ,adjusted_price,000018.SZ,UNKNOWN,[]
adjusted_price-000019.SZ,adjusted_price,000019.SZ,UNKNOWN,[]
adjusted_price-000021.SZ,adjusted_price,000021.SZ,UNKNOWN,[]
adjusted_price-000024.SZ,adjusted_price,000024.SZ,UNKNOWN,[]
adjusted_price-000025.SZ,adjusted_price,000025.SZ,UNKNOWN,[]
adjusted_price-000026.SZ,adjusted_price,000026.SZ,UNKNOWN,[]
adjusted_price-000027.SZ,adjusted_price,000027.SZ,UNKNOWN,[]
adjusted_price-000028.SZ,adjusted_price,000028.SZ,UNKNOWN,[]
adjusted_price-000029.SZ,adjusted_price,000029.SZ,UNKNOWN,[]
adjusted_price-000030.SZ,adjusted_price,000030.SZ,UNKNOWN,[]
adjusted_price-000031.SZ,adjusted_price,000031.SZ,UNKNOWN,[]
adjusted_price-000032.SZ,adjusted_price,000032.SZ,UNKNOWN,[]
adjusted_price-000033.SZ,adjusted_price,000033.SZ,UNKNOWN,[]
adjusted_price-000034.SZ,adjusted_price,000034.SZ,UNKNOWN,[]
adjusted_price-000035.SZ,adjusted_price,000035.SZ,UNKNOWN,[]
adjusted_price-000036.SZ,adjusted_price,000036.SZ,UNKNOWN,[]
adjusted_price-000037.SZ,adjusted_price,000037.SZ,UNKNOWN,[]
adjusted_price-000038.SZ,adjusted_price,000038.SZ,UNKNOWN,[]
adjusted_price-000039.SZ,adjusted_price,000039.SZ,UNKNOWN,[]
adjusted_price-000040.SZ,adjusted_price,000040.SZ,UNKNOWN,[]
adjusted_price-000042.SZ,adjusted_price,000042.SZ,UNKNOWN,[]
adjusted_price-000046.SZ,adjusted_price,000046.SZ,UNKNOWN,[]
adjusted_price-000048.SZ,adjusted_price,000048.SZ,UNKNOWN,[]
adjusted_price-000049.SZ,adjusted_price,000049.SZ,UNKNOWN,[]
adjusted_price-000050.SZ,adjusted_price,000050.SZ,UNKNOWN,[]
adjusted_price-000055.SZ,adjusted_price,000055.SZ,UNKNOWN,[]
adjusted_price-000056.SZ,adjusted_price,000056.SZ,UNKNOWN,[]
adjusted_price-000058.SZ,adjusted_price,000058.SZ,UNKNOWN,[]
adjusted_price-000059.SZ,adjusted_price,000059.SZ,UNKNOWN,[]
adjusted_price-000060.SZ,adjusted_price,000060.SZ,UNKNOWN,[]
adjusted_price-000061.SZ,adjusted_price,000061.SZ,UNKNOWN,[]
adjusted_price-000062.SZ,adjusted_price,000062.SZ,UNKNOWN,[]
adjusted_price-000063.SZ,adjusted_price,000063.SZ,UNKNOWN,[]
adjusted_price-000065.SZ,adjusted_price,000065.SZ,UNKNOWN,[]
adjusted_price-000066.SZ,adjusted_price,000066.SZ,UNKNOWN,[]
adjusted_price-000068.SZ,adjusted_price,000068.SZ,UNKNOWN,[]
adjusted_price-000069.SZ,adjusted_price,000069.SZ,UNKNOWN,[]
adjusted_price-000070.SZ,adjusted_price,000070.SZ,UNKNOWN,[]
adjusted_price-000078.SZ,adjusted_price,000078.SZ,UNKNOWN,[]
adjusted_price-000088.SZ,adjusted_price,000088.SZ,UNKNOWN,[]
adjusted_price-000089.SZ,adjusted_price,000089.SZ,UNKNOWN,[]
adjusted_price-000090.SZ,adjusted_price,000090.SZ,UNKNOWN,[]
adjusted_price-000096.SZ,adjusted_price,000096.SZ,UNKNOWN,[]
adjusted_price-000099.SZ,adjusted_price,000099.SZ,UNKNOWN,[]
adjusted_price-000100.SZ,adjusted_price,000100.SZ,UNKNOWN,[]
adjusted_price-000150.SZ,adjusted_price,000150.SZ,UNKNOWN,[]
adjusted_price-000151.SZ,adjusted_price,000151.SZ,UNKNOWN,[]
adjusted_price-000153.SZ,adjusted_price,000153.SZ,UNKNOWN,[]
adjusted_price-000155.SZ,adjusted_price,000155.SZ,UNKNOWN,[]
adjusted_price-000156.SZ,adjusted_price,000156.SZ,UNKNOWN,[]
adjusted_price-000157.SZ,adjusted_price,000157.SZ,UNKNOWN,[]
adjusted_price-000158.SZ,adjusted_price,000158.SZ,UNKNOWN,[]
adjusted_price-000159.SZ,adjusted_price,000159.SZ,UNKNOWN,[]
adjusted_price-000166.SZ,adjusted_price,000166.SZ,UNKNOWN,[]
adjusted_price-000301.SZ,adjusted_price,000301.SZ,UNKNOWN,[]
adjusted_price-000333.SZ,adjusted_price,000333.SZ,UNKNOWN,[]
adjusted_price-000338.SZ,adjusted_price,000338.SZ,UNKNOWN,[]
adjusted_price-000400.SZ,adjusted_price,000400.SZ,UNKNOWN,[]
adjusted_price-000401.SZ,adjusted_price,000401.SZ,UNKNOWN,[]
adjusted_price-000402.SZ,adjusted_price,000402.SZ,UNKNOWN,[]
adjusted_price-000403.SZ,adjusted_price,000403.SZ,UNKNOWN,[]
adjusted_price-000404.SZ,adjusted_price,000404.SZ,UNKNOWN,[]
adjusted_price-000407.SZ,adjusted_price,000407.SZ,UNKNOWN,[]
adjusted_price-000408.SZ,adjusted_price,000408.SZ,UNKNOWN,[]
adjusted_price-000409.SZ,adjusted_price,000409.SZ,UNKNOWN,[]
adjusted_price-000410.SZ,adjusted_price,000410.SZ,UNKNOWN,[]
adjusted_price-000413.SZ,adjusted_price,000413.SZ,UNKNOWN,[]
adjusted_price-000415.SZ,adjusted_price,000415.SZ,UNKNOWN,[]
adjusted_price-000416.SZ,adjusted_price,000416.SZ,UNKNOWN,[]
adjusted_price-000417.SZ,adjusted_price,000417.SZ,UNKNOWN,[]
adjusted_price-000418.SZ,adjusted_price,000418.SZ,UNKNOWN,[]
adjusted_price-000419.SZ,adjusted_price,000419.SZ,UNKNOWN,[]
adjusted_price-000420.SZ,adjusted_price,000420.SZ,UNKNOWN,[]
adjusted_price-000421.SZ,adjusted_price,000421.SZ,UNKNOWN,[]
adjusted_price-000422.SZ,adjusted_price,000422.SZ,UNKNOWN,[]
adjusted_price-000423.SZ,adjusted_price,000423.SZ,UNKNOWN,[]
adjusted_price-000425.SZ,adjusted_price,000425.SZ,UNKNOWN,[]
adjusted_price-000426.SZ,adjusted_price,000426.SZ,UNKNOWN,[]
adjusted_price-000428.SZ,adjusted_price,000428.SZ,UNKNOWN,[]
adjusted_price-000429.SZ,adjusted_price,000429.SZ,UNKNOWN,[]
adjusted_price-000488.SZ,adjusted_price,000488.SZ,UNKNOWN,[]
adjusted_price-000498.SZ,adjusted_price,000498.SZ,UNKNOWN,[]
adjusted_price-000501.SZ,adjusted_price,000501.SZ,UNKNOWN,[]
adjusted_price-000503.SZ,adjusted_price,000503.SZ,UNKNOWN,[]
adjusted_price-000504.SZ,adjusted_price,000504.SZ,UNKNOWN,[]
adjusted_price-000506.SZ,adjusted_price,000506.SZ,UNKNOWN,[]
adjusted_price-000507.SZ,adjusted_price,000507.SZ,UNKNOWN,[]
adjusted_price-000510.SZ,adjusted_price,000510.SZ,UNKNOWN,[]
adjusted_price-000511.SZ,adjusted_price,000511.SZ,UNKNOWN,[]
adjusted_price-000513.SZ,adjusted_price,000513.SZ,UNKNOWN,[]
adjusted_price-000514.SZ,adjusted_price,000514.SZ,UNKNOWN,[]
adjusted_price-000516.SZ,adjusted_price,000516.SZ,UNKNOWN,[]
adjusted_price-000517.SZ,adjusted_price,000517.SZ,UNKNOWN,[]
adjusted_price-000518.SZ,adjusted_price,000518.SZ,UNKNOWN,[]
adjusted_price-000519.SZ,adjusted_price,000519.SZ,UNKNOWN,[]
adjusted_price-000520.SZ,adjusted_price,000520.SZ,UNKNOWN,[]
adjusted_price-000521.SZ,adjusted_price,000521.SZ,UNKNOWN,[]
adjusted_price-000523.SZ,adjusted_price,000523.SZ,UNKNOWN,[]
adjusted_price-000524.SZ,adjusted_price,000524.SZ,UNKNOWN,[]
adjusted_price-000525.SZ,adjusted_price,000525.SZ,UNKNOWN,[]
adjusted_price-000526.SZ,adjusted_price,000526.SZ,UNKNOWN,[]
adjusted_price-000528.SZ,adjusted_price,000528.SZ,UNKNOWN,[]
adjusted_price-000529.SZ,adjusted_price,000529.SZ,UNKNOWN,[]
adjusted_price-000530.SZ,adjusted_price,000530.SZ,UNKNOWN,[]
adjusted_price-000531.SZ,adjusted_price,000531.SZ,UNKNOWN,[]
adjusted_price-000532.SZ,adjusted_price,000532.SZ,UNKNOWN,[]
adjusted_price-000533.SZ,adjusted_price,000533.SZ,UNKNOWN,[]
adjusted_price-000534.SZ,adjusted_price,000534.SZ,UNKNOWN,[]
adjusted_price-000536.SZ,adjusted_price,000536.SZ,UNKNOWN,[]
adjusted_price-000537.SZ,adjusted_price,000537.SZ,UNKNOWN,[]
adjusted_price-000538.SZ,adjusted_price,000538.SZ,UNKNOWN,[]
adjusted_price-000539.SZ,adjusted_price,000539.SZ,UNKNOWN,[]
adjusted_price-000540.SZ,adjusted_price,000540.SZ,UNKNOWN,[]
adjusted_price-000541.SZ,adjusted_price,000541.SZ,UNKNOWN,[]
adjusted_price-000543.SZ,adjusted_price,000543.SZ,UNKNOWN,[]
adjusted_price-000544.SZ,adjusted_price,000544.SZ,UNKNOWN,[]
adjusted_price-000545.SZ,adjusted_price,000545.SZ,UNKNOWN,[]
adjusted_price-000546.SZ,adjusted_price,000546.SZ,UNKNOWN,[]
adjusted_price-000547.SZ,adjusted_price,000547.SZ,UNKNOWN,[]
adjusted_price-000548.SZ,adjusted_price,000548.SZ,UNKNOWN,[]
adjusted_price-000550.SZ,adjusted_price,000550.SZ,UNKNOWN,[]
adjusted_price-000551.SZ,adjusted_price,000551.SZ,UNKNOWN,[]
adjusted_price-000552.SZ,adjusted_price,000552.SZ,UNKNOWN,[]
adjusted_price-000553.SZ,adjusted_price,000553.SZ,UNKNOWN,[]
adjusted_price-000554.SZ,adjusted_price,000554.SZ,UNKNOWN,[]
adjusted_price-000555.SZ,adjusted_price,000555.SZ,UNKNOWN,[]
adjusted_price-000557.SZ,adjusted_price,000557.SZ,UNKNOWN,[]
adjusted_price-000558.SZ,adjusted_price,000558.SZ,UNKNOWN,[]
adjusted_price-000559.SZ,adjusted_price,000559.SZ,UNKNOWN,[]
adjusted_price-000560.SZ,adjusted_price,000560.SZ,UNKNOWN,[]
adjusted_price-000561.SZ,adjusted_price,000561.SZ,UNKNOWN,[]
adjusted_price-000562.SZ,adjusted_price,000562.SZ,UNKNOWN,[]
adjusted_price-000563.SZ,adjusted_price,000563.SZ,UNKNOWN,[]
adjusted_price-000564.SZ,adjusted_price,000564.SZ,UNKNOWN,[]
adjusted_price-000565.SZ,adjusted_price,000565.SZ,UNKNOWN,[]
adjusted_price-000566.SZ,adjusted_price,000566.SZ,UNKNOWN,[]
adjusted_price-000567.SZ,adjusted_price,000567.SZ,UNKNOWN,[]
adjusted_price-000568.SZ,adjusted_price,000568.SZ,UNKNOWN,[]
adjusted_price-000570.SZ,adjusted_price,000570.SZ,UNKNOWN,[]
adjusted_price-000571.SZ,adjusted_price,000571.SZ,UNKNOWN,[]
adjusted_price-000572.SZ,adjusted_price,000572.SZ,UNKNOWN,[]
adjusted_price-000573.SZ,adjusted_price,000573.SZ,UNKNOWN,[]
adjusted_price-000576.SZ,adjusted_price,000576.SZ,UNKNOWN,[]
adjusted_price-000581.SZ,adjusted_price,000581.SZ,UNKNOWN,[]
adjusted_price-000582.SZ,adjusted_price,000582.SZ,UNKNOWN,[]
adjusted_price-000584.SZ,adjusted_price,000584.SZ,UNKNOWN,[]
adjusted_price-000585.SZ,adjusted_price,000585.SZ,UNKNOWN,[]
adjusted_price-000587.SZ,adjusted_price,000587.SZ,UNKNOWN,[]
adjusted_price-000589.SZ,adjusted_price,000589.SZ,UNKNOWN,[]
adjusted_price-000590.SZ,adjusted_price,000590.SZ,UNKNOWN,[]
adjusted_price-000591.SZ,adjusted_price,000591.SZ,UNKNOWN,[]
adjusted_price-000592.SZ,adjusted_price,000592.SZ,UNKNOWN,[]
adjusted_price-000594.SZ,adjusted_price,000594.SZ,UNKNOWN,[]
adjusted_price-000596.SZ,adjusted_price,000596.SZ,UNKNOWN,[]
adjusted_price-000597.SZ,adjusted_price,000597.SZ,UNKNOWN,[]
adjusted_price-000598.SZ,adjusted_price,000598.SZ,UNKNOWN,[]
adjusted_price-000599.SZ,adjusted_price,000599.SZ,UNKNOWN,[]
adjusted_price-000600.SZ,adjusted_price,000600.SZ,UNKNOWN,[]
adjusted_price-000601.SZ,adjusted_price,000601.SZ,UNKNOWN,[]
adjusted_price-000603.SZ,adjusted_price,000603.SZ,UNKNOWN,[]
adjusted_price-000606.SZ,adjusted_price,000606.SZ,UNKNOWN,[]
adjusted_price-000607.SZ,adjusted_price,000607.SZ,UNKNOWN,[]
adjusted_price-000608.SZ,adjusted_price,000608.SZ,UNKNOWN,[]
adjusted_price-000609.SZ,adjusted_price,000609.SZ,UNKNOWN,[]
adjusted_price-000612.SZ,adjusted_price,000612.SZ,UNKNOWN,[]
adjusted_price-000615.SZ,adjusted_price,000615.SZ,UNKNOWN,[]
adjusted_price-000616.SZ,adjusted_price,000616.SZ,UNKNOWN,[]
adjusted_price-000617.SZ,adjusted_price,000617.SZ,UNKNOWN,[]
adjusted_price-000619.SZ,adjusted_price,000619.SZ,UNKNOWN,[]
adjusted_price-000620.SZ,adjusted_price,000620.SZ,UNKNOWN,[]
adjusted_price-000622.SZ,adjusted_price,000622.SZ,UNKNOWN,[]
adjusted_price-000623.SZ,adjusted_price,000623.SZ,UNKNOWN,[]
adjusted_price-000625.SZ,adjusted_price,000625.SZ,UNKNOWN,[]
adjusted_price-000626.SZ,adjusted_price,000626.SZ,UNKNOWN,[]
adjusted_price-000627.SZ,adjusted_price,000627.SZ,UNKNOWN,[]
adjusted_price-000628.SZ,adjusted_price,000628.SZ,UNKNOWN,[]
adjusted_price-000629.SZ,adjusted_price,000629.SZ,UNKNOWN,[]
adjusted_price-000630.SZ,adjusted_price,000630.SZ,UNKNOWN,[]
adjusted_price-000631.SZ,adjusted_price,000631.SZ,UNKNOWN,[]
adjusted_price-000635.SZ,adjusted_price,000635.SZ,UNKNOWN,[]
adjusted_price-000636.SZ,adjusted_price,000636.SZ,UNKNOWN,[]
adjusted_price-000637.SZ,adjusted_price,000637.SZ,UNKNOWN,[]
adjusted_price-000639.SZ,adjusted_price,000639.SZ,UNKNOWN,[]
adjusted_price-000650.SZ,adjusted_price,000650.SZ,UNKNOWN,[]
adjusted_price-000651.SZ,adjusted_price,000651.SZ,UNKNOWN,[]
adjusted_price-000652.SZ,adjusted_price,000652.SZ,UNKNOWN,[]
adjusted_price-000655.SZ,adjusted_price,000655.SZ,UNKNOWN,[]
adjusted_price-000656.SZ,adjusted_price,000656.SZ,UNKNOWN,[]
adjusted_price-000657.SZ,adjusted_price,000657.SZ,UNKNOWN,[]
adjusted_price-000659.SZ,adjusted_price,000659.SZ,UNKNOWN,[]
adjusted_price-000661.SZ,adjusted_price,000661.SZ,UNKNOWN,[]
adjusted_price-000662.SZ,adjusted_price,000662.SZ,UNKNOWN,[]
adjusted_price-000663.SZ,adjusted_price,000663.SZ,UNKNOWN,[]
adjusted_price-000665.SZ,adjusted_price,000665.SZ,UNKNOWN,[]
adjusted_price-000666.SZ,adjusted_price,000666.SZ,UNKNOWN,[]
adjusted_price-000667.SZ,adjusted_price,000667.SZ,UNKNOWN,[]
adjusted_price-000668.SZ,adjusted_price,000668.SZ,UNKNOWN,[]
adjusted_price-000669.SZ,adjusted_price,000669.SZ,UNKNOWN,[]
adjusted_price-000670.SZ,adjusted_price,000670.SZ,UNKNOWN,[]
adjusted_price-000671.SZ,adjusted_price,000671.SZ,UNKNOWN,[]
adjusted_price-000672.SZ,adjusted_price,000672.SZ,UNKNOWN,[]
adjusted_price-000673.SZ,adjusted_price,000673.SZ,UNKNOWN,[]
adjusted_price-000676.SZ,adjusted_price,000676.SZ,UNKNOWN,[]
adjusted_price-000677.SZ,adjusted_price,000677.SZ,UNKNOWN,[]
adjusted_price-000679.SZ,adjusted_price,000679.SZ,UNKNOWN,[]
adjusted_price-000680.SZ,adjusted_price,000680.SZ,UNKNOWN,[]
adjusted_price-000681.SZ,adjusted_price,000681.SZ,UNKNOWN,[]
adjusted_price-000682.SZ,adjusted_price,000682.SZ,UNKNOWN,[]
adjusted_price-000683.SZ,adjusted_price,000683.SZ,UNKNOWN,[]
adjusted_price-000685.SZ,adjusted_price,000685.SZ,UNKNOWN,[]
adjusted_price-000686.SZ,adjusted_price,000686.SZ,UNKNOWN,[]
adjusted_price-000687.SZ,adjusted_price,000687.SZ,UNKNOWN,[]
adjusted_price-000688.SZ,adjusted_price,000688.SZ,UNKNOWN,[]
adjusted_price-000690.SZ,adjusted_price,000690.SZ,UNKNOWN,[]
adjusted_price-000693.SZ,adjusted_price,000693.SZ,UNKNOWN,[]
adjusted_price-000695.SZ,adjusted_price,000695.SZ,UNKNOWN,[]
adjusted_price-000697.SZ,adjusted_price,000697.SZ,UNKNOWN,[]
adjusted_price-000698.SZ,adjusted_price,000698.SZ,UNKNOWN,[]
adjusted_price-000700.SZ,adjusted_price,000700.SZ,UNKNOWN,[]
adjusted_price-000701.SZ,adjusted_price,000701.SZ,UNKNOWN,[]
adjusted_price-000702.SZ,adjusted_price,000702.SZ,UNKNOWN,[]
adjusted_price-000703.SZ,adjusted_price,000703.SZ,UNKNOWN,[]
adjusted_price-000705.SZ,adjusted_price,000705.SZ,UNKNOWN,[]
adjusted_price-000707.SZ,adjusted_price,000707.SZ,UNKNOWN,[]
adjusted_price-000708.SZ,adjusted_price,000708.SZ,UNKNOWN,[]
adjusted_price-000709.SZ,adjusted_price,000709.SZ,UNKNOWN,[]
adjusted_price-000710.SZ,adjusted_price,000710.SZ,UNKNOWN,[]
adjusted_price-000711.SZ,adjusted_price,000711.SZ,UNKNOWN,[]
adjusted_price-000712.SZ,adjusted_price,000712.SZ,UNKNOWN,[]
adjusted_price-000713.SZ,adjusted_price,000713.SZ,UNKNOWN,[]
adjusted_price-000715.SZ,adjusted_price,000715.SZ,UNKNOWN,[]
adjusted_price-000716.SZ,adjusted_price,000716.SZ,UNKNOWN,[]
adjusted_price-000717.SZ,adjusted_price,000717.SZ,UNKNOWN,[]
adjusted_price-000718.SZ,adjusted_price,000718.SZ,UNKNOWN,[]
adjusted_price-000719.SZ,adjusted_price,000719.SZ,UNKNOWN,[]
adjusted_price-000720.SZ,adjusted_price,000720.SZ,UNKNOWN,[]
adjusted_price-000722.SZ,adjusted_price,000722.SZ,UNKNOWN,[]
adjusted_price-000723.SZ,adjusted_price,000723.SZ,UNKNOWN,[]
adjusted_price-000725.SZ,adjusted_price,000725.SZ,UNKNOWN,[]
adjusted_price-000726.SZ,adjusted_price,000726.SZ,UNKNOWN,[]
adjusted_price-000727.SZ,adjusted_price,000727.SZ,UNKNOWN,[]
adjusted_price-000728.SZ,adjusted_price,000728.SZ,UNKNOWN,[]
adjusted_price-000729.SZ,adjusted_price,000729.SZ,UNKNOWN,[]
adjusted_price-000731.SZ,adjusted_price,000731.SZ,UNKNOWN,[]
adjusted_price-000732.SZ,adjusted_price,000732.SZ,UNKNOWN,[]
adjusted_price-000733.SZ,adjusted_price,000733.SZ,UNKNOWN,[]
adjusted_price-000735.SZ,adjusted_price,000735.SZ,UNKNOWN,[]
adjusted_price-000736.SZ,adjusted_price,000736.SZ,UNKNOWN,[]
adjusted_price-000737.SZ,adjusted_price,000737.SZ,UNKNOWN,[]
adjusted_price-000738.SZ,adjusted_price,000738.SZ,UNKNOWN,[]
adjusted_price-000739.SZ,adjusted_price,000739.SZ,UNKNOWN,[]
adjusted_price-000748.SZ,adjusted_price,000748.SZ,UNKNOWN,[]
adjusted_price-000750.SZ,adjusted_price,000750.SZ,UNKNOWN,[]
adjusted_price-000751.SZ,adjusted_price,000751.SZ,UNKNOWN,[]
adjusted_price-000752.SZ,adjusted_price,000752.SZ,UNKNOWN,[]
adjusted_price-000753.SZ,adjusted_price,000753.SZ,UNKNOWN,[]
adjusted_price-000755.SZ,adjusted_price,000755.SZ,UNKNOWN,[]
adjusted_price-000756.SZ,adjusted_price,000756.SZ,UNKNOWN,[]
adjusted_price-000757.SZ,adjusted_price,000757.SZ,UNKNOWN,[]
adjusted_price-000758.SZ,adjusted_price,000758.SZ,UNKNOWN,[]
adjusted_price-000759.SZ,adjusted_price,000759.SZ,UNKNOWN,[]
adjusted_price-000760.SZ,adjusted_price,000760.SZ,UNKNOWN,[]
adjusted_price-000761.SZ,adjusted_price,000761.SZ,UNKNOWN,[]
adjusted_price-000762.SZ,adjusted_price,000762.SZ,UNKNOWN,[]
adjusted_price-000766.SZ,adjusted_price,000766.SZ,UNKNOWN,[]
adjusted_price-000767.SZ,adjusted_price,000767.SZ,UNKNOWN,[]
adjusted_price-000768.SZ,adjusted_price,000768.SZ,UNKNOWN,[]
adjusted_price-000776.SZ,adjusted_price,000776.SZ,UNKNOWN,[]
adjusted_price-000777.SZ,adjusted_price,000777.SZ,UNKNOWN,[]
adjusted_price-000778.SZ,adjusted_price,000778.SZ,UNKNOWN,[]
adjusted_price-000780.SZ,adjusted_price,000780.SZ,UNKNOWN,[]
adjusted_price-000782.SZ,adjusted_price,000782.SZ,UNKNOWN,[]
adjusted_price-000783.SZ,adjusted_price,000783.SZ,UNKNOWN,[]
adjusted_price-000785.SZ,adjusted_price,000785.SZ,UNKNOWN,[]
adjusted_price-000786.SZ,adjusted_price,000786.SZ,UNKNOWN,[]
adjusted_price-000788.SZ,adjusted_price,000788.SZ,UNKNOWN,[]
adjusted_price-000789.SZ,adjusted_price,000789.SZ,UNKNOWN,[]
adjusted_price-000790.SZ,adjusted_price,000790.SZ,UNKNOWN,[]
adjusted_price-000791.SZ,adjusted_price,000791.SZ,UNKNOWN,[]
adjusted_price-000792.SZ,adjusted_price,000792.SZ,UNKNOWN,[]
adjusted_price-000793.SZ,adjusted_price,000793.SZ,UNKNOWN,[]
adjusted_price-000795.SZ,adjusted_price,000795.SZ,UNKNOWN,[]
adjusted_price-000796.SZ,adjusted_price,000796.SZ,UNKNOWN,[]
adjusted_price-000797.SZ,adjusted_price,000797.SZ,UNKNOWN,[]
adjusted_price-000799.SZ,adjusted_price,000799.SZ,UNKNOWN,[]
adjusted_price-000800.SZ,adjusted_price,000800.SZ,UNKNOWN,[]
adjusted_price-000801.SZ,adjusted_price,000801.SZ,UNKNOWN,[]
adjusted_price-000802.SZ,adjusted_price,000802.SZ,UNKNOWN,[]
adjusted_price-000806.SZ,adjusted_price,000806.SZ,UNKNOWN,[]
adjusted_price-000807.SZ,adjusted_price,000807.SZ,UNKNOWN,[]
adjusted_price-000809.SZ,adjusted_price,000809.SZ,UNKNOWN,[]
adjusted_price-000810.SZ,adjusted_price,000810.SZ,UNKNOWN,[]
adjusted_price-000811.SZ,adjusted_price,000811.SZ,UNKNOWN,[]
adjusted_price-000812.SZ,adjusted_price,000812.SZ,UNKNOWN,[]
adjusted_price-000813.SZ,adjusted_price,000813.SZ,UNKNOWN,[]
adjusted_price-000815.SZ,adjusted_price,000815.SZ,UNKNOWN,[]
adjusted_price-000816.SZ,adjusted_price,000816.SZ,UNKNOWN,[]
adjusted_price-000818.SZ,adjusted_price,000818.SZ,UNKNOWN,[]
adjusted_price-000819.SZ,adjusted_price,000819.SZ,UNKNOWN,[]
adjusted_price-000820.SZ,adjusted_price,000820.SZ,UNKNOWN,[]
adjusted_price-000821.SZ,adjusted_price,000821.SZ,UNKNOWN,[]
adjusted_price-000822.SZ,adjusted_price,000822.SZ,UNKNOWN,[]
adjusted_price-000823.SZ,adjusted_price,000823.SZ,UNKNOWN,[]
adjusted_price-000825.SZ,adjusted_price,000825.SZ,UNKNOWN,[]
adjusted_price-000826.SZ,adjusted_price,000826.SZ,UNKNOWN,[]
adjusted_price-000828.SZ,adjusted_price,000828.SZ,UNKNOWN,[]
adjusted_price-000829.SZ,adjusted_price,000829.SZ,UNKNOWN,[]
adjusted_price-000830.SZ,adjusted_price,000830.SZ,UNKNOWN,[]
adjusted_price-000831.SZ,adjusted_price,000831.SZ,UNKNOWN,[]
adjusted_price-000833.SZ,adjusted_price,000833.SZ,UNKNOWN,[]
adjusted_price-000836.SZ,adjusted_price,000836.SZ,UNKNOWN,[]
adjusted_price-000837.SZ,adjusted_price,000837.SZ,UNKNOWN,[]
adjusted_price-000838.SZ,adjusted_price,000838.SZ,UNKNOWN,[]
adjusted_price-000839.SZ,adjusted_price,000839.SZ,UNKNOWN,[]
adjusted_price-000848.SZ,adjusted_price,000848.SZ,UNKNOWN,[]
adjusted_price-000850.SZ,adjusted_price,000850.SZ,UNKNOWN,[]
adjusted_price-000851.SZ,adjusted_price,000851.SZ,UNKNOWN,[]
adjusted_price-000852.SZ,adjusted_price,000852.SZ,UNKNOWN,[]
adjusted_price-000858.SZ,adjusted_price,000858.SZ,UNKNOWN,[]
adjusted_price-000859.SZ,adjusted_price,000859.SZ,UNKNOWN,[]
adjusted_price-000860.SZ,adjusted_price,000860.SZ,UNKNOWN,[]
adjusted_price-000861.SZ,adjusted_price,000861.SZ,UNKNOWN,[]
adjusted_price-000863.SZ,adjusted_price,000863.SZ,UNKNOWN,[]
adjusted_price-000868.SZ,adjusted_price,000868.SZ,UNKNOWN,[]
adjusted_price-000869.SZ,adjusted_price,000869.SZ,UNKNOWN,[]
adjusted_price-000875.SZ,adjusted_price,000875.SZ,UNKNOWN,[]
adjusted_price-000876.SZ,adjusted_price,000876.SZ,UNKNOWN,[]
adjusted_price-000877.SZ,adjusted_price,000877.SZ,UNKNOWN,[]
adjusted_price-000878.SZ,adjusted_price,000878.SZ,UNKNOWN,[]
adjusted_price-000880.SZ,adjusted_price,000880.SZ,UNKNOWN,[]
adjusted_price-000881.SZ,adjusted_price,000881.SZ,UNKNOWN,[]
adjusted_price-000882.SZ,adjusted_price,000882.SZ,UNKNOWN,[]
adjusted_price-000883.SZ,adjusted_price,000883.SZ,UNKNOWN,[]
adjusted_price-000885.SZ,adjusted_price,000885.SZ,UNKNOWN,[]
adjusted_price-000886.SZ,adjusted_price,000886.SZ,UNKNOWN,[]
adjusted_price-000887.SZ,adjusted_price,000887.SZ,UNKNOWN,[]
adjusted_price-000888.SZ,adjusted_price,000888.SZ,UNKNOWN,[]
adjusted_price-000889.SZ,adjusted_price,000889.SZ,UNKNOWN,[]
adjusted_price-000890.SZ,adjusted_price,000890.SZ,UNKNOWN,[]
adjusted_price-000892.SZ,adjusted_price,000892.SZ,UNKNOWN,[]
adjusted_price-000893.SZ,adjusted_price,000893.SZ,UNKNOWN,[]
adjusted_price-000895.SZ,adjusted_price,000895.SZ,UNKNOWN,[]
adjusted_price-000897.SZ,adjusted_price,000897.SZ,UNKNOWN,[]
adjusted_price-000898.SZ,adjusted_price,000898.SZ,UNKNOWN,[]
adjusted_price-000899.SZ,adjusted_price,000899.SZ,UNKNOWN,[]
adjusted_price-000900.SZ,adjusted_price,000900.SZ,UNKNOWN,[]
adjusted_price-000901.SZ,adjusted_price,000901.SZ,UNKNOWN,[]
adjusted_price-000902.SZ,adjusted_price,000902.SZ,UNKNOWN,[]
adjusted_price-000903.SZ,adjusted_price,000903.SZ,UNKNOWN,[]
adjusted_price-000905.SZ,adjusted_price,000905.SZ,UNKNOWN,[]
adjusted_price-000906.SZ,adjusted_price,000906.SZ,UNKNOWN,[]
adjusted_price-000909.SZ,adjusted_price,000909.SZ,UNKNOWN,[]
adjusted_price-000910.SZ,adjusted_price,000910.SZ,UNKNOWN,[]
adjusted_price-000911.SZ,adjusted_price,000911.SZ,UNKNOWN,[]
adjusted_price-000912.SZ,adjusted_price,000912.SZ,UNKNOWN,[]
adjusted_price-000913.SZ,adjusted_price,000913.SZ,UNKNOWN,[]
adjusted_price-000915.SZ,adjusted_price,000915.SZ,UNKNOWN,[]
adjusted_price-000916.SZ,adjusted_price,000916.SZ,UNKNOWN,[]
adjusted_price-000917.SZ,adjusted_price,000917.SZ,UNKNOWN,[]
adjusted_price-000918.SZ,adjusted_price,000918.SZ,UNKNOWN,[]
adjusted_price-000919.SZ,adjusted_price,000919.SZ,UNKNOWN,[]
adjusted_price-000920.SZ,adjusted_price,000920.SZ,UNKNOWN,[]
adjusted_price-000921.SZ,adjusted_price,000921.SZ,UNKNOWN,[]
adjusted_price-000922.SZ,adjusted_price,000922.SZ,UNKNOWN,[]
adjusted_price-000923.SZ,adjusted_price,000923.SZ,UNKNOWN,[]
adjusted_price-000925.SZ,adjusted_price,000925.SZ,UNKNOWN,[]
adjusted_price-000926.SZ,adjusted_price,000926.SZ,UNKNOWN,[]
adjusted_price-000927.SZ,adjusted_price,000927.SZ,UNKNOWN,[]
adjusted_price-000928.SZ,adjusted_price,000928.SZ,UNKNOWN,[]
adjusted_price-000930.SZ,adjusted_price,000930.SZ,UNKNOWN,[]
adjusted_price-000931.SZ,adjusted_price,000931.SZ,UNKNOWN,[]
adjusted_price-000932.SZ,adjusted_price,000932.SZ,UNKNOWN,[]
adjusted_price-000933.SZ,adjusted_price,000933.SZ,UNKNOWN,[]
adjusted_price-000935.SZ,adjusted_price,000935.SZ,UNKNOWN,[]
adjusted_price-000936.SZ,adjusted_price,000936.SZ,UNKNOWN,[]
adjusted_price-000937.SZ,adjusted_price,000937.SZ,UNKNOWN,[]
adjusted_price-000938.SZ,adjusted_price,000938.SZ,UNKNOWN,[]
adjusted_price-000939.SZ,adjusted_price,000939.SZ,UNKNOWN,[]
adjusted_price-000948.SZ,adjusted_price,000948.SZ,UNKNOWN,[]
adjusted_price-000949.SZ,adjusted_price,000949.SZ,UNKNOWN,[]
adjusted_price-000950.SZ,adjusted_price,000950.SZ,UNKNOWN,[]
adjusted_price-000951.SZ,adjusted_price,000951.SZ,UNKNOWN,[]
adjusted_price-000952.SZ,adjusted_price,000952.SZ,UNKNOWN,[]
adjusted_price-000957.SZ,adjusted_price,000957.SZ,UNKNOWN,[]
adjusted_price-000958.SZ,adjusted_price,000958.SZ,UNKNOWN,[]
adjusted_price-000959.SZ,adjusted_price,000959.SZ,UNKNOWN,[]
adjusted_price-000960.SZ,adjusted_price,000960.SZ,UNKNOWN,[]
adjusted_price-000961.SZ,adjusted_price,000961.SZ,UNKNOWN,[]
adjusted_price-000962.SZ,adjusted_price,000962.SZ,UNKNOWN,[]
adjusted_price-000963.SZ,adjusted_price,000963.SZ,UNKNOWN,[]
adjusted_price-000965.SZ,adjusted_price,000965.SZ,UNKNOWN,[]
adjusted_price-000966.SZ,adjusted_price,000966.SZ,UNKNOWN,[]
adjusted_price-000967.SZ,adjusted_price,000967.SZ,UNKNOWN,[]
adjusted_price-000968.SZ,adjusted_price,000968.SZ,UNKNOWN,[]
adjusted_price-000969.SZ,adjusted_price,000969.SZ,UNKNOWN,[]
adjusted_price-000970.SZ,adjusted_price,000970.SZ,UNKNOWN,[]
adjusted_price-000971.SZ,adjusted_price,000971.SZ,UNKNOWN,[]
adjusted_price-000972.SZ,adjusted_price,000972.SZ,UNKNOWN,[]
adjusted_price-000973.SZ,adjusted_price,000973.SZ,UNKNOWN,[]
adjusted_price-000975.SZ,adjusted_price,000975.SZ,UNKNOWN,[]
adjusted_price-000976.SZ,adjusted_price,000976.SZ,UNKNOWN,[]
adjusted_price-000977.SZ,adjusted_price,000977.SZ,UNKNOWN,[]
adjusted_price-000978.SZ,adjusted_price,000978.SZ,UNKNOWN,[]
adjusted_price-000979.SZ,adjusted_price,000979.SZ,UNKNOWN,[]
adjusted_price-000980.SZ,adjusted_price,000980.SZ,UNKNOWN,[]
adjusted_price-000981.SZ,adjusted_price,000981.SZ,UNKNOWN,[]
adjusted_price-000982.SZ,adjusted_price,000982.SZ,UNKNOWN,[]
adjusted_price-000983.SZ,adjusted_price,000983.SZ,UNKNOWN,[]
adjusted_price-000987.SZ,adjusted_price,000987.SZ,UNKNOWN,[]
adjusted_price-000988.SZ,adjusted_price,000988.SZ,UNKNOWN,[]
adjusted_price-000989.SZ,adjusted_price,000989.SZ,UNKNOWN,[]
adjusted_price-000990.SZ,adjusted_price,000990.SZ,UNKNOWN,[]
adjusted_price-000993.SZ,adjusted_price,000993.SZ,UNKNOWN,[]
adjusted_price-000996.SZ,adjusted_price,000996.SZ,UNKNOWN,[]
adjusted_price-000997.SZ,adjusted_price,000997.SZ,UNKNOWN,[]
adjusted_price-000998.SZ,adjusted_price,000998.SZ,UNKNOWN,[]
adjusted_price-000999.SZ,adjusted_price,000999.SZ,UNKNOWN,[]
adjusted_price-001203.SZ,adjusted_price,001203.SZ,UNKNOWN,[]
adjusted_price-001213.SZ,adjusted_price,001213.SZ,UNKNOWN,[]
adjusted_price-001221.SZ,adjusted_price,001221.SZ,UNKNOWN,[]
adjusted_price-001227.SZ,adjusted_price,001227.SZ,UNKNOWN,[]
adjusted_price-001233.SZ,adjusted_price,001233.SZ,UNKNOWN,[]
adjusted_price-001236.SZ,adjusted_price,001236.SZ,UNKNOWN,[]
adjusted_price-001258.SZ,adjusted_price,001258.SZ,UNKNOWN,[]
adjusted_price-001267.SZ,adjusted_price,001267.SZ,UNKNOWN,[]
adjusted_price-001269.SZ,adjusted_price,001269.SZ,UNKNOWN,[]
adjusted_price-001270.SZ,adjusted_price,001270.SZ,UNKNOWN,[]
adjusted_price-001280.SZ,adjusted_price,001280.SZ,UNKNOWN,[]
adjusted_price-001286.SZ,adjusted_price,001286.SZ,UNKNOWN,[]
adjusted_price-001287.SZ,adjusted_price,001287.SZ,UNKNOWN,[]
adjusted_price-001289.SZ,adjusted_price,001289.SZ,UNKNOWN,[]
adjusted_price-001301.SZ,adjusted_price,001301.SZ,UNKNOWN,[]
adjusted_price-001308.SZ,adjusted_price,001308.SZ,UNKNOWN,[]
adjusted_price-001309.SZ,adjusted_price,001309.SZ,UNKNOWN,[]
adjusted_price-001311.SZ,adjusted_price,001311.SZ,UNKNOWN,[]
adjusted_price-001322.SZ,adjusted_price,001322.SZ,UNKNOWN,[]
adjusted_price-001323.SZ,adjusted_price,001323.SZ,UNKNOWN,[]
adjusted_price-001337.SZ,adjusted_price,001337.SZ,UNKNOWN,[]
adjusted_price-001338.SZ,adjusted_price,001338.SZ,UNKNOWN,[]
adjusted_price-001339.SZ,adjusted_price,001339.SZ,UNKNOWN,[]
adjusted_price-001356.SZ,adjusted_price,001356.SZ,UNKNOWN,[]
adjusted_price-001359.SZ,adjusted_price,001359.SZ,UNKNOWN,[]
adjusted_price-001369.SZ,adjusted_price,001369.SZ,UNKNOWN,[]
adjusted_price-001376.SZ,adjusted_price,001376.SZ,UNKNOWN,[]
adjusted_price-001382.SZ,adjusted_price,001382.SZ,UNKNOWN,[]
adjusted_price-001386.SZ,adjusted_price,001386.SZ,UNKNOWN,[]
adjusted_price-001389.SZ,adjusted_price,001389.SZ,UNKNOWN,[]
adjusted_price-001391.SZ,adjusted_price,001391.SZ,UNKNOWN,[]
adjusted_price-001696.SZ,adjusted_price,001696.SZ,UNKNOWN,[]
adjusted_price-001872.SZ,adjusted_price,001872.SZ,UNKNOWN,[]
adjusted_price-001896.SZ,adjusted_price,001896.SZ,UNKNOWN,[]
adjusted_price-001914.SZ,adjusted_price,001914.SZ,UNKNOWN,[]
adjusted_price-001965.SZ,adjusted_price,001965.SZ,UNKNOWN,[]
adjusted_price-001979.SZ,adjusted_price,001979.SZ,UNKNOWN,[]
adjusted_price-002001.SZ,adjusted_price,002001.SZ,UNKNOWN,[]
adjusted_price-002002.SZ,adjusted_price,002002.SZ,UNKNOWN,[]
adjusted_price-002003.SZ,adjusted_price,002003.SZ,UNKNOWN,[]
adjusted_price-002004.SZ,adjusted_price,002004.SZ,UNKNOWN,[]
adjusted_price-002005.SZ,adjusted_price,002005.SZ,UNKNOWN,[]
adjusted_price-002006.SZ,adjusted_price,002006.SZ,UNKNOWN,[]
adjusted_price-002007.SZ,adjusted_price,002007.SZ,UNKNOWN,[]
adjusted_price-002008.SZ,adjusted_price,002008.SZ,UNKNOWN,[]
adjusted_price-002009.SZ,adjusted_price,002009.SZ,UNKNOWN,[]
adjusted_price-002010.SZ,adjusted_price,002010.SZ,UNKNOWN,[]
adjusted_price-002011.SZ,adjusted_price,002011.SZ,UNKNOWN,[]
adjusted_price-002012.SZ,adjusted_price,002012.SZ,UNKNOWN,[]
adjusted_price-002013.SZ,adjusted_price,002013.SZ,UNKNOWN,[]
adjusted_price-002014.SZ,adjusted_price,002014.SZ,UNKNOWN,[]
adjusted_price-002015.SZ,adjusted_price,002015.SZ,UNKNOWN,[]
adjusted_price-002016.SZ,adjusted_price,002016.SZ,UNKNOWN,[]
adjusted_price-002017.SZ,adjusted_price,002017.SZ,UNKNOWN,[]
adjusted_price-002018.SZ,adjusted_price,002018.SZ,UNKNOWN,[]
adjusted_price-002019.SZ,adjusted_price,002019.SZ,UNKNOWN,[]
adjusted_price-002020.SZ,adjusted_price,002020.SZ,UNKNOWN,[]
adjusted_price-002021.SZ,adjusted_price,002021.SZ,UNKNOWN,[]
adjusted_price-002022.SZ,adjusted_price,002022.SZ,UNKNOWN,[]
adjusted_price-002023.SZ,adjusted_price,002023.SZ,UNKNOWN,[]
adjusted_price-002024.SZ,adjusted_price,002024.SZ,UNKNOWN,[]
adjusted_price-002025.SZ,adjusted_price,002025.SZ,UNKNOWN,[]
adjusted_price-002027.SZ,adjusted_price,002027.SZ,UNKNOWN,[]
adjusted_price-002028.SZ,adjusted_price,002028.SZ,UNKNOWN,[]
adjusted_price-002029.SZ,adjusted_price,002029.SZ,UNKNOWN,[]
adjusted_price-002030.SZ,adjusted_price,002030.SZ,UNKNOWN,[]
adjusted_price-002031.SZ,adjusted_price,002031.SZ,UNKNOWN,[]
adjusted_price-002032.SZ,adjusted_price,002032.SZ,UNKNOWN,[]
adjusted_price-002033.SZ,adjusted_price,002033.SZ,UNKNOWN,[]
adjusted_price-002034.SZ,adjusted_price,002034.SZ,UNKNOWN,[]
adjusted_price-002035.SZ,adjusted_price,002035.SZ,UNKNOWN,[]
adjusted_price-002036.SZ,adjusted_price,002036.SZ,UNKNOWN,[]
adjusted_price-002037.SZ,adjusted_price,002037.SZ,UNKNOWN,[]
adjusted_price-002038.SZ,adjusted_price,002038.SZ,UNKNOWN,[]
adjusted_price-002039.SZ,adjusted_price,002039.SZ,UNKNOWN,[]
adjusted_price-002040.SZ,adjusted_price,002040.SZ,UNKNOWN,[]
adjusted_price-002041.SZ,adjusted_price,002041.SZ,UNKNOWN,[]
adjusted_price-002042.SZ,adjusted_price,002042.SZ,UNKNOWN,[]
adjusted_price-002043.SZ,adjusted_price,002043.SZ,UNKNOWN,[]
adjusted_price-002044.SZ,adjusted_price,002044.SZ,UNKNOWN,[]
adjusted_price-002045.SZ,adjusted_price,002045.SZ,UNKNOWN,[]
adjusted_price-002046.SZ,adjusted_price,002046.SZ,UNKNOWN,[]
adjusted_price-002047.SZ,adjusted_price,002047.SZ,UNKNOWN,[]
adjusted_price-002048.SZ,adjusted_price,002048.SZ,UNKNOWN,[]
adjusted_price-002049.SZ,adjusted_price,002049.SZ,UNKNOWN,[]
adjusted_price-002050.SZ,adjusted_price,002050.SZ,UNKNOWN,[]
adjusted_price-002051.SZ,adjusted_price,002051.SZ,UNKNOWN,[]
adjusted_price-002052.SZ,adjusted_price,002052.SZ,UNKNOWN,[]
adjusted_price-002053.SZ,adjusted_price,002053.SZ,UNKNOWN,[]
adjusted_price-002054.SZ,adjusted_price,002054.SZ,UNKNOWN,[]
adjusted_price-002055.SZ,adjusted_price,002055.SZ,UNKNOWN,[]
adjusted_price-002056.SZ,adjusted_price,002056.SZ,UNKNOWN,[]
adjusted_price-002059.SZ,adjusted_price,002059.SZ,UNKNOWN,[]
adjusted_price-002060.SZ,adjusted_price,002060.SZ,UNKNOWN,[]
adjusted_price-002061.SZ,adjusted_price,002061.SZ,UNKNOWN,[]
adjusted_price-002062.SZ,adjusted_price,002062.SZ,UNKNOWN,[]
adjusted_price-002063.SZ,adjusted_price,002063.SZ,UNKNOWN,[]
adjusted_price-002064.SZ,adjusted_price,002064.SZ,UNKNOWN,[]
adjusted_price-002065.SZ,adjusted_price,002065.SZ,UNKNOWN,[]
adjusted_price-002067.SZ,adjusted_price,002067.SZ,UNKNOWN,[]
adjusted_price-002068.SZ,adjusted_price,002068.SZ,UNKNOWN,[]
adjusted_price-002069.SZ,adjusted_price,002069.SZ,UNKNOWN,[]
adjusted_price-002070.SZ,adjusted_price,002070.SZ,UNKNOWN,[]
adjusted_price-002071.SZ,adjusted_price,002071.SZ,UNKNOWN,[]
adjusted_price-002073.SZ,adjusted_price,002073.SZ,UNKNOWN,[]
adjusted_price-002074.SZ,adjusted_price,002074.SZ,UNKNOWN,[]
adjusted_price-002075.SZ,adjusted_price,002075.SZ,UNKNOWN,[]
adjusted_price-002076.SZ,adjusted_price,002076.SZ,UNKNOWN,[]
adjusted_price-002077.SZ,adjusted_price,002077.SZ,UNKNOWN,[]
adjusted_price-002078.SZ,adjusted_price,002078.SZ,UNKNOWN,[]
adjusted_price-002079.SZ,adjusted_price,002079.SZ,UNKNOWN,[]
adjusted_price-002080.SZ,adjusted_price,002080.SZ,UNKNOWN,[]
adjusted_price-002081.SZ,adjusted_price,002081.SZ,UNKNOWN,[]
adjusted_price-002083.SZ,adjusted_price,002083.SZ,UNKNOWN,[]
adjusted_price-002084.SZ,adjusted_price,002084.SZ,UNKNOWN,[]
adjusted_price-002085.SZ,adjusted_price,002085.SZ,UNKNOWN,[]
adjusted_price-002086.SZ,adjusted_price,002086.SZ,UNKNOWN,[]
adjusted_price-002088.SZ,adjusted_price,002088.SZ,UNKNOWN,[]
adjusted_price-002089.SZ,adjusted_price,002089.SZ,UNKNOWN,[]
adjusted_price-002090.SZ,adjusted_price,002090.SZ,UNKNOWN,[]
adjusted_price-002091.SZ,adjusted_price,002091.SZ,UNKNOWN,[]
adjusted_price-002092.SZ,adjusted_price,002092.SZ,UNKNOWN,[]
adjusted_price-002093.SZ,adjusted_price,002093.SZ,UNKNOWN,[]
adjusted_price-002094.SZ,adjusted_price,002094.SZ,UNKNOWN,[]
adjusted_price-002095.SZ,adjusted_price,002095.SZ,UNKNOWN,[]
adjusted_price-002096.SZ,adjusted_price,002096.SZ,UNKNOWN,[]
adjusted_price-002097.SZ,adjusted_price,002097.SZ,UNKNOWN,[]
adjusted_price-002098.SZ,adjusted_price,002098.SZ,UNKNOWN,[]
adjusted_price-002099.SZ,adjusted_price,002099.SZ,UNKNOWN,[]
adjusted_price-002100.SZ,adjusted_price,002100.SZ,UNKNOWN,[]
adjusted_price-002101.SZ,adjusted_price,002101.SZ,UNKNOWN,[]
adjusted_price-002102.SZ,adjusted_price,002102.SZ,UNKNOWN,[]
adjusted_price-002103.SZ,adjusted_price,002103.SZ,UNKNOWN,[]
adjusted_price-002104.SZ,adjusted_price,002104.SZ,UNKNOWN,[]
adjusted_price-002105.SZ,adjusted_price,002105.SZ,UNKNOWN,[]
adjusted_price-002106.SZ,adjusted_price,002106.SZ,UNKNOWN,[]
adjusted_price-002107.SZ,adjusted_price,002107.SZ,UNKNOWN,[]
adjusted_price-002108.SZ,adjusted_price,002108.SZ,UNKNOWN,[]
adjusted_price-002109.SZ,adjusted_price,002109.SZ,UNKNOWN,[]
adjusted_price-002110.SZ,adjusted_price,002110.SZ,UNKNOWN,[]
adjusted_price-002111.SZ,adjusted_price,002111.SZ,UNKNOWN,[]
adjusted_price-002113.SZ,adjusted_price,002113.SZ,UNKNOWN,[]
adjusted_price-002114.SZ,adjusted_price,002114.SZ,UNKNOWN,[]
adjusted_price-002115.SZ,adjusted_price,002115.SZ,UNKNOWN,[]
adjusted_price-002116.SZ,adjusted_price,002116.SZ,UNKNOWN,[]
adjusted_price-002117.SZ,adjusted_price,002117.SZ,UNKNOWN,[]
adjusted_price-002118.SZ,adjusted_price,002118.SZ,UNKNOWN,[]
adjusted_price-002120.SZ,adjusted_price,002120.SZ,UNKNOWN,[]
adjusted_price-002121.SZ,adjusted_price,002121.SZ,UNKNOWN,[]
adjusted_price-002122.SZ,adjusted_price,002122.SZ,UNKNOWN,[]
adjusted_price-002123.SZ,adjusted_price,002123.SZ,UNKNOWN,[]
adjusted_price-002124.SZ,adjusted_price,002124.SZ,UNKNOWN,[]
adjusted_price-002125.SZ,adjusted_price,002125.SZ,UNKNOWN,[]
adjusted_price-002126.SZ,adjusted_price,002126.SZ,UNKNOWN,[]
adjusted_price-002127.SZ,adjusted_price,002127.SZ,UNKNOWN,[]
adjusted_price-002128.SZ,adjusted_price,002128.SZ,UNKNOWN,[]
adjusted_price-002129.SZ,adjusted_price,002129.SZ,UNKNOWN,[]
adjusted_price-002130.SZ,adjusted_price,002130.SZ,UNKNOWN,[]
adjusted_price-002131.SZ,adjusted_price,002131.SZ,UNKNOWN,[]
adjusted_price-002133.SZ,adjusted_price,002133.SZ,UNKNOWN,[]
adjusted_price-002135.SZ,adjusted_price,002135.SZ,UNKNOWN,[]
adjusted_price-002137.SZ,adjusted_price,002137.SZ,UNKNOWN,[]
adjusted_price-002138.SZ,adjusted_price,002138.SZ,UNKNOWN,[]
adjusted_price-002139.SZ,adjusted_price,002139.SZ,UNKNOWN,[]
adjusted_price-002140.SZ,adjusted_price,002140.SZ,UNKNOWN,[]
adjusted_price-002141.SZ,adjusted_price,002141.SZ,UNKNOWN,[]
adjusted_price-002142.SZ,adjusted_price,002142.SZ,UNKNOWN,[]
adjusted_price-002143.SZ,adjusted_price,002143.SZ,UNKNOWN,[]
adjusted_price-002144.SZ,adjusted_price,002144.SZ,UNKNOWN,[]
adjusted_price-002145.SZ,adjusted_price,002145.SZ,UNKNOWN,[]
adjusted_price-002146.SZ,adjusted_price,002146.SZ,UNKNOWN,[]
adjusted_price-002147.SZ,adjusted_price,002147.SZ,UNKNOWN,[]
adjusted_price-002148.SZ,adjusted_price,002148.SZ,UNKNOWN,[]
adjusted_price-002149.SZ,adjusted_price,002149.SZ,UNKNOWN,[]
adjusted_price-002151.SZ,adjusted_price,002151.SZ,UNKNOWN,[]
adjusted_price-002152.SZ,adjusted_price,002152.SZ,UNKNOWN,[]
adjusted_price-002153.SZ,adjusted_price,002153.SZ,UNKNOWN,[]
adjusted_price-002154.SZ,adjusted_price,002154.SZ,UNKNOWN,[]
adjusted_price-002155.SZ,adjusted_price,002155.SZ,UNKNOWN,[]
adjusted_price-002156.SZ,adjusted_price,002156.SZ,UNKNOWN,[]
adjusted_price-002157.SZ,adjusted_price,002157.SZ,UNKNOWN,[]
adjusted_price-002158.SZ,adjusted_price,002158.SZ,UNKNOWN,[]
adjusted_price-002161.SZ,adjusted_price,002161.SZ,UNKNOWN,[]
adjusted_price-002162.SZ,adjusted_price,002162.SZ,UNKNOWN,[]
adjusted_price-002163.SZ,adjusted_price,002163.SZ,UNKNOWN,[]
adjusted_price-002165.SZ,adjusted_price,002165.SZ,UNKNOWN,[]
adjusted_price-002166.SZ,adjusted_price,002166.SZ,UNKNOWN,[]
adjusted_price-002167.SZ,adjusted_price,002167.SZ,UNKNOWN,[]
adjusted_price-002168.SZ,adjusted_price,002168.SZ,UNKNOWN,[]
adjusted_price-002170.SZ,adjusted_price,002170.SZ,UNKNOWN,[]
adjusted_price-002171.SZ,adjusted_price,002171.SZ,UNKNOWN,[]
adjusted_price-002172.SZ,adjusted_price,002172.SZ,UNKNOWN,[]
adjusted_price-002174.SZ,adjusted_price,002174.SZ,UNKNOWN,[]
adjusted_price-002175.SZ,adjusted_price,002175.SZ,UNKNOWN,[]
adjusted_price-002176.SZ,adjusted_price,002176.SZ,UNKNOWN,[]
adjusted_price-002177.SZ,adjusted_price,002177.SZ,UNKNOWN,[]
adjusted_price-002178.SZ,adjusted_price,002178.SZ,UNKNOWN,[]
adjusted_price-002179.SZ,adjusted_price,002179.SZ,UNKNOWN,[]
adjusted_price-002180.SZ,adjusted_price,002180.SZ,UNKNOWN,[]
adjusted_price-002181.SZ,adjusted_price,002181.SZ,UNKNOWN,[]
adjusted_price-002182.SZ,adjusted_price,002182.SZ,UNKNOWN,[]
adjusted_price-002183.SZ,adjusted_price,002183.SZ,UNKNOWN,[]
adjusted_price-002184.SZ,adjusted_price,002184.SZ,UNKNOWN,[]
adjusted_price-002185.SZ,adjusted_price,002185.SZ,UNKNOWN,[]
adjusted_price-002186.SZ,adjusted_price,002186.SZ,UNKNOWN,[]
adjusted_price-002187.SZ,adjusted_price,002187.SZ,UNKNOWN,[]
adjusted_price-002188.SZ,adjusted_price,002188.SZ,UNKNOWN,[]
adjusted_price-002190.SZ,adjusted_price,002190.SZ,UNKNOWN,[]
adjusted_price-002191.SZ,adjusted_price,002191.SZ,UNKNOWN,[]
adjusted_price-002192.SZ,adjusted_price,002192.SZ,UNKNOWN,[]
adjusted_price-002194.SZ,adjusted_price,002194.SZ,UNKNOWN,[]
adjusted_price-002195.SZ,adjusted_price,002195.SZ,UNKNOWN,[]
adjusted_price-002196.SZ,adjusted_price,002196.SZ,UNKNOWN,[]
adjusted_price-002197.SZ,adjusted_price,002197.SZ,UNKNOWN,[]
adjusted_price-002198.SZ,adjusted_price,002198.SZ,UNKNOWN,[]
adjusted_price-002199.SZ,adjusted_price,002199.SZ,UNKNOWN,[]
adjusted_price-002200.SZ,adjusted_price,002200.SZ,UNKNOWN,[]
adjusted_price-002201.SZ,adjusted_price,002201.SZ,UNKNOWN,[]
adjusted_price-002202.SZ,adjusted_price,002202.SZ,UNKNOWN,[]
adjusted_price-002203.SZ,adjusted_price,002203.SZ,UNKNOWN,[]
adjusted_price-002204.SZ,adjusted_price,002204.SZ,UNKNOWN,[]
adjusted_price-002206.SZ,adjusted_price,002206.SZ,UNKNOWN,[]
adjusted_price-002207.SZ,adjusted_price,002207.SZ,UNKNOWN,[]
adjusted_price-002210.SZ,adjusted_price,002210.SZ,UNKNOWN,[]
adjusted_price-002211.SZ,adjusted_price,002211.SZ,UNKNOWN,[]
adjusted_price-002212.SZ,adjusted_price,002212.SZ,UNKNOWN,[]
adjusted_price-002213.SZ,adjusted_price,002213.SZ,UNKNOWN,[]
adjusted_price-002214.SZ,adjusted_price,002214.SZ,UNKNOWN,[]
adjusted_price-002215.SZ,adjusted_price,002215.SZ,UNKNOWN,[]
adjusted_price-002216.SZ,adjusted_price,002216.SZ,UNKNOWN,[]
adjusted_price-002217.SZ,adjusted_price,002217.SZ,UNKNOWN,[]
adjusted_price-002218.SZ,adjusted_price,002218.SZ,UNKNOWN,[]
adjusted_price-002219.SZ,adjusted_price,002219.SZ,UNKNOWN,[]
adjusted_price-002221.SZ,adjusted_price,002221.SZ,UNKNOWN,[]
adjusted_price-002222.SZ,adjusted_price,002222.SZ,UNKNOWN,[]
adjusted_price-002223.SZ,adjusted_price,002223.SZ,UNKNOWN,[]
adjusted_price-002224.SZ,adjusted_price,002224.SZ,UNKNOWN,[]
adjusted_price-002225.SZ,adjusted_price,002225.SZ,UNKNOWN,[]
adjusted_price-002226.SZ,adjusted_price,002226.SZ,UNKNOWN,[]
adjusted_price-002227.SZ,adjusted_price,002227.SZ,UNKNOWN,[]
adjusted_price-002228.SZ,adjusted_price,002228.SZ,UNKNOWN,[]
adjusted_price-002229.SZ,adjusted_price,002229.SZ,UNKNOWN,[]
adjusted_price-002230.SZ,adjusted_price,002230.SZ,UNKNOWN,[]
adjusted_price-002231.SZ,adjusted_price,002231.SZ,UNKNOWN,[]
adjusted_price-002232.SZ,adjusted_price,002232.SZ,UNKNOWN,[]
adjusted_price-002233.SZ,adjusted_price,002233.SZ,UNKNOWN,[]
adjusted_price-002234.SZ,adjusted_price,002234.SZ,UNKNOWN,[]
adjusted_price-002235.SZ,adjusted_price,002235.SZ,UNKNOWN,[]
adjusted_price-002236.SZ,adjusted_price,002236.SZ,UNKNOWN,[]
adjusted_price-002237.SZ,adjusted_price,002237.SZ,UNKNOWN,[]
adjusted_price-002238.SZ,adjusted_price,002238.SZ,UNKNOWN,[]
adjusted_price-002239.SZ,adjusted_price,002239.SZ,UNKNOWN,[]
adjusted_price-002240.SZ,adjusted_price,002240.SZ,UNKNOWN,[]
adjusted_price-002241.SZ,adjusted_price,002241.SZ,UNKNOWN,[]
adjusted_price-002242.SZ,adjusted_price,002242.SZ,UNKNOWN,[]
adjusted_price-002243.SZ,adjusted_price,002243.SZ,UNKNOWN,[]
adjusted_price-002244.SZ,adjusted_price,002244.SZ,UNKNOWN,[]
adjusted_price-002245.SZ,adjusted_price,002245.SZ,UNKNOWN,[]
adjusted_price-002246.SZ,adjusted_price,002246.SZ,UNKNOWN,[]
adjusted_price-002247.SZ,adjusted_price,002247.SZ,UNKNOWN,[]
adjusted_price-002249.SZ,adjusted_price,002249.SZ,UNKNOWN,[]
adjusted_price-002250.SZ,adjusted_price,002250.SZ,UNKNOWN,[]
adjusted_price-002251.SZ,adjusted_price,002251.SZ,UNKNOWN,[]
adjusted_price-002252.SZ,adjusted_price,002252.SZ,UNKNOWN,[]
adjusted_price-002253.SZ,adjusted_price,002253.SZ,UNKNOWN,[]
adjusted_price-002254.SZ,adjusted_price,002254.SZ,UNKNOWN,[]
adjusted_price-002255.SZ,adjusted_price,002255.SZ,UNKNOWN,[]
adjusted_price-002256.SZ,adjusted_price,002256.SZ,UNKNOWN,[]
adjusted_price-002258.SZ,adjusted_price,002258.SZ,UNKNOWN,[]
adjusted_price-002259.SZ,adjusted_price,002259.SZ,UNKNOWN,[]
adjusted_price-002260.SZ,adjusted_price,002260.SZ,UNKNOWN,[]
adjusted_price-002261.SZ,adjusted_price,002261.SZ,UNKNOWN,[]
adjusted_price-002262.SZ,adjusted_price,002262.SZ,UNKNOWN,[]
adjusted_price-002263.SZ,adjusted_price,002263.SZ,UNKNOWN,[]
adjusted_price-002264.SZ,adjusted_price,002264.SZ,UNKNOWN,[]
adjusted_price-002265.SZ,adjusted_price,002265.SZ,UNKNOWN,[]
adjusted_price-002266.SZ,adjusted_price,002266.SZ,UNKNOWN,[]
adjusted_price-002267.SZ,adjusted_price,002267.SZ,UNKNOWN,[]
adjusted_price-002268.SZ,adjusted_price,002268.SZ,UNKNOWN,[]
adjusted_price-002269.SZ,adjusted_price,002269.SZ,UNKNOWN,[]
adjusted_price-002270.SZ,adjusted_price,002270.SZ,UNKNOWN,[]
adjusted_price-002271.SZ,adjusted_price,002271.SZ,UNKNOWN,[]
adjusted_price-002272.SZ,adjusted_price,002272.SZ,UNKNOWN,[]
adjusted_price-002273.SZ,adjusted_price,002273.SZ,UNKNOWN,[]
adjusted_price-002274.SZ,adjusted_price,002274.SZ,UNKNOWN,[]
adjusted_price-002275.SZ,adjusted_price,002275.SZ,UNKNOWN,[]
adjusted_price-002276.SZ,adjusted_price,002276.SZ,UNKNOWN,[]
adjusted_price-002277.SZ,adjusted_price,002277.SZ,UNKNOWN,[]
adjusted_price-002278.SZ,adjusted_price,002278.SZ,UNKNOWN,[]
adjusted_price-002279.SZ,adjusted_price,002279.SZ,UNKNOWN,[]
adjusted_price-002280.SZ,adjusted_price,002280.SZ,UNKNOWN,[]
adjusted_price-002281.SZ,adjusted_price,002281.SZ,UNKNOWN,[]
adjusted_price-002283.SZ,adjusted_price,002283.SZ,UNKNOWN,[]
adjusted_price-002284.SZ,adjusted_price,002284.SZ,UNKNOWN,[]
adjusted_price-002285.SZ,adjusted_price,002285.SZ,UNKNOWN,[]
adjusted_price-002286.SZ,adjusted_price,002286.SZ,UNKNOWN,[]
adjusted_price-002287.SZ,adjusted_price,002287.SZ,UNKNOWN,[]
adjusted_price-002288.SZ,adjusted_price,002288.SZ,UNKNOWN,[]
adjusted_price-002289.SZ,adjusted_price,002289.SZ,UNKNOWN,[]
adjusted_price-002290.SZ,adjusted_price,002290.SZ,UNKNOWN,[]
adjusted_price-002291.SZ,adjusted_price,002291.SZ,UNKNOWN,[]
adjusted_price-002292.SZ,adjusted_price,002292.SZ,UNKNOWN,[]
adjusted_price-002293.SZ,adjusted_price,002293.SZ,UNKNOWN,[]
adjusted_price-002294.SZ,adjusted_price,002294.SZ,UNKNOWN,[]
adjusted_price-002296.SZ,adjusted_price,002296.SZ,UNKNOWN,[]
adjusted_price-002297.SZ,adjusted_price,002297.SZ,UNKNOWN,[]
adjusted_price-002298.SZ,adjusted_price,002298.SZ,UNKNOWN,[]
adjusted_price-002299.SZ,adjusted_price,002299.SZ,UNKNOWN,[]
adjusted_price-002300.SZ,adjusted_price,002300.SZ,UNKNOWN,[]
adjusted_price-002301.SZ,adjusted_price,002301.SZ,UNKNOWN,[]
adjusted_price-002302.SZ,adjusted_price,002302.SZ,UNKNOWN,[]
adjusted_price-002303.SZ,adjusted_price,002303.SZ,UNKNOWN,[]
adjusted_price-002304.SZ,adjusted_price,002304.SZ,UNKNOWN,[]
adjusted_price-002305.SZ,adjusted_price,002305.SZ,UNKNOWN,[]
adjusted_price-002306.SZ,adjusted_price,002306.SZ,UNKNOWN,[]
adjusted_price-002307.SZ,adjusted_price,002307.SZ,UNKNOWN,[]
adjusted_price-002308.SZ,adjusted_price,002308.SZ,UNKNOWN,[]
adjusted_price-002309.SZ,adjusted_price,002309.SZ,UNKNOWN,[]
adjusted_price-002310.SZ,adjusted_price,002310.SZ,UNKNOWN,[]
adjusted_price-002311.SZ,adjusted_price,002311.SZ,UNKNOWN,[]
adjusted_price-002312.SZ,adjusted_price,002312.SZ,UNKNOWN,[]
adjusted_price-002313.SZ,adjusted_price,002313.SZ,UNKNOWN,[]
adjusted_price-002314.SZ,adjusted_price,002314.SZ,UNKNOWN,[]
adjusted_price-002315.SZ,adjusted_price,002315.SZ,UNKNOWN,[]
adjusted_price-002316.SZ,adjusted_price,002316.SZ,UNKNOWN,[]
adjusted_price-002317.SZ,adjusted_price,002317.SZ,UNKNOWN,[]
adjusted_price-002318.SZ,adjusted_price,002318.SZ,UNKNOWN,[]
adjusted_price-002320.SZ,adjusted_price,002320.SZ,UNKNOWN,[]
adjusted_price-002321.SZ,adjusted_price,002321.SZ,UNKNOWN,[]
adjusted_price-002322.SZ,adjusted_price,002322.SZ,UNKNOWN,[]
adjusted_price-002323.SZ,adjusted_price,002323.SZ,UNKNOWN,[]
adjusted_price-002324.SZ,adjusted_price,002324.SZ,UNKNOWN,[]
adjusted_price-002325.SZ,adjusted_price,002325.SZ,UNKNOWN,[]
adjusted_price-002326.SZ,adjusted_price,002326.SZ,UNKNOWN,[]
adjusted_price-002327.SZ,adjusted_price,002327.SZ,UNKNOWN,[]
adjusted_price-002328.SZ,adjusted_price,002328.SZ,UNKNOWN,[]
adjusted_price-002329.SZ,adjusted_price,002329.SZ,UNKNOWN,[]
adjusted_price-002330.SZ,adjusted_price,002330.SZ,UNKNOWN,[]
adjusted_price-002331.SZ,adjusted_price,002331.SZ,UNKNOWN,[]
adjusted_price-002332.SZ,adjusted_price,002332.SZ,UNKNOWN,[]
adjusted_price-002334.SZ,adjusted_price,002334.SZ,UNKNOWN,[]
adjusted_price-002335.SZ,adjusted_price,002335.SZ,UNKNOWN,[]
adjusted_price-002336.SZ,adjusted_price,002336.SZ,UNKNOWN,[]
adjusted_price-002337.SZ,adjusted_price,002337.SZ,UNKNOWN,[]
adjusted_price-002338.SZ,adjusted_price,002338.SZ,UNKNOWN,[]
adjusted_price-002339.SZ,adjusted_price,002339.SZ,UNKNOWN,[]
adjusted_price-002340.SZ,adjusted_price,002340.SZ,UNKNOWN,[]
adjusted_price-002341.SZ,adjusted_price,002341.SZ,UNKNOWN,[]
adjusted_price-002342.SZ,adjusted_price,002342.SZ,UNKNOWN,[]
adjusted_price-002343.SZ,adjusted_price,002343.SZ,UNKNOWN,[]
adjusted_price-002344.SZ,adjusted_price,002344.SZ,UNKNOWN,[]
adjusted_price-002345.SZ,adjusted_price,002345.SZ,UNKNOWN,[]
adjusted_price-002346.SZ,adjusted_price,002346.SZ,UNKNOWN,[]
adjusted_price-002348.SZ,adjusted_price,002348.SZ,UNKNOWN,[]
adjusted_price-002349.SZ,adjusted_price,002349.SZ,UNKNOWN,[]
adjusted_price-002350.SZ,adjusted_price,002350.SZ,UNKNOWN,[]
adjusted_price-002351.SZ,adjusted_price,002351.SZ,UNKNOWN,[]
adjusted_price-002352.SZ,adjusted_price,002352.SZ,UNKNOWN,[]
adjusted_price-002353.SZ,adjusted_price,002353.SZ,UNKNOWN,[]
adjusted_price-002354.SZ,adjusted_price,002354.SZ,UNKNOWN,[]
adjusted_price-002355.SZ,adjusted_price,002355.SZ,UNKNOWN,[]
adjusted_price-002356.SZ,adjusted_price,002356.SZ,UNKNOWN,[]
adjusted_price-002358.SZ,adjusted_price,002358.SZ,UNKNOWN,[]
adjusted_price-002359.SZ,adjusted_price,002359.SZ,UNKNOWN,[]
adjusted_price-002360.SZ,adjusted_price,002360.SZ,UNKNOWN,[]
adjusted_price-002361.SZ,adjusted_price,002361.SZ,UNKNOWN,[]
adjusted_price-002362.SZ,adjusted_price,002362.SZ,UNKNOWN,[]
adjusted_price-002363.SZ,adjusted_price,002363.SZ,UNKNOWN,[]
adjusted_price-002364.SZ,adjusted_price,002364.SZ,UNKNOWN,[]
adjusted_price-002366.SZ,adjusted_price,002366.SZ,UNKNOWN,[]
adjusted_price-002367.SZ,adjusted_price,002367.SZ,UNKNOWN,[]
adjusted_price-002368.SZ,adjusted_price,002368.SZ,UNKNOWN,[]
adjusted_price-002369.SZ,adjusted_price,002369.SZ,UNKNOWN,[]
adjusted_price-002370.SZ,adjusted_price,002370.SZ,UNKNOWN,[]
adjusted_price-002371.SZ,adjusted_price,002371.SZ,UNKNOWN,[]
adjusted_price-002372.SZ,adjusted_price,002372.SZ,UNKNOWN,[]
adjusted_price-002373.SZ,adjusted_price,002373.SZ,UNKNOWN,[]
adjusted_price-002375.SZ,adjusted_price,002375.SZ,UNKNOWN,[]
adjusted_price-002376.SZ,adjusted_price,002376.SZ,UNKNOWN,[]
adjusted_price-002377.SZ,adjusted_price,002377.SZ,UNKNOWN,[]
adjusted_price-002378.SZ,adjusted_price,002378.SZ,UNKNOWN,[]
adjusted_price-002379.SZ,adjusted_price,002379.SZ,UNKNOWN,[]
adjusted_price-002380.SZ,adjusted_price,002380.SZ,UNKNOWN,[]
adjusted_price-002381.SZ,adjusted_price,002381.SZ,UNKNOWN,[]
adjusted_price-002382.SZ,adjusted_price,002382.SZ,UNKNOWN,[]
adjusted_price-002383.SZ,adjusted_price,002383.SZ,UNKNOWN,[]
adjusted_price-002384.SZ,adjusted_price,002384.SZ,UNKNOWN,[]
adjusted_price-002385.SZ,adjusted_price,002385.SZ,UNKNOWN,[]
adjusted_price-002386.SZ,adjusted_price,002386.SZ,UNKNOWN,[]
adjusted_price-002387.SZ,adjusted_price,002387.SZ,UNKNOWN,[]
adjusted_price-002388.SZ,adjusted_price,002388.SZ,UNKNOWN,[]
adjusted_price-002389.SZ,adjusted_price,002389.SZ,UNKNOWN,[]
adjusted_price-002390.SZ,adjusted_price,002390.SZ,UNKNOWN,[]
adjusted_price-002391.SZ,adjusted_price,002391.SZ,UNKNOWN,[]
adjusted_price-002392.SZ,adjusted_price,002392.SZ,UNKNOWN,[]
adjusted_price-002393.SZ,adjusted_price,002393.SZ,UNKNOWN,[]
adjusted_price-002394.SZ,adjusted_price,002394.SZ,UNKNOWN,[]
adjusted_price-002396.SZ,adjusted_price,002396.SZ,UNKNOWN,[]
adjusted_price-002398.SZ,adjusted_price,002398.SZ,UNKNOWN,[]
adjusted_price-002399.SZ,adjusted_price,002399.SZ,UNKNOWN,[]
adjusted_price-002400.SZ,adjusted_price,002400.SZ,UNKNOWN,[]
adjusted_price-002401.SZ,adjusted_price,002401.SZ,UNKNOWN,[]
adjusted_price-002402.SZ,adjusted_price,002402.SZ,UNKNOWN,[]
adjusted_price-002405.SZ,adjusted_price,002405.SZ,UNKNOWN,[]
adjusted_price-002406.SZ,adjusted_price,002406.SZ,UNKNOWN,[]
adjusted_price-002407.SZ,adjusted_price,002407.SZ,UNKNOWN,[]
adjusted_price-002408.SZ,adjusted_price,002408.SZ,UNKNOWN,[]
adjusted_price-002409.SZ,adjusted_price,002409.SZ,UNKNOWN,[]
adjusted_price-002410.SZ,adjusted_price,002410.SZ,UNKNOWN,[]
adjusted_price-002411.SZ,adjusted_price,002411.SZ,UNKNOWN,[]
adjusted_price-002412.SZ,adjusted_price,002412.SZ,UNKNOWN,[]
adjusted_price-002413.SZ,adjusted_price,002413.SZ,UNKNOWN,[]
adjusted_price-002414.SZ,adjusted_price,002414.SZ,UNKNOWN,[]
adjusted_price-002415.SZ,adjusted_price,002415.SZ,UNKNOWN,[]
adjusted_price-002416.SZ,adjusted_price,002416.SZ,UNKNOWN,[]
adjusted_price-002417.SZ,adjusted_price,002417.SZ,UNKNOWN,[]
adjusted_price-002418.SZ,adjusted_price,002418.SZ,UNKNOWN,[]
adjusted_price-002419.SZ,adjusted_price,002419.SZ,UNKNOWN,[]
adjusted_price-002421.SZ,adjusted_price,002421.SZ,UNKNOWN,[]
adjusted_price-002422.SZ,adjusted_price,002422.SZ,UNKNOWN,[]
adjusted_price-002423.SZ,adjusted_price,002423.SZ,UNKNOWN,[]
adjusted_price-002424.SZ,adjusted_price,002424.SZ,UNKNOWN,[]
adjusted_price-002425.SZ,adjusted_price,002425.SZ,UNKNOWN,[]
adjusted_price-002426.SZ,adjusted_price,002426.SZ,UNKNOWN,[]
adjusted_price-002427.SZ,adjusted_price,002427.SZ,UNKNOWN,[]
adjusted_price-002428.SZ,adjusted_price,002428.SZ,UNKNOWN,[]
adjusted_price-002429.SZ,adjusted_price,002429.SZ,UNKNOWN,[]
adjusted_price-002430.SZ,adjusted_price,002430.SZ,UNKNOWN,[]
adjusted_price-002431.SZ,adjusted_price,002431.SZ,UNKNOWN,[]
adjusted_price-002432.SZ,adjusted_price,002432.SZ,UNKNOWN,[]
adjusted_price-002433.SZ,adjusted_price,002433.SZ,UNKNOWN,[]
adjusted_price-002434.SZ,adjusted_price,002434.SZ,UNKNOWN,[]
adjusted_price-002435.SZ,adjusted_price,002435.SZ,UNKNOWN,[]
adjusted_price-002436.SZ,adjusted_price,002436.SZ,UNKNOWN,[]
adjusted_price-002437.SZ,adjusted_price,002437.SZ,UNKNOWN,[]
adjusted_price-002438.SZ,adjusted_price,002438.SZ,UNKNOWN,[]
adjusted_price-002439.SZ,adjusted_price,002439.SZ,UNKNOWN,[]
adjusted_price-002440.SZ,adjusted_price,002440.SZ,UNKNOWN,[]
adjusted_price-002441.SZ,adjusted_price,002441.SZ,UNKNOWN,[]
adjusted_price-002443.SZ,adjusted_price,002443.SZ,UNKNOWN,[]
adjusted_price-002444.SZ,adjusted_price,002444.SZ,UNKNOWN,[]
adjusted_price-002445.SZ,adjusted_price,002445.SZ,UNKNOWN,[]
adjusted_price-002446.SZ,adjusted_price,002446.SZ,UNKNOWN,[]
adjusted_price-002447.SZ,adjusted_price,002447.SZ,UNKNOWN,[]
adjusted_price-002448.SZ,adjusted_price,002448.SZ,UNKNOWN,[]
adjusted_price-002449.SZ,adjusted_price,002449.SZ,UNKNOWN,[]
adjusted_price-002450.SZ,adjusted_price,002450.SZ,UNKNOWN,[]
adjusted_price-002451.SZ,adjusted_price,002451.SZ,UNKNOWN,[]
adjusted_price-002452.SZ,adjusted_price,002452.SZ,UNKNOWN,[]
adjusted_price-002453.SZ,adjusted_price,002453.SZ,UNKNOWN,[]
adjusted_price-002454.SZ,adjusted_price,002454.SZ,UNKNOWN,[]
adjusted_price-002456.SZ,adjusted_price,002456.SZ,UNKNOWN,[]
adjusted_price-002457.SZ,adjusted_price,002457.SZ,UNKNOWN,[]
adjusted_price-002458.SZ,adjusted_price,002458.SZ,UNKNOWN,[]
adjusted_price-002459.SZ,adjusted_price,002459.SZ,UNKNOWN,[]
adjusted_price-002460.SZ,adjusted_price,002460.SZ,UNKNOWN,[]
adjusted_price-002461.SZ,adjusted_price,002461.SZ,UNKNOWN,[]
adjusted_price-002462.SZ,adjusted_price,002462.SZ,UNKNOWN,[]
adjusted_price-002463.SZ,adjusted_price,002463.SZ,UNKNOWN,[]
adjusted_price-002464.SZ,adjusted_price,002464.SZ,UNKNOWN,[]
adjusted_price-002465.SZ,adjusted_price,002465.SZ,UNKNOWN,[]
adjusted_price-002466.SZ,adjusted_price,002466.SZ,UNKNOWN,[]
adjusted_price-002467.SZ,adjusted_price,002467.SZ,UNKNOWN,[]
adjusted_price-002468.SZ,adjusted_price,002468.SZ,UNKNOWN,[]
adjusted_price-002469.SZ,adjusted_price,002469.SZ,UNKNOWN,[]
adjusted_price-002470.SZ,adjusted_price,002470.SZ,UNKNOWN,[]
adjusted_price-002471.SZ,adjusted_price,002471.SZ,UNKNOWN,[]
adjusted_price-002472.SZ,adjusted_price,002472.SZ,UNKNOWN,[]
adjusted_price-002473.SZ,adjusted_price,002473.SZ,UNKNOWN,[]
adjusted_price-002474.SZ,adjusted_price,002474.SZ,UNKNOWN,[]
adjusted_price-002475.SZ,adjusted_price,002475.SZ,UNKNOWN,[]
adjusted_price-002476.SZ,adjusted_price,002476.SZ,UNKNOWN,[]
adjusted_price-002477.SZ,adjusted_price,002477.SZ,UNKNOWN,[]
adjusted_price-002478.SZ,adjusted_price,002478.SZ,UNKNOWN,[]
adjusted_price-002479.SZ,adjusted_price,002479.SZ,UNKNOWN,[]
adjusted_price-002480.SZ,adjusted_price,002480.SZ,UNKNOWN,[]
adjusted_price-002481.SZ,adjusted_price,002481.SZ,UNKNOWN,[]
adjusted_price-002482.SZ,adjusted_price,002482.SZ,UNKNOWN,[]
adjusted_price-002483.SZ,adjusted_price,002483.SZ,UNKNOWN,[]
adjusted_price-002484.SZ,adjusted_price,002484.SZ,UNKNOWN,[]
adjusted_price-002485.SZ,adjusted_price,002485.SZ,UNKNOWN,[]
adjusted_price-002486.SZ,adjusted_price,002486.SZ,UNKNOWN,[]
adjusted_price-002487.SZ,adjusted_price,002487.SZ,UNKNOWN,[]
adjusted_price-002488.SZ,adjusted_price,002488.SZ,UNKNOWN,[]
adjusted_price-002489.SZ,adjusted_price,002489.SZ,UNKNOWN,[]
adjusted_price-002490.SZ,adjusted_price,002490.SZ,UNKNOWN,[]
adjusted_price-002491.SZ,adjusted_price,002491.SZ,UNKNOWN,[]
adjusted_price-002492.SZ,adjusted_price,002492.SZ,UNKNOWN,[]
adjusted_price-002493.SZ,adjusted_price,002493.SZ,UNKNOWN,[]
adjusted_price-002494.SZ,adjusted_price,002494.SZ,UNKNOWN,[]
adjusted_price-002496.SZ,adjusted_price,002496.SZ,UNKNOWN,[]
adjusted_price-002497.SZ,adjusted_price,002497.SZ,UNKNOWN,[]
adjusted_price-002498.SZ,adjusted_price,002498.SZ,UNKNOWN,[]
adjusted_price-002499.SZ,adjusted_price,002499.SZ,UNKNOWN,[]
adjusted_price-002500.SZ,adjusted_price,002500.SZ,UNKNOWN,[]
adjusted_price-002501.SZ,adjusted_price,002501.SZ,UNKNOWN,[]
adjusted_price-002502.SZ,adjusted_price,002502.SZ,UNKNOWN,[]
adjusted_price-002503.SZ,adjusted_price,002503.SZ,UNKNOWN,[]
adjusted_price-002504.SZ,adjusted_price,002504.SZ,UNKNOWN,[]
adjusted_price-002505.SZ,adjusted_price,002505.SZ,UNKNOWN,[]
adjusted_price-002506.SZ,adjusted_price,002506.SZ,UNKNOWN,[]
adjusted_price-002507.SZ,adjusted_price,002507.SZ,UNKNOWN,[]
adjusted_price-002508.SZ,adjusted_price,002508.SZ,UNKNOWN,[]
adjusted_price-002509.SZ,adjusted_price,002509.SZ,UNKNOWN,[]
adjusted_price-002510.SZ,adjusted_price,002510.SZ,UNKNOWN,[]
adjusted_price-002511.SZ,adjusted_price,002511.SZ,UNKNOWN,[]
adjusted_price-002512.SZ,adjusted_price,002512.SZ,UNKNOWN,[]
adjusted_price-002514.SZ,adjusted_price,002514.SZ,UNKNOWN,[]
adjusted_price-002515.SZ,adjusted_price,002515.SZ,UNKNOWN,[]
adjusted_price-002516.SZ,adjusted_price,002516.SZ,UNKNOWN,[]
adjusted_price-002517.SZ,adjusted_price,002517.SZ,UNKNOWN,[]
adjusted_price-002518.SZ,adjusted_price,002518.SZ,UNKNOWN,[]
adjusted_price-002519.SZ,adjusted_price,002519.SZ,UNKNOWN,[]
adjusted_price-002520.SZ,adjusted_price,002520.SZ,UNKNOWN,[]
adjusted_price-002521.SZ,adjusted_price,002521.SZ,UNKNOWN,[]
adjusted_price-002522.SZ,adjusted_price,002522.SZ,UNKNOWN,[]
adjusted_price-002524.SZ,adjusted_price,002524.SZ,UNKNOWN,[]
adjusted_price-002526.SZ,adjusted_price,002526.SZ,UNKNOWN,[]
adjusted_price-002527.SZ,adjusted_price,002527.SZ,UNKNOWN,[]
adjusted_price-002528.SZ,adjusted_price,002528.SZ,UNKNOWN,[]
adjusted_price-002529.SZ,adjusted_price,002529.SZ,UNKNOWN,[]
adjusted_price-002530.SZ,adjusted_price,002530.SZ,UNKNOWN,[]
adjusted_price-002531.SZ,adjusted_price,002531.SZ,UNKNOWN,[]
adjusted_price-002532.SZ,adjusted_price,002532.SZ,UNKNOWN,[]
adjusted_price-002534.SZ,adjusted_price,002534.SZ,UNKNOWN,[]
adjusted_price-002535.SZ,adjusted_price,002535.SZ,UNKNOWN,[]
adjusted_price-002536.SZ,adjusted_price,002536.SZ,UNKNOWN,[]
adjusted_price-002537.SZ,adjusted_price,002537.SZ,UNKNOWN,[]
adjusted_price-002538.SZ,adjusted_price,002538.SZ,UNKNOWN,[]
adjusted_price-002539.SZ,adjusted_price,002539.SZ,UNKNOWN,[]
adjusted_price-002540.SZ,adjusted_price,002540.SZ,UNKNOWN,[]
adjusted_price-002541.SZ,adjusted_price,002541.SZ,UNKNOWN,[]
adjusted_price-002542.SZ,adjusted_price,002542.SZ,UNKNOWN,[]
adjusted_price-002543.SZ,adjusted_price,002543.SZ,UNKNOWN,[]
adjusted_price-002544.SZ,adjusted_price,002544.SZ,UNKNOWN,[]
adjusted_price-002545.SZ,adjusted_price,002545.SZ,UNKNOWN,[]
adjusted_price-002546.SZ,adjusted_price,002546.SZ,UNKNOWN,[]
adjusted_price-002547.SZ,adjusted_price,002547.SZ,UNKNOWN,[]
adjusted_price-002549.SZ,adjusted_price,002549.SZ,UNKNOWN,[]
adjusted_price-002550.SZ,adjusted_price,002550.SZ,UNKNOWN,[]
adjusted_price-002551.SZ,adjusted_price,002551.SZ,UNKNOWN,[]
adjusted_price-002554.SZ,adjusted_price,002554.SZ,UNKNOWN,[]
adjusted_price-002555.SZ,adjusted_price,002555.SZ,UNKNOWN,[]
adjusted_price-002556.SZ,adjusted_price,002556.SZ,UNKNOWN,[]
adjusted_price-002557.SZ,adjusted_price,002557.SZ,UNKNOWN,[]
adjusted_price-002558.SZ,adjusted_price,002558.SZ,UNKNOWN,[]
adjusted_price-002559.SZ,adjusted_price,002559.SZ,UNKNOWN,[]
adjusted_price-002561.SZ,adjusted_price,002561.SZ,UNKNOWN,[]
adjusted_price-002562.SZ,adjusted_price,002562.SZ,UNKNOWN,[]
adjusted_price-002563.SZ,adjusted_price,002563.SZ,UNKNOWN,[]
adjusted_price-002564.SZ,adjusted_price,002564.SZ,UNKNOWN,[]
adjusted_price-002565.SZ,adjusted_price,002565.SZ,UNKNOWN,[]
adjusted_price-002566.SZ,adjusted_price,002566.SZ,UNKNOWN,[]
adjusted_price-002567.SZ,adjusted_price,002567.SZ,UNKNOWN,[]
adjusted_price-002568.SZ,adjusted_price,002568.SZ,UNKNOWN,[]
adjusted_price-002570.SZ,adjusted_price,002570.SZ,UNKNOWN,[]
adjusted_price-002571.SZ,adjusted_price,002571.SZ,UNKNOWN,[]
adjusted_price-002572.SZ,adjusted_price,002572.SZ,UNKNOWN,[]
adjusted_price-002573.SZ,adjusted_price,002573.SZ,UNKNOWN,[]
adjusted_price-002574.SZ,adjusted_price,002574.SZ,UNKNOWN,[]
adjusted_price-002575.SZ,adjusted_price,002575.SZ,UNKNOWN,[]
adjusted_price-002577.SZ,adjusted_price,002577.SZ,UNKNOWN,[]
adjusted_price-002579.SZ,adjusted_price,002579.SZ,UNKNOWN,[]
adjusted_price-002581.SZ,adjusted_price,002581.SZ,UNKNOWN,[]
adjusted_price-002582.SZ,adjusted_price,002582.SZ,UNKNOWN,[]
adjusted_price-002583.SZ,adjusted_price,002583.SZ,UNKNOWN,[]
adjusted_price-002584.SZ,adjusted_price,002584.SZ,UNKNOWN,[]
adjusted_price-002585.SZ,adjusted_price,002585.SZ,UNKNOWN,[]
adjusted_price-002586.SZ,adjusted_price,002586.SZ,UNKNOWN,[]
adjusted_price-002587.SZ,adjusted_price,002587.SZ,UNKNOWN,[]
adjusted_price-002588.SZ,adjusted_price,002588.SZ,UNKNOWN,[]
adjusted_price-002589.SZ,adjusted_price,002589.SZ,UNKNOWN,[]
adjusted_price-002590.SZ,adjusted_price,002590.SZ,UNKNOWN,[]
adjusted_price-002592.SZ,adjusted_price,002592.SZ,UNKNOWN,[]
adjusted_price-002594.SZ,adjusted_price,002594.SZ,UNKNOWN,[]
adjusted_price-002595.SZ,adjusted_price,002595.SZ,UNKNOWN,[]
adjusted_price-002596.SZ,adjusted_price,002596.SZ,UNKNOWN,[]
adjusted_price-002597.SZ,adjusted_price,002597.SZ,UNKNOWN,[]
adjusted_price-002598.SZ,adjusted_price,002598.SZ,UNKNOWN,[]
adjusted_price-002600.SZ,adjusted_price,002600.SZ,UNKNOWN,[]
adjusted_price-002601.SZ,adjusted_price,002601.SZ,UNKNOWN,[]
adjusted_price-002602.SZ,adjusted_price,002602.SZ,UNKNOWN,[]
adjusted_price-002603.SZ,adjusted_price,002603.SZ,UNKNOWN,[]
adjusted_price-002604.SZ,adjusted_price,002604.SZ,UNKNOWN,[]
adjusted_price-002605.SZ,adjusted_price,002605.SZ,UNKNOWN,[]
adjusted_price-002606.SZ,adjusted_price,002606.SZ,UNKNOWN,[]
adjusted_price-002607.SZ,adjusted_price,002607.SZ,UNKNOWN,[]
adjusted_price-002608.SZ,adjusted_price,002608.SZ,UNKNOWN,[]
adjusted_price-002609.SZ,adjusted_price,002609.SZ,UNKNOWN,[]
adjusted_price-002610.SZ,adjusted_price,002610.SZ,UNKNOWN,[]
adjusted_price-002611.SZ,adjusted_price,002611.SZ,UNKNOWN,[]
adjusted_price-002612.SZ,adjusted_price,002612.SZ,UNKNOWN,[]
adjusted_price-002613.SZ,adjusted_price,002613.SZ,UNKNOWN,[]
adjusted_price-002614.SZ,adjusted_price,002614.SZ,UNKNOWN,[]
adjusted_price-002616.SZ,adjusted_price,002616.SZ,UNKNOWN,[]
adjusted_price-002617.SZ,adjusted_price,002617.SZ,UNKNOWN,[]
adjusted_price-002618.SZ,adjusted_price,002618.SZ,UNKNOWN,[]
adjusted_price-002619.SZ,adjusted_price,002619.SZ,UNKNOWN,[]
adjusted_price-002620.SZ,adjusted_price,002620.SZ,UNKNOWN,[]
adjusted_price-002621.SZ,adjusted_price,002621.SZ,UNKNOWN,[]
adjusted_price-002622.SZ,adjusted_price,002622.SZ,UNKNOWN,[]
adjusted_price-002623.SZ,adjusted_price,002623.SZ,UNKNOWN,[]
adjusted_price-002624.SZ,adjusted_price,002624.SZ,UNKNOWN,[]
adjusted_price-002625.SZ,adjusted_price,002625.SZ,UNKNOWN,[]
adjusted_price-002626.SZ,adjusted_price,002626.SZ,UNKNOWN,[]
adjusted_price-002628.SZ,adjusted_price,002628.SZ,UNKNOWN,[]
adjusted_price-002629.SZ,adjusted_price,002629.SZ,UNKNOWN,[]
adjusted_price-002630.SZ,adjusted_price,002630.SZ,UNKNOWN,[]
adjusted_price-002631.SZ,adjusted_price,002631.SZ,UNKNOWN,[]
adjusted_price-002635.SZ,adjusted_price,002635.SZ,UNKNOWN,[]
adjusted_price-002636.SZ,adjusted_price,002636.SZ,UNKNOWN,[]
adjusted_price-002637.SZ,adjusted_price,002637.SZ,UNKNOWN,[]
adjusted_price-002638.SZ,adjusted_price,002638.SZ,UNKNOWN,[]
adjusted_price-002639.SZ,adjusted_price,002639.SZ,UNKNOWN,[]
adjusted_price-002640.SZ,adjusted_price,002640.SZ,UNKNOWN,[]
adjusted_price-002641.SZ,adjusted_price,002641.SZ,UNKNOWN,[]
adjusted_price-002642.SZ,adjusted_price,002642.SZ,UNKNOWN,[]
adjusted_price-002643.SZ,adjusted_price,002643.SZ,UNKNOWN,[]
adjusted_price-002644.SZ,adjusted_price,002644.SZ,UNKNOWN,[]
adjusted_price-002645.SZ,adjusted_price,002645.SZ,UNKNOWN,[]
adjusted_price-002646.SZ,adjusted_price,002646.SZ,UNKNOWN,[]
adjusted_price-002647.SZ,adjusted_price,002647.SZ,UNKNOWN,[]
adjusted_price-002648.SZ,adjusted_price,002648.SZ,UNKNOWN,[]
adjusted_price-002649.SZ,adjusted_price,002649.SZ,UNKNOWN,[]
adjusted_price-002650.SZ,adjusted_price,002650.SZ,UNKNOWN,[]
adjusted_price-002651.SZ,adjusted_price,002651.SZ,UNKNOWN,[]
adjusted_price-002653.SZ,adjusted_price,002653.SZ,UNKNOWN,[]
adjusted_price-002654.SZ,adjusted_price,002654.SZ,UNKNOWN,[]
adjusted_price-002655.SZ,adjusted_price,002655.SZ,UNKNOWN,[]
adjusted_price-002656.SZ,adjusted_price,002656.SZ,UNKNOWN,[]
adjusted_price-002657.SZ,adjusted_price,002657.SZ,UNKNOWN,[]
adjusted_price-002658.SZ,adjusted_price,002658.SZ,UNKNOWN,[]
adjusted_price-002660.SZ,adjusted_price,002660.SZ,UNKNOWN,[]
adjusted_price-002661.SZ,adjusted_price,002661.SZ,UNKNOWN,[]
adjusted_price-002662.SZ,adjusted_price,002662.SZ,UNKNOWN,[]
adjusted_price-002663.SZ,adjusted_price,002663.SZ,UNKNOWN,[]
adjusted_price-002664.SZ,adjusted_price,002664.SZ,UNKNOWN,[]
adjusted_price-002665.SZ,adjusted_price,002665.SZ,UNKNOWN,[]
adjusted_price-002666.SZ,adjusted_price,002666.SZ,UNKNOWN,[]
adjusted_price-002667.SZ,adjusted_price,002667.SZ,UNKNOWN,[]
adjusted_price-002668.SZ,adjusted_price,002668.SZ,UNKNOWN,[]
adjusted_price-002670.SZ,adjusted_price,002670.SZ,UNKNOWN,[]
adjusted_price-002671.SZ,adjusted_price,002671.SZ,UNKNOWN,[]
adjusted_price-002672.SZ,adjusted_price,002672.SZ,UNKNOWN,[]
adjusted_price-002673.SZ,adjusted_price,002673.SZ,UNKNOWN,[]
adjusted_price-002674.SZ,adjusted_price,002674.SZ,UNKNOWN,[]
adjusted_price-002675.SZ,adjusted_price,002675.SZ,UNKNOWN,[]
adjusted_price-002677.SZ,adjusted_price,002677.SZ,UNKNOWN,[]
adjusted_price-002678.SZ,adjusted_price,002678.SZ,UNKNOWN,[]
adjusted_price-002679.SZ,adjusted_price,002679.SZ,UNKNOWN,[]
adjusted_price-002680.SZ,adjusted_price,002680.SZ,UNKNOWN,[]
adjusted_price-002681.SZ,adjusted_price,002681.SZ,UNKNOWN,[]
adjusted_price-002683.SZ,adjusted_price,002683.SZ,UNKNOWN,[]
adjusted_price-002684.SZ,adjusted_price,002684.SZ,UNKNOWN,[]
adjusted_price-002685.SZ,adjusted_price,002685.SZ,UNKNOWN,[]
adjusted_price-002686.SZ,adjusted_price,002686.SZ,UNKNOWN,[]
adjusted_price-002688.SZ,adjusted_price,002688.SZ,UNKNOWN,[]
adjusted_price-002689.SZ,adjusted_price,002689.SZ,UNKNOWN,[]
adjusted_price-002690.SZ,adjusted_price,002690.SZ,UNKNOWN,[]
adjusted_price-002691.SZ,adjusted_price,002691.SZ,UNKNOWN,[]
adjusted_price-002692.SZ,adjusted_price,002692.SZ,UNKNOWN,[]
adjusted_price-002693.SZ,adjusted_price,002693.SZ,UNKNOWN,[]
adjusted_price-002694.SZ,adjusted_price,002694.SZ,UNKNOWN,[]
adjusted_price-002695.SZ,adjusted_price,002695.SZ,UNKNOWN,[]
adjusted_price-002697.SZ,adjusted_price,002697.SZ,UNKNOWN,[]
adjusted_price-002698.SZ,adjusted_price,002698.SZ,UNKNOWN,[]
adjusted_price-002699.SZ,adjusted_price,002699.SZ,UNKNOWN,[]
adjusted_price-002700.SZ,adjusted_price,002700.SZ,UNKNOWN,[]
adjusted_price-002701.SZ,adjusted_price,002701.SZ,UNKNOWN,[]
adjusted_price-002702.SZ,adjusted_price,002702.SZ,UNKNOWN,[]
adjusted_price-002703.SZ,adjusted_price,002703.SZ,UNKNOWN,[]
adjusted_price-002705.SZ,adjusted_price,002705.SZ,UNKNOWN,[]
adjusted_price-002706.SZ,adjusted_price,002706.SZ,UNKNOWN,[]
adjusted_price-002707.SZ,adjusted_price,002707.SZ,UNKNOWN,[]
adjusted_price-002708.SZ,adjusted_price,002708.SZ,UNKNOWN,[]
adjusted_price-002709.SZ,adjusted_price,002709.SZ,UNKNOWN,[]
adjusted_price-002711.SZ,adjusted_price,002711.SZ,UNKNOWN,[]
adjusted_price-002712.SZ,adjusted_price,002712.SZ,UNKNOWN,[]
adjusted_price-002713.SZ,adjusted_price,002713.SZ,UNKNOWN,[]
adjusted_price-002714.SZ,adjusted_price,002714.SZ,UNKNOWN,[]
adjusted_price-002715.SZ,adjusted_price,002715.SZ,UNKNOWN,[]
adjusted_price-002716.SZ,adjusted_price,002716.SZ,UNKNOWN,[]
adjusted_price-002717.SZ,adjusted_price,002717.SZ,UNKNOWN,[]
adjusted_price-002718.SZ,adjusted_price,002718.SZ,UNKNOWN,[]
adjusted_price-002719.SZ,adjusted_price,002719.SZ,UNKNOWN,[]
adjusted_price-002721.SZ,adjusted_price,002721.SZ,UNKNOWN,[]
adjusted_price-002722.SZ,adjusted_price,002722.SZ,UNKNOWN,[]
adjusted_price-002723.SZ,adjusted_price,002723.SZ,UNKNOWN,[]
adjusted_price-002724.SZ,adjusted_price,002724.SZ,UNKNOWN,[]
adjusted_price-002725.SZ,adjusted_price,002725.SZ,UNKNOWN,[]
adjusted_price-002726.SZ,adjusted_price,002726.SZ,UNKNOWN,[]
adjusted_price-002727.SZ,adjusted_price,002727.SZ,UNKNOWN,[]
adjusted_price-002731.SZ,adjusted_price,002731.SZ,UNKNOWN,[]
adjusted_price-002733.SZ,adjusted_price,002733.SZ,UNKNOWN,[]
adjusted_price-002736.SZ,adjusted_price,002736.SZ,UNKNOWN,[]
adjusted_price-002737.SZ,adjusted_price,002737.SZ,UNKNOWN,[]
adjusted_price-002738.SZ,adjusted_price,002738.SZ,UNKNOWN,[]
adjusted_price-002739.SZ,adjusted_price,002739.SZ,UNKNOWN,[]
adjusted_price-002741.SZ,adjusted_price,002741.SZ,UNKNOWN,[]
adjusted_price-002742.SZ,adjusted_price,002742.SZ,UNKNOWN,[]
adjusted_price-002745.SZ,adjusted_price,002745.SZ,UNKNOWN,[]
adjusted_price-002746.SZ,adjusted_price,002746.SZ,UNKNOWN,[]
adjusted_price-002747.SZ,adjusted_price,002747.SZ,UNKNOWN,[]
adjusted_price-002750.SZ,adjusted_price,002750.SZ,UNKNOWN,[]
adjusted_price-002751.SZ,adjusted_price,002751.SZ,UNKNOWN,[]
adjusted_price-002752.SZ,adjusted_price,002752.SZ,UNKNOWN,[]
adjusted_price-002755.SZ,adjusted_price,002755.SZ,UNKNOWN,[]
adjusted_price-002756.SZ,adjusted_price,002756.SZ,UNKNOWN,[]
adjusted_price-002759.SZ,adjusted_price,002759.SZ,UNKNOWN,[]
adjusted_price-002761.SZ,adjusted_price,002761.SZ,UNKNOWN,[]
adjusted_price-002762.SZ,adjusted_price,002762.SZ,UNKNOWN,[]
adjusted_price-002763.SZ,adjusted_price,002763.SZ,UNKNOWN,[]
adjusted_price-002766.SZ,adjusted_price,002766.SZ,UNKNOWN,[]
adjusted_price-002768.SZ,adjusted_price,002768.SZ,UNKNOWN,[]
adjusted_price-002769.SZ,adjusted_price,002769.SZ,UNKNOWN,[]
adjusted_price-002771.SZ,adjusted_price,002771.SZ,UNKNOWN,[]
adjusted_price-002772.SZ,adjusted_price,002772.SZ,UNKNOWN,[]
adjusted_price-002773.SZ,adjusted_price,002773.SZ,UNKNOWN,[]
adjusted_price-002776.SZ,adjusted_price,002776.SZ,UNKNOWN,[]
adjusted_price-002777.SZ,adjusted_price,002777.SZ,UNKNOWN,[]
adjusted_price-002779.SZ,adjusted_price,002779.SZ,UNKNOWN,[]
adjusted_price-002781.SZ,adjusted_price,002781.SZ,UNKNOWN,[]
adjusted_price-002782.SZ,adjusted_price,002782.SZ,UNKNOWN,[]
adjusted_price-002783.SZ,adjusted_price,002783.SZ,UNKNOWN,[]
adjusted_price-002786.SZ,adjusted_price,002786.SZ,UNKNOWN,[]
adjusted_price-002788.SZ,adjusted_price,002788.SZ,UNKNOWN,[]
adjusted_price-002790.SZ,adjusted_price,002790.SZ,UNKNOWN,[]
adjusted_price-002791.SZ,adjusted_price,002791.SZ,UNKNOWN,[]
adjusted_price-002792.SZ,adjusted_price,002792.SZ,UNKNOWN,[]
adjusted_price-002793.SZ,adjusted_price,002793.SZ,UNKNOWN,[]
adjusted_price-002796.SZ,adjusted_price,002796.SZ,UNKNOWN,[]
adjusted_price-002797.SZ,adjusted_price,002797.SZ,UNKNOWN,[]
adjusted_price-002798.SZ,adjusted_price,002798.SZ,UNKNOWN,[]
adjusted_price-002801.SZ,adjusted_price,002801.SZ,UNKNOWN,[]
adjusted_price-002802.SZ,adjusted_price,002802.SZ,UNKNOWN,[]
adjusted_price-002803.SZ,adjusted_price,002803.SZ,UNKNOWN,[]
adjusted_price-002807.SZ,adjusted_price,002807.SZ,UNKNOWN,[]
adjusted_price-002810.SZ,adjusted_price,002810.SZ,UNKNOWN,[]
adjusted_price-002812.SZ,adjusted_price,002812.SZ,UNKNOWN,[]
adjusted_price-002815.SZ,adjusted_price,002815.SZ,UNKNOWN,[]
adjusted_price-002818.SZ,adjusted_price,002818.SZ,UNKNOWN,[]
adjusted_price-002821.SZ,adjusted_price,002821.SZ,UNKNOWN,[]
adjusted_price-002822.SZ,adjusted_price,002822.SZ,UNKNOWN,[]
adjusted_price-002827.SZ,adjusted_price,002827.SZ,UNKNOWN,[]
adjusted_price-002831.SZ,adjusted_price,002831.SZ,UNKNOWN,[]
adjusted_price-002832.SZ,adjusted_price,002832.SZ,UNKNOWN,[]
adjusted_price-002833.SZ,adjusted_price,002833.SZ,UNKNOWN,[]
adjusted_price-002837.SZ,adjusted_price,002837.SZ,UNKNOWN,[]
adjusted_price-002838.SZ,adjusted_price,002838.SZ,UNKNOWN,[]
adjusted_price-002839.SZ,adjusted_price,002839.SZ,UNKNOWN,[]
adjusted_price-002840.SZ,adjusted_price,002840.SZ,UNKNOWN,[]
adjusted_price-002841.SZ,adjusted_price,002841.SZ,UNKNOWN,[]
adjusted_price-002847.SZ,adjusted_price,002847.SZ,UNKNOWN,[]
adjusted_price-002850.SZ,adjusted_price,002850.SZ,UNKNOWN,[]
adjusted_price-002851.SZ,adjusted_price,002851.SZ,UNKNOWN,[]
adjusted_price-002852.SZ,adjusted_price,002852.SZ,UNKNOWN,[]
adjusted_price-002859.SZ,adjusted_price,002859.SZ,UNKNOWN,[]
adjusted_price-002865.SZ,adjusted_price,002865.SZ,UNKNOWN,[]
adjusted_price-002866.SZ,adjusted_price,002866.SZ,UNKNOWN,[]
adjusted_price-002867.SZ,adjusted_price,002867.SZ,UNKNOWN,[]
adjusted_price-002869.SZ,adjusted_price,002869.SZ,UNKNOWN,[]
adjusted_price-002872.SZ,adjusted_price,002872.SZ,UNKNOWN,[]
adjusted_price-002880.SZ,adjusted_price,002880.SZ,UNKNOWN,[]
adjusted_price-002881.SZ,adjusted_price,002881.SZ,UNKNOWN,[]
adjusted_price-002882.SZ,adjusted_price,002882.SZ,UNKNOWN,[]
adjusted_price-002891.SZ,adjusted_price,002891.SZ,UNKNOWN,[]
adjusted_price-002892.SZ,adjusted_price,002892.SZ,UNKNOWN,[]
adjusted_price-002895.SZ,adjusted_price,002895.SZ,UNKNOWN,[]
adjusted_price-002896.SZ,adjusted_price,002896.SZ,UNKNOWN,[]
adjusted_price-002897.SZ,adjusted_price,002897.SZ,UNKNOWN,[]
adjusted_price-002901.SZ,adjusted_price,002901.SZ,UNKNOWN,[]
adjusted_price-002906.SZ,adjusted_price,002906.SZ,UNKNOWN,[]
adjusted_price-002907.SZ,adjusted_price,002907.SZ,UNKNOWN,[]
adjusted_price-002911.SZ,adjusted_price,002911.SZ,UNKNOWN,[]
adjusted_price-002912.SZ,adjusted_price,002912.SZ,UNKNOWN,[]
adjusted_price-002913.SZ,adjusted_price,002913.SZ,UNKNOWN,[]
adjusted_price-002916.SZ,adjusted_price,002916.SZ,UNKNOWN,[]
adjusted_price-002918.SZ,adjusted_price,002918.SZ,UNKNOWN,[]
adjusted_price-002920.SZ,adjusted_price,002920.SZ,UNKNOWN,[]
adjusted_price-002922.SZ,adjusted_price,002922.SZ,UNKNOWN,[]
adjusted_price-002925.SZ,adjusted_price,002925.SZ,UNKNOWN,[]
adjusted_price-002926.SZ,adjusted_price,002926.SZ,UNKNOWN,[]
adjusted_price-002928.SZ,adjusted_price,002928.SZ,UNKNOWN,[]
adjusted_price-002929.SZ,adjusted_price,002929.SZ,UNKNOWN,[]
adjusted_price-002930.SZ,adjusted_price,002930.SZ,UNKNOWN,[]
adjusted_price-002932.SZ,adjusted_price,002932.SZ,UNKNOWN,[]
adjusted_price-002933.SZ,adjusted_price,002933.SZ,UNKNOWN,[]
adjusted_price-002936.SZ,adjusted_price,002936.SZ,UNKNOWN,[]
adjusted_price-002938.SZ,adjusted_price,002938.SZ,UNKNOWN,[]
adjusted_price-002939.SZ,adjusted_price,002939.SZ,UNKNOWN,[]
adjusted_price-002941.SZ,adjusted_price,002941.SZ,UNKNOWN,[]
adjusted_price-002945.SZ,adjusted_price,002945.SZ,UNKNOWN,[]
adjusted_price-002946.SZ,adjusted_price,002946.SZ,UNKNOWN,[]
adjusted_price-002947.SZ,adjusted_price,002947.SZ,UNKNOWN,[]
adjusted_price-002948.SZ,adjusted_price,002948.SZ,UNKNOWN,[]
adjusted_price-002950.SZ,adjusted_price,002950.SZ,UNKNOWN,[]
adjusted_price-002951.SZ,adjusted_price,002951.SZ,UNKNOWN,[]
adjusted_price-002955.SZ,adjusted_price,002955.SZ,UNKNOWN,[]
adjusted_price-002957.SZ,adjusted_price,002957.SZ,UNKNOWN,[]
adjusted_price-002958.SZ,adjusted_price,002958.SZ,UNKNOWN,[]
adjusted_price-002959.SZ,adjusted_price,002959.SZ,UNKNOWN,[]
adjusted_price-002960.SZ,adjusted_price,002960.SZ,UNKNOWN,[]
adjusted_price-002961.SZ,adjusted_price,002961.SZ,UNKNOWN,[]
adjusted_price-002962.SZ,adjusted_price,002962.SZ,UNKNOWN,[]
adjusted_price-002965.SZ,adjusted_price,002965.SZ,UNKNOWN,[]
adjusted_price-002966.SZ,adjusted_price,002966.SZ,UNKNOWN,[]
adjusted_price-002967.SZ,adjusted_price,002967.SZ,UNKNOWN,[]
adjusted_price-002969.SZ,adjusted_price,002969.SZ,UNKNOWN,[]
adjusted_price-002970.SZ,adjusted_price,002970.SZ,UNKNOWN,[]
adjusted_price-002973.SZ,adjusted_price,002973.SZ,UNKNOWN,[]
adjusted_price-002975.SZ,adjusted_price,002975.SZ,UNKNOWN,[]
adjusted_price-002977.SZ,adjusted_price,002977.SZ,UNKNOWN,[]
adjusted_price-002978.SZ,adjusted_price,002978.SZ,UNKNOWN,[]
adjusted_price-002979.SZ,adjusted_price,002979.SZ,UNKNOWN,[]
adjusted_price-002980.SZ,adjusted_price,002980.SZ,UNKNOWN,[]
adjusted_price-002982.SZ,adjusted_price,002982.SZ,UNKNOWN,[]
adjusted_price-002984.SZ,adjusted_price,002984.SZ,UNKNOWN,[]
adjusted_price-002985.SZ,adjusted_price,002985.SZ,UNKNOWN,[]
adjusted_price-002987.SZ,adjusted_price,002987.SZ,UNKNOWN,[]
adjusted_price-002989.SZ,adjusted_price,002989.SZ,UNKNOWN,[]
adjusted_price-002990.SZ,adjusted_price,002990.SZ,UNKNOWN,[]
adjusted_price-002991.SZ,adjusted_price,002991.SZ,UNKNOWN,[]
adjusted_price-002993.SZ,adjusted_price,002993.SZ,UNKNOWN,[]
adjusted_price-003006.SZ,adjusted_price,003006.SZ,UNKNOWN,[]
adjusted_price-003009.SZ,adjusted_price,003009.SZ,UNKNOWN,[]
adjusted_price-003010.SZ,adjusted_price,003010.SZ,UNKNOWN,[]
adjusted_price-003012.SZ,adjusted_price,003012.SZ,UNKNOWN,[]
adjusted_price-003021.SZ,adjusted_price,003021.SZ,UNKNOWN,[]
adjusted_price-003022.SZ,adjusted_price,003022.SZ,UNKNOWN,[]
adjusted_price-003031.SZ,adjusted_price,003031.SZ,UNKNOWN,[]
adjusted_price-003032.SZ,adjusted_price,003032.SZ,UNKNOWN,[]
adjusted_price-003035.SZ,adjusted_price,003035.SZ,UNKNOWN,[]
adjusted_price-003039.SZ,adjusted_price,003039.SZ,UNKNOWN,[]
adjusted_price-003040.SZ,adjusted_price,003040.SZ,UNKNOWN,[]
adjusted_price-003816.SZ,adjusted_price,003816.SZ,UNKNOWN,[]
adjusted_price-300001.SZ,adjusted_price,300001.SZ,UNKNOWN,[]
adjusted_price-300002.SZ,adjusted_price,300002.SZ,UNKNOWN,[]
adjusted_price-300003.SZ,adjusted_price,300003.SZ,UNKNOWN,[]
adjusted_price-300004.SZ,adjusted_price,300004.SZ,UNKNOWN,[]
adjusted_price-300005.SZ,adjusted_price,300005.SZ,UNKNOWN,[]
adjusted_price-300006.SZ,adjusted_price,300006.SZ,UNKNOWN,[]
adjusted_price-300007.SZ,adjusted_price,300007.SZ,UNKNOWN,[]
adjusted_price-300008.SZ,adjusted_price,300008.SZ,UNKNOWN,[]
adjusted_price-300009.SZ,adjusted_price,300009.SZ,UNKNOWN,[]
adjusted_price-300010.SZ,adjusted_price,300010.SZ,UNKNOWN,[]
adjusted_price-300011.SZ,adjusted_price,300011.SZ,UNKNOWN,[]
adjusted_price-300012.SZ,adjusted_price,300012.SZ,UNKNOWN,[]
adjusted_price-300014.SZ,adjusted_price,300014.SZ,UNKNOWN,[]
adjusted_price-300015.SZ,adjusted_price,300015.SZ,UNKNOWN,[]
adjusted_price-300016.SZ,adjusted_price,300016.SZ,UNKNOWN,[]
adjusted_price-300017.SZ,adjusted_price,300017.SZ,UNKNOWN,[]
adjusted_price-300018.SZ,adjusted_price,300018.SZ,UNKNOWN,[]
adjusted_price-300020.SZ,adjusted_price,300020.SZ,UNKNOWN,[]
adjusted_price-300021.SZ,adjusted_price,300021.SZ,UNKNOWN,[]
adjusted_price-300022.SZ,adjusted_price,300022.SZ,UNKNOWN,[]
adjusted_price-300024.SZ,adjusted_price,300024.SZ,UNKNOWN,[]
adjusted_price-300025.SZ,adjusted_price,300025.SZ,UNKNOWN,[]
adjusted_price-300026.SZ,adjusted_price,300026.SZ,UNKNOWN,[]
adjusted_price-300027.SZ,adjusted_price,300027.SZ,UNKNOWN,[]
adjusted_price-300028.SZ,adjusted_price,300028.SZ,UNKNOWN,[]
adjusted_price-300030.SZ,adjusted_price,300030.SZ,UNKNOWN,[]
adjusted_price-300031.SZ,adjusted_price,300031.SZ,UNKNOWN,[]
adjusted_price-300032.SZ,adjusted_price,300032.SZ,UNKNOWN,[]
adjusted_price-300033.SZ,adjusted_price,300033.SZ,UNKNOWN,[]
adjusted_price-300034.SZ,adjusted_price,300034.SZ,UNKNOWN,[]
adjusted_price-300035.SZ,adjusted_price,300035.SZ,UNKNOWN,[]
adjusted_price-300036.SZ,adjusted_price,300036.SZ,UNKNOWN,[]
adjusted_price-300037.SZ,adjusted_price,300037.SZ,UNKNOWN,[]
adjusted_price-300038.SZ,adjusted_price,300038.SZ,UNKNOWN,[]
adjusted_price-300039.SZ,adjusted_price,300039.SZ,UNKNOWN,[]
adjusted_price-300041.SZ,adjusted_price,300041.SZ,UNKNOWN,[]
adjusted_price-300043.SZ,adjusted_price,300043.SZ,UNKNOWN,[]
adjusted_price-300044.SZ,adjusted_price,300044.SZ,UNKNOWN,[]
adjusted_price-300045.SZ,adjusted_price,300045.SZ,UNKNOWN,[]
adjusted_price-300047.SZ,adjusted_price,300047.SZ,UNKNOWN,[]
adjusted_price-300048.SZ,adjusted_price,300048.SZ,UNKNOWN,[]
adjusted_price-300049.SZ,adjusted_price,300049.SZ,UNKNOWN,[]
adjusted_price-300050.SZ,adjusted_price,300050.SZ,UNKNOWN,[]
adjusted_price-300051.SZ,adjusted_price,300051.SZ,UNKNOWN,[]
adjusted_price-300052.SZ,adjusted_price,300052.SZ,UNKNOWN,[]
adjusted_price-300053.SZ,adjusted_price,300053.SZ,UNKNOWN,[]
adjusted_price-300054.SZ,adjusted_price,300054.SZ,UNKNOWN,[]
adjusted_price-300055.SZ,adjusted_price,300055.SZ,UNKNOWN,[]
adjusted_price-300056.SZ,adjusted_price,300056.SZ,UNKNOWN,[]
adjusted_price-300057.SZ,adjusted_price,300057.SZ,UNKNOWN,[]
adjusted_price-300058.SZ,adjusted_price,300058.SZ,UNKNOWN,[]
adjusted_price-300059.SZ,adjusted_price,300059.SZ,UNKNOWN,[]
adjusted_price-300061.SZ,adjusted_price,300061.SZ,UNKNOWN,[]
adjusted_price-300063.SZ,adjusted_price,300063.SZ,UNKNOWN,[]
adjusted_price-300064.SZ,adjusted_price,300064.SZ,UNKNOWN,[]
adjusted_price-300065.SZ,adjusted_price,300065.SZ,UNKNOWN,[]
adjusted_price-300066.SZ,adjusted_price,300066.SZ,UNKNOWN,[]
adjusted_price-300067.SZ,adjusted_price,300067.SZ,UNKNOWN,[]
adjusted_price-300068.SZ,adjusted_price,300068.SZ,UNKNOWN,[]
adjusted_price-300070.SZ,adjusted_price,300070.SZ,UNKNOWN,[]
adjusted_price-300071.SZ,adjusted_price,300071.SZ,UNKNOWN,[]
adjusted_price-300072.SZ,adjusted_price,300072.SZ,UNKNOWN,[]
adjusted_price-300073.SZ,adjusted_price,300073.SZ,UNKNOWN,[]
adjusted_price-300074.SZ,adjusted_price,300074.SZ,UNKNOWN,[]
adjusted_price-300075.SZ,adjusted_price,300075.SZ,UNKNOWN,[]
adjusted_price-300076.SZ,adjusted_price,300076.SZ,UNKNOWN,[]
adjusted_price-300077.SZ,adjusted_price,300077.SZ,UNKNOWN,[]
adjusted_price-300078.SZ,adjusted_price,300078.SZ,UNKNOWN,[]
adjusted_price-300079.SZ,adjusted_price,300079.SZ,UNKNOWN,[]
adjusted_price-300080.SZ,adjusted_price,300080.SZ,UNKNOWN,[]
adjusted_price-300081.SZ,adjusted_price,300081.SZ,UNKNOWN,[]
adjusted_price-300082.SZ,adjusted_price,300082.SZ,UNKNOWN,[]
adjusted_price-300083.SZ,adjusted_price,300083.SZ,UNKNOWN,[]
adjusted_price-300084.SZ,adjusted_price,300084.SZ,UNKNOWN,[]
adjusted_price-300085.SZ,adjusted_price,300085.SZ,UNKNOWN,[]
adjusted_price-300086.SZ,adjusted_price,300086.SZ,UNKNOWN,[]
adjusted_price-300087.SZ,adjusted_price,300087.SZ,UNKNOWN,[]
adjusted_price-300088.SZ,adjusted_price,300088.SZ,UNKNOWN,[]
adjusted_price-300090.SZ,adjusted_price,300090.SZ,UNKNOWN,[]
adjusted_price-300091.SZ,adjusted_price,300091.SZ,UNKNOWN,[]
adjusted_price-300094.SZ,adjusted_price,300094.SZ,UNKNOWN,[]
adjusted_price-300096.SZ,adjusted_price,300096.SZ,UNKNOWN,[]
adjusted_price-300097.SZ,adjusted_price,300097.SZ,UNKNOWN,[]
adjusted_price-300098.SZ,adjusted_price,300098.SZ,UNKNOWN,[]
adjusted_price-300099.SZ,adjusted_price,300099.SZ,UNKNOWN,[]
adjusted_price-300100.SZ,adjusted_price,300100.SZ,UNKNOWN,[]
adjusted_price-300101.SZ,adjusted_price,300101.SZ,UNKNOWN,[]
adjusted_price-300102.SZ,adjusted_price,300102.SZ,UNKNOWN,[]
adjusted_price-300103.SZ,adjusted_price,300103.SZ,UNKNOWN,[]
adjusted_price-300104.SZ,adjusted_price,300104.SZ,UNKNOWN,[]
adjusted_price-300105.SZ,adjusted_price,300105.SZ,UNKNOWN,[]
adjusted_price-300106.SZ,adjusted_price,300106.SZ,UNKNOWN,[]
adjusted_price-300107.SZ,adjusted_price,300107.SZ,UNKNOWN,[]
adjusted_price-300109.SZ,adjusted_price,300109.SZ,UNKNOWN,[]
adjusted_price-300110.SZ,adjusted_price,300110.SZ,UNKNOWN,[]
adjusted_price-300111.SZ,adjusted_price,300111.SZ,UNKNOWN,[]
adjusted_price-300113.SZ,adjusted_price,300113.SZ,UNKNOWN,[]
adjusted_price-300115.SZ,adjusted_price,300115.SZ,UNKNOWN,[]
adjusted_price-300116.SZ,adjusted_price,300116.SZ,UNKNOWN,[]
adjusted_price-300118.SZ,adjusted_price,300118.SZ,UNKNOWN,[]
adjusted_price-300119.SZ,adjusted_price,300119.SZ,UNKNOWN,[]
adjusted_price-300122.SZ,adjusted_price,300122.SZ,UNKNOWN,[]
adjusted_price-300123.SZ,adjusted_price,300123.SZ,UNKNOWN,[]
adjusted_price-300124.SZ,adjusted_price,300124.SZ,UNKNOWN,[]
adjusted_price-300127.SZ,adjusted_price,300127.SZ,UNKNOWN,[]
adjusted_price-300128.SZ,adjusted_price,300128.SZ,UNKNOWN,[]
adjusted_price-300129.SZ,adjusted_price,300129.SZ,UNKNOWN,[]
adjusted_price-300130.SZ,adjusted_price,300130.SZ,UNKNOWN,[]
adjusted_price-300131.SZ,adjusted_price,300131.SZ,UNKNOWN,[]
adjusted_price-300132.SZ,adjusted_price,300132.SZ,UNKNOWN,[]
adjusted_price-300133.SZ,adjusted_price,300133.SZ,UNKNOWN,[]
adjusted_price-300134.SZ,adjusted_price,300134.SZ,UNKNOWN,[]
adjusted_price-300135.SZ,adjusted_price,300135.SZ,UNKNOWN,[]
adjusted_price-300136.SZ,adjusted_price,300136.SZ,UNKNOWN,[]
adjusted_price-300137.SZ,adjusted_price,300137.SZ,UNKNOWN,[]
adjusted_price-300139.SZ,adjusted_price,300139.SZ,UNKNOWN,[]
adjusted_price-300140.SZ,adjusted_price,300140.SZ,UNKNOWN,[]
adjusted_price-300142.SZ,adjusted_price,300142.SZ,UNKNOWN,[]
adjusted_price-300143.SZ,adjusted_price,300143.SZ,UNKNOWN,[]
adjusted_price-300144.SZ,adjusted_price,300144.SZ,UNKNOWN,[]
adjusted_price-300145.SZ,adjusted_price,300145.SZ,UNKNOWN,[]
adjusted_price-300146.SZ,adjusted_price,300146.SZ,UNKNOWN,[]
adjusted_price-300147.SZ,adjusted_price,300147.SZ,UNKNOWN,[]
adjusted_price-300148.SZ,adjusted_price,300148.SZ,UNKNOWN,[]
adjusted_price-300149.SZ,adjusted_price,300149.SZ,UNKNOWN,[]
adjusted_price-300150.SZ,adjusted_price,300150.SZ,UNKNOWN,[]
adjusted_price-300151.SZ,adjusted_price,300151.SZ,UNKNOWN,[]
adjusted_price-300152.SZ,adjusted_price,300152.SZ,UNKNOWN,[]
adjusted_price-300153.SZ,adjusted_price,300153.SZ,UNKNOWN,[]
adjusted_price-300154.SZ,adjusted_price,300154.SZ,UNKNOWN,[]
adjusted_price-300155.SZ,adjusted_price,300155.SZ,UNKNOWN,[]
adjusted_price-300156.SZ,adjusted_price,300156.SZ,UNKNOWN,[]
adjusted_price-300157.SZ,adjusted_price,300157.SZ,UNKNOWN,[]
adjusted_price-300158.SZ,adjusted_price,300158.SZ,UNKNOWN,[]
adjusted_price-300159.SZ,adjusted_price,300159.SZ,UNKNOWN,[]
adjusted_price-300160.SZ,adjusted_price,300160.SZ,UNKNOWN,[]
adjusted_price-300161.SZ,adjusted_price,300161.SZ,UNKNOWN,[]
adjusted_price-300162.SZ,adjusted_price,300162.SZ,UNKNOWN,[]
adjusted_price-300164.SZ,adjusted_price,300164.SZ,UNKNOWN,[]
adjusted_price-300165.SZ,adjusted_price,300165.SZ,UNKNOWN,[]
adjusted_price-300166.SZ,adjusted_price,300166.SZ,UNKNOWN,[]
adjusted_price-300167.SZ,adjusted_price,300167.SZ,UNKNOWN,[]
adjusted_price-300168.SZ,adjusted_price,300168.SZ,UNKNOWN,[]
adjusted_price-300169.SZ,adjusted_price,300169.SZ,UNKNOWN,[]
adjusted_price-300170.SZ,adjusted_price,300170.SZ,UNKNOWN,[]
adjusted_price-300171.SZ,adjusted_price,300171.SZ,UNKNOWN,[]
adjusted_price-300172.SZ,adjusted_price,300172.SZ,UNKNOWN,[]
adjusted_price-300173.SZ,adjusted_price,300173.SZ,UNKNOWN,[]
adjusted_price-300175.SZ,adjusted_price,300175.SZ,UNKNOWN,[]
adjusted_price-300176.SZ,adjusted_price,300176.SZ,UNKNOWN,[]
adjusted_price-300177.SZ,adjusted_price,300177.SZ,UNKNOWN,[]
adjusted_price-300178.SZ,adjusted_price,300178.SZ,UNKNOWN,[]
adjusted_price-300180.SZ,adjusted_price,300180.SZ,UNKNOWN,[]
adjusted_price-300181.SZ,adjusted_price,300181.SZ,UNKNOWN,[]
adjusted_price-300182.SZ,adjusted_price,300182.SZ,UNKNOWN,[]
adjusted_price-300183.SZ,adjusted_price,300183.SZ,UNKNOWN,[]
adjusted_price-300184.SZ,adjusted_price,300184.SZ,UNKNOWN,[]
adjusted_price-300185.SZ,adjusted_price,300185.SZ,UNKNOWN,[]
adjusted_price-300186.SZ,adjusted_price,300186.SZ,UNKNOWN,[]
adjusted_price-300187.SZ,adjusted_price,300187.SZ,UNKNOWN,[]
adjusted_price-300188.SZ,adjusted_price,300188.SZ,UNKNOWN,[]
adjusted_price-300189.SZ,adjusted_price,300189.SZ,UNKNOWN,[]
adjusted_price-300190.SZ,adjusted_price,300190.SZ,UNKNOWN,[]
adjusted_price-300191.SZ,adjusted_price,300191.SZ,UNKNOWN,[]
adjusted_price-300193.SZ,adjusted_price,300193.SZ,UNKNOWN,[]
adjusted_price-300194.SZ,adjusted_price,300194.SZ,UNKNOWN,[]
adjusted_price-300195.SZ,adjusted_price,300195.SZ,UNKNOWN,[]
adjusted_price-300196.SZ,adjusted_price,300196.SZ,UNKNOWN,[]
adjusted_price-300197.SZ,adjusted_price,300197.SZ,UNKNOWN,[]
adjusted_price-300198.SZ,adjusted_price,300198.SZ,UNKNOWN,[]
adjusted_price-300199.SZ,adjusted_price,300199.SZ,UNKNOWN,[]
adjusted_price-300200.SZ,adjusted_price,300200.SZ,UNKNOWN,[]
adjusted_price-300202.SZ,adjusted_price,300202.SZ,UNKNOWN,[]
adjusted_price-300203.SZ,adjusted_price,300203.SZ,UNKNOWN,[]
adjusted_price-300204.SZ,adjusted_price,300204.SZ,UNKNOWN,[]
adjusted_price-300205.SZ,adjusted_price,300205.SZ,UNKNOWN,[]
adjusted_price-300206.SZ,adjusted_price,300206.SZ,UNKNOWN,[]
adjusted_price-300207.SZ,adjusted_price,300207.SZ,UNKNOWN,[]
adjusted_price-300208.SZ,adjusted_price,300208.SZ,UNKNOWN,[]
adjusted_price-300209.SZ,adjusted_price,300209.SZ,UNKNOWN,[]
adjusted_price-300212.SZ,adjusted_price,300212.SZ,UNKNOWN,[]
adjusted_price-300213.SZ,adjusted_price,300213.SZ,UNKNOWN,[]
adjusted_price-300215.SZ,adjusted_price,300215.SZ,UNKNOWN,[]
adjusted_price-300216.SZ,adjusted_price,300216.SZ,UNKNOWN,[]
adjusted_price-300217.SZ,adjusted_price,300217.SZ,UNKNOWN,[]
adjusted_price-300219.SZ,adjusted_price,300219.SZ,UNKNOWN,[]
adjusted_price-300221.SZ,adjusted_price,300221.SZ,UNKNOWN,[]
adjusted_price-300222.SZ,adjusted_price,300222.SZ,UNKNOWN,[]
adjusted_price-300223.SZ,adjusted_price,300223.SZ,UNKNOWN,[]
adjusted_price-300224.SZ,adjusted_price,300224.SZ,UNKNOWN,[]
adjusted_price-300226.SZ,adjusted_price,300226.SZ,UNKNOWN,[]
adjusted_price-300227.SZ,adjusted_price,300227.SZ,UNKNOWN,[]
adjusted_price-300228.SZ,adjusted_price,300228.SZ,UNKNOWN,[]
adjusted_price-300229.SZ,adjusted_price,300229.SZ,UNKNOWN,[]
adjusted_price-300231.SZ,adjusted_price,300231.SZ,UNKNOWN,[]
adjusted_price-300232.SZ,adjusted_price,300232.SZ,UNKNOWN,[]
adjusted_price-300233.SZ,adjusted_price,300233.SZ,UNKNOWN,[]
adjusted_price-300234.SZ,adjusted_price,300234.SZ,UNKNOWN,[]
adjusted_price-300236.SZ,adjusted_price,300236.SZ,UNKNOWN,[]
adjusted_price-300237.SZ,adjusted_price,300237.SZ,UNKNOWN,[]
adjusted_price-300238.SZ,adjusted_price,300238.SZ,UNKNOWN,[]
adjusted_price-300239.SZ,adjusted_price,300239.SZ,UNKNOWN,[]
adjusted_price-300240.SZ,adjusted_price,300240.SZ,UNKNOWN,[]
adjusted_price-300241.SZ,adjusted_price,300241.SZ,UNKNOWN,[]
adjusted_price-300242.SZ,adjusted_price,300242.SZ,UNKNOWN,[]
adjusted_price-300244.SZ,adjusted_price,300244.SZ,UNKNOWN,[]
adjusted_price-300245.SZ,adjusted_price,300245.SZ,UNKNOWN,[]
adjusted_price-300246.SZ,adjusted_price,300246.SZ,UNKNOWN,[]
adjusted_price-300248.SZ,adjusted_price,300248.SZ,UNKNOWN,[]
adjusted_price-300251.SZ,adjusted_price,300251.SZ,UNKNOWN,[]
adjusted_price-300252.SZ,adjusted_price,300252.SZ,UNKNOWN,[]
adjusted_price-300253.SZ,adjusted_price,300253.SZ,UNKNOWN,[]
adjusted_price-300254.SZ,adjusted_price,300254.SZ,UNKNOWN,[]
adjusted_price-300255.SZ,adjusted_price,300255.SZ,UNKNOWN,[]
adjusted_price-300256.SZ,adjusted_price,300256.SZ,UNKNOWN,[]
adjusted_price-300257.SZ,adjusted_price,300257.SZ,UNKNOWN,[]
adjusted_price-300259.SZ,adjusted_price,300259.SZ,UNKNOWN,[]
adjusted_price-300260.SZ,adjusted_price,300260.SZ,UNKNOWN,[]
adjusted_price-300261.SZ,adjusted_price,300261.SZ,UNKNOWN,[]
adjusted_price-300262.SZ,adjusted_price,300262.SZ,UNKNOWN,[]
adjusted_price-300263.SZ,adjusted_price,300263.SZ,UNKNOWN,[]
adjusted_price-300266.SZ,adjusted_price,300266.SZ,UNKNOWN,[]
adjusted_price-300267.SZ,adjusted_price,300267.SZ,UNKNOWN,[]
adjusted_price-300269.SZ,adjusted_price,300269.SZ,UNKNOWN,[]
adjusted_price-300270.SZ,adjusted_price,300270.SZ,UNKNOWN,[]
adjusted_price-300271.SZ,adjusted_price,300271.SZ,UNKNOWN,[]
adjusted_price-300272.SZ,adjusted_price,300272.SZ,UNKNOWN,[]
adjusted_price-300273.SZ,adjusted_price,300273.SZ,UNKNOWN,[]
adjusted_price-300274.SZ,adjusted_price,300274.SZ,UNKNOWN,[]
adjusted_price-300275.SZ,adjusted_price,300275.SZ,UNKNOWN,[]
adjusted_price-300276.SZ,adjusted_price,300276.SZ,UNKNOWN,[]
adjusted_price-300278.SZ,adjusted_price,300278.SZ,UNKNOWN,[]
adjusted_price-300284.SZ,adjusted_price,300284.SZ,UNKNOWN,[]
adjusted_price-300285.SZ,adjusted_price,300285.SZ,UNKNOWN,[]
adjusted_price-300286.SZ,adjusted_price,300286.SZ,UNKNOWN,[]
adjusted_price-300287.SZ,adjusted_price,300287.SZ,UNKNOWN,[]
adjusted_price-300288.SZ,adjusted_price,300288.SZ,UNKNOWN,[]
adjusted_price-300289.SZ,adjusted_price,300289.SZ,UNKNOWN,[]
adjusted_price-300291.SZ,adjusted_price,300291.SZ,UNKNOWN,[]
adjusted_price-300292.SZ,adjusted_price,300292.SZ,UNKNOWN,[]
adjusted_price-300293.SZ,adjusted_price,300293.SZ,UNKNOWN,[]
adjusted_price-300294.SZ,adjusted_price,300294.SZ,UNKNOWN,[]
adjusted_price-300295.SZ,adjusted_price,300295.SZ,UNKNOWN,[]
adjusted_price-300296.SZ,adjusted_price,300296.SZ,UNKNOWN,[]
adjusted_price-300297.SZ,adjusted_price,300297.SZ,UNKNOWN,[]
adjusted_price-300298.SZ,adjusted_price,300298.SZ,UNKNOWN,[]
adjusted_price-300299.SZ,adjusted_price,300299.SZ,UNKNOWN,[]
adjusted_price-300300.SZ,adjusted_price,300300.SZ,UNKNOWN,[]
adjusted_price-300301.SZ,adjusted_price,300301.SZ,UNKNOWN,[]
adjusted_price-300302.SZ,adjusted_price,300302.SZ,UNKNOWN,[]
adjusted_price-300303.SZ,adjusted_price,300303.SZ,UNKNOWN,[]
adjusted_price-300304.SZ,adjusted_price,300304.SZ,UNKNOWN,[]
adjusted_price-300306.SZ,adjusted_price,300306.SZ,UNKNOWN,[]
adjusted_price-300307.SZ,adjusted_price,300307.SZ,UNKNOWN,[]
adjusted_price-300308.SZ,adjusted_price,300308.SZ,UNKNOWN,[]
adjusted_price-300309.SZ,adjusted_price,300309.SZ,UNKNOWN,[]
adjusted_price-300310.SZ,adjusted_price,300310.SZ,UNKNOWN,[]
adjusted_price-300311.SZ,adjusted_price,300311.SZ,UNKNOWN,[]
adjusted_price-300312.SZ,adjusted_price,300312.SZ,UNKNOWN,[]
adjusted_price-300314.SZ,adjusted_price,300314.SZ,UNKNOWN,[]
adjusted_price-300315.SZ,adjusted_price,300315.SZ,UNKNOWN,[]
adjusted_price-300316.SZ,adjusted_price,300316.SZ,UNKNOWN,[]
adjusted_price-300317.SZ,adjusted_price,300317.SZ,UNKNOWN,[]
adjusted_price-300318.SZ,adjusted_price,300318.SZ,UNKNOWN,[]
adjusted_price-300319.SZ,adjusted_price,300319.SZ,UNKNOWN,[]
adjusted_price-300322.SZ,adjusted_price,300322.SZ,UNKNOWN,[]
adjusted_price-300323.SZ,adjusted_price,300323.SZ,UNKNOWN,[]
adjusted_price-300324.SZ,adjusted_price,300324.SZ,UNKNOWN,[]
adjusted_price-300326.SZ,adjusted_price,300326.SZ,UNKNOWN,[]
adjusted_price-300327.SZ,adjusted_price,300327.SZ,UNKNOWN,[]
adjusted_price-300328.SZ,adjusted_price,300328.SZ,UNKNOWN,[]
adjusted_price-300331.SZ,adjusted_price,300331.SZ,UNKNOWN,[]
adjusted_price-300332.SZ,adjusted_price,300332.SZ,UNKNOWN,[]
adjusted_price-300333.SZ,adjusted_price,300333.SZ,UNKNOWN,[]
adjusted_price-300334.SZ,adjusted_price,300334.SZ,UNKNOWN,[]
adjusted_price-300335.SZ,adjusted_price,300335.SZ,UNKNOWN,[]
adjusted_price-300336.SZ,adjusted_price,300336.SZ,UNKNOWN,[]
adjusted_price-300337.SZ,adjusted_price,300337.SZ,UNKNOWN,[]
adjusted_price-300339.SZ,adjusted_price,300339.SZ,UNKNOWN,[]
adjusted_price-300341.SZ,adjusted_price,300341.SZ,UNKNOWN,[]
adjusted_price-300342.SZ,adjusted_price,300342.SZ,UNKNOWN,[]
adjusted_price-300343.SZ,adjusted_price,300343.SZ,UNKNOWN,[]
adjusted_price-300346.SZ,adjusted_price,300346.SZ,UNKNOWN,[]
adjusted_price-300347.SZ,adjusted_price,300347.SZ,UNKNOWN,[]
adjusted_price-300348.SZ,adjusted_price,300348.SZ,UNKNOWN,[]
adjusted_price-300349.SZ,adjusted_price,300349.SZ,UNKNOWN,[]
adjusted_price-300350.SZ,adjusted_price,300350.SZ,UNKNOWN,[]
adjusted_price-300351.SZ,adjusted_price,300351.SZ,UNKNOWN,[]
adjusted_price-300352.SZ,adjusted_price,300352.SZ,UNKNOWN,[]
adjusted_price-300353.SZ,adjusted_price,300353.SZ,UNKNOWN,[]
adjusted_price-300355.SZ,adjusted_price,300355.SZ,UNKNOWN,[]
adjusted_price-300356.SZ,adjusted_price,300356.SZ,UNKNOWN,[]
adjusted_price-300357.SZ,adjusted_price,300357.SZ,UNKNOWN,[]
adjusted_price-300358.SZ,adjusted_price,300358.SZ,UNKNOWN,[]
adjusted_price-300359.SZ,adjusted_price,300359.SZ,UNKNOWN,[]
adjusted_price-300360.SZ,adjusted_price,300360.SZ,UNKNOWN,[]
adjusted_price-300362.SZ,adjusted_price,300362.SZ,UNKNOWN,[]
adjusted_price-300363.SZ,adjusted_price,300363.SZ,UNKNOWN,[]
adjusted_price-300364.SZ,adjusted_price,300364.SZ,UNKNOWN,[]
adjusted_price-300365.SZ,adjusted_price,300365.SZ,UNKNOWN,[]
adjusted_price-300366.SZ,adjusted_price,300366.SZ,UNKNOWN,[]
adjusted_price-300367.SZ,adjusted_price,300367.SZ,UNKNOWN,[]
adjusted_price-300368.SZ,adjusted_price,300368.SZ,UNKNOWN,[]
adjusted_price-300369.SZ,adjusted_price,300369.SZ,UNKNOWN,[]
adjusted_price-300370.SZ,adjusted_price,300370.SZ,UNKNOWN,[]
adjusted_price-300371.SZ,adjusted_price,300371.SZ,UNKNOWN,[]
adjusted_price-300372.SZ,adjusted_price,300372.SZ,UNKNOWN,[]
adjusted_price-300373.SZ,adjusted_price,300373.SZ,UNKNOWN,[]
adjusted_price-300375.SZ,adjusted_price,300375.SZ,UNKNOWN,[]
adjusted_price-300376.SZ,adjusted_price,300376.SZ,UNKNOWN,[]
adjusted_price-300377.SZ,adjusted_price,300377.SZ,UNKNOWN,[]
adjusted_price-300378.SZ,adjusted_price,300378.SZ,UNKNOWN,[]
adjusted_price-300379.SZ,adjusted_price,300379.SZ,UNKNOWN,[]
adjusted_price-300380.SZ,adjusted_price,300380.SZ,UNKNOWN,[]
adjusted_price-300381.SZ,adjusted_price,300381.SZ,UNKNOWN,[]
adjusted_price-300382.SZ,adjusted_price,300382.SZ,UNKNOWN,[]
adjusted_price-300383.SZ,adjusted_price,300383.SZ,UNKNOWN,[]
adjusted_price-300384.SZ,adjusted_price,300384.SZ,UNKNOWN,[]
adjusted_price-300385.SZ,adjusted_price,300385.SZ,UNKNOWN,[]
adjusted_price-300386.SZ,adjusted_price,300386.SZ,UNKNOWN,[]
adjusted_price-300387.SZ,adjusted_price,300387.SZ,UNKNOWN,[]
adjusted_price-300388.SZ,adjusted_price,300388.SZ,UNKNOWN,[]
adjusted_price-300389.SZ,adjusted_price,300389.SZ,UNKNOWN,[]
adjusted_price-300390.SZ,adjusted_price,300390.SZ,UNKNOWN,[]
adjusted_price-300392.SZ,adjusted_price,300392.SZ,UNKNOWN,[]
adjusted_price-300393.SZ,adjusted_price,300393.SZ,UNKNOWN,[]
adjusted_price-300394.SZ,adjusted_price,300394.SZ,UNKNOWN,[]
adjusted_price-300395.SZ,adjusted_price,300395.SZ,UNKNOWN,[]
adjusted_price-300397.SZ,adjusted_price,300397.SZ,UNKNOWN,[]
adjusted_price-300398.SZ,adjusted_price,300398.SZ,UNKNOWN,[]
adjusted_price-300399.SZ,adjusted_price,300399.SZ,UNKNOWN,[]
adjusted_price-300401.SZ,adjusted_price,300401.SZ,UNKNOWN,[]
adjusted_price-300403.SZ,adjusted_price,300403.SZ,UNKNOWN,[]
adjusted_price-300406.SZ,adjusted_price,300406.SZ,UNKNOWN,[]
adjusted_price-300408.SZ,adjusted_price,300408.SZ,UNKNOWN,[]
adjusted_price-300409.SZ,adjusted_price,300409.SZ,UNKNOWN,[]
adjusted_price-300410.SZ,adjusted_price,300410.SZ,UNKNOWN,[]
adjusted_price-300413.SZ,adjusted_price,300413.SZ,UNKNOWN,[]
adjusted_price-300415.SZ,adjusted_price,300415.SZ,UNKNOWN,[]
adjusted_price-300416.SZ,adjusted_price,300416.SZ,UNKNOWN,[]
adjusted_price-300418.SZ,adjusted_price,300418.SZ,UNKNOWN,[]
adjusted_price-300419.SZ,adjusted_price,300419.SZ,UNKNOWN,[]
adjusted_price-300423.SZ,adjusted_price,300423.SZ,UNKNOWN,[]
adjusted_price-300424.SZ,adjusted_price,300424.SZ,UNKNOWN,[]
adjusted_price-300426.SZ,adjusted_price,300426.SZ,UNKNOWN,[]
adjusted_price-300428.SZ,adjusted_price,300428.SZ,UNKNOWN,[]
adjusted_price-300429.SZ,adjusted_price,300429.SZ,UNKNOWN,[]
adjusted_price-300431.SZ,adjusted_price,300431.SZ,UNKNOWN,[]
adjusted_price-300432.SZ,adjusted_price,300432.SZ,UNKNOWN,[]
adjusted_price-300433.SZ,adjusted_price,300433.SZ,UNKNOWN,[]
adjusted_price-300436.SZ,adjusted_price,300436.SZ,UNKNOWN,[]
adjusted_price-300438.SZ,adjusted_price,300438.SZ,UNKNOWN,[]
adjusted_price-300439.SZ,adjusted_price,300439.SZ,UNKNOWN,[]
adjusted_price-300440.SZ,adjusted_price,300440.SZ,UNKNOWN,[]
adjusted_price-300441.SZ,adjusted_price,300441.SZ,UNKNOWN,[]
adjusted_price-300442.SZ,adjusted_price,300442.SZ,UNKNOWN,[]
adjusted_price-300443.SZ,adjusted_price,300443.SZ,UNKNOWN,[]
adjusted_price-300444.SZ,adjusted_price,300444.SZ,UNKNOWN,[]
adjusted_price-300446.SZ,adjusted_price,300446.SZ,UNKNOWN,[]
adjusted_price-300447.SZ,adjusted_price,300447.SZ,UNKNOWN,[]
adjusted_price-300448.SZ,adjusted_price,300448.SZ,UNKNOWN,[]
adjusted_price-300449.SZ,adjusted_price,300449.SZ,UNKNOWN,[]
adjusted_price-300450.SZ,adjusted_price,300450.SZ,UNKNOWN,[]
adjusted_price-300451.SZ,adjusted_price,300451.SZ,UNKNOWN,[]
adjusted_price-300454.SZ,adjusted_price,300454.SZ,UNKNOWN,[]
adjusted_price-300455.SZ,adjusted_price,300455.SZ,UNKNOWN,[]
adjusted_price-300456.SZ,adjusted_price,300456.SZ,UNKNOWN,[]
adjusted_price-300457.SZ,adjusted_price,300457.SZ,UNKNOWN,[]
adjusted_price-300458.SZ,adjusted_price,300458.SZ,UNKNOWN,[]
adjusted_price-300459.SZ,adjusted_price,300459.SZ,UNKNOWN,[]
adjusted_price-300463.SZ,adjusted_price,300463.SZ,UNKNOWN,[]
adjusted_price-300465.SZ,adjusted_price,300465.SZ,UNKNOWN,[]
adjusted_price-300467.SZ,adjusted_price,300467.SZ,UNKNOWN,[]
adjusted_price-300468.SZ,adjusted_price,300468.SZ,UNKNOWN,[]
adjusted_price-300470.SZ,adjusted_price,300470.SZ,UNKNOWN,[]
adjusted_price-300471.SZ,adjusted_price,300471.SZ,UNKNOWN,[]
adjusted_price-300473.SZ,adjusted_price,300473.SZ,UNKNOWN,[]
adjusted_price-300474.SZ,adjusted_price,300474.SZ,UNKNOWN,[]
adjusted_price-300475.SZ,adjusted_price,300475.SZ,UNKNOWN,[]
adjusted_price-300476.SZ,adjusted_price,300476.SZ,UNKNOWN,[]
adjusted_price-300477.SZ,adjusted_price,300477.SZ,UNKNOWN,[]
adjusted_price-300482.SZ,adjusted_price,300482.SZ,UNKNOWN,[]
adjusted_price-300484.SZ,adjusted_price,300484.SZ,UNKNOWN,[]
adjusted_price-300485.SZ,adjusted_price,300485.SZ,UNKNOWN,[]
adjusted_price-300487.SZ,adjusted_price,300487.SZ,UNKNOWN,[]
adjusted_price-300492.SZ,adjusted_price,300492.SZ,UNKNOWN,[]
adjusted_price-300493.SZ,adjusted_price,300493.SZ,UNKNOWN,[]
adjusted_price-300494.SZ,adjusted_price,300494.SZ,UNKNOWN,[]
adjusted_price-300495.SZ,adjusted_price,300495.SZ,UNKNOWN,[]
adjusted_price-300496.SZ,adjusted_price,300496.SZ,UNKNOWN,[]
adjusted_price-300497.SZ,adjusted_price,300497.SZ,UNKNOWN,[]
adjusted_price-300498.SZ,adjusted_price,300498.SZ,UNKNOWN,[]
adjusted_price-300502.SZ,adjusted_price,300502.SZ,UNKNOWN,[]
adjusted_price-300503.SZ,adjusted_price,300503.SZ,UNKNOWN,[]
adjusted_price-300504.SZ,adjusted_price,300504.SZ,UNKNOWN,[]
adjusted_price-300506.SZ,adjusted_price,300506.SZ,UNKNOWN,[]
adjusted_price-300507.SZ,adjusted_price,300507.SZ,UNKNOWN,[]
adjusted_price-300508.SZ,adjusted_price,300508.SZ,UNKNOWN,[]
adjusted_price-300510.SZ,adjusted_price,300510.SZ,UNKNOWN,[]
adjusted_price-300511.SZ,adjusted_price,300511.SZ,UNKNOWN,[]
adjusted_price-300512.SZ,adjusted_price,300512.SZ,UNKNOWN,[]
adjusted_price-300516.SZ,adjusted_price,300516.SZ,UNKNOWN,[]
adjusted_price-300518.SZ,adjusted_price,300518.SZ,UNKNOWN,[]
adjusted_price-300519.SZ,adjusted_price,300519.SZ,UNKNOWN,[]
adjusted_price-300520.SZ,adjusted_price,300520.SZ,UNKNOWN,[]
adjusted_price-300522.SZ,adjusted_price,300522.SZ,UNKNOWN,[]
adjusted_price-300523.SZ,adjusted_price,300523.SZ,UNKNOWN,[]
adjusted_price-300525.SZ,adjusted_price,300525.SZ,UNKNOWN,[]
adjusted_price-300526.SZ,adjusted_price,300526.SZ,UNKNOWN,[]
adjusted_price-300527.SZ,adjusted_price,300527.SZ,UNKNOWN,[]
adjusted_price-300528.SZ,adjusted_price,300528.SZ,UNKNOWN,[]
adjusted_price-300529.SZ,adjusted_price,300529.SZ,UNKNOWN,[]
adjusted_price-300531.SZ,adjusted_price,300531.SZ,UNKNOWN,[]
adjusted_price-300533.SZ,adjusted_price,300533.SZ,UNKNOWN,[]
adjusted_price-300548.SZ,adjusted_price,300548.SZ,UNKNOWN,[]
adjusted_price-300552.SZ,adjusted_price,300552.SZ,UNKNOWN,[]
adjusted_price-300558.SZ,adjusted_price,300558.SZ,UNKNOWN,[]
adjusted_price-300559.SZ,adjusted_price,300559.SZ,UNKNOWN,[]
adjusted_price-300567.SZ,adjusted_price,300567.SZ,UNKNOWN,[]
adjusted_price-300568.SZ,adjusted_price,300568.SZ,UNKNOWN,[]
adjusted_price-300570.SZ,adjusted_price,300570.SZ,UNKNOWN,[]
adjusted_price-300571.SZ,adjusted_price,300571.SZ,UNKNOWN,[]
adjusted_price-300572.SZ,adjusted_price,300572.SZ,UNKNOWN,[]
adjusted_price-300573.SZ,adjusted_price,300573.SZ,UNKNOWN,[]
adjusted_price-300576.SZ,adjusted_price,300576.SZ,UNKNOWN,[]
adjusted_price-300579.SZ,adjusted_price,300579.SZ,UNKNOWN,[]
adjusted_price-300580.SZ,adjusted_price,300580.SZ,UNKNOWN,[]
adjusted_price-300587.SZ,adjusted_price,300587.SZ,UNKNOWN,[]
adjusted_price-300590.SZ,adjusted_price,300590.SZ,UNKNOWN,[]
adjusted_price-300593.SZ,adjusted_price,300593.SZ,UNKNOWN,[]
adjusted_price-300595.SZ,adjusted_price,300595.SZ,UNKNOWN,[]
adjusted_price-300596.SZ,adjusted_price,300596.SZ,UNKNOWN,[]
adjusted_price-300598.SZ,adjusted_price,300598.SZ,UNKNOWN,[]
adjusted_price-300601.SZ,adjusted_price,300601.SZ,UNKNOWN,[]
adjusted_price-300602.SZ,adjusted_price,300602.SZ,UNKNOWN,[]
adjusted_price-300603.SZ,adjusted_price,300603.SZ,UNKNOWN,[]
adjusted_price-300604.SZ,adjusted_price,300604.SZ,UNKNOWN,[]
adjusted_price-300607.SZ,adjusted_price,300607.SZ,UNKNOWN,[]
adjusted_price-300613.SZ,adjusted_price,300613.SZ,UNKNOWN,[]
adjusted_price-300616.SZ,adjusted_price,300616.SZ,UNKNOWN,[]
adjusted_price-300618.SZ,adjusted_price,300618.SZ,UNKNOWN,[]
adjusted_price-300620.SZ,adjusted_price,300620.SZ,UNKNOWN,[]
adjusted_price-300623.SZ,adjusted_price,300623.SZ,UNKNOWN,[]
adjusted_price-300624.SZ,adjusted_price,300624.SZ,UNKNOWN,[]
adjusted_price-300625.SZ,adjusted_price,300625.SZ,UNKNOWN,[]
adjusted_price-300627.SZ,adjusted_price,300627.SZ,UNKNOWN,[]
adjusted_price-300628.SZ,adjusted_price,300628.SZ,UNKNOWN,[]
adjusted_price-300630.SZ,adjusted_price,300630.SZ,UNKNOWN,[]
adjusted_price-300633.SZ,adjusted_price,300633.SZ,UNKNOWN,[]
adjusted_price-300634.SZ,adjusted_price,300634.SZ,UNKNOWN,[]
adjusted_price-300638.SZ,adjusted_price,300638.SZ,UNKNOWN,[]
adjusted_price-300639.SZ,adjusted_price,300639.SZ,UNKNOWN,[]
adjusted_price-300641.SZ,adjusted_price,300641.SZ,UNKNOWN,[]
adjusted_price-300653.SZ,adjusted_price,300653.SZ,UNKNOWN,[]
adjusted_price-300655.SZ,adjusted_price,300655.SZ,UNKNOWN,[]
adjusted_price-300657.SZ,adjusted_price,300657.SZ,UNKNOWN,[]
adjusted_price-300659.SZ,adjusted_price,300659.SZ,UNKNOWN,[]
adjusted_price-300660.SZ,adjusted_price,300660.SZ,UNKNOWN,[]
adjusted_price-300661.SZ,adjusted_price,300661.SZ,UNKNOWN,[]
adjusted_price-300662.SZ,adjusted_price,300662.SZ,UNKNOWN,[]
adjusted_price-300663.SZ,adjusted_price,300663.SZ,UNKNOWN,[]
adjusted_price-300664.SZ,adjusted_price,300664.SZ,UNKNOWN,[]
adjusted_price-300666.SZ,adjusted_price,300666.SZ,UNKNOWN,[]
adjusted_price-300671.SZ,adjusted_price,300671.SZ,UNKNOWN,[]
adjusted_price-300672.SZ,adjusted_price,300672.SZ,UNKNOWN,[]
adjusted_price-300673.SZ,adjusted_price,300673.SZ,UNKNOWN,[]
adjusted_price-300674.SZ,adjusted_price,300674.SZ,UNKNOWN,[]
adjusted_price-300676.SZ,adjusted_price,300676.SZ,UNKNOWN,[]
adjusted_price-300677.SZ,adjusted_price,300677.SZ,UNKNOWN,[]
adjusted_price-300678.SZ,adjusted_price,300678.SZ,UNKNOWN,[]
adjusted_price-300679.SZ,adjusted_price,300679.SZ,UNKNOWN,[]
adjusted_price-300680.SZ,adjusted_price,300680.SZ,UNKNOWN,[]
adjusted_price-300682.SZ,adjusted_price,300682.SZ,UNKNOWN,[]
adjusted_price-300684.SZ,adjusted_price,300684.SZ,UNKNOWN,[]
adjusted_price-300685.SZ,adjusted_price,300685.SZ,UNKNOWN,[]
adjusted_price-300687.SZ,adjusted_price,300687.SZ,UNKNOWN,[]
adjusted_price-300693.SZ,adjusted_price,300693.SZ,UNKNOWN,[]
adjusted_price-300696.SZ,adjusted_price,300696.SZ,UNKNOWN,[]
adjusted_price-300699.SZ,adjusted_price,300699.SZ,UNKNOWN,[]
adjusted_price-300702.SZ,adjusted_price,300702.SZ,UNKNOWN,[]
adjusted_price-300705.SZ,adjusted_price,300705.SZ,UNKNOWN,[]
adjusted_price-300709.SZ,adjusted_price,300709.SZ,UNKNOWN,[]
adjusted_price-300718.SZ,adjusted_price,300718.SZ,UNKNOWN,[]
adjusted_price-300723.SZ,adjusted_price,300723.SZ,UNKNOWN,[]
adjusted_price-300724.SZ,adjusted_price,300724.SZ,UNKNOWN,[]
adjusted_price-300725.SZ,adjusted_price,300725.SZ,UNKNOWN,[]
adjusted_price-300726.SZ,adjusted_price,300726.SZ,UNKNOWN,[]
adjusted_price-300735.SZ,adjusted_price,300735.SZ,UNKNOWN,[]
adjusted_price-300737.SZ,adjusted_price,300737.SZ,UNKNOWN,[]
adjusted_price-300738.SZ,adjusted_price,300738.SZ,UNKNOWN,[]
adjusted_price-300740.SZ,adjusted_price,300740.SZ,UNKNOWN,[]
adjusted_price-300741.SZ,adjusted_price,300741.SZ,UNKNOWN,[]
adjusted_price-300747.SZ,adjusted_price,300747.SZ,UNKNOWN,[]
adjusted_price-300748.SZ,adjusted_price,300748.SZ,UNKNOWN,[]
adjusted_price-300750.SZ,adjusted_price,300750.SZ,UNKNOWN,[]
adjusted_price-300751.SZ,adjusted_price,300751.SZ,UNKNOWN,[]
adjusted_price-300755.SZ,adjusted_price,300755.SZ,UNKNOWN,[]
adjusted_price-300757.SZ,adjusted_price,300757.SZ,UNKNOWN,[]
adjusted_price-300759.SZ,adjusted_price,300759.SZ,UNKNOWN,[]
adjusted_price-300760.SZ,adjusted_price,300760.SZ,UNKNOWN,[]
adjusted_price-300761.SZ,adjusted_price,300761.SZ,UNKNOWN,[]
adjusted_price-300762.SZ,adjusted_price,300762.SZ,UNKNOWN,[]
adjusted_price-300763.SZ,adjusted_price,300763.SZ,UNKNOWN,[]
adjusted_price-300765.SZ,adjusted_price,300765.SZ,UNKNOWN,[]
adjusted_price-300766.SZ,adjusted_price,300766.SZ,UNKNOWN,[]
adjusted_price-300767.SZ,adjusted_price,300767.SZ,UNKNOWN,[]
adjusted_price-300768.SZ,adjusted_price,300768.SZ,UNKNOWN,[]
adjusted_price-300769.SZ,adjusted_price,300769.SZ,UNKNOWN,[]
adjusted_price-300770.SZ,adjusted_price,300770.SZ,UNKNOWN,[]
adjusted_price-300771.SZ,adjusted_price,300771.SZ,UNKNOWN,[]
adjusted_price-300772.SZ,adjusted_price,300772.SZ,UNKNOWN,[]
adjusted_price-300773.SZ,adjusted_price,300773.SZ,UNKNOWN,[]
adjusted_price-300775.SZ,adjusted_price,300775.SZ,UNKNOWN,[]
adjusted_price-300776.SZ,adjusted_price,300776.SZ,UNKNOWN,[]
adjusted_price-300777.SZ,adjusted_price,300777.SZ,UNKNOWN,[]
adjusted_price-300779.SZ,adjusted_price,300779.SZ,UNKNOWN,[]
adjusted_price-300782.SZ,adjusted_price,300782.SZ,UNKNOWN,[]
adjusted_price-300783.SZ,adjusted_price,300783.SZ,UNKNOWN,[]
adjusted_price-300785.SZ,adjusted_price,300785.SZ,UNKNOWN,[]
adjusted_price-300788.SZ,adjusted_price,300788.SZ,UNKNOWN,[]
adjusted_price-300791.SZ,adjusted_price,300791.SZ,UNKNOWN,[]
adjusted_price-300792.SZ,adjusted_price,300792.SZ,UNKNOWN,[]
adjusted_price-300793.SZ,adjusted_price,300793.SZ,UNKNOWN,[]
adjusted_price-300798.SZ,adjusted_price,300798.SZ,UNKNOWN,[]
adjusted_price-300799.SZ,adjusted_price,300799.SZ,UNKNOWN,[]
adjusted_price-300800.SZ,adjusted_price,300800.SZ,UNKNOWN,[]
adjusted_price-300803.SZ,adjusted_price,300803.SZ,UNKNOWN,[]
adjusted_price-300805.SZ,adjusted_price,300805.SZ,UNKNOWN,[]
adjusted_price-300806.SZ,adjusted_price,300806.SZ,UNKNOWN,[]
adjusted_price-300809.SZ,adjusted_price,300809.SZ,UNKNOWN,[]
adjusted_price-300811.SZ,adjusted_price,300811.SZ,UNKNOWN,[]
adjusted_price-300814.SZ,adjusted_price,300814.SZ,UNKNOWN,[]
adjusted_price-300815.SZ,adjusted_price,300815.SZ,UNKNOWN,[]
adjusted_price-300820.SZ,adjusted_price,300820.SZ,UNKNOWN,[]
adjusted_price-300821.SZ,adjusted_price,300821.SZ,UNKNOWN,[]
adjusted_price-300827.SZ,adjusted_price,300827.SZ,UNKNOWN,[]
adjusted_price-300829.SZ,adjusted_price,300829.SZ,UNKNOWN,[]
adjusted_price-300831.SZ,adjusted_price,300831.SZ,UNKNOWN,[]
adjusted_price-300832.SZ,adjusted_price,300832.SZ,UNKNOWN,[]
adjusted_price-300841.SZ,adjusted_price,300841.SZ,UNKNOWN,[]
adjusted_price-300842.SZ,adjusted_price,300842.SZ,UNKNOWN,[]
adjusted_price-300846.SZ,adjusted_price,300846.SZ,UNKNOWN,[]
adjusted_price-300850.SZ,adjusted_price,300850.SZ,UNKNOWN,[]
adjusted_price-300855.SZ,adjusted_price,300855.SZ,UNKNOWN,[]
adjusted_price-300856.SZ,adjusted_price,300856.SZ,UNKNOWN,[]
adjusted_price-300857.SZ,adjusted_price,300857.SZ,UNKNOWN,[]
adjusted_price-300860.SZ,adjusted_price,300860.SZ,UNKNOWN,[]
adjusted_price-300861.SZ,adjusted_price,300861.SZ,UNKNOWN,[]
adjusted_price-300866.SZ,adjusted_price,300866.SZ,UNKNOWN,[]
adjusted_price-300867.SZ,adjusted_price,300867.SZ,UNKNOWN,[]
adjusted_price-300869.SZ,adjusted_price,300869.SZ,UNKNOWN,[]
adjusted_price-300870.SZ,adjusted_price,300870.SZ,UNKNOWN,[]
adjusted_price-300872.SZ,adjusted_price,300872.SZ,UNKNOWN,[]
adjusted_price-300887.SZ,adjusted_price,300887.SZ,UNKNOWN,[]
adjusted_price-300888.SZ,adjusted_price,300888.SZ,UNKNOWN,[]
adjusted_price-300894.SZ,adjusted_price,300894.SZ,UNKNOWN,[]
adjusted_price-300896.SZ,adjusted_price,300896.SZ,UNKNOWN,[]
adjusted_price-300900.SZ,adjusted_price,300900.SZ,UNKNOWN,[]
adjusted_price-300910.SZ,adjusted_price,300910.SZ,UNKNOWN,[]
adjusted_price-300913.SZ,adjusted_price,300913.SZ,UNKNOWN,[]
adjusted_price-300917.SZ,adjusted_price,300917.SZ,UNKNOWN,[]
adjusted_price-300919.SZ,adjusted_price,300919.SZ,UNKNOWN,[]
adjusted_price-300925.SZ,adjusted_price,300925.SZ,UNKNOWN,[]
adjusted_price-300926.SZ,adjusted_price,300926.SZ,UNKNOWN,[]
adjusted_price-300942.SZ,adjusted_price,300942.SZ,UNKNOWN,[]
adjusted_price-300953.SZ,adjusted_price,300953.SZ,UNKNOWN,[]
adjusted_price-300957.SZ,adjusted_price,300957.SZ,UNKNOWN,[]
adjusted_price-300969.SZ,adjusted_price,300969.SZ,UNKNOWN,[]
adjusted_price-300972.SZ,adjusted_price,300972.SZ,UNKNOWN,[]
adjusted_price-300973.SZ,adjusted_price,300973.SZ,UNKNOWN,[]
adjusted_price-300979.SZ,adjusted_price,300979.SZ,UNKNOWN,[]
adjusted_price-300981.SZ,adjusted_price,300981.SZ,UNKNOWN,[]
adjusted_price-300990.SZ,adjusted_price,300990.SZ,UNKNOWN,[]
adjusted_price-300999.SZ,adjusted_price,300999.SZ,UNKNOWN,[]
adjusted_price-301000.SZ,adjusted_price,301000.SZ,UNKNOWN,[]
adjusted_price-301004.SZ,adjusted_price,301004.SZ,UNKNOWN,[]
adjusted_price-301005.SZ,adjusted_price,301005.SZ,UNKNOWN,[]
adjusted_price-301015.SZ,adjusted_price,301015.SZ,UNKNOWN,[]
adjusted_price-301018.SZ,adjusted_price,301018.SZ,UNKNOWN,[]
adjusted_price-301029.SZ,adjusted_price,301029.SZ,UNKNOWN,[]
adjusted_price-301031.SZ,adjusted_price,301031.SZ,UNKNOWN,[]
adjusted_price-301035.SZ,adjusted_price,301035.SZ,UNKNOWN,[]
adjusted_price-301039.SZ,adjusted_price,301039.SZ,UNKNOWN,[]
adjusted_price-301047.SZ,adjusted_price,301047.SZ,UNKNOWN,[]
adjusted_price-301050.SZ,adjusted_price,301050.SZ,UNKNOWN,[]
adjusted_price-301060.SZ,adjusted_price,301060.SZ,UNKNOWN,[]
adjusted_price-301061.SZ,adjusted_price,301061.SZ,UNKNOWN,[]
adjusted_price-301069.SZ,adjusted_price,301069.SZ,UNKNOWN,[]
adjusted_price-301071.SZ,adjusted_price,301071.SZ,UNKNOWN,[]
adjusted_price-301078.SZ,adjusted_price,301078.SZ,UNKNOWN,[]
adjusted_price-301080.SZ,adjusted_price,301080.SZ,UNKNOWN,[]
adjusted_price-301087.SZ,adjusted_price,301087.SZ,UNKNOWN,[]
adjusted_price-301089.SZ,adjusted_price,301089.SZ,UNKNOWN,[]
adjusted_price-301090.SZ,adjusted_price,301090.SZ,UNKNOWN,[]
adjusted_price-301091.SZ,adjusted_price,301091.SZ,UNKNOWN,[]
adjusted_price-301095.SZ,adjusted_price,301095.SZ,UNKNOWN,[]
adjusted_price-301101.SZ,adjusted_price,301101.SZ,UNKNOWN,[]
adjusted_price-301109.SZ,adjusted_price,301109.SZ,UNKNOWN,[]
adjusted_price-301127.SZ,adjusted_price,301127.SZ,UNKNOWN,[]
adjusted_price-301153.SZ,adjusted_price,301153.SZ,UNKNOWN,[]
adjusted_price-301155.SZ,adjusted_price,301155.SZ,UNKNOWN,[]
adjusted_price-301165.SZ,adjusted_price,301165.SZ,UNKNOWN,[]
adjusted_price-301171.SZ,adjusted_price,301171.SZ,UNKNOWN,[]
adjusted_price-301175.SZ,adjusted_price,301175.SZ,UNKNOWN,[]
adjusted_price-301177.SZ,adjusted_price,301177.SZ,UNKNOWN,[]
adjusted_price-301180.SZ,adjusted_price,301180.SZ,UNKNOWN,[]
adjusted_price-301196.SZ,adjusted_price,301196.SZ,UNKNOWN,[]
adjusted_price-301200.SZ,adjusted_price,301200.SZ,UNKNOWN,[]
adjusted_price-301205.SZ,adjusted_price,301205.SZ,UNKNOWN,[]
adjusted_price-301206.SZ,adjusted_price,301206.SZ,UNKNOWN,[]
adjusted_price-301207.SZ,adjusted_price,301207.SZ,UNKNOWN,[]
adjusted_price-301215.SZ,adjusted_price,301215.SZ,UNKNOWN,[]
adjusted_price-301216.SZ,adjusted_price,301216.SZ,UNKNOWN,[]
adjusted_price-301217.SZ,adjusted_price,301217.SZ,UNKNOWN,[]
adjusted_price-301219.SZ,adjusted_price,301219.SZ,UNKNOWN,[]
adjusted_price-301225.SZ,adjusted_price,301225.SZ,UNKNOWN,[]
adjusted_price-301236.SZ,adjusted_price,301236.SZ,UNKNOWN,[]
adjusted_price-301238.SZ,adjusted_price,301238.SZ,UNKNOWN,[]
adjusted_price-301239.SZ,adjusted_price,301239.SZ,UNKNOWN,[]
adjusted_price-301246.SZ,adjusted_price,301246.SZ,UNKNOWN,[]
adjusted_price-301262.SZ,adjusted_price,301262.SZ,UNKNOWN,[]
adjusted_price-301263.SZ,adjusted_price,301263.SZ,UNKNOWN,[]
adjusted_price-301267.SZ,adjusted_price,301267.SZ,UNKNOWN,[]
adjusted_price-301268.SZ,adjusted_price,301268.SZ,UNKNOWN,[]
adjusted_price-301269.SZ,adjusted_price,301269.SZ,UNKNOWN,[]
adjusted_price-301275.SZ,adjusted_price,301275.SZ,UNKNOWN,[]
adjusted_price-301286.SZ,adjusted_price,301286.SZ,UNKNOWN,[]
adjusted_price-301291.SZ,adjusted_price,301291.SZ,UNKNOWN,[]
adjusted_price-301293.SZ,adjusted_price,301293.SZ,UNKNOWN,[]
adjusted_price-301297.SZ,adjusted_price,301297.SZ,UNKNOWN,[]
adjusted_price-301301.SZ,adjusted_price,301301.SZ,UNKNOWN,[]
adjusted_price-301308.SZ,adjusted_price,301308.SZ,UNKNOWN,[]
adjusted_price-301316.SZ,adjusted_price,301316.SZ,UNKNOWN,[]
adjusted_price-301325.SZ,adjusted_price,301325.SZ,UNKNOWN,[]
adjusted_price-301327.SZ,adjusted_price,301327.SZ,UNKNOWN,[]
adjusted_price-301339.SZ,adjusted_price,301339.SZ,UNKNOWN,[]
adjusted_price-301345.SZ,adjusted_price,301345.SZ,UNKNOWN,[]
adjusted_price-301348.SZ,adjusted_price,301348.SZ,UNKNOWN,[]
adjusted_price-301358.SZ,adjusted_price,301358.SZ,UNKNOWN,[]
adjusted_price-301363.SZ,adjusted_price,301363.SZ,UNKNOWN,[]
adjusted_price-301367.SZ,adjusted_price,301367.SZ,UNKNOWN,[]
adjusted_price-301371.SZ,adjusted_price,301371.SZ,UNKNOWN,[]
adjusted_price-301376.SZ,adjusted_price,301376.SZ,UNKNOWN,[]
adjusted_price-301377.SZ,adjusted_price,301377.SZ,UNKNOWN,[]
adjusted_price-301381.SZ,adjusted_price,301381.SZ,UNKNOWN,[]
adjusted_price-301389.SZ,adjusted_price,301389.SZ,UNKNOWN,[]
adjusted_price-301392.SZ,adjusted_price,301392.SZ,UNKNOWN,[]
adjusted_price-301396.SZ,adjusted_price,301396.SZ,UNKNOWN,[]
adjusted_price-301413.SZ,adjusted_price,301413.SZ,UNKNOWN,[]
adjusted_price-301421.SZ,adjusted_price,301421.SZ,UNKNOWN,[]
adjusted_price-301458.SZ,adjusted_price,301458.SZ,UNKNOWN,[]
adjusted_price-301487.SZ,adjusted_price,301487.SZ,UNKNOWN,[]
adjusted_price-301488.SZ,adjusted_price,301488.SZ,UNKNOWN,[]
adjusted_price-301489.SZ,adjusted_price,301489.SZ,UNKNOWN,[]
adjusted_price-301498.SZ,adjusted_price,301498.SZ,UNKNOWN,[]
adjusted_price-301500.SZ,adjusted_price,301500.SZ,UNKNOWN,[]
adjusted_price-301508.SZ,adjusted_price,301508.SZ,UNKNOWN,[]
adjusted_price-301510.SZ,adjusted_price,301510.SZ,UNKNOWN,[]
adjusted_price-301511.SZ,adjusted_price,301511.SZ,UNKNOWN,[]
adjusted_price-301522.SZ,adjusted_price,301522.SZ,UNKNOWN,[]
adjusted_price-301526.SZ,adjusted_price,301526.SZ,UNKNOWN,[]
adjusted_price-301536.SZ,adjusted_price,301536.SZ,UNKNOWN,[]
adjusted_price-301550.SZ,adjusted_price,301550.SZ,UNKNOWN,[]
adjusted_price-301551.SZ,adjusted_price,301551.SZ,UNKNOWN,[]
adjusted_price-301556.SZ,adjusted_price,301556.SZ,UNKNOWN,[]
adjusted_price-301558.SZ,adjusted_price,301558.SZ,UNKNOWN,[]
adjusted_price-301559.SZ,adjusted_price,301559.SZ,UNKNOWN,[]
adjusted_price-301563.SZ,adjusted_price,301563.SZ,UNKNOWN,[]
adjusted_price-301565.SZ,adjusted_price,301565.SZ,UNKNOWN,[]
adjusted_price-301571.SZ,adjusted_price,301571.SZ,UNKNOWN,[]
adjusted_price-301584.SZ,adjusted_price,301584.SZ,UNKNOWN,[]
adjusted_price-301589.SZ,adjusted_price,301589.SZ,UNKNOWN,[]
adjusted_price-301592.SZ,adjusted_price,301592.SZ,UNKNOWN,[]
adjusted_price-301600.SZ,adjusted_price,301600.SZ,UNKNOWN,[]
adjusted_price-301602.SZ,adjusted_price,301602.SZ,UNKNOWN,[]
adjusted_price-301606.SZ,adjusted_price,301606.SZ,UNKNOWN,[]
adjusted_price-301611.SZ,adjusted_price,301611.SZ,UNKNOWN,[]
adjusted_price-301622.SZ,adjusted_price,301622.SZ,UNKNOWN,[]
adjusted_price-301626.SZ,adjusted_price,301626.SZ,UNKNOWN,[]
adjusted_price-301631.SZ,adjusted_price,301631.SZ,UNKNOWN,[]
adjusted_price-301632.SZ,adjusted_price,301632.SZ,UNKNOWN,[]
adjusted_price-301658.SZ,adjusted_price,301658.SZ,UNKNOWN,[]
adjusted_price-301662.SZ,adjusted_price,301662.SZ,UNKNOWN,[]
adjusted_price-301665.SZ,adjusted_price,301665.SZ,UNKNOWN,[]
adjusted_price-301678.SZ,adjusted_price,301678.SZ,UNKNOWN,[]
adjusted_price-302132.SZ,adjusted_price,302132.SZ,UNKNOWN,[]
adjusted_price-600000.SH,adjusted_price,600000.SH,UNKNOWN,[]
adjusted_price-600004.SH,adjusted_price,600004.SH,UNKNOWN,[]
adjusted_price-600005.SH,adjusted_price,600005.SH,UNKNOWN,[]
adjusted_price-600006.SH,adjusted_price,600006.SH,UNKNOWN,[]
adjusted_price-600007.SH,adjusted_price,600007.SH,UNKNOWN,[]
adjusted_price-600008.SH,adjusted_price,600008.SH,UNKNOWN,[]
adjusted_price-600009.SH,adjusted_price,600009.SH,UNKNOWN,[]
adjusted_price-600010.SH,adjusted_price,600010.SH,UNKNOWN,[]
adjusted_price-600011.SH,adjusted_price,600011.SH,UNKNOWN,[]
adjusted_price-600012.SH,adjusted_price,600012.SH,UNKNOWN,[]
adjusted_price-600015.SH,adjusted_price,600015.SH,UNKNOWN,[]
adjusted_price-600016.SH,adjusted_price,600016.SH,UNKNOWN,[]
adjusted_price-600017.SH,adjusted_price,600017.SH,UNKNOWN,[]
adjusted_price-600018.SH,adjusted_price,600018.SH,UNKNOWN,[]
adjusted_price-600019.SH,adjusted_price,600019.SH,UNKNOWN,[]
adjusted_price-600020.SH,adjusted_price,600020.SH,UNKNOWN,[]
adjusted_price-600021.SH,adjusted_price,600021.SH,UNKNOWN,[]
adjusted_price-600022.SH,adjusted_price,600022.SH,UNKNOWN,[]
adjusted_price-600023.SH,adjusted_price,600023.SH,UNKNOWN,[]
adjusted_price-600025.SH,adjusted_price,600025.SH,UNKNOWN,[]
adjusted_price-600026.SH,adjusted_price,600026.SH,UNKNOWN,[]
adjusted_price-600027.SH,adjusted_price,600027.SH,UNKNOWN,[]
adjusted_price-600028.SH,adjusted_price,600028.SH,UNKNOWN,[]
adjusted_price-600029.SH,adjusted_price,600029.SH,UNKNOWN,[]
adjusted_price-600030.SH,adjusted_price,600030.SH,UNKNOWN,[]
adjusted_price-600031.SH,adjusted_price,600031.SH,UNKNOWN,[]
adjusted_price-600032.SH,adjusted_price,600032.SH,UNKNOWN,[]
adjusted_price-600033.SH,adjusted_price,600033.SH,UNKNOWN,[]
adjusted_price-600035.SH,adjusted_price,600035.SH,UNKNOWN,[]
adjusted_price-600036.SH,adjusted_price,600036.SH,UNKNOWN,[]
adjusted_price-600037.SH,adjusted_price,600037.SH,UNKNOWN,[]
adjusted_price-600038.SH,adjusted_price,600038.SH,UNKNOWN,[]
adjusted_price-600039.SH,adjusted_price,600039.SH,UNKNOWN,[]
adjusted_price-600048.SH,adjusted_price,600048.SH,UNKNOWN,[]
adjusted_price-600050.SH,adjusted_price,600050.SH,UNKNOWN,[]
adjusted_price-600051.SH,adjusted_price,600051.SH,UNKNOWN,[]
adjusted_price-600052.SH,adjusted_price,600052.SH,UNKNOWN,[]
adjusted_price-600053.SH,adjusted_price,600053.SH,UNKNOWN,[]
adjusted_price-600054.SH,adjusted_price,600054.SH,UNKNOWN,[]
adjusted_price-600055.SH,adjusted_price,600055.SH,UNKNOWN,[]
adjusted_price-600056.SH,adjusted_price,600056.SH,UNKNOWN,[]
adjusted_price-600057.SH,adjusted_price,600057.SH,UNKNOWN,[]
adjusted_price-600058.SH,adjusted_price,600058.SH,UNKNOWN,[]
adjusted_price-600059.SH,adjusted_price,600059.SH,UNKNOWN,[]
adjusted_price-600060.SH,adjusted_price,600060.SH,UNKNOWN,[]
adjusted_price-600061.SH,adjusted_price,600061.SH,UNKNOWN,[]
adjusted_price-600062.SH,adjusted_price,600062.SH,UNKNOWN,[]
adjusted_price-600063.SH,adjusted_price,600063.SH,UNKNOWN,[]
adjusted_price-600064.SH,adjusted_price,600064.SH,UNKNOWN,[]
adjusted_price-600066.SH,adjusted_price,600066.SH,UNKNOWN,[]
adjusted_price-600067.SH,adjusted_price,600067.SH,UNKNOWN,[]
adjusted_price-600068.SH,adjusted_price,600068.SH,UNKNOWN,[]
adjusted_price-600069.SH,adjusted_price,600069.SH,BLOCKED,"[{""category"": ""PLAN_SEMANTICS_ERROR"", ""reason"": ""Explicit anchor has no factor; no formal requested-to-effective anchor rule. Absence is not automatically a coverage gap.""}]"
adjusted_price-600071.SH,adjusted_price,600071.SH,UNKNOWN,[]
adjusted_price-600072.SH,adjusted_price,600072.SH,UNKNOWN,[]
adjusted_price-600073.SH,adjusted_price,600073.SH,UNKNOWN,[]
adjusted_price-600074.SH,adjusted_price,600074.SH,BLOCKED,"[{""category"": ""PLAN_SEMANTICS_ERROR"", ""reason"": ""Explicit anchor has no factor; no formal requested-to-effective anchor rule. Absence is not automatically a coverage gap.""}]"
adjusted_price-600075.SH,adjusted_price,600075.SH,UNKNOWN,[]
adjusted_price-600076.SH,adjusted_price,600076.SH,UNKNOWN,[]
adjusted_price-600077.SH,adjusted_price,600077.SH,UNKNOWN,[]
adjusted_price-600078.SH,adjusted_price,600078.SH,UNKNOWN,[]
adjusted_price-600079.SH,adjusted_price,600079.SH,UNKNOWN,[]
adjusted_price-600080.SH,adjusted_price,600080.SH,UNKNOWN,[]
adjusted_price-600081.SH,adjusted_price,600081.SH,UNKNOWN,[]
adjusted_price-600082.SH,adjusted_price,600082.SH,UNKNOWN,[]
adjusted_price-600084.SH,adjusted_price,600084.SH,UNKNOWN,[]
adjusted_price-600085.SH,adjusted_price,600085.SH,UNKNOWN,[]
adjusted_price-600086.SH,adjusted_price,600086.SH,BLOCKED,"[{""category"": ""PLAN_SEMANTICS_ERROR"", ""reason"": ""Explicit anchor has no factor; no formal requested-to-effective anchor rule. Absence is not automatically a coverage gap.""}]"
adjusted_price-600088.SH,adjusted_price,600088.SH,UNKNOWN,[]
adjusted_price-600089.SH,adjusted_price,600089.SH,UNKNOWN,[]
adjusted_price-600090.SH,adjusted_price,600090.SH,UNKNOWN,[]
adjusted_price-600091.SH,adjusted_price,600091.SH,UNKNOWN,[]
adjusted_price-600093.SH,adjusted_price,600093.SH,UNKNOWN,[]
adjusted_price-600094.SH,adjusted_price,600094.SH,UNKNOWN,[]
adjusted_price-600095.SH,adjusted_price,600095.SH,UNKNOWN,[]
adjusted_price-600096.SH,adjusted_price,600096.SH,UNKNOWN,[]
adjusted_price-600097.SH,adjusted_price,600097.SH,UNKNOWN,[]
adjusted_price-600098.SH,adjusted_price,600098.SH,UNKNOWN,[]
adjusted_price-600100.SH,adjusted_price,600100.SH,UNKNOWN,[]
adjusted_price-600101.SH,adjusted_price,600101.SH,UNKNOWN,[]
adjusted_price-600103.SH,adjusted_price,600103.SH,UNKNOWN,[]
adjusted_price-600104.SH,adjusted_price,600104.SH,UNKNOWN,[]
adjusted_price-600105.SH,adjusted_price,600105.SH,UNKNOWN,[]
adjusted_price-600106.SH,adjusted_price,600106.SH,UNKNOWN,[]
adjusted_price-600107.SH,adjusted_price,600107.SH,UNKNOWN,[]
adjusted_price-600108.SH,adjusted_price,600108.SH,UNKNOWN,[]
adjusted_price-600109.SH,adjusted_price,600109.SH,UNKNOWN,[]
adjusted_price-600110.SH,adjusted_price,600110.SH,UNKNOWN,[]
adjusted_price-600111.SH,adjusted_price,600111.SH,UNKNOWN,[]
adjusted_price-600112.SH,adjusted_price,600112.SH,UNKNOWN,[]
adjusted_price-600113.SH,adjusted_price,600113.SH,UNKNOWN,[]
adjusted_price-600114.SH,adjusted_price,600114.SH,UNKNOWN,[]
adjusted_price-600115.SH,adjusted_price,600115.SH,UNKNOWN,[]
adjusted_price-600116.SH,adjusted_price,600116.SH,UNKNOWN,[]
adjusted_price-600117.SH,adjusted_price,600117.SH,UNKNOWN,[]
adjusted_price-600118.SH,adjusted_price,600118.SH,UNKNOWN,[]
adjusted_price-600119.SH,adjusted_price,600119.SH,UNKNOWN,[]
adjusted_price-600120.SH,adjusted_price,600120.SH,UNKNOWN,[]
adjusted_price-600121.SH,adjusted_price,600121.SH,UNKNOWN,[]
adjusted_price-600122.SH,adjusted_price,600122.SH,UNKNOWN,[]
adjusted_price-600123.SH,adjusted_price,600123.SH,UNKNOWN,[]
adjusted_price-600125.SH,adjusted_price,600125.SH,UNKNOWN,[]
adjusted_price-600126.SH,adjusted_price,600126.SH,UNKNOWN,[]
adjusted_price-600127.SH,adjusted_price,600127.SH,UNKNOWN,[]
adjusted_price-600128.SH,adjusted_price,600128.SH,UNKNOWN,[]
adjusted_price-600129.SH,adjusted_price,600129.SH,UNKNOWN,[]
adjusted_price-600130.SH,adjusted_price,600130.SH,UNKNOWN,[]
adjusted_price-600131.SH,adjusted_price,600131.SH,UNKNOWN,[]
adjusted_price-600132.SH,adjusted_price,600132.SH,UNKNOWN,[]
adjusted_price-600133.SH,adjusted_price,600133.SH,UNKNOWN,[]
adjusted_price-600135.SH,adjusted_price,600135.SH,UNKNOWN,[]
adjusted_price-600136.SH,adjusted_price,600136.SH,UNKNOWN,[]
adjusted_price-600138.SH,adjusted_price,600138.SH,UNKNOWN,[]
adjusted_price-600139.SH,adjusted_price,600139.SH,UNKNOWN,[]
adjusted_price-600141.SH,adjusted_price,600141.SH,UNKNOWN,[]
adjusted_price-600143.SH,adjusted_price,600143.SH,UNKNOWN,[]
adjusted_price-600146.SH,adjusted_price,600146.SH,UNKNOWN,[]
adjusted_price-600149.SH,adjusted_price,600149.SH,UNKNOWN,[]
adjusted_price-600150.SH,adjusted_price,600150.SH,UNKNOWN,[]
adjusted_price-600151.SH,adjusted_price,600151.SH,UNKNOWN,[]
adjusted_price-600152.SH,adjusted_price,600152.SH,UNKNOWN,[]
adjusted_price-600153.SH,adjusted_price,600153.SH,UNKNOWN,[]
adjusted_price-600155.SH,adjusted_price,600155.SH,UNKNOWN,[]
adjusted_price-600156.SH,adjusted_price,600156.SH,UNKNOWN,[]
adjusted_price-600157.SH,adjusted_price,600157.SH,UNKNOWN,[]
adjusted_price-600158.SH,adjusted_price,600158.SH,UNKNOWN,[]
adjusted_price-600159.SH,adjusted_price,600159.SH,UNKNOWN,[]
adjusted_price-600160.SH,adjusted_price,600160.SH,UNKNOWN,[]
adjusted_price-600161.SH,adjusted_price,600161.SH,UNKNOWN,[]
adjusted_price-600162.SH,adjusted_price,600162.SH,UNKNOWN,[]
adjusted_price-600163.SH,adjusted_price,600163.SH,UNKNOWN,[]
adjusted_price-600165.SH,adjusted_price,600165.SH,UNKNOWN,[]
adjusted_price-600166.SH,adjusted_price,600166.SH,UNKNOWN,[]
adjusted_price-600167.SH,adjusted_price,600167.SH,UNKNOWN,[]
adjusted_price-600168.SH,adjusted_price,600168.SH,UNKNOWN,[]
adjusted_price-600169.SH,adjusted_price,600169.SH,UNKNOWN,[]
adjusted_price-600170.SH,adjusted_price,600170.SH,UNKNOWN,[]
adjusted_price-600171.SH,adjusted_price,600171.SH,UNKNOWN,[]
adjusted_price-600172.SH,adjusted_price,600172.SH,UNKNOWN,[]
adjusted_price-600173.SH,adjusted_price,600173.SH,UNKNOWN,[]
adjusted_price-600175.SH,adjusted_price,600175.SH,BLOCKED,"[{""category"": ""PLAN_SEMANTICS_ERROR"", ""reason"": ""Explicit anchor has no factor; no formal requested-to-effective anchor rule. Absence is not automatically a coverage gap.""}]"
adjusted_price-600176.SH,adjusted_price,600176.SH,UNKNOWN,[]
adjusted_price-600177.SH,adjusted_price,600177.SH,UNKNOWN,[]
adjusted_price-600178.SH,adjusted_price,600178.SH,UNKNOWN,[]
adjusted_price-600179.SH,adjusted_price,600179.SH,UNKNOWN,[]
adjusted_price-600180.SH,adjusted_price,600180.SH,UNKNOWN,[]
adjusted_price-600182.SH,adjusted_price,600182.SH,UNKNOWN,[]
adjusted_price-600183.SH,adjusted_price,600183.SH,UNKNOWN,[]
adjusted_price-600184.SH,adjusted_price,600184.SH,UNKNOWN,[]
adjusted_price-600185.SH,adjusted_price,600185.SH,UNKNOWN,[]
adjusted_price-600186.SH,adjusted_price,600186.SH,UNKNOWN,[]
adjusted_price-600187.SH,adjusted_price,600187.SH,UNKNOWN,[]
adjusted_price-600188.SH,adjusted_price,600188.SH,UNKNOWN,[]
adjusted_price-600189.SH,adjusted_price,600189.SH,UNKNOWN,[]
adjusted_price-600190.SH,adjusted_price,600190.SH,BLOCKED,"[{""category"": ""PLAN_SEMANTICS_ERROR"", ""reason"": ""Explicit anchor has no factor; no formal requested-to-effective anchor rule. Absence is not automatically a coverage gap.""}]"
adjusted_price-600191.SH,adjusted_price,600191.SH,UNKNOWN,[]
adjusted_price-600192.SH,adjusted_price,600192.SH,UNKNOWN,[]
adjusted_price-600193.SH,adjusted_price,600193.SH,UNKNOWN,[]
adjusted_price-600195.SH,adjusted_price,600195.SH,UNKNOWN,[]
adjusted_price-600196.SH,adjusted_price,600196.SH,UNKNOWN,[]
adjusted_price-600197.SH,adjusted_price,600197.SH,UNKNOWN,[]
adjusted_price-600198.SH,adjusted_price,600198.SH,UNKNOWN,[]
adjusted_price-600199.SH,adjusted_price,600199.SH,UNKNOWN,[]
adjusted_price-600200.SH,adjusted_price,600200.SH,UNKNOWN,[]
adjusted_price-600201.SH,adjusted_price,600201.SH,UNKNOWN,[]
adjusted_price-600202.SH,adjusted_price,600202.SH,UNKNOWN,[]
adjusted_price-600203.SH,adjusted_price,600203.SH,UNKNOWN,[]
adjusted_price-600206.SH,adjusted_price,600206.SH,UNKNOWN,[]
adjusted_price-600207.SH,adjusted_price,600207.SH,UNKNOWN,[]
adjusted_price-600208.SH,adjusted_price,600208.SH,UNKNOWN,[]
adjusted_price-600209.SH,adjusted_price,600209.SH,UNKNOWN,[]
adjusted_price-600210.SH,adjusted_price,600210.SH,UNKNOWN,[]
adjusted_price-600211.SH,adjusted_price,600211.SH,UNKNOWN,[]
adjusted_price-600212.SH,adjusted_price,600212.SH,UNKNOWN,[]
adjusted_price-600215.SH,adjusted_price,600215.SH,UNKNOWN,[]
adjusted_price-600216.SH,adjusted_price,600216.SH,UNKNOWN,[]
adjusted_price-600217.SH,adjusted_price,600217.SH,UNKNOWN,[]
adjusted_price-600218.SH,adjusted_price,600218.SH,UNKNOWN,[]
adjusted_price-600219.SH,adjusted_price,600219.SH,UNKNOWN,[]
adjusted_price-600220.SH,adjusted_price,600220.SH,UNKNOWN,[]
adjusted_price-600221.SH,adjusted_price,600221.SH,UNKNOWN,[]
adjusted_price-600222.SH,adjusted_price,600222.SH,UNKNOWN,[]
adjusted_price-600223.SH,adjusted_price,600223.SH,UNKNOWN,[]
adjusted_price-600225.SH,adjusted_price,600225.SH,UNKNOWN,[]
adjusted_price-600226.SH,adjusted_price,600226.SH,UNKNOWN,[]
adjusted_price-600227.SH,adjusted_price,600227.SH,UNKNOWN,[]
adjusted_price-600228.SH,adjusted_price,600228.SH,UNKNOWN,[]
adjusted_price-600229.SH,adjusted_price,600229.SH,UNKNOWN,[]
adjusted_price-600230.SH,adjusted_price,600230.SH,UNKNOWN,[]
adjusted_price-600231.SH,adjusted_price,600231.SH,UNKNOWN,[]
adjusted_price-600232.SH,adjusted_price,600232.SH,UNKNOWN,[]
adjusted_price-600233.SH,adjusted_price,600233.SH,UNKNOWN,[]
adjusted_price-600235.SH,adjusted_price,600235.SH,UNKNOWN,[]
adjusted_price-600236.SH,adjusted_price,600236.SH,UNKNOWN,[]
adjusted_price-600237.SH,adjusted_price,600237.SH,UNKNOWN,[]
adjusted_price-600238.SH,adjusted_price,600238.SH,UNKNOWN,[]
adjusted_price-600239.SH,adjusted_price,600239.SH,UNKNOWN,[]
adjusted_price-600240.SH,adjusted_price,600240.SH,BLOCKED,"[{""category"": ""PLAN_SEMANTICS_ERROR"", ""reason"": ""Explicit anchor has no factor; no formal requested-to-effective anchor rule. Absence is not automatically a coverage gap.""}]"
adjusted_price-600242.SH,adjusted_price,600242.SH,UNKNOWN,[]
adjusted_price-600246.SH,adjusted_price,600246.SH,UNKNOWN,[]
adjusted_price-600247.SH,adjusted_price,600247.SH,UNKNOWN,[]
adjusted_price-600248.SH,adjusted_price,600248.SH,UNKNOWN,[]
adjusted_price-600249.SH,adjusted_price,600249.SH,UNKNOWN,[]
adjusted_price-600251.SH,adjusted_price,600251.SH,UNKNOWN,[]
adjusted_price-600252.SH,adjusted_price,600252.SH,UNKNOWN,[]
adjusted_price-600255.SH,adjusted_price,600255.SH,UNKNOWN,[]
adjusted_price-600256.SH,adjusted_price,600256.SH,UNKNOWN,[]
adjusted_price-600257.SH,adjusted_price,600257.SH,UNKNOWN,[]
adjusted_price-600258.SH,adjusted_price,600258.SH,UNKNOWN,[]
adjusted_price-600259.SH,adjusted_price,600259.SH,UNKNOWN,[]
adjusted_price-600260.SH,adjusted_price,600260.SH,UNKNOWN,[]
adjusted_price-600261.SH,adjusted_price,600261.SH,UNKNOWN,[]
adjusted_price-600262.SH,adjusted_price,600262.SH,UNKNOWN,[]
adjusted_price-600266.SH,adjusted_price,600266.SH,UNKNOWN,[]
adjusted_price-600267.SH,adjusted_price,600267.SH,UNKNOWN,[]
adjusted_price-600268.SH,adjusted_price,600268.SH,UNKNOWN,[]
adjusted_price-600269.SH,adjusted_price,600269.SH,UNKNOWN,[]
adjusted_price-600270.SH,adjusted_price,600270.SH,UNKNOWN,[]
adjusted_price-600271.SH,adjusted_price,600271.SH,UNKNOWN,[]
adjusted_price-600273.SH,adjusted_price,600273.SH,UNKNOWN,[]
adjusted_price-600275.SH,adjusted_price,600275.SH,UNKNOWN,[]
adjusted_price-600276.SH,adjusted_price,600276.SH,UNKNOWN,[]
adjusted_price-600277.SH,adjusted_price,600277.SH,UNKNOWN,[]
adjusted_price-600278.SH,adjusted_price,600278.SH,UNKNOWN,[]
adjusted_price-600279.SH,adjusted_price,600279.SH,UNKNOWN,[]
adjusted_price-600280.SH,adjusted_price,600280.SH,UNKNOWN,[]
adjusted_price-600281.SH,adjusted_price,600281.SH,UNKNOWN,[]
adjusted_price-600282.SH,adjusted_price,600282.SH,UNKNOWN,[]
adjusted_price-600283.SH,adjusted_price,600283.SH,UNKNOWN,[]
adjusted_price-600284.SH,adjusted_price,600284.SH,UNKNOWN,[]
adjusted_price-600285.SH,adjusted_price,600285.SH,UNKNOWN,[]
adjusted_price-600287.SH,adjusted_price,600287.SH,UNKNOWN,[]
adjusted_price-600288.SH,adjusted_price,600288.SH,UNKNOWN,[]
adjusted_price-600289.SH,adjusted_price,600289.SH,UNKNOWN,[]
adjusted_price-600290.SH,adjusted_price,600290.SH,UNKNOWN,[]
adjusted_price-600291.SH,adjusted_price,600291.SH,UNKNOWN,[]
adjusted_price-600292.SH,adjusted_price,600292.SH,UNKNOWN,[]
adjusted_price-600293.SH,adjusted_price,600293.SH,UNKNOWN,[]
adjusted_price-600295.SH,adjusted_price,600295.SH,UNKNOWN,[]
adjusted_price-600297.SH,adjusted_price,600297.SH,UNKNOWN,[]
adjusted_price-600298.SH,adjusted_price,600298.SH,UNKNOWN,[]
adjusted_price-600299.SH,adjusted_price,600299.SH,UNKNOWN,[]
adjusted_price-600300.SH,adjusted_price,600300.SH,UNKNOWN,[]
adjusted_price-600301.SH,adjusted_price,600301.SH,UNKNOWN,[]
adjusted_price-600302.SH,adjusted_price,600302.SH,UNKNOWN,[]
adjusted_price-600303.SH,adjusted_price,600303.SH,UNKNOWN,[]
adjusted_price-600305.SH,adjusted_price,600305.SH,UNKNOWN,[]
adjusted_price-600306.SH,adjusted_price,600306.SH,UNKNOWN,[]
adjusted_price-600307.SH,adjusted_price,600307.SH,UNKNOWN,[]
adjusted_price-600308.SH,adjusted_price,600308.SH,UNKNOWN,[]
adjusted_price-600309.SH,adjusted_price,600309.SH,UNKNOWN,[]
adjusted_price-600310.SH,adjusted_price,600310.SH,UNKNOWN,[]
adjusted_price-600311.SH,adjusted_price,600311.SH,UNKNOWN,[]
adjusted_price-600312.SH,adjusted_price,600312.SH,UNKNOWN,[]
adjusted_price-600313.SH,adjusted_price,600313.SH,UNKNOWN,[]
adjusted_price-600315.SH,adjusted_price,600315.SH,UNKNOWN,[]
adjusted_price-600316.SH,adjusted_price,600316.SH,UNKNOWN,[]
adjusted_price-600317.SH,adjusted_price,600317.SH,UNKNOWN,[]
adjusted_price-600318.SH,adjusted_price,600318.SH,UNKNOWN,[]
adjusted_price-600319.SH,adjusted_price,600319.SH,UNKNOWN,[]
adjusted_price-600320.SH,adjusted_price,600320.SH,UNKNOWN,[]
adjusted_price-600321.SH,adjusted_price,600321.SH,UNKNOWN,[]
adjusted_price-600322.SH,adjusted_price,600322.SH,UNKNOWN,[]
adjusted_price-600323.SH,adjusted_price,600323.SH,UNKNOWN,[]
adjusted_price-600325.SH,adjusted_price,600325.SH,UNKNOWN,[]
adjusted_price-600326.SH,adjusted_price,600326.SH,UNKNOWN,[]
adjusted_price-600327.SH,adjusted_price,600327.SH,UNKNOWN,[]
adjusted_price-600328.SH,adjusted_price,600328.SH,UNKNOWN,[]
adjusted_price-600329.SH,adjusted_price,600329.SH,UNKNOWN,[]
adjusted_price-600330.SH,adjusted_price,600330.SH,UNKNOWN,[]
adjusted_price-600331.SH,adjusted_price,600331.SH,UNKNOWN,[]
adjusted_price-600332.SH,adjusted_price,600332.SH,UNKNOWN,[]
adjusted_price-600333.SH,adjusted_price,600333.SH,UNKNOWN,[]
adjusted_price-600335.SH,adjusted_price,600335.SH,UNKNOWN,[]
adjusted_price-600336.SH,adjusted_price,600336.SH,UNKNOWN,[]
adjusted_price-600337.SH,adjusted_price,600337.SH,UNKNOWN,[]
adjusted_price-600338.SH,adjusted_price,600338.SH,UNKNOWN,[]
adjusted_price-600339.SH,adjusted_price,600339.SH,UNKNOWN,[]
adjusted_price-600340.SH,adjusted_price,600340.SH,UNKNOWN,[]
adjusted_price-600343.SH,adjusted_price,600343.SH,UNKNOWN,[]
adjusted_price-600345.SH,adjusted_price,600345.SH,UNKNOWN,[]
adjusted_price-600346.SH,adjusted_price,600346.SH,UNKNOWN,[]
adjusted_price-600348.SH,adjusted_price,600348.SH,UNKNOWN,[]
adjusted_price-600350.SH,adjusted_price,600350.SH,UNKNOWN,[]
adjusted_price-600351.SH,adjusted_price,600351.SH,UNKNOWN,[]
adjusted_price-600352.SH,adjusted_price,600352.SH,UNKNOWN,[]
adjusted_price-600353.SH,adjusted_price,600353.SH,UNKNOWN,[]
adjusted_price-600354.SH,adjusted_price,600354.SH,UNKNOWN,[]
adjusted_price-600356.SH,adjusted_price,600356.SH,UNKNOWN,[]
adjusted_price-600358.SH,adjusted_price,600358.SH,UNKNOWN,[]
adjusted_price-600359.SH,adjusted_price,600359.SH,UNKNOWN,[]
adjusted_price-600360.SH,adjusted_price,600360.SH,UNKNOWN,[]
adjusted_price-600361.SH,adjusted_price,600361.SH,UNKNOWN,[]
adjusted_price-600362.SH,adjusted_price,600362.SH,UNKNOWN,[]
adjusted_price-600363.SH,adjusted_price,600363.SH,UNKNOWN,[]
adjusted_price-600365.SH,adjusted_price,600365.SH,UNKNOWN,[]
adjusted_price-600366.SH,adjusted_price,600366.SH,UNKNOWN,[]
adjusted_price-600367.SH,adjusted_price,600367.SH,UNKNOWN,[]
adjusted_price-600368.SH,adjusted_price,600368.SH,UNKNOWN,[]
adjusted_price-600369.SH,adjusted_price,600369.SH,UNKNOWN,[]
adjusted_price-600370.SH,adjusted_price,600370.SH,UNKNOWN,[]
adjusted_price-600371.SH,adjusted_price,600371.SH,UNKNOWN,[]
adjusted_price-600372.SH,adjusted_price,600372.SH,UNKNOWN,[]
adjusted_price-600373.SH,adjusted_price,600373.SH,UNKNOWN,[]
adjusted_price-600375.SH,adjusted_price,600375.SH,UNKNOWN,[]
adjusted_price-600376.SH,adjusted_price,600376.SH,UNKNOWN,[]
adjusted_price-600377.SH,adjusted_price,600377.SH,UNKNOWN,[]
adjusted_price-600378.SH,adjusted_price,600378.SH,UNKNOWN,[]
adjusted_price-600380.SH,adjusted_price,600380.SH,UNKNOWN,[]
adjusted_price-600381.SH,adjusted_price,600381.SH,UNKNOWN,[]
adjusted_price-600382.SH,adjusted_price,600382.SH,UNKNOWN,[]
adjusted_price-600383.SH,adjusted_price,600383.SH,UNKNOWN,[]
adjusted_price-600386.SH,adjusted_price,600386.SH,UNKNOWN,[]
adjusted_price-600387.SH,adjusted_price,600387.SH,UNKNOWN,[]
adjusted_price-600388.SH,adjusted_price,600388.SH,UNKNOWN,[]
adjusted_price-600389.SH,adjusted_price,600389.SH,UNKNOWN,[]
adjusted_price-600390.SH,adjusted_price,600390.SH,UNKNOWN,[]
adjusted_price-600391.SH,adjusted_price,600391.SH,UNKNOWN,[]
adjusted_price-600392.SH,adjusted_price,600392.SH,UNKNOWN,[]
adjusted_price-600393.SH,adjusted_price,600393.SH,UNKNOWN,[]
adjusted_price-600395.SH,adjusted_price,600395.SH,UNKNOWN,[]
adjusted_price-600396.SH,adjusted_price,600396.SH,UNKNOWN,[]
adjusted_price-600397.SH,adjusted_price,600397.SH,UNKNOWN,[]
adjusted_price-600398.SH,adjusted_price,600398.SH,UNKNOWN,[]
adjusted_price-600399.SH,adjusted_price,600399.SH,UNKNOWN,[]
adjusted_price-600400.SH,adjusted_price,600400.SH,UNKNOWN,[]
adjusted_price-600401.SH,adjusted_price,600401.SH,UNKNOWN,[]
adjusted_price-600403.SH,adjusted_price,600403.SH,UNKNOWN,[]
adjusted_price-600405.SH,adjusted_price,600405.SH,UNKNOWN,[]
adjusted_price-600406.SH,adjusted_price,600406.SH,UNKNOWN,[]
adjusted_price-600408.SH,adjusted_price,600408.SH,UNKNOWN,[]
adjusted_price-600409.SH,adjusted_price,600409.SH,UNKNOWN,[]
adjusted_price-600410.SH,adjusted_price,600410.SH,UNKNOWN,[]
adjusted_price-600415.SH,adjusted_price,600415.SH,UNKNOWN,[]
adjusted_price-600416.SH,adjusted_price,600416.SH,UNKNOWN,[]
adjusted_price-600418.SH,adjusted_price,600418.SH,UNKNOWN,[]
adjusted_price-600420.SH,adjusted_price,600420.SH,UNKNOWN,[]
adjusted_price-600422.SH,adjusted_price,600422.SH,UNKNOWN,[]
adjusted_price-600423.SH,adjusted_price,600423.SH,UNKNOWN,[]
adjusted_price-600425.SH,adjusted_price,600425.SH,UNKNOWN,[]
adjusted_price-600426.SH,adjusted_price,600426.SH,UNKNOWN,[]
adjusted_price-600428.SH,adjusted_price,600428.SH,UNKNOWN,[]
adjusted_price-600429.SH,adjusted_price,600429.SH,UNKNOWN,[]
adjusted_price-600432.SH,adjusted_price,600432.SH,UNKNOWN,[]
adjusted_price-600433.SH,adjusted_price,600433.SH,UNKNOWN,[]
adjusted_price-600435.SH,adjusted_price,600435.SH,UNKNOWN,[]
adjusted_price-600436.SH,adjusted_price,600436.SH,UNKNOWN,[]
adjusted_price-600438.SH,adjusted_price,600438.SH,UNKNOWN,[]
adjusted_price-600439.SH,adjusted_price,600439.SH,UNKNOWN,[]
adjusted_price-600446.SH,adjusted_price,600446.SH,UNKNOWN,[]
adjusted_price-600449.SH,adjusted_price,600449.SH,UNKNOWN,[]
adjusted_price-600452.SH,adjusted_price,600452.SH,UNKNOWN,[]
adjusted_price-600456.SH,adjusted_price,600456.SH,UNKNOWN,[]
adjusted_price-600458.SH,adjusted_price,600458.SH,UNKNOWN,[]
adjusted_price-600459.SH,adjusted_price,600459.SH,UNKNOWN,[]
adjusted_price-600460.SH,adjusted_price,600460.SH,UNKNOWN,[]
adjusted_price-600461.SH,adjusted_price,600461.SH,UNKNOWN,[]
adjusted_price-600463.SH,adjusted_price,600463.SH,UNKNOWN,[]
adjusted_price-600466.SH,adjusted_price,600466.SH,UNKNOWN,[]
adjusted_price-600467.SH,adjusted_price,600467.SH,UNKNOWN,[]
adjusted_price-600468.SH,adjusted_price,600468.SH,UNKNOWN,[]
adjusted_price-600469.SH,adjusted_price,600469.SH,UNKNOWN,[]
adjusted_price-600470.SH,adjusted_price,600470.SH,UNKNOWN,[]
adjusted_price-600475.SH,adjusted_price,600475.SH,UNKNOWN,[]
adjusted_price-600477.SH,adjusted_price,600477.SH,UNKNOWN,[]
adjusted_price-600478.SH,adjusted_price,600478.SH,UNKNOWN,[]
adjusted_price-600479.SH,adjusted_price,600479.SH,UNKNOWN,[]
adjusted_price-600480.SH,adjusted_price,600480.SH,UNKNOWN,[]
adjusted_price-600481.SH,adjusted_price,600481.SH,UNKNOWN,[]
adjusted_price-600482.SH,adjusted_price,600482.SH,UNKNOWN,[]
adjusted_price-600483.SH,adjusted_price,600483.SH,UNKNOWN,[]
adjusted_price-600485.SH,adjusted_price,600485.SH,UNKNOWN,[]
adjusted_price-600486.SH,adjusted_price,600486.SH,UNKNOWN,[]
adjusted_price-600487.SH,adjusted_price,600487.SH,UNKNOWN,[]
adjusted_price-600488.SH,adjusted_price,600488.SH,UNKNOWN,[]
adjusted_price-600489.SH,adjusted_price,600489.SH,UNKNOWN,[]
adjusted_price-600490.SH,adjusted_price,600490.SH,UNKNOWN,[]
adjusted_price-600491.SH,adjusted_price,600491.SH,UNKNOWN,[]
adjusted_price-600495.SH,adjusted_price,600495.SH,UNKNOWN,[]
adjusted_price-600496.SH,adjusted_price,600496.SH,UNKNOWN,[]
adjusted_price-600497.SH,adjusted_price,600497.SH,UNKNOWN,[]
adjusted_price-600498.SH,adjusted_price,600498.SH,UNKNOWN,[]
adjusted_price-600499.SH,adjusted_price,600499.SH,UNKNOWN,[]
adjusted_price-600500.SH,adjusted_price,600500.SH,UNKNOWN,[]
adjusted_price-600501.SH,adjusted_price,600501.SH,UNKNOWN,[]
adjusted_price-600502.SH,adjusted_price,600502.SH,UNKNOWN,[]
adjusted_price-600503.SH,adjusted_price,600503.SH,UNKNOWN,[]
adjusted_price-600507.SH,adjusted_price,600507.SH,UNKNOWN,[]
adjusted_price-600508.SH,adjusted_price,600508.SH,UNKNOWN,[]
adjusted_price-600509.SH,adjusted_price,600509.SH,UNKNOWN,[]
adjusted_price-600510.SH,adjusted_price,600510.SH,UNKNOWN,[]
adjusted_price-600511.SH,adjusted_price,600511.SH,UNKNOWN,[]
adjusted_price-600512.SH,adjusted_price,600512.SH,UNKNOWN,[]
adjusted_price-600515.SH,adjusted_price,600515.SH,UNKNOWN,[]
adjusted_price-600516.SH,adjusted_price,600516.SH,UNKNOWN,[]
adjusted_price-600517.SH,adjusted_price,600517.SH,UNKNOWN,[]
adjusted_price-600518.SH,adjusted_price,600518.SH,UNKNOWN,[]
adjusted_price-600519.SH,adjusted_price,600519.SH,UNKNOWN,[]
adjusted_price-600521.SH,adjusted_price,600521.SH,UNKNOWN,[]
adjusted_price-600522.SH,adjusted_price,600522.SH,UNKNOWN,[]
adjusted_price-600523.SH,adjusted_price,600523.SH,UNKNOWN,[]
adjusted_price-600525.SH,adjusted_price,600525.SH,UNKNOWN,[]
adjusted_price-600526.SH,adjusted_price,600526.SH,UNKNOWN,[]
adjusted_price-600527.SH,adjusted_price,600527.SH,UNKNOWN,[]
adjusted_price-600528.SH,adjusted_price,600528.SH,UNKNOWN,[]
adjusted_price-600529.SH,adjusted_price,600529.SH,UNKNOWN,[]
adjusted_price-600530.SH,adjusted_price,600530.SH,UNKNOWN,[]
adjusted_price-600531.SH,adjusted_price,600531.SH,UNKNOWN,[]
adjusted_price-600533.SH,adjusted_price,600533.SH,UNKNOWN,[]
adjusted_price-600535.SH,adjusted_price,600535.SH,UNKNOWN,[]
adjusted_price-600536.SH,adjusted_price,600536.SH,UNKNOWN,[]
adjusted_price-600537.SH,adjusted_price,600537.SH,UNKNOWN,[]
adjusted_price-600540.SH,adjusted_price,600540.SH,UNKNOWN,[]
adjusted_price-600543.SH,adjusted_price,600543.SH,UNKNOWN,[]
adjusted_price-600545.SH,adjusted_price,600545.SH,UNKNOWN,[]
adjusted_price-600546.SH,adjusted_price,600546.SH,UNKNOWN,[]
adjusted_price-600547.SH,adjusted_price,600547.SH,UNKNOWN,[]
adjusted_price-600548.SH,adjusted_price,600548.SH,UNKNOWN,[]
adjusted_price-600549.SH,adjusted_price,600549.SH,UNKNOWN,[]
adjusted_price-600550.SH,adjusted_price,600550.SH,UNKNOWN,[]
adjusted_price-600551.SH,adjusted_price,600551.SH,UNKNOWN,[]
adjusted_price-600552.SH,adjusted_price,600552.SH,UNKNOWN,[]
adjusted_price-600555.SH,adjusted_price,600555.SH,BLOCKED,"[{""category"": ""PLAN_SEMANTICS_ERROR"", ""reason"": ""Explicit anchor has no factor; no formal requested-to-effective anchor rule. Absence is not automatically a coverage gap.""}]"
adjusted_price-600556.SH,adjusted_price,600556.SH,UNKNOWN,[]
adjusted_price-600557.SH,adjusted_price,600557.SH,UNKNOWN,[]
adjusted_price-600559.SH,adjusted_price,600559.SH,UNKNOWN,[]
adjusted_price-600560.SH,adjusted_price,600560.SH,UNKNOWN,[]
adjusted_price-600561.SH,adjusted_price,600561.SH,UNKNOWN,[]
adjusted_price-600562.SH,adjusted_price,600562.SH,UNKNOWN,[]
adjusted_price-600563.SH,adjusted_price,600563.SH,UNKNOWN,[]
adjusted_price-600565.SH,adjusted_price,600565.SH,UNKNOWN,[]
adjusted_price-600566.SH,adjusted_price,600566.SH,UNKNOWN,[]
adjusted_price-600567.SH,adjusted_price,600567.SH,UNKNOWN,[]
adjusted_price-600568.SH,adjusted_price,600568.SH,UNKNOWN,[]
adjusted_price-600569.SH,adjusted_price,600569.SH,UNKNOWN,[]
adjusted_price-600570.SH,adjusted_price,600570.SH,UNKNOWN,[]
adjusted_price-600571.SH,adjusted_price,600571.SH,UNKNOWN,[]
adjusted_price-600572.SH,adjusted_price,600572.SH,UNKNOWN,[]
adjusted_price-600573.SH,adjusted_price,600573.SH,UNKNOWN,[]
adjusted_price-600575.SH,adjusted_price,600575.SH,UNKNOWN,[]
adjusted_price-600577.SH,adjusted_price,600577.SH,UNKNOWN,[]
adjusted_price-600578.SH,adjusted_price,600578.SH,UNKNOWN,[]
adjusted_price-600580.SH,adjusted_price,600580.SH,UNKNOWN,[]
adjusted_price-600581.SH,adjusted_price,600581.SH,UNKNOWN,[]
adjusted_price-600582.SH,adjusted_price,600582.SH,UNKNOWN,[]
adjusted_price-600583.SH,adjusted_price,600583.SH,UNKNOWN,[]
adjusted_price-600584.SH,adjusted_price,600584.SH,UNKNOWN,[]
adjusted_price-600585.SH,adjusted_price,600585.SH,UNKNOWN,[]
adjusted_price-600586.SH,adjusted_price,600586.SH,UNKNOWN,[]
adjusted_price-600587.SH,adjusted_price,600587.SH,UNKNOWN,[]
adjusted_price-600588.SH,adjusted_price,600588.SH,UNKNOWN,[]
adjusted_price-600589.SH,adjusted_price,600589.SH,UNKNOWN,[]
adjusted_price-600590.SH,adjusted_price,600590.SH,UNKNOWN,[]
adjusted_price-600592.SH,adjusted_price,600592.SH,UNKNOWN,[]
adjusted_price-600594.SH,adjusted_price,600594.SH,UNKNOWN,[]
adjusted_price-600595.SH,adjusted_price,600595.SH,UNKNOWN,[]
adjusted_price-600596.SH,adjusted_price,600596.SH,UNKNOWN,[]
adjusted_price-600597.SH,adjusted_price,600597.SH,UNKNOWN,[]
adjusted_price-600598.SH,adjusted_price,600598.SH,UNKNOWN,[]
adjusted_price-600600.SH,adjusted_price,600600.SH,UNKNOWN,[]
adjusted_price-600601.SH,adjusted_price,600601.SH,UNKNOWN,[]
adjusted_price-600602.SH,adjusted_price,600602.SH,UNKNOWN,[]
adjusted_price-600603.SH,adjusted_price,600603.SH,UNKNOWN,[]
adjusted_price-600604.SH,adjusted_price,600604.SH,UNKNOWN,[]
adjusted_price-600605.SH,adjusted_price,600605.SH,UNKNOWN,[]
adjusted_price-600606.SH,adjusted_price,600606.SH,UNKNOWN,[]
adjusted_price-600608.SH,adjusted_price,600608.SH,UNKNOWN,[]
adjusted_price-600609.SH,adjusted_price,600609.SH,UNKNOWN,[]
adjusted_price-600610.SH,adjusted_price,600610.SH,UNKNOWN,[]
adjusted_price-600611.SH,adjusted_price,600611.SH,UNKNOWN,[]
adjusted_price-600612.SH,adjusted_price,600612.SH,UNKNOWN,[]
adjusted_price-600613.SH,adjusted_price,600613.SH,UNKNOWN,[]
adjusted_price-600614.SH,adjusted_price,600614.SH,BLOCKED,"[{""category"": ""PLAN_SEMANTICS_ERROR"", ""reason"": ""Explicit anchor has no factor; no formal requested-to-effective anchor rule. Absence is not automatically a coverage gap.""}]"
adjusted_price-600615.SH,adjusted_price,600615.SH,UNKNOWN,[]
adjusted_price-600616.SH,adjusted_price,600616.SH,UNKNOWN,[]
adjusted_price-600617.SH,adjusted_price,600617.SH,UNKNOWN,[]
adjusted_price-600618.SH,adjusted_price,600618.SH,UNKNOWN,[]
adjusted_price-600619.SH,adjusted_price,600619.SH,UNKNOWN,[]
adjusted_price-600620.SH,adjusted_price,600620.SH,UNKNOWN,[]
adjusted_price-600621.SH,adjusted_price,600621.SH,UNKNOWN,[]
adjusted_price-600622.SH,adjusted_price,600622.SH,UNKNOWN,[]
adjusted_price-600623.SH,adjusted_price,600623.SH,UNKNOWN,[]
adjusted_price-600624.SH,adjusted_price,600624.SH,UNKNOWN,[]
adjusted_price-600626.SH,adjusted_price,600626.SH,UNKNOWN,[]
adjusted_price-600628.SH,adjusted_price,600628.SH,UNKNOWN,[]
adjusted_price-600629.SH,adjusted_price,600629.SH,UNKNOWN,[]
adjusted_price-600630.SH,adjusted_price,600630.SH,UNKNOWN,[]
adjusted_price-600633.SH,adjusted_price,600633.SH,UNKNOWN,[]
adjusted_price-600634.SH,adjusted_price,600634.SH,BLOCKED,"[{""category"": ""PLAN_SEMANTICS_ERROR"", ""reason"": ""Explicit anchor has no factor; no formal requested-to-effective anchor rule. Absence is not automatically a coverage gap.""}]"
adjusted_price-600635.SH,adjusted_price,600635.SH,UNKNOWN,[]
adjusted_price-600636.SH,adjusted_price,600636.SH,UNKNOWN,[]
adjusted_price-600637.SH,adjusted_price,600637.SH,UNKNOWN,[]
adjusted_price-600638.SH,adjusted_price,600638.SH,UNKNOWN,[]
adjusted_price-600639.SH,adjusted_price,600639.SH,UNKNOWN,[]
adjusted_price-600640.SH,adjusted_price,600640.SH,UNKNOWN,[]
adjusted_price-600641.SH,adjusted_price,600641.SH,UNKNOWN,[]
adjusted_price-600642.SH,adjusted_price,600642.SH,UNKNOWN,[]
adjusted_price-600643.SH,adjusted_price,600643.SH,UNKNOWN,[]
adjusted_price-600644.SH,adjusted_price,600644.SH,UNKNOWN,[]
adjusted_price-600645.SH,adjusted_price,600645.SH,UNKNOWN,[]
adjusted_price-600648.SH,adjusted_price,600648.SH,UNKNOWN,[]
adjusted_price-600649.SH,adjusted_price,600649.SH,UNKNOWN,[]
adjusted_price-600650.SH,adjusted_price,600650.SH,UNKNOWN,[]
adjusted_price-600651.SH,adjusted_price,600651.SH,UNKNOWN,[]
adjusted_price-600652.SH,adjusted_price,600652.SH,UNKNOWN,[]
adjusted_price-600653.SH,adjusted_price,600653.SH,UNKNOWN,[]
adjusted_price-600654.SH,adjusted_price,600654.SH,UNKNOWN,[]
adjusted_price-600655.SH,adjusted_price,600655.SH,UNKNOWN,[]
adjusted_price-600657.SH,adjusted_price,600657.SH,UNKNOWN,[]
adjusted_price-600658.SH,adjusted_price,600658.SH,UNKNOWN,[]
adjusted_price-600660.SH,adjusted_price,600660.SH,UNKNOWN,[]
adjusted_price-600661.SH,adjusted_price,600661.SH,UNKNOWN,[]
adjusted_price-600662.SH,adjusted_price,600662.SH,UNKNOWN,[]
adjusted_price-600663.SH,adjusted_price,600663.SH,UNKNOWN,[]
adjusted_price-600664.SH,adjusted_price,600664.SH,UNKNOWN,[]
adjusted_price-600665.SH,adjusted_price,600665.SH,UNKNOWN,[]
adjusted_price-600666.SH,adjusted_price,600666.SH,UNKNOWN,[]
adjusted_price-600667.SH,adjusted_price,600667.SH,UNKNOWN,[]
adjusted_price-600668.SH,adjusted_price,600668.SH,UNKNOWN,[]
adjusted_price-600673.SH,adjusted_price,600673.SH,UNKNOWN,[]
adjusted_price-600674.SH,adjusted_price,600674.SH,UNKNOWN,[]
adjusted_price-600675.SH,adjusted_price,600675.SH,UNKNOWN,[]
adjusted_price-600676.SH,adjusted_price,600676.SH,UNKNOWN,[]
adjusted_price-600677.SH,adjusted_price,600677.SH,UNKNOWN,[]
adjusted_price-600678.SH,adjusted_price,600678.SH,UNKNOWN,[]
adjusted_price-600679.SH,adjusted_price,600679.SH,UNKNOWN,[]
adjusted_price-600680.SH,adjusted_price,600680.SH,UNKNOWN,[]
adjusted_price-600681.SH,adjusted_price,600681.SH,UNKNOWN,[]
adjusted_price-600682.SH,adjusted_price,600682.SH,UNKNOWN,[]
adjusted_price-600683.SH,adjusted_price,600683.SH,UNKNOWN,[]
adjusted_price-600684.SH,adjusted_price,600684.SH,UNKNOWN,[]
adjusted_price-600685.SH,adjusted_price,600685.SH,UNKNOWN,[]
adjusted_price-600686.SH,adjusted_price,600686.SH,UNKNOWN,[]
adjusted_price-600687.SH,adjusted_price,600687.SH,BLOCKED,"[{""category"": ""PLAN_SEMANTICS_ERROR"", ""reason"": ""Explicit anchor has no factor; no formal requested-to-effective anchor rule. Absence is not automatically a coverage gap.""}]"
adjusted_price-600688.SH,adjusted_price,600688.SH,UNKNOWN,[]
adjusted_price-600690.SH,adjusted_price,600690.SH,UNKNOWN,[]
adjusted_price-600691.SH,adjusted_price,600691.SH,UNKNOWN,[]
adjusted_price-600692.SH,adjusted_price,600692.SH,UNKNOWN,[]
adjusted_price-600693.SH,adjusted_price,600693.SH,UNKNOWN,[]
adjusted_price-600694.SH,adjusted_price,600694.SH,UNKNOWN,[]
adjusted_price-600695.SH,adjusted_price,600695.SH,BLOCKED,"[{""category"": ""PLAN_SEMANTICS_ERROR"", ""reason"": ""Explicit anchor has no factor; no formal requested-to-effective anchor rule. Absence is not automatically a coverage gap.""}]"
adjusted_price-600696.SH,adjusted_price,600696.SH,UNKNOWN,[]
adjusted_price-600697.SH,adjusted_price,600697.SH,UNKNOWN,[]
adjusted_price-600698.SH,adjusted_price,600698.SH,UNKNOWN,[]
adjusted_price-600699.SH,adjusted_price,600699.SH,UNKNOWN,[]
adjusted_price-600701.SH,adjusted_price,600701.SH,BLOCKED,"[{""category"": ""PLAN_SEMANTICS_ERROR"", ""reason"": ""Explicit anchor has no factor; no formal requested-to-effective anchor rule. Absence is not automatically a coverage gap.""}]"
adjusted_price-600702.SH,adjusted_price,600702.SH,UNKNOWN,[]
adjusted_price-600703.SH,adjusted_price,600703.SH,UNKNOWN,[]
adjusted_price-600704.SH,adjusted_price,600704.SH,UNKNOWN,[]
adjusted_price-600705.SH,adjusted_price,600705.SH,UNKNOWN,[]
adjusted_price-600706.SH,adjusted_price,600706.SH,UNKNOWN,[]
adjusted_price-600707.SH,adjusted_price,600707.SH,UNKNOWN,[]
adjusted_price-600708.SH,adjusted_price,600708.SH,UNKNOWN,[]
adjusted_price-600710.SH,adjusted_price,600710.SH,UNKNOWN,[]
adjusted_price-600711.SH,adjusted_price,600711.SH,UNKNOWN,[]
adjusted_price-600713.SH,adjusted_price,600713.SH,UNKNOWN,[]
adjusted_price-600714.SH,adjusted_price,600714.SH,UNKNOWN,[]
adjusted_price-600715.SH,adjusted_price,600715.SH,UNKNOWN,[]
adjusted_price-600716.SH,adjusted_price,600716.SH,UNKNOWN,[]
adjusted_price-600717.SH,adjusted_price,600717.SH,UNKNOWN,[]
adjusted_price-600718.SH,adjusted_price,600718.SH,UNKNOWN,[]
adjusted_price-600720.SH,adjusted_price,600720.SH,UNKNOWN,[]
adjusted_price-600722.SH,adjusted_price,600722.SH,UNKNOWN,[]
adjusted_price-600723.SH,adjusted_price,600723.SH,UNKNOWN,[]
adjusted_price-600724.SH,adjusted_price,600724.SH,UNKNOWN,[]
adjusted_price-600725.SH,adjusted_price,600725.SH,UNKNOWN,[]
adjusted_price-600726.SH,adjusted_price,600726.SH,UNKNOWN,[]
adjusted_price-600727.SH,adjusted_price,600727.SH,UNKNOWN,[]
adjusted_price-600728.SH,adjusted_price,600728.SH,UNKNOWN,[]
adjusted_price-600729.SH,adjusted_price,600729.SH,UNKNOWN,[]
adjusted_price-600730.SH,adjusted_price,600730.SH,UNKNOWN,[]
adjusted_price-600732.SH,adjusted_price,600732.SH,UNKNOWN,[]
adjusted_price-600733.SH,adjusted_price,600733.SH,UNKNOWN,[]
adjusted_price-600734.SH,adjusted_price,600734.SH,UNKNOWN,[]
adjusted_price-600735.SH,adjusted_price,600735.SH,UNKNOWN,[]
adjusted_price-600736.SH,adjusted_price,600736.SH,UNKNOWN,[]
adjusted_price-600737.SH,adjusted_price,600737.SH,UNKNOWN,[]
adjusted_price-600738.SH,adjusted_price,600738.SH,UNKNOWN,[]
adjusted_price-600739.SH,adjusted_price,600739.SH,UNKNOWN,[]
adjusted_price-600740.SH,adjusted_price,600740.SH,UNKNOWN,[]
adjusted_price-600741.SH,adjusted_price,600741.SH,UNKNOWN,[]
adjusted_price-600742.SH,adjusted_price,600742.SH,UNKNOWN,[]
adjusted_price-600743.SH,adjusted_price,600743.SH,UNKNOWN,[]
adjusted_price-600744.SH,adjusted_price,600744.SH,UNKNOWN,[]
adjusted_price-600745.SH,adjusted_price,600745.SH,UNKNOWN,[]
adjusted_price-600746.SH,adjusted_price,600746.SH,UNKNOWN,[]
adjusted_price-600747.SH,adjusted_price,600747.SH,BLOCKED,"[{""category"": ""PLAN_SEMANTICS_ERROR"", ""reason"": ""Explicit anchor has no factor; no formal requested-to-effective anchor rule. Absence is not automatically a coverage gap.""}]"
adjusted_price-600748.SH,adjusted_price,600748.SH,UNKNOWN,[]
adjusted_price-600750.SH,adjusted_price,600750.SH,UNKNOWN,[]
adjusted_price-600751.SH,adjusted_price,600751.SH,UNKNOWN,[]
adjusted_price-600754.SH,adjusted_price,600754.SH,UNKNOWN,[]
adjusted_price-600755.SH,adjusted_price,600755.SH,UNKNOWN,[]
adjusted_price-600756.SH,adjusted_price,600756.SH,UNKNOWN,[]
adjusted_price-600757.SH,adjusted_price,600757.SH,UNKNOWN,[]
adjusted_price-600758.SH,adjusted_price,600758.SH,UNKNOWN,[]
adjusted_price-600759.SH,adjusted_price,600759.SH,UNKNOWN,[]
adjusted_price-600760.SH,adjusted_price,600760.SH,UNKNOWN,[]
adjusted_price-600761.SH,adjusted_price,600761.SH,UNKNOWN,[]
adjusted_price-600763.SH,adjusted_price,600763.SH,UNKNOWN,[]
adjusted_price-600764.SH,adjusted_price,600764.SH,UNKNOWN,[]
adjusted_price-600765.SH,adjusted_price,600765.SH,UNKNOWN,[]
adjusted_price-600767.SH,adjusted_price,600767.SH,UNKNOWN,[]
adjusted_price-600768.SH,adjusted_price,600768.SH,UNKNOWN,[]
adjusted_price-600769.SH,adjusted_price,600769.SH,UNKNOWN,[]
adjusted_price-600770.SH,adjusted_price,600770.SH,UNKNOWN,[]
adjusted_price-600771.SH,adjusted_price,600771.SH,UNKNOWN,[]
adjusted_price-600773.SH,adjusted_price,600773.SH,UNKNOWN,[]
adjusted_price-600775.SH,adjusted_price,600775.SH,UNKNOWN,[]
adjusted_price-600776.SH,adjusted_price,600776.SH,UNKNOWN,[]
adjusted_price-600777.SH,adjusted_price,600777.SH,UNKNOWN,[]
adjusted_price-600778.SH,adjusted_price,600778.SH,UNKNOWN,[]
adjusted_price-600779.SH,adjusted_price,600779.SH,UNKNOWN,[]
adjusted_price-600780.SH,adjusted_price,600780.SH,UNKNOWN,[]
adjusted_price-600781.SH,adjusted_price,600781.SH,UNKNOWN,[]
adjusted_price-600782.SH,adjusted_price,600782.SH,UNKNOWN,[]
adjusted_price-600783.SH,adjusted_price,600783.SH,UNKNOWN,[]
adjusted_price-600784.SH,adjusted_price,600784.SH,UNKNOWN,[]
adjusted_price-600785.SH,adjusted_price,600785.SH,UNKNOWN,[]
adjusted_price-600787.SH,adjusted_price,600787.SH,UNKNOWN,[]
adjusted_price-600789.SH,adjusted_price,600789.SH,UNKNOWN,[]
adjusted_price-600790.SH,adjusted_price,600790.SH,UNKNOWN,[]
adjusted_price-600791.SH,adjusted_price,600791.SH,UNKNOWN,[]
adjusted_price-600792.SH,adjusted_price,600792.SH,UNKNOWN,[]
adjusted_price-600794.SH,adjusted_price,600794.SH,UNKNOWN,[]
adjusted_price-600795.SH,adjusted_price,600795.SH,UNKNOWN,[]
adjusted_price-600796.SH,adjusted_price,600796.SH,UNKNOWN,[]
adjusted_price-600797.SH,adjusted_price,600797.SH,UNKNOWN,[]
adjusted_price-600798.SH,adjusted_price,600798.SH,UNKNOWN,[]
adjusted_price-600800.SH,adjusted_price,600800.SH,UNKNOWN,[]
adjusted_price-600801.SH,adjusted_price,600801.SH,UNKNOWN,[]
adjusted_price-600802.SH,adjusted_price,600802.SH,UNKNOWN,[]
adjusted_price-600803.SH,adjusted_price,600803.SH,UNKNOWN,[]
adjusted_price-600804.SH,adjusted_price,600804.SH,UNKNOWN,[]
adjusted_price-600805.SH,adjusted_price,600805.SH,UNKNOWN,[]
adjusted_price-600806.SH,adjusted_price,600806.SH,UNKNOWN,[]
adjusted_price-600807.SH,adjusted_price,600807.SH,UNKNOWN,[]
adjusted_price-600808.SH,adjusted_price,600808.SH,UNKNOWN,[]
adjusted_price-600809.SH,adjusted_price,600809.SH,UNKNOWN,[]
adjusted_price-600810.SH,adjusted_price,600810.SH,UNKNOWN,[]
adjusted_price-600811.SH,adjusted_price,600811.SH,UNKNOWN,[]
adjusted_price-600812.SH,adjusted_price,600812.SH,UNKNOWN,[]
adjusted_price-600814.SH,adjusted_price,600814.SH,UNKNOWN,[]
adjusted_price-600815.SH,adjusted_price,600815.SH,UNKNOWN,[]
adjusted_price-600816.SH,adjusted_price,600816.SH,UNKNOWN,[]
adjusted_price-600817.SH,adjusted_price,600817.SH,UNKNOWN,[]
adjusted_price-600818.SH,adjusted_price,600818.SH,UNKNOWN,[]
adjusted_price-600819.SH,adjusted_price,600819.SH,UNKNOWN,[]
adjusted_price-600820.SH,adjusted_price,600820.SH,UNKNOWN,[]
adjusted_price-600821.SH,adjusted_price,600821.SH,UNKNOWN,[]
adjusted_price-600822.SH,adjusted_price,600822.SH,UNKNOWN,[]
adjusted_price-600823.SH,adjusted_price,600823.SH,UNKNOWN,[]
adjusted_price-600824.SH,adjusted_price,600824.SH,UNKNOWN,[]
adjusted_price-600825.SH,adjusted_price,600825.SH,UNKNOWN,[]
adjusted_price-600826.SH,adjusted_price,600826.SH,UNKNOWN,[]
adjusted_price-600827.SH,adjusted_price,600827.SH,UNKNOWN,[]
adjusted_price-600828.SH,adjusted_price,600828.SH,UNKNOWN,[]
adjusted_price-600829.SH,adjusted_price,600829.SH,UNKNOWN,[]
adjusted_price-600830.SH,adjusted_price,600830.SH,UNKNOWN,[]
adjusted_price-600831.SH,adjusted_price,600831.SH,UNKNOWN,[]
adjusted_price-600832.SH,adjusted_price,600832.SH,UNKNOWN,[]
adjusted_price-600833.SH,adjusted_price,600833.SH,UNKNOWN,[]
adjusted_price-600834.SH,adjusted_price,600834.SH,UNKNOWN,[]
adjusted_price-600835.SH,adjusted_price,600835.SH,UNKNOWN,[]
adjusted_price-600836.SH,adjusted_price,600836.SH,UNKNOWN,[]
adjusted_price-600837.SH,adjusted_price,600837.SH,UNKNOWN,[]
adjusted_price-600838.SH,adjusted_price,600838.SH,UNKNOWN,[]
adjusted_price-600839.SH,adjusted_price,600839.SH,UNKNOWN,[]
adjusted_price-600841.SH,adjusted_price,600841.SH,UNKNOWN,[]
adjusted_price-600843.SH,adjusted_price,600843.SH,UNKNOWN,[]
adjusted_price-600844.SH,adjusted_price,600844.SH,UNKNOWN,[]
adjusted_price-600845.SH,adjusted_price,600845.SH,UNKNOWN,[]
adjusted_price-600846.SH,adjusted_price,600846.SH,UNKNOWN,[]
adjusted_price-600848.SH,adjusted_price,600848.SH,UNKNOWN,[]
adjusted_price-600850.SH,adjusted_price,600850.SH,UNKNOWN,[]
adjusted_price-600851.SH,adjusted_price,600851.SH,UNKNOWN,[]
adjusted_price-600854.SH,adjusted_price,600854.SH,UNKNOWN,[]
adjusted_price-600855.SH,adjusted_price,600855.SH,UNKNOWN,[]
adjusted_price-600856.SH,adjusted_price,600856.SH,UNKNOWN,[]
adjusted_price-600857.SH,adjusted_price,600857.SH,UNKNOWN,[]
adjusted_price-600858.SH,adjusted_price,600858.SH,UNKNOWN,[]
adjusted_price-600859.SH,adjusted_price,600859.SH,UNKNOWN,[]
adjusted_price-600860.SH,adjusted_price,600860.SH,UNKNOWN,[]
adjusted_price-600861.SH,adjusted_price,600861.SH,UNKNOWN,[]
adjusted_price-600862.SH,adjusted_price,600862.SH,UNKNOWN,[]
adjusted_price-600863.SH,adjusted_price,600863.SH,UNKNOWN,[]
adjusted_price-600864.SH,adjusted_price,600864.SH,UNKNOWN,[]
adjusted_price-600865.SH,adjusted_price,600865.SH,UNKNOWN,[]
adjusted_price-600866.SH,adjusted_price,600866.SH,UNKNOWN,[]
adjusted_price-600867.SH,adjusted_price,600867.SH,UNKNOWN,[]
adjusted_price-600868.SH,adjusted_price,600868.SH,UNKNOWN,[]
adjusted_price-600869.SH,adjusted_price,600869.SH,UNKNOWN,[]
adjusted_price-600870.SH,adjusted_price,600870.SH,UNKNOWN,[]
adjusted_price-600871.SH,adjusted_price,600871.SH,UNKNOWN,[]
adjusted_price-600872.SH,adjusted_price,600872.SH,UNKNOWN,[]
adjusted_price-600873.SH,adjusted_price,600873.SH,UNKNOWN,[]
adjusted_price-600874.SH,adjusted_price,600874.SH,UNKNOWN,[]
adjusted_price-600875.SH,adjusted_price,600875.SH,UNKNOWN,[]
adjusted_price-600876.SH,adjusted_price,600876.SH,UNKNOWN,[]
adjusted_price-600877.SH,adjusted_price,600877.SH,UNKNOWN,[]
adjusted_price-600879.SH,adjusted_price,600879.SH,UNKNOWN,[]
adjusted_price-600880.SH,adjusted_price,600880.SH,UNKNOWN,[]
adjusted_price-600881.SH,adjusted_price,600881.SH,UNKNOWN,[]
adjusted_price-600882.SH,adjusted_price,600882.SH,UNKNOWN,[]
adjusted_price-600883.SH,adjusted_price,600883.SH,UNKNOWN,[]
adjusted_price-600884.SH,adjusted_price,600884.SH,UNKNOWN,[]
adjusted_price-600885.SH,adjusted_price,600885.SH,UNKNOWN,[]
adjusted_price-600886.SH,adjusted_price,600886.SH,UNKNOWN,[]
adjusted_price-600887.SH,adjusted_price,600887.SH,UNKNOWN,[]
adjusted_price-600888.SH,adjusted_price,600888.SH,UNKNOWN,[]
adjusted_price-600890.SH,adjusted_price,600890.SH,UNKNOWN,[]
adjusted_price-600891.SH,adjusted_price,600891.SH,UNKNOWN,[]
adjusted_price-600893.SH,adjusted_price,600893.SH,UNKNOWN,[]
adjusted_price-600894.SH,adjusted_price,600894.SH,UNKNOWN,[]
adjusted_price-600895.SH,adjusted_price,600895.SH,UNKNOWN,[]
adjusted_price-600896.SH,adjusted_price,600896.SH,UNKNOWN,[]
adjusted_price-600897.SH,adjusted_price,600897.SH,UNKNOWN,[]
adjusted_price-600900.SH,adjusted_price,600900.SH,UNKNOWN,[]
adjusted_price-600901.SH,adjusted_price,600901.SH,UNKNOWN,[]
adjusted_price-600903.SH,adjusted_price,600903.SH,UNKNOWN,[]
adjusted_price-600905.SH,adjusted_price,600905.SH,UNKNOWN,[]
adjusted_price-600906.SH,adjusted_price,600906.SH,UNKNOWN,[]
adjusted_price-600908.SH,adjusted_price,600908.SH,UNKNOWN,[]
adjusted_price-600909.SH,adjusted_price,600909.SH,UNKNOWN,[]
adjusted_price-600916.SH,adjusted_price,600916.SH,UNKNOWN,[]
adjusted_price-600917.SH,adjusted_price,600917.SH,UNKNOWN,[]
adjusted_price-600918.SH,adjusted_price,600918.SH,UNKNOWN,[]
adjusted_price-600919.SH,adjusted_price,600919.SH,UNKNOWN,[]
adjusted_price-600925.SH,adjusted_price,600925.SH,UNKNOWN,[]
adjusted_price-600926.SH,adjusted_price,600926.SH,UNKNOWN,[]
adjusted_price-600927.SH,adjusted_price,600927.SH,UNKNOWN,[]
adjusted_price-600928.SH,adjusted_price,600928.SH,UNKNOWN,[]
adjusted_price-600929.SH,adjusted_price,600929.SH,UNKNOWN,[]
adjusted_price-600930.SH,adjusted_price,600930.SH,UNKNOWN,[]
adjusted_price-600933.SH,adjusted_price,600933.SH,UNKNOWN,[]
adjusted_price-600935.SH,adjusted_price,600935.SH,UNKNOWN,[]
adjusted_price-600936.SH,adjusted_price,600936.SH,UNKNOWN,[]
adjusted_price-600938.SH,adjusted_price,600938.SH,UNKNOWN,[]
adjusted_price-600939.SH,adjusted_price,600939.SH,UNKNOWN,[]
adjusted_price-600941.SH,adjusted_price,600941.SH,UNKNOWN,[]
adjusted_price-600955.SH,adjusted_price,600955.SH,UNKNOWN,[]
adjusted_price-600956.SH,adjusted_price,600956.SH,UNKNOWN,[]
adjusted_price-600958.SH,adjusted_price,600958.SH,UNKNOWN,[]
adjusted_price-600959.SH,adjusted_price,600959.SH,UNKNOWN,[]
adjusted_price-600961.SH,adjusted_price,600961.SH,UNKNOWN,[]
adjusted_price-600962.SH,adjusted_price,600962.SH,UNKNOWN,[]
adjusted_price-600963.SH,adjusted_price,600963.SH,UNKNOWN,[]
adjusted_price-600965.SH,adjusted_price,600965.SH,UNKNOWN,[]
adjusted_price-600966.SH,adjusted_price,600966.SH,UNKNOWN,[]
adjusted_price-600967.SH,adjusted_price,600967.SH,UNKNOWN,[]
adjusted_price-600968.SH,adjusted_price,600968.SH,UNKNOWN,[]
adjusted_price-600969.SH,adjusted_price,600969.SH,UNKNOWN,[]
adjusted_price-600970.SH,adjusted_price,600970.SH,UNKNOWN,[]
adjusted_price-600971.SH,adjusted_price,600971.SH,UNKNOWN,[]
adjusted_price-600973.SH,adjusted_price,600973.SH,UNKNOWN,[]
adjusted_price-600975.SH,adjusted_price,600975.SH,UNKNOWN,[]
adjusted_price-600976.SH,adjusted_price,600976.SH,UNKNOWN,[]
adjusted_price-600977.SH,adjusted_price,600977.SH,UNKNOWN,[]
adjusted_price-600978.SH,adjusted_price,600978.SH,UNKNOWN,[]
adjusted_price-600979.SH,adjusted_price,600979.SH,UNKNOWN,[]
adjusted_price-600981.SH,adjusted_price,600981.SH,UNKNOWN,[]
adjusted_price-600982.SH,adjusted_price,600982.SH,UNKNOWN,[]
adjusted_price-600983.SH,adjusted_price,600983.SH,UNKNOWN,[]
adjusted_price-600984.SH,adjusted_price,600984.SH,UNKNOWN,[]
adjusted_price-600985.SH,adjusted_price,600985.SH,UNKNOWN,[]
adjusted_price-600986.SH,adjusted_price,600986.SH,UNKNOWN,[]
adjusted_price-600987.SH,adjusted_price,600987.SH,UNKNOWN,[]
adjusted_price-600988.SH,adjusted_price,600988.SH,UNKNOWN,[]
adjusted_price-600989.SH,adjusted_price,600989.SH,UNKNOWN,[]
adjusted_price-600990.SH,adjusted_price,600990.SH,UNKNOWN,[]
adjusted_price-600993.SH,adjusted_price,600993.SH,UNKNOWN,[]
adjusted_price-600995.SH,adjusted_price,600995.SH,UNKNOWN,[]
adjusted_price-600996.SH,adjusted_price,600996.SH,UNKNOWN,[]
adjusted_price-600997.SH,adjusted_price,600997.SH,UNKNOWN,[]
adjusted_price-600998.SH,adjusted_price,600998.SH,UNKNOWN,[]
adjusted_price-600999.SH,adjusted_price,600999.SH,UNKNOWN,[]
adjusted_price-601000.SH,adjusted_price,601000.SH,UNKNOWN,[]
adjusted_price-601001.SH,adjusted_price,601001.SH,UNKNOWN,[]
adjusted_price-601002.SH,adjusted_price,601002.SH,UNKNOWN,[]
adjusted_price-601003.SH,adjusted_price,601003.SH,UNKNOWN,[]
adjusted_price-601005.SH,adjusted_price,601005.SH,UNKNOWN,[]
adjusted_price-601006.SH,adjusted_price,601006.SH,UNKNOWN,[]
adjusted_price-601007.SH,adjusted_price,601007.SH,UNKNOWN,[]
adjusted_price-601008.SH,adjusted_price,601008.SH,UNKNOWN,[]
adjusted_price-601009.SH,adjusted_price,601009.SH,UNKNOWN,[]
adjusted_price-601010.SH,adjusted_price,601010.SH,UNKNOWN,[]
adjusted_price-601011.SH,adjusted_price,601011.SH,UNKNOWN,[]
adjusted_price-601012.SH,adjusted_price,601012.SH,UNKNOWN,[]
adjusted_price-601015.SH,adjusted_price,601015.SH,UNKNOWN,[]
adjusted_price-601016.SH,adjusted_price,601016.SH,UNKNOWN,[]
adjusted_price-601018.SH,adjusted_price,601018.SH,UNKNOWN,[]
adjusted_price-601019.SH,adjusted_price,601019.SH,UNKNOWN,[]
adjusted_price-601020.SH,adjusted_price,601020.SH,UNKNOWN,[]
adjusted_price-601021.SH,adjusted_price,601021.SH,UNKNOWN,[]
adjusted_price-601022.SH,adjusted_price,601022.SH,UNKNOWN,[]
adjusted_price-601026.SH,adjusted_price,601026.SH,UNKNOWN,[]
adjusted_price-601028.SH,adjusted_price,601028.SH,UNKNOWN,[]
adjusted_price-601033.SH,adjusted_price,601033.SH,UNKNOWN,[]
adjusted_price-601038.SH,adjusted_price,601038.SH,UNKNOWN,[]
adjusted_price-601058.SH,adjusted_price,601058.SH,UNKNOWN,[]
adjusted_price-601059.SH,adjusted_price,601059.SH,UNKNOWN,[]
adjusted_price-601061.SH,adjusted_price,601061.SH,UNKNOWN,[]
adjusted_price-601066.SH,adjusted_price,601066.SH,UNKNOWN,[]
adjusted_price-601068.SH,adjusted_price,601068.SH,UNKNOWN,[]
adjusted_price-601069.SH,adjusted_price,601069.SH,UNKNOWN,[]
adjusted_price-601077.SH,adjusted_price,601077.SH,UNKNOWN,[]
adjusted_price-601083.SH,adjusted_price,601083.SH,UNKNOWN,[]
adjusted_price-601088.SH,adjusted_price,601088.SH,UNKNOWN,[]
adjusted_price-601089.SH,adjusted_price,601089.SH,UNKNOWN,[]
adjusted_price-601096.SH,adjusted_price,601096.SH,UNKNOWN,[]
adjusted_price-601098.SH,adjusted_price,601098.SH,UNKNOWN,[]
adjusted_price-601099.SH,adjusted_price,601099.SH,UNKNOWN,[]
adjusted_price-601100.SH,adjusted_price,601100.SH,UNKNOWN,[]
adjusted_price-601101.SH,adjusted_price,601101.SH,UNKNOWN,[]
adjusted_price-601106.SH,adjusted_price,601106.SH,UNKNOWN,[]
adjusted_price-601107.SH,adjusted_price,601107.SH,UNKNOWN,[]
adjusted_price-601108.SH,adjusted_price,601108.SH,UNKNOWN,[]
adjusted_price-601111.SH,adjusted_price,601111.SH,UNKNOWN,[]
adjusted_price-601112.SH,adjusted_price,601112.SH,UNKNOWN,[]
adjusted_price-601113.SH,adjusted_price,601113.SH,UNKNOWN,[]
adjusted_price-601116.SH,adjusted_price,601116.SH,UNKNOWN,[]
adjusted_price-601117.SH,adjusted_price,601117.SH,UNKNOWN,[]
adjusted_price-601118.SH,adjusted_price,601118.SH,UNKNOWN,[]
adjusted_price-601126.SH,adjusted_price,601126.SH,UNKNOWN,[]
adjusted_price-601127.SH,adjusted_price,601127.SH,UNKNOWN,[]
adjusted_price-601128.SH,adjusted_price,601128.SH,UNKNOWN,[]
adjusted_price-601136.SH,adjusted_price,601136.SH,UNKNOWN,[]
adjusted_price-601137.SH,adjusted_price,601137.SH,UNKNOWN,[]
adjusted_price-601138.SH,adjusted_price,601138.SH,UNKNOWN,[]
adjusted_price-601139.SH,adjusted_price,601139.SH,UNKNOWN,[]
adjusted_price-601155.SH,adjusted_price,601155.SH,UNKNOWN,[]
adjusted_price-601156.SH,adjusted_price,601156.SH,UNKNOWN,[]
adjusted_price-601158.SH,adjusted_price,601158.SH,UNKNOWN,[]
adjusted_price-601162.SH,adjusted_price,601162.SH,UNKNOWN,[]
adjusted_price-601163.SH,adjusted_price,601163.SH,UNKNOWN,[]
adjusted_price-601166.SH,adjusted_price,601166.SH,UNKNOWN,[]
adjusted_price-601168.SH,adjusted_price,601168.SH,UNKNOWN,[]
adjusted_price-601169.SH,adjusted_price,601169.SH,UNKNOWN,[]
adjusted_price-601179.SH,adjusted_price,601179.SH,UNKNOWN,[]
adjusted_price-601186.SH,adjusted_price,601186.SH,UNKNOWN,[]
adjusted_price-601187.SH,adjusted_price,601187.SH,UNKNOWN,[]
adjusted_price-601188.SH,adjusted_price,601188.SH,UNKNOWN,[]
adjusted_price-601198.SH,adjusted_price,601198.SH,UNKNOWN,[]
adjusted_price-601199.SH,adjusted_price,601199.SH,UNKNOWN,[]
adjusted_price-601200.SH,adjusted_price,601200.SH,UNKNOWN,[]
adjusted_price-601208.SH,adjusted_price,601208.SH,UNKNOWN,[]
adjusted_price-601211.SH,adjusted_price,601211.SH,UNKNOWN,[]
adjusted_price-601212.SH,adjusted_price,601212.SH,UNKNOWN,[]
adjusted_price-601216.SH,adjusted_price,601216.SH,UNKNOWN,[]
adjusted_price-601218.SH,adjusted_price,601218.SH,UNKNOWN,[]
adjusted_price-601222.SH,adjusted_price,601222.SH,UNKNOWN,[]
adjusted_price-601225.SH,adjusted_price,601225.SH,UNKNOWN,[]
adjusted_price-601226.SH,adjusted_price,601226.SH,UNKNOWN,[]
adjusted_price-601228.SH,adjusted_price,601228.SH,UNKNOWN,[]
adjusted_price-601229.SH,adjusted_price,601229.SH,UNKNOWN,[]
adjusted_price-601231.SH,adjusted_price,601231.SH,UNKNOWN,[]
adjusted_price-601233.SH,adjusted_price,601233.SH,UNKNOWN,[]
adjusted_price-601236.SH,adjusted_price,601236.SH,UNKNOWN,[]
adjusted_price-601238.SH,adjusted_price,601238.SH,UNKNOWN,[]
adjusted_price-601258.SH,adjusted_price,601258.SH,UNKNOWN,[]
adjusted_price-601268.SH,adjusted_price,601268.SH,BLOCKED,"[{""category"": ""PLAN_SEMANTICS_ERROR"", ""reason"": ""Explicit anchor has no factor; no formal requested-to-effective anchor rule. Absence is not automatically a coverage gap.""}]"
adjusted_price-601279.SH,adjusted_price,601279.SH,UNKNOWN,[]
adjusted_price-601288.SH,adjusted_price,601288.SH,UNKNOWN,[]
adjusted_price-601298.SH,adjusted_price,601298.SH,UNKNOWN,[]
adjusted_price-601299.SH,adjusted_price,601299.SH,UNKNOWN,[]
adjusted_price-601311.SH,adjusted_price,601311.SH,UNKNOWN,[]
adjusted_price-601318.SH,adjusted_price,601318.SH,UNKNOWN,[]
adjusted_price-601319.SH,adjusted_price,601319.SH,UNKNOWN,[]
adjusted_price-601326.SH,adjusted_price,601326.SH,UNKNOWN,[]
adjusted_price-601328.SH,adjusted_price,601328.SH,UNKNOWN,[]
adjusted_price-601330.SH,adjusted_price,601330.SH,UNKNOWN,[]
adjusted_price-601333.SH,adjusted_price,601333.SH,UNKNOWN,[]
adjusted_price-601336.SH,adjusted_price,601336.SH,UNKNOWN,[]
adjusted_price-601339.SH,adjusted_price,601339.SH,UNKNOWN,[]
adjusted_price-601360.SH,adjusted_price,601360.SH,UNKNOWN,[]
adjusted_price-601366.SH,adjusted_price,601366.SH,UNKNOWN,[]
adjusted_price-601368.SH,adjusted_price,601368.SH,UNKNOWN,[]
adjusted_price-601369.SH,adjusted_price,601369.SH,UNKNOWN,[]
adjusted_price-601375.SH,adjusted_price,601375.SH,UNKNOWN,[]
adjusted_price-601377.SH,adjusted_price,601377.SH,UNKNOWN,[]
adjusted_price-601388.SH,adjusted_price,601388.SH,UNKNOWN,[]
adjusted_price-601390.SH,adjusted_price,601390.SH,UNKNOWN,[]
adjusted_price-601398.SH,adjusted_price,601398.SH,UNKNOWN,[]
adjusted_price-601399.SH,adjusted_price,601399.SH,UNKNOWN,[]
adjusted_price-601456.SH,adjusted_price,601456.SH,UNKNOWN,[]
adjusted_price-601500.SH,adjusted_price,601500.SH,UNKNOWN,[]
adjusted_price-601512.SH,adjusted_price,601512.SH,UNKNOWN,[]
adjusted_price-601515.SH,adjusted_price,601515.SH,UNKNOWN,[]
adjusted_price-601519.SH,adjusted_price,601519.SH,UNKNOWN,[]
adjusted_price-601528.SH,adjusted_price,601528.SH,UNKNOWN,[]
adjusted_price-601555.SH,adjusted_price,601555.SH,UNKNOWN,[]
adjusted_price-601558.SH,adjusted_price,601558.SH,BLOCKED,"[{""category"": ""PLAN_SEMANTICS_ERROR"", ""reason"": ""Explicit anchor has no factor; no formal requested-to-effective anchor rule. Absence is not automatically a coverage gap.""}]"
adjusted_price-601566.SH,adjusted_price,601566.SH,UNKNOWN,[]
adjusted_price-601567.SH,adjusted_price,601567.SH,UNKNOWN,[]
adjusted_price-601568.SH,adjusted_price,601568.SH,UNKNOWN,[]
adjusted_price-601577.SH,adjusted_price,601577.SH,UNKNOWN,[]
adjusted_price-601588.SH,adjusted_price,601588.SH,UNKNOWN,[]
adjusted_price-601595.SH,adjusted_price,601595.SH,UNKNOWN,[]
adjusted_price-601598.SH,adjusted_price,601598.SH,UNKNOWN,[]
adjusted_price-601599.SH,adjusted_price,601599.SH,UNKNOWN,[]
adjusted_price-601600.SH,adjusted_price,601600.SH,UNKNOWN,[]
adjusted_price-601601.SH,adjusted_price,601601.SH,UNKNOWN,[]
adjusted_price-601606.SH,adjusted_price,601606.SH,UNKNOWN,[]
adjusted_price-601607.SH,adjusted_price,601607.SH,UNKNOWN,[]
adjusted_price-601608.SH,adjusted_price,601608.SH,UNKNOWN,[]
adjusted_price-601609.SH,adjusted_price,601609.SH,UNKNOWN,[]
adjusted_price-601611.SH,adjusted_price,601611.SH,UNKNOWN,[]
adjusted_price-601615.SH,adjusted_price,601615.SH,UNKNOWN,[]
adjusted_price-601616.SH,adjusted_price,601616.SH,UNKNOWN,[]
adjusted_price-601618.SH,adjusted_price,601618.SH,UNKNOWN,[]
adjusted_price-601619.SH,adjusted_price,601619.SH,UNKNOWN,[]
adjusted_price-601628.SH,adjusted_price,601628.SH,UNKNOWN,[]
adjusted_price-601633.SH,adjusted_price,601633.SH,UNKNOWN,[]
adjusted_price-601636.SH,adjusted_price,601636.SH,UNKNOWN,[]
adjusted_price-601658.SH,adjusted_price,601658.SH,UNKNOWN,[]
adjusted_price-601665.SH,adjusted_price,601665.SH,UNKNOWN,[]
adjusted_price-601666.SH,adjusted_price,601666.SH,UNKNOWN,[]
adjusted_price-601668.SH,adjusted_price,601668.SH,UNKNOWN,[]
adjusted_price-601669.SH,adjusted_price,601669.SH,UNKNOWN,[]
adjusted_price-601677.SH,adjusted_price,601677.SH,UNKNOWN,[]
adjusted_price-601678.SH,adjusted_price,601678.SH,UNKNOWN,[]
adjusted_price-601686.SH,adjusted_price,601686.SH,UNKNOWN,[]
adjusted_price-601688.SH,adjusted_price,601688.SH,UNKNOWN,[]
adjusted_price-601689.SH,adjusted_price,601689.SH,UNKNOWN,[]
adjusted_price-601696.SH,adjusted_price,601696.SH,UNKNOWN,[]
adjusted_price-601698.SH,adjusted_price,601698.SH,UNKNOWN,[]
adjusted_price-601699.SH,adjusted_price,601699.SH,UNKNOWN,[]
adjusted_price-601700.SH,adjusted_price,601700.SH,UNKNOWN,[]
adjusted_price-601702.SH,adjusted_price,601702.SH,UNKNOWN,[]
adjusted_price-601717.SH,adjusted_price,601717.SH,UNKNOWN,[]
adjusted_price-601718.SH,adjusted_price,601718.SH,UNKNOWN,[]
adjusted_price-601727.SH,adjusted_price,601727.SH,UNKNOWN,[]
adjusted_price-601728.SH,adjusted_price,601728.SH,UNKNOWN,[]
adjusted_price-601766.SH,adjusted_price,601766.SH,UNKNOWN,[]
adjusted_price-601777.SH,adjusted_price,601777.SH,UNKNOWN,[]
adjusted_price-601778.SH,adjusted_price,601778.SH,UNKNOWN,[]
adjusted_price-601788.SH,adjusted_price,601788.SH,UNKNOWN,[]
adjusted_price-601789.SH,adjusted_price,601789.SH,UNKNOWN,[]
adjusted_price-601798.SH,adjusted_price,601798.SH,UNKNOWN,[]
adjusted_price-601799.SH,adjusted_price,601799.SH,UNKNOWN,[]
adjusted_price-601800.SH,adjusted_price,601800.SH,UNKNOWN,[]
adjusted_price-601801.SH,adjusted_price,601801.SH,UNKNOWN,[]
adjusted_price-601808.SH,adjusted_price,601808.SH,UNKNOWN,[]
adjusted_price-601811.SH,adjusted_price,601811.SH,UNKNOWN,[]
adjusted_price-601816.SH,adjusted_price,601816.SH,UNKNOWN,[]
adjusted_price-601818.SH,adjusted_price,601818.SH,UNKNOWN,[]
adjusted_price-601825.SH,adjusted_price,601825.SH,UNKNOWN,[]
adjusted_price-601827.SH,adjusted_price,601827.SH,UNKNOWN,[]
adjusted_price-601828.SH,adjusted_price,601828.SH,UNKNOWN,[]
adjusted_price-601838.SH,adjusted_price,601838.SH,UNKNOWN,[]
adjusted_price-601857.SH,adjusted_price,601857.SH,UNKNOWN,[]
adjusted_price-601858.SH,adjusted_price,601858.SH,UNKNOWN,[]
adjusted_price-601860.SH,adjusted_price,601860.SH,UNKNOWN,[]
adjusted_price-601865.SH,adjusted_price,601865.SH,UNKNOWN,[]
adjusted_price-601866.SH,adjusted_price,601866.SH,UNKNOWN,[]
adjusted_price-601868.SH,adjusted_price,601868.SH,UNKNOWN,[]
adjusted_price-601869.SH,adjusted_price,601869.SH,UNKNOWN,[]
adjusted_price-601872.SH,adjusted_price,601872.SH,UNKNOWN,[]
adjusted_price-601877.SH,adjusted_price,601877.SH,UNKNOWN,[]
adjusted_price-601878.SH,adjusted_price,601878.SH,UNKNOWN,[]
adjusted_price-601880.SH,adjusted_price,601880.SH,UNKNOWN,[]
adjusted_price-601881.SH,adjusted_price,601881.SH,UNKNOWN,[]
adjusted_price-601882.SH,adjusted_price,601882.SH,UNKNOWN,[]
adjusted_price-601886.SH,adjusted_price,601886.SH,UNKNOWN,[]
adjusted_price-601888.SH,adjusted_price,601888.SH,UNKNOWN,[]
adjusted_price-601890.SH,adjusted_price,601890.SH,UNKNOWN,[]
adjusted_price-601898.SH,adjusted_price,601898.SH,UNKNOWN,[]
adjusted_price-601899.SH,adjusted_price,601899.SH,UNKNOWN,[]
adjusted_price-601900.SH,adjusted_price,601900.SH,UNKNOWN,[]
adjusted_price-601901.SH,adjusted_price,601901.SH,UNKNOWN,[]
adjusted_price-601908.SH,adjusted_price,601908.SH,UNKNOWN,[]
adjusted_price-601916.SH,adjusted_price,601916.SH,UNKNOWN,[]
adjusted_price-601918.SH,adjusted_price,601918.SH,UNKNOWN,[]
adjusted_price-601919.SH,adjusted_price,601919.SH,UNKNOWN,[]
adjusted_price-601921.SH,adjusted_price,601921.SH,UNKNOWN,[]
adjusted_price-601928.SH,adjusted_price,601928.SH,UNKNOWN,[]
adjusted_price-601929.SH,adjusted_price,601929.SH,UNKNOWN,[]
adjusted_price-601933.SH,adjusted_price,601933.SH,UNKNOWN,[]
adjusted_price-601939.SH,adjusted_price,601939.SH,UNKNOWN,[]
adjusted_price-601949.SH,adjusted_price,601949.SH,UNKNOWN,[]
adjusted_price-601952.SH,adjusted_price,601952.SH,UNKNOWN,[]
adjusted_price-601958.SH,adjusted_price,601958.SH,UNKNOWN,[]
adjusted_price-601963.SH,adjusted_price,601963.SH,UNKNOWN,[]
adjusted_price-601965.SH,adjusted_price,601965.SH,UNKNOWN,[]
adjusted_price-601966.SH,adjusted_price,601966.SH,UNKNOWN,[]
adjusted_price-601968.SH,adjusted_price,601968.SH,UNKNOWN,[]
adjusted_price-601969.SH,adjusted_price,601969.SH,UNKNOWN,[]
adjusted_price-601975.SH,adjusted_price,601975.SH,UNKNOWN,[]
adjusted_price-601985.SH,adjusted_price,601985.SH,UNKNOWN,[]
adjusted_price-601988.SH,adjusted_price,601988.SH,UNKNOWN,[]
adjusted_price-601989.SH,adjusted_price,601989.SH,UNKNOWN,[]
adjusted_price-601990.SH,adjusted_price,601990.SH,UNKNOWN,[]
adjusted_price-601991.SH,adjusted_price,601991.SH,UNKNOWN,[]
adjusted_price-601992.SH,adjusted_price,601992.SH,UNKNOWN,[]
adjusted_price-601995.SH,adjusted_price,601995.SH,UNKNOWN,[]
adjusted_price-601996.SH,adjusted_price,601996.SH,UNKNOWN,[]
adjusted_price-601997.SH,adjusted_price,601997.SH,UNKNOWN,[]
adjusted_price-601998.SH,adjusted_price,601998.SH,UNKNOWN,[]
adjusted_price-601999.SH,adjusted_price,601999.SH,UNKNOWN,[]
adjusted_price-603000.SH,adjusted_price,603000.SH,UNKNOWN,[]
adjusted_price-603001.SH,adjusted_price,603001.SH,UNKNOWN,[]
adjusted_price-603002.SH,adjusted_price,603002.SH,UNKNOWN,[]
adjusted_price-603003.SH,adjusted_price,603003.SH,UNKNOWN,[]
adjusted_price-603005.SH,adjusted_price,603005.SH,UNKNOWN,[]
adjusted_price-603008.SH,adjusted_price,603008.SH,UNKNOWN,[]
adjusted_price-603009.SH,adjusted_price,603009.SH,UNKNOWN,[]
adjusted_price-603010.SH,adjusted_price,603010.SH,UNKNOWN,[]
adjusted_price-603012.SH,adjusted_price,603012.SH,UNKNOWN,[]
adjusted_price-603013.SH,adjusted_price,603013.SH,UNKNOWN,[]
adjusted_price-603014.SH,adjusted_price,603014.SH,UNKNOWN,[]
adjusted_price-603018.SH,adjusted_price,603018.SH,UNKNOWN,[]
adjusted_price-603019.SH,adjusted_price,603019.SH,UNKNOWN,[]
adjusted_price-603020.SH,adjusted_price,603020.SH,UNKNOWN,[]
adjusted_price-603025.SH,adjusted_price,603025.SH,UNKNOWN,[]
adjusted_price-603026.SH,adjusted_price,603026.SH,UNKNOWN,[]
adjusted_price-603027.SH,adjusted_price,603027.SH,UNKNOWN,[]
adjusted_price-603032.SH,adjusted_price,603032.SH,UNKNOWN,[]
adjusted_price-603033.SH,adjusted_price,603033.SH,UNKNOWN,[]
adjusted_price-603039.SH,adjusted_price,603039.SH,UNKNOWN,[]
adjusted_price-603043.SH,adjusted_price,603043.SH,UNKNOWN,[]
adjusted_price-603049.SH,adjusted_price,603049.SH,UNKNOWN,[]
adjusted_price-603053.SH,adjusted_price,603053.SH,UNKNOWN,[]
adjusted_price-603055.SH,adjusted_price,603055.SH,UNKNOWN,[]
adjusted_price-603056.SH,adjusted_price,603056.SH,UNKNOWN,[]
adjusted_price-603057.SH,adjusted_price,603057.SH,UNKNOWN,[]
adjusted_price-603058.SH,adjusted_price,603058.SH,UNKNOWN,[]
adjusted_price-603060.SH,adjusted_price,603060.SH,UNKNOWN,[]
adjusted_price-603063.SH,adjusted_price,603063.SH,UNKNOWN,[]
adjusted_price-603068.SH,adjusted_price,603068.SH,UNKNOWN,[]
adjusted_price-603071.SH,adjusted_price,603071.SH,UNKNOWN,[]
adjusted_price-603072.SH,adjusted_price,603072.SH,UNKNOWN,[]
adjusted_price-603075.SH,adjusted_price,603075.SH,UNKNOWN,[]
adjusted_price-603077.SH,adjusted_price,603077.SH,UNKNOWN,[]
adjusted_price-603081.SH,adjusted_price,603081.SH,UNKNOWN,[]
adjusted_price-603083.SH,adjusted_price,603083.SH,UNKNOWN,[]
adjusted_price-603087.SH,adjusted_price,603087.SH,UNKNOWN,[]
adjusted_price-603092.SH,adjusted_price,603092.SH,UNKNOWN,[]
adjusted_price-603093.SH,adjusted_price,603093.SH,UNKNOWN,[]
adjusted_price-603096.SH,adjusted_price,603096.SH,UNKNOWN,[]
adjusted_price-603098.SH,adjusted_price,603098.SH,UNKNOWN,[]
adjusted_price-603099.SH,adjusted_price,603099.SH,UNKNOWN,[]
adjusted_price-603100.SH,adjusted_price,603100.SH,UNKNOWN,[]
adjusted_price-603103.SH,adjusted_price,603103.SH,UNKNOWN,[]
adjusted_price-603105.SH,adjusted_price,603105.SH,UNKNOWN,[]
adjusted_price-603108.SH,adjusted_price,603108.SH,UNKNOWN,[]
adjusted_price-603111.SH,adjusted_price,603111.SH,UNKNOWN,[]
adjusted_price-603113.SH,adjusted_price,603113.SH,UNKNOWN,[]
adjusted_price-603116.SH,adjusted_price,603116.SH,UNKNOWN,[]
adjusted_price-603117.SH,adjusted_price,603117.SH,UNKNOWN,[]
adjusted_price-603118.SH,adjusted_price,603118.SH,UNKNOWN,[]
adjusted_price-603119.SH,adjusted_price,603119.SH,UNKNOWN,[]
adjusted_price-603123.SH,adjusted_price,603123.SH,UNKNOWN,[]
adjusted_price-603124.SH,adjusted_price,603124.SH,UNKNOWN,[]
adjusted_price-603126.SH,adjusted_price,603126.SH,UNKNOWN,[]
adjusted_price-603127.SH,adjusted_price,603127.SH,UNKNOWN,[]
adjusted_price-603128.SH,adjusted_price,603128.SH,UNKNOWN,[]
adjusted_price-603129.SH,adjusted_price,603129.SH,UNKNOWN,[]
adjusted_price-603132.SH,adjusted_price,603132.SH,UNKNOWN,[]
adjusted_price-603156.SH,adjusted_price,603156.SH,UNKNOWN,[]
adjusted_price-603160.SH,adjusted_price,603160.SH,UNKNOWN,[]
adjusted_price-603162.SH,adjusted_price,603162.SH,UNKNOWN,[]
adjusted_price-603165.SH,adjusted_price,603165.SH,UNKNOWN,[]
adjusted_price-603166.SH,adjusted_price,603166.SH,UNKNOWN,[]
adjusted_price-603167.SH,adjusted_price,603167.SH,UNKNOWN,[]
adjusted_price-603168.SH,adjusted_price,603168.SH,UNKNOWN,[]
adjusted_price-603169.SH,adjusted_price,603169.SH,UNKNOWN,[]
adjusted_price-603170.SH,adjusted_price,603170.SH,UNKNOWN,[]
adjusted_price-603171.SH,adjusted_price,603171.SH,UNKNOWN,[]
adjusted_price-603175.SH,adjusted_price,603175.SH,UNKNOWN,[]
adjusted_price-603179.SH,adjusted_price,603179.SH,UNKNOWN,[]
adjusted_price-603180.SH,adjusted_price,603180.SH,UNKNOWN,[]
adjusted_price-603185.SH,adjusted_price,603185.SH,UNKNOWN,[]
adjusted_price-603187.SH,adjusted_price,603187.SH,UNKNOWN,[]
adjusted_price-603188.SH,adjusted_price,603188.SH,UNKNOWN,[]
adjusted_price-603193.SH,adjusted_price,603193.SH,UNKNOWN,[]
adjusted_price-603194.SH,adjusted_price,603194.SH,UNKNOWN,[]
adjusted_price-603195.SH,adjusted_price,603195.SH,UNKNOWN,[]
adjusted_price-603197.SH,adjusted_price,603197.SH,UNKNOWN,[]
adjusted_price-603198.SH,adjusted_price,603198.SH,UNKNOWN,[]
adjusted_price-603202.SH,adjusted_price,603202.SH,UNKNOWN,[]
adjusted_price-603208.SH,adjusted_price,603208.SH,UNKNOWN,[]
adjusted_price-603212.SH,adjusted_price,603212.SH,UNKNOWN,[]
adjusted_price-603218.SH,adjusted_price,603218.SH,UNKNOWN,[]
adjusted_price-603219.SH,adjusted_price,603219.SH,UNKNOWN,[]
adjusted_price-603220.SH,adjusted_price,603220.SH,UNKNOWN,[]
adjusted_price-603222.SH,adjusted_price,603222.SH,UNKNOWN,[]
adjusted_price-603225.SH,adjusted_price,603225.SH,UNKNOWN,[]
adjusted_price-603227.SH,adjusted_price,603227.SH,UNKNOWN,[]
adjusted_price-603228.SH,adjusted_price,603228.SH,UNKNOWN,[]
adjusted_price-603229.SH,adjusted_price,603229.SH,UNKNOWN,[]
adjusted_price-603233.SH,adjusted_price,603233.SH,UNKNOWN,[]
adjusted_price-603235.SH,adjusted_price,603235.SH,UNKNOWN,[]
adjusted_price-603236.SH,adjusted_price,603236.SH,UNKNOWN,[]
adjusted_price-603248.SH,adjusted_price,603248.SH,UNKNOWN,[]
adjusted_price-603256.SH,adjusted_price,603256.SH,UNKNOWN,[]
adjusted_price-603258.SH,adjusted_price,603258.SH,UNKNOWN,[]
adjusted_price-603259.SH,adjusted_price,603259.SH,UNKNOWN,[]
adjusted_price-603260.SH,adjusted_price,603260.SH,UNKNOWN,[]
adjusted_price-603262.SH,adjusted_price,603262.SH,UNKNOWN,[]
adjusted_price-603267.SH,adjusted_price,603267.SH,UNKNOWN,[]
adjusted_price-603277.SH,adjusted_price,603277.SH,UNKNOWN,[]
adjusted_price-603279.SH,adjusted_price,603279.SH,UNKNOWN,[]
adjusted_price-603281.SH,adjusted_price,603281.SH,UNKNOWN,[]
adjusted_price-603283.SH,adjusted_price,603283.SH,UNKNOWN,[]
adjusted_price-603288.SH,adjusted_price,603288.SH,UNKNOWN,[]
adjusted_price-603290.SH,adjusted_price,603290.SH,UNKNOWN,[]
adjusted_price-603296.SH,adjusted_price,603296.SH,UNKNOWN,[]
adjusted_price-603297.SH,adjusted_price,603297.SH,UNKNOWN,[]
adjusted_price-603298.SH,adjusted_price,603298.SH,UNKNOWN,[]
adjusted_price-603299.SH,adjusted_price,603299.SH,UNKNOWN,[]
adjusted_price-603300.SH,adjusted_price,603300.SH,UNKNOWN,[]
adjusted_price-603301.SH,adjusted_price,603301.SH,UNKNOWN,[]
adjusted_price-603303.SH,adjusted_price,603303.SH,UNKNOWN,[]
adjusted_price-603305.SH,adjusted_price,603305.SH,UNKNOWN,[]
adjusted_price-603306.SH,adjusted_price,603306.SH,UNKNOWN,[]
adjusted_price-603308.SH,adjusted_price,603308.SH,UNKNOWN,[]
adjusted_price-603309.SH,adjusted_price,603309.SH,UNKNOWN,[]
adjusted_price-603313.SH,adjusted_price,603313.SH,UNKNOWN,[]
adjusted_price-603317.SH,adjusted_price,603317.SH,UNKNOWN,[]
adjusted_price-603318.SH,adjusted_price,603318.SH,UNKNOWN,[]
adjusted_price-603319.SH,adjusted_price,603319.SH,UNKNOWN,[]
adjusted_price-603323.SH,adjusted_price,603323.SH,UNKNOWN,[]
adjusted_price-603327.SH,adjusted_price,603327.SH,UNKNOWN,[]
adjusted_price-603328.SH,adjusted_price,603328.SH,UNKNOWN,[]
adjusted_price-603337.SH,adjusted_price,603337.SH,UNKNOWN,[]
adjusted_price-603338.SH,adjusted_price,603338.SH,UNKNOWN,[]
adjusted_price-603339.SH,adjusted_price,603339.SH,UNKNOWN,[]
adjusted_price-603341.SH,adjusted_price,603341.SH,UNKNOWN,[]
adjusted_price-603345.SH,adjusted_price,603345.SH,UNKNOWN,[]
adjusted_price-603348.SH,adjusted_price,603348.SH,UNKNOWN,[]
adjusted_price-603355.SH,adjusted_price,603355.SH,UNKNOWN,[]
adjusted_price-603357.SH,adjusted_price,603357.SH,UNKNOWN,[]
adjusted_price-603358.SH,adjusted_price,603358.SH,UNKNOWN,[]
adjusted_price-603359.SH,adjusted_price,603359.SH,UNKNOWN,[]
adjusted_price-603360.SH,adjusted_price,603360.SH,UNKNOWN,[]
adjusted_price-603363.SH,adjusted_price,603363.SH,UNKNOWN,[]
adjusted_price-603366.SH,adjusted_price,603366.SH,UNKNOWN,[]
adjusted_price-603367.SH,adjusted_price,603367.SH,UNKNOWN,[]
adjusted_price-603368.SH,adjusted_price,603368.SH,UNKNOWN,[]
adjusted_price-603369.SH,adjusted_price,603369.SH,UNKNOWN,[]
adjusted_price-603376.SH,adjusted_price,603376.SH,UNKNOWN,[]
adjusted_price-603377.SH,adjusted_price,603377.SH,UNKNOWN,[]
adjusted_price-603378.SH,adjusted_price,603378.SH,UNKNOWN,[]
adjusted_price-603379.SH,adjusted_price,603379.SH,UNKNOWN,[]
adjusted_price-603383.SH,adjusted_price,603383.SH,UNKNOWN,[]
adjusted_price-603385.SH,adjusted_price,603385.SH,UNKNOWN,[]
adjusted_price-603387.SH,adjusted_price,603387.SH,UNKNOWN,[]
adjusted_price-603390.SH,adjusted_price,603390.SH,UNKNOWN,[]
adjusted_price-603392.SH,adjusted_price,603392.SH,UNKNOWN,[]
adjusted_price-603393.SH,adjusted_price,603393.SH,UNKNOWN,[]
adjusted_price-603395.SH,adjusted_price,603395.SH,UNKNOWN,[]
adjusted_price-603396.SH,adjusted_price,603396.SH,UNKNOWN,[]
adjusted_price-603398.SH,adjusted_price,603398.SH,UNKNOWN,[]
adjusted_price-603399.SH,adjusted_price,603399.SH,UNKNOWN,[]
adjusted_price-603402.SH,adjusted_price,603402.SH,UNKNOWN,[]
adjusted_price-603406.SH,adjusted_price,603406.SH,UNKNOWN,[]
adjusted_price-603408.SH,adjusted_price,603408.SH,UNKNOWN,[]
adjusted_price-603416.SH,adjusted_price,603416.SH,UNKNOWN,[]
adjusted_price-603418.SH,adjusted_price,603418.SH,UNKNOWN,[]
adjusted_price-603421.SH,adjusted_price,603421.SH,UNKNOWN,[]
adjusted_price-603429.SH,adjusted_price,603429.SH,UNKNOWN,[]
adjusted_price-603439.SH,adjusted_price,603439.SH,UNKNOWN,[]
adjusted_price-603444.SH,adjusted_price,603444.SH,UNKNOWN,[]
adjusted_price-603456.SH,adjusted_price,603456.SH,UNKNOWN,[]
adjusted_price-603458.SH,adjusted_price,603458.SH,UNKNOWN,[]
adjusted_price-603466.SH,adjusted_price,603466.SH,UNKNOWN,[]
adjusted_price-603477.SH,adjusted_price,603477.SH,UNKNOWN,[]
adjusted_price-603486.SH,adjusted_price,603486.SH,UNKNOWN,[]
adjusted_price-603489.SH,adjusted_price,603489.SH,UNKNOWN,[]
adjusted_price-603496.SH,adjusted_price,603496.SH,UNKNOWN,[]
adjusted_price-603501.SH,adjusted_price,603501.SH,UNKNOWN,[]
adjusted_price-603505.SH,adjusted_price,603505.SH,UNKNOWN,[]
adjusted_price-603508.SH,adjusted_price,603508.SH,UNKNOWN,[]
adjusted_price-603511.SH,adjusted_price,603511.SH,UNKNOWN,[]
adjusted_price-603515.SH,adjusted_price,603515.SH,UNKNOWN,[]
adjusted_price-603516.SH,adjusted_price,603516.SH,UNKNOWN,[]
adjusted_price-603517.SH,adjusted_price,603517.SH,UNKNOWN,[]
adjusted_price-603520.SH,adjusted_price,603520.SH,UNKNOWN,[]
adjusted_price-603528.SH,adjusted_price,603528.SH,UNKNOWN,[]
adjusted_price-603529.SH,adjusted_price,603529.SH,UNKNOWN,[]
adjusted_price-603530.SH,adjusted_price,603530.SH,UNKNOWN,[]
adjusted_price-603533.SH,adjusted_price,603533.SH,UNKNOWN,[]
adjusted_price-603551.SH,adjusted_price,603551.SH,UNKNOWN,[]
adjusted_price-603555.SH,adjusted_price,603555.SH,UNKNOWN,[]
adjusted_price-603556.SH,adjusted_price,603556.SH,UNKNOWN,[]
adjusted_price-603557.SH,adjusted_price,603557.SH,UNKNOWN,[]
adjusted_price-603565.SH,adjusted_price,603565.SH,UNKNOWN,[]
adjusted_price-603566.SH,adjusted_price,603566.SH,UNKNOWN,[]
adjusted_price-603567.SH,adjusted_price,603567.SH,UNKNOWN,[]
adjusted_price-603568.SH,adjusted_price,603568.SH,UNKNOWN,[]
adjusted_price-603569.SH,adjusted_price,603569.SH,UNKNOWN,[]
adjusted_price-603579.SH,adjusted_price,603579.SH,UNKNOWN,[]
adjusted_price-603583.SH,adjusted_price,603583.SH,UNKNOWN,[]
adjusted_price-603587.SH,adjusted_price,603587.SH,UNKNOWN,[]
adjusted_price-603588.SH,adjusted_price,603588.SH,UNKNOWN,[]
adjusted_price-603589.SH,adjusted_price,603589.SH,UNKNOWN,[]
adjusted_price-603590.SH,adjusted_price,603590.SH,UNKNOWN,[]
adjusted_price-603595.SH,adjusted_price,603595.SH,UNKNOWN,[]
adjusted_price-603596.SH,adjusted_price,603596.SH,UNKNOWN,[]
adjusted_price-603599.SH,adjusted_price,603599.SH,UNKNOWN,[]
adjusted_price-603600.SH,adjusted_price,603600.SH,UNKNOWN,[]
adjusted_price-603601.SH,adjusted_price,603601.SH,UNKNOWN,[]
adjusted_price-603603.SH,adjusted_price,603603.SH,UNKNOWN,[]
adjusted_price-603605.SH,adjusted_price,603605.SH,UNKNOWN,[]
adjusted_price-603606.SH,adjusted_price,603606.SH,UNKNOWN,[]
adjusted_price-603609.SH,adjusted_price,603609.SH,UNKNOWN,[]
adjusted_price-603610.SH,adjusted_price,603610.SH,UNKNOWN,[]
adjusted_price-603612.SH,adjusted_price,603612.SH,UNKNOWN,[]
adjusted_price-603613.SH,adjusted_price,603613.SH,UNKNOWN,[]
adjusted_price-603618.SH,adjusted_price,603618.SH,UNKNOWN,[]
adjusted_price-603619.SH,adjusted_price,603619.SH,UNKNOWN,[]
adjusted_price-603626.SH,adjusted_price,603626.SH,UNKNOWN,[]
adjusted_price-603636.SH,adjusted_price,603636.SH,UNKNOWN,[]
adjusted_price-603638.SH,adjusted_price,603638.SH,UNKNOWN,[]
adjusted_price-603648.SH,adjusted_price,603648.SH,UNKNOWN,[]
adjusted_price-603650.SH,adjusted_price,603650.SH,UNKNOWN,[]
adjusted_price-603658.SH,adjusted_price,603658.SH,UNKNOWN,[]
adjusted_price-603659.SH,adjusted_price,603659.SH,UNKNOWN,[]
adjusted_price-603660.SH,adjusted_price,603660.SH,UNKNOWN,[]
adjusted_price-603662.SH,adjusted_price,603662.SH,UNKNOWN,[]
adjusted_price-603663.SH,adjusted_price,603663.SH,UNKNOWN,[]
adjusted_price-603666.SH,adjusted_price,603666.SH,UNKNOWN,[]
adjusted_price-603667.SH,adjusted_price,603667.SH,UNKNOWN,[]
adjusted_price-603669.SH,adjusted_price,603669.SH,UNKNOWN,[]
adjusted_price-603676.SH,adjusted_price,603676.SH,UNKNOWN,[]
adjusted_price-603678.SH,adjusted_price,603678.SH,UNKNOWN,[]
adjusted_price-603680.SH,adjusted_price,603680.SH,UNKNOWN,[]
adjusted_price-603686.SH,adjusted_price,603686.SH,UNKNOWN,[]
adjusted_price-603687.SH,adjusted_price,603687.SH,UNKNOWN,[]
adjusted_price-603688.SH,adjusted_price,603688.SH,UNKNOWN,[]
adjusted_price-603690.SH,adjusted_price,603690.SH,UNKNOWN,[]
adjusted_price-603693.SH,adjusted_price,603693.SH,UNKNOWN,[]
adjusted_price-603698.SH,adjusted_price,603698.SH,UNKNOWN,[]
adjusted_price-603699.SH,adjusted_price,603699.SH,UNKNOWN,[]
adjusted_price-603707.SH,adjusted_price,603707.SH,UNKNOWN,[]
adjusted_price-603708.SH,adjusted_price,603708.SH,UNKNOWN,[]
adjusted_price-603711.SH,adjusted_price,603711.SH,UNKNOWN,[]
adjusted_price-603712.SH,adjusted_price,603712.SH,UNKNOWN,[]
adjusted_price-603713.SH,adjusted_price,603713.SH,UNKNOWN,[]
adjusted_price-603718.SH,adjusted_price,603718.SH,UNKNOWN,[]
adjusted_price-603719.SH,adjusted_price,603719.SH,UNKNOWN,[]
adjusted_price-603727.SH,adjusted_price,603727.SH,UNKNOWN,[]
adjusted_price-603728.SH,adjusted_price,603728.SH,UNKNOWN,[]
adjusted_price-603730.SH,adjusted_price,603730.SH,UNKNOWN,[]
adjusted_price-603733.SH,adjusted_price,603733.SH,UNKNOWN,[]
adjusted_price-603737.SH,adjusted_price,603737.SH,UNKNOWN,[]
adjusted_price-603758.SH,adjusted_price,603758.SH,UNKNOWN,[]
adjusted_price-603766.SH,adjusted_price,603766.SH,UNKNOWN,[]
adjusted_price-603773.SH,adjusted_price,603773.SH,UNKNOWN,[]
adjusted_price-603777.SH,adjusted_price,603777.SH,UNKNOWN,[]
adjusted_price-603779.SH,adjusted_price,603779.SH,UNKNOWN,[]
adjusted_price-603786.SH,adjusted_price,603786.SH,UNKNOWN,[]
adjusted_price-603789.SH,adjusted_price,603789.SH,UNKNOWN,[]
adjusted_price-603799.SH,adjusted_price,603799.SH,UNKNOWN,[]
adjusted_price-603800.SH,adjusted_price,603800.SH,UNKNOWN,[]
adjusted_price-603801.SH,adjusted_price,603801.SH,UNKNOWN,[]
adjusted_price-603803.SH,adjusted_price,603803.SH,UNKNOWN,[]
adjusted_price-603806.SH,adjusted_price,603806.SH,UNKNOWN,[]
adjusted_price-603808.SH,adjusted_price,603808.SH,UNKNOWN,[]
adjusted_price-603809.SH,adjusted_price,603809.SH,UNKNOWN,[]
adjusted_price-603815.SH,adjusted_price,603815.SH,UNKNOWN,[]
adjusted_price-603816.SH,adjusted_price,603816.SH,UNKNOWN,[]
adjusted_price-603817.SH,adjusted_price,603817.SH,UNKNOWN,[]
adjusted_price-603818.SH,adjusted_price,603818.SH,UNKNOWN,[]
adjusted_price-603826.SH,adjusted_price,603826.SH,UNKNOWN,[]
adjusted_price-603833.SH,adjusted_price,603833.SH,UNKNOWN,[]
adjusted_price-603839.SH,adjusted_price,603839.SH,UNKNOWN,[]
adjusted_price-603843.SH,adjusted_price,603843.SH,UNKNOWN,[]
adjusted_price-603848.SH,adjusted_price,603848.SH,UNKNOWN,[]
adjusted_price-603858.SH,adjusted_price,603858.SH,UNKNOWN,[]
adjusted_price-603861.SH,adjusted_price,603861.SH,UNKNOWN,[]
adjusted_price-603866.SH,adjusted_price,603866.SH,UNKNOWN,[]
adjusted_price-603868.SH,adjusted_price,603868.SH,UNKNOWN,[]
adjusted_price-603869.SH,adjusted_price,603869.SH,UNKNOWN,[]
adjusted_price-603871.SH,adjusted_price,603871.SH,UNKNOWN,[]
adjusted_price-603876.SH,adjusted_price,603876.SH,UNKNOWN,[]
adjusted_price-603877.SH,adjusted_price,603877.SH,UNKNOWN,[]
adjusted_price-603881.SH,adjusted_price,603881.SH,UNKNOWN,[]
adjusted_price-603882.SH,adjusted_price,603882.SH,UNKNOWN,[]
adjusted_price-603883.SH,adjusted_price,603883.SH,UNKNOWN,[]
adjusted_price-603885.SH,adjusted_price,603885.SH,UNKNOWN,[]
adjusted_price-603887.SH,adjusted_price,603887.SH,UNKNOWN,[]
adjusted_price-603888.SH,adjusted_price,603888.SH,UNKNOWN,[]
adjusted_price-603893.SH,adjusted_price,603893.SH,UNKNOWN,[]
adjusted_price-603896.SH,adjusted_price,603896.SH,UNKNOWN,[]
adjusted_price-603898.SH,adjusted_price,603898.SH,UNKNOWN,[]
adjusted_price-603899.SH,adjusted_price,603899.SH,UNKNOWN,[]
adjusted_price-603900.SH,adjusted_price,603900.SH,UNKNOWN,[]
adjusted_price-603906.SH,adjusted_price,603906.SH,UNKNOWN,[]
adjusted_price-603915.SH,adjusted_price,603915.SH,UNKNOWN,[]
adjusted_price-603916.SH,adjusted_price,603916.SH,UNKNOWN,[]
adjusted_price-603919.SH,adjusted_price,603919.SH,UNKNOWN,[]
adjusted_price-603920.SH,adjusted_price,603920.SH,UNKNOWN,[]
adjusted_price-603927.SH,adjusted_price,603927.SH,UNKNOWN,[]
adjusted_price-603929.SH,adjusted_price,603929.SH,UNKNOWN,[]
adjusted_price-603936.SH,adjusted_price,603936.SH,UNKNOWN,[]
adjusted_price-603938.SH,adjusted_price,603938.SH,UNKNOWN,[]
adjusted_price-603939.SH,adjusted_price,603939.SH,UNKNOWN,[]
adjusted_price-603950.SH,adjusted_price,603950.SH,UNKNOWN,[]
adjusted_price-603956.SH,adjusted_price,603956.SH,UNKNOWN,[]
adjusted_price-603958.SH,adjusted_price,603958.SH,UNKNOWN,[]
adjusted_price-603959.SH,adjusted_price,603959.SH,UNKNOWN,[]
adjusted_price-603960.SH,adjusted_price,603960.SH,UNKNOWN,[]
adjusted_price-603969.SH,adjusted_price,603969.SH,UNKNOWN,[]
adjusted_price-603976.SH,adjusted_price,603976.SH,UNKNOWN,[]
adjusted_price-603979.SH,adjusted_price,603979.SH,UNKNOWN,[]
adjusted_price-603980.SH,adjusted_price,603980.SH,UNKNOWN,[]
adjusted_price-603983.SH,adjusted_price,603983.SH,UNKNOWN,[]
adjusted_price-603985.SH,adjusted_price,603985.SH,UNKNOWN,[]
adjusted_price-603986.SH,adjusted_price,603986.SH,UNKNOWN,[]
adjusted_price-603989.SH,adjusted_price,603989.SH,UNKNOWN,[]
adjusted_price-603992.SH,adjusted_price,603992.SH,UNKNOWN,[]
adjusted_price-603993.SH,adjusted_price,603993.SH,UNKNOWN,[]
adjusted_price-603995.SH,adjusted_price,603995.SH,UNKNOWN,[]
adjusted_price-603996.SH,adjusted_price,603996.SH,UNKNOWN,[]
adjusted_price-603997.SH,adjusted_price,603997.SH,UNKNOWN,[]
adjusted_price-603999.SH,adjusted_price,603999.SH,UNKNOWN,[]
adjusted_price-605007.SH,adjusted_price,605007.SH,UNKNOWN,[]
adjusted_price-605008.SH,adjusted_price,605008.SH,UNKNOWN,[]
adjusted_price-605009.SH,adjusted_price,605009.SH,UNKNOWN,[]
adjusted_price-605011.SH,adjusted_price,605011.SH,UNKNOWN,[]
adjusted_price-605020.SH,adjusted_price,605020.SH,UNKNOWN,[]
adjusted_price-605090.SH,adjusted_price,605090.SH,UNKNOWN,[]
adjusted_price-605099.SH,adjusted_price,605099.SH,UNKNOWN,[]
adjusted_price-605111.SH,adjusted_price,605111.SH,UNKNOWN,[]
adjusted_price-605116.SH,adjusted_price,605116.SH,UNKNOWN,[]
adjusted_price-605117.SH,adjusted_price,605117.SH,UNKNOWN,[]
adjusted_price-605118.SH,adjusted_price,605118.SH,UNKNOWN,[]
adjusted_price-605123.SH,adjusted_price,605123.SH,UNKNOWN,[]
adjusted_price-605136.SH,adjusted_price,605136.SH,UNKNOWN,[]
adjusted_price-605168.SH,adjusted_price,605168.SH,UNKNOWN,[]
adjusted_price-605196.SH,adjusted_price,605196.SH,UNKNOWN,[]
adjusted_price-605198.SH,adjusted_price,605198.SH,UNKNOWN,[]
adjusted_price-605199.SH,adjusted_price,605199.SH,UNKNOWN,[]
adjusted_price-605222.SH,adjusted_price,605222.SH,UNKNOWN,[]
adjusted_price-605296.SH,adjusted_price,605296.SH,UNKNOWN,[]
adjusted_price-605333.SH,adjusted_price,605333.SH,UNKNOWN,[]
adjusted_price-605338.SH,adjusted_price,605338.SH,UNKNOWN,[]
adjusted_price-605339.SH,adjusted_price,605339.SH,UNKNOWN,[]
adjusted_price-605358.SH,adjusted_price,605358.SH,UNKNOWN,[]
adjusted_price-605365.SH,adjusted_price,605365.SH,UNKNOWN,[]
adjusted_price-605368.SH,adjusted_price,605368.SH,UNKNOWN,[]
adjusted_price-605369.SH,adjusted_price,605369.SH,UNKNOWN,[]
adjusted_price-605376.SH,adjusted_price,605376.SH,UNKNOWN,[]
adjusted_price-605388.SH,adjusted_price,605388.SH,UNKNOWN,[]
adjusted_price-605499.SH,adjusted_price,605499.SH,UNKNOWN,[]
adjusted_price-605507.SH,adjusted_price,605507.SH,UNKNOWN,[]
adjusted_price-605555.SH,adjusted_price,605555.SH,UNKNOWN,[]
adjusted_price-605577.SH,adjusted_price,605577.SH,UNKNOWN,[]
adjusted_price-605589.SH,adjusted_price,605589.SH,UNKNOWN,[]
adjusted_price-605599.SH,adjusted_price,605599.SH,UNKNOWN,[]
adjusted_price-688001.SH,adjusted_price,688001.SH,UNKNOWN,[]
adjusted_price-688002.SH,adjusted_price,688002.SH,UNKNOWN,[]
adjusted_price-688003.SH,adjusted_price,688003.SH,UNKNOWN,[]
adjusted_price-688005.SH,adjusted_price,688005.SH,UNKNOWN,[]
adjusted_price-688006.SH,adjusted_price,688006.SH,UNKNOWN,[]
adjusted_price-688007.SH,adjusted_price,688007.SH,UNKNOWN,[]
adjusted_price-688008.SH,adjusted_price,688008.SH,UNKNOWN,[]
adjusted_price-688009.SH,adjusted_price,688009.SH,UNKNOWN,[]
adjusted_price-688012.SH,adjusted_price,688012.SH,UNKNOWN,[]
adjusted_price-688016.SH,adjusted_price,688016.SH,UNKNOWN,[]
adjusted_price-688017.SH,adjusted_price,688017.SH,UNKNOWN,[]
adjusted_price-688018.SH,adjusted_price,688018.SH,UNKNOWN,[]
adjusted_price-688019.SH,adjusted_price,688019.SH,UNKNOWN,[]
adjusted_price-688020.SH,adjusted_price,688020.SH,UNKNOWN,[]
adjusted_price-688023.SH,adjusted_price,688023.SH,UNKNOWN,[]
adjusted_price-688025.SH,adjusted_price,688025.SH,UNKNOWN,[]
adjusted_price-688027.SH,adjusted_price,688027.SH,UNKNOWN,[]
adjusted_price-688029.SH,adjusted_price,688029.SH,UNKNOWN,[]
adjusted_price-688030.SH,adjusted_price,688030.SH,UNKNOWN,[]
adjusted_price-688031.SH,adjusted_price,688031.SH,UNKNOWN,[]
adjusted_price-688032.SH,adjusted_price,688032.SH,UNKNOWN,[]
adjusted_price-688033.SH,adjusted_price,688033.SH,UNKNOWN,[]
adjusted_price-688036.SH,adjusted_price,688036.SH,UNKNOWN,[]
adjusted_price-688037.SH,adjusted_price,688037.SH,UNKNOWN,[]
adjusted_price-688041.SH,adjusted_price,688041.SH,UNKNOWN,[]
adjusted_price-688046.SH,adjusted_price,688046.SH,UNKNOWN,[]
adjusted_price-688047.SH,adjusted_price,688047.SH,UNKNOWN,[]
adjusted_price-688048.SH,adjusted_price,688048.SH,UNKNOWN,[]
adjusted_price-688050.SH,adjusted_price,688050.SH,UNKNOWN,[]
adjusted_price-688052.SH,adjusted_price,688052.SH,UNKNOWN,[]
adjusted_price-688055.SH,adjusted_price,688055.SH,UNKNOWN,[]
adjusted_price-688062.SH,adjusted_price,688062.SH,UNKNOWN,[]
adjusted_price-688063.SH,adjusted_price,688063.SH,UNKNOWN,[]
adjusted_price-688065.SH,adjusted_price,688065.SH,UNKNOWN,[]
adjusted_price-688066.SH,adjusted_price,688066.SH,UNKNOWN,[]
adjusted_price-688068.SH,adjusted_price,688068.SH,UNKNOWN,[]
adjusted_price-688072.SH,adjusted_price,688072.SH,UNKNOWN,[]
adjusted_price-688076.SH,adjusted_price,688076.SH,UNKNOWN,[]
adjusted_price-688082.SH,adjusted_price,688082.SH,UNKNOWN,[]
adjusted_price-688083.SH,adjusted_price,688083.SH,UNKNOWN,[]
adjusted_price-688085.SH,adjusted_price,688085.SH,UNKNOWN,[]
adjusted_price-688086.SH,adjusted_price,688086.SH,UNKNOWN,[]
adjusted_price-688088.SH,adjusted_price,688088.SH,UNKNOWN,[]
adjusted_price-688091.SH,adjusted_price,688091.SH,UNKNOWN,[]
adjusted_price-688095.SH,adjusted_price,688095.SH,UNKNOWN,[]
adjusted_price-688097.SH,adjusted_price,688097.SH,UNKNOWN,[]
adjusted_price-688098.SH,adjusted_price,688098.SH,UNKNOWN,[]
adjusted_price-688099.SH,adjusted_price,688099.SH,UNKNOWN,[]
adjusted_price-688100.SH,adjusted_price,688100.SH,UNKNOWN,[]
adjusted_price-688102.SH,adjusted_price,688102.SH,UNKNOWN,[]
adjusted_price-688105.SH,adjusted_price,688105.SH,UNKNOWN,[]
adjusted_price-688106.SH,adjusted_price,688106.SH,UNKNOWN,[]
adjusted_price-688107.SH,adjusted_price,688107.SH,UNKNOWN,[]
adjusted_price-688108.SH,adjusted_price,688108.SH,UNKNOWN,[]
adjusted_price-688110.SH,adjusted_price,688110.SH,UNKNOWN,[]
adjusted_price-688111.SH,adjusted_price,688111.SH,UNKNOWN,[]
adjusted_price-688114.SH,adjusted_price,688114.SH,UNKNOWN,[]
adjusted_price-688116.SH,adjusted_price,688116.SH,UNKNOWN,[]
adjusted_price-688120.SH,adjusted_price,688120.SH,UNKNOWN,[]
adjusted_price-688122.SH,adjusted_price,688122.SH,UNKNOWN,[]
adjusted_price-688123.SH,adjusted_price,688123.SH,UNKNOWN,[]
adjusted_price-688126.SH,adjusted_price,688126.SH,UNKNOWN,[]
adjusted_price-688127.SH,adjusted_price,688127.SH,UNKNOWN,[]
adjusted_price-688128.SH,adjusted_price,688128.SH,UNKNOWN,[]
adjusted_price-688131.SH,adjusted_price,688131.SH,UNKNOWN,[]
adjusted_price-688133.SH,adjusted_price,688133.SH,UNKNOWN,[]
adjusted_price-688139.SH,adjusted_price,688139.SH,UNKNOWN,[]
adjusted_price-688141.SH,adjusted_price,688141.SH,UNKNOWN,[]
adjusted_price-688146.SH,adjusted_price,688146.SH,UNKNOWN,[]
adjusted_price-688147.SH,adjusted_price,688147.SH,UNKNOWN,[]
adjusted_price-688148.SH,adjusted_price,688148.SH,UNKNOWN,[]
adjusted_price-688150.SH,adjusted_price,688150.SH,UNKNOWN,[]
adjusted_price-688152.SH,adjusted_price,688152.SH,UNKNOWN,[]
adjusted_price-688153.SH,adjusted_price,688153.SH,UNKNOWN,[]
adjusted_price-688158.SH,adjusted_price,688158.SH,UNKNOWN,[]
adjusted_price-688161.SH,adjusted_price,688161.SH,UNKNOWN,[]
adjusted_price-688165.SH,adjusted_price,688165.SH,UNKNOWN,[]
adjusted_price-688166.SH,adjusted_price,688166.SH,UNKNOWN,[]
adjusted_price-688167.SH,adjusted_price,688167.SH,UNKNOWN,[]
adjusted_price-688169.SH,adjusted_price,688169.SH,UNKNOWN,[]
adjusted_price-688172.SH,adjusted_price,688172.SH,UNKNOWN,[]
adjusted_price-688173.SH,adjusted_price,688173.SH,UNKNOWN,[]
adjusted_price-688177.SH,adjusted_price,688177.SH,UNKNOWN,[]
adjusted_price-688180.SH,adjusted_price,688180.SH,UNKNOWN,[]
adjusted_price-688182.SH,adjusted_price,688182.SH,UNKNOWN,[]
adjusted_price-688183.SH,adjusted_price,688183.SH,UNKNOWN,[]
adjusted_price-688185.SH,adjusted_price,688185.SH,UNKNOWN,[]
adjusted_price-688187.SH,adjusted_price,688187.SH,UNKNOWN,[]
adjusted_price-688188.SH,adjusted_price,688188.SH,UNKNOWN,[]
adjusted_price-688190.SH,adjusted_price,688190.SH,UNKNOWN,[]
adjusted_price-688192.SH,adjusted_price,688192.SH,UNKNOWN,[]
adjusted_price-688195.SH,adjusted_price,688195.SH,UNKNOWN,[]
adjusted_price-688198.SH,adjusted_price,688198.SH,UNKNOWN,[]
adjusted_price-688200.SH,adjusted_price,688200.SH,UNKNOWN,[]
adjusted_price-688202.SH,adjusted_price,688202.SH,UNKNOWN,[]
adjusted_price-688205.SH,adjusted_price,688205.SH,UNKNOWN,[]
adjusted_price-688206.SH,adjusted_price,688206.SH,UNKNOWN,[]
adjusted_price-688208.SH,adjusted_price,688208.SH,UNKNOWN,[]
adjusted_price-688209.SH,adjusted_price,688209.SH,UNKNOWN,[]
adjusted_price-688213.SH,adjusted_price,688213.SH,UNKNOWN,[]
adjusted_price-688220.SH,adjusted_price,688220.SH,UNKNOWN,[]
adjusted_price-688222.SH,adjusted_price,688222.SH,UNKNOWN,[]
adjusted_price-688223.SH,adjusted_price,688223.SH,UNKNOWN,[]
adjusted_price-688232.SH,adjusted_price,688232.SH,UNKNOWN,[]
adjusted_price-688233.SH,adjusted_price,688233.SH,UNKNOWN,[]
adjusted_price-688234.SH,adjusted_price,688234.SH,UNKNOWN,[]
adjusted_price-688235.SH,adjusted_price,688235.SH,UNKNOWN,[]
adjusted_price-688238.SH,adjusted_price,688238.SH,UNKNOWN,[]
adjusted_price-688239.SH,adjusted_price,688239.SH,UNKNOWN,[]
adjusted_price-688248.SH,adjusted_price,688248.SH,UNKNOWN,[]
adjusted_price-688249.SH,adjusted_price,688249.SH,UNKNOWN,[]
adjusted_price-688252.SH,adjusted_price,688252.SH,UNKNOWN,[]
adjusted_price-688256.SH,adjusted_price,688256.SH,UNKNOWN,[]
adjusted_price-688261.SH,adjusted_price,688261.SH,UNKNOWN,[]
adjusted_price-688262.SH,adjusted_price,688262.SH,UNKNOWN,[]
adjusted_price-688266.SH,adjusted_price,688266.SH,UNKNOWN,[]
adjusted_price-688268.SH,adjusted_price,688268.SH,UNKNOWN,[]
adjusted_price-688270.SH,adjusted_price,688270.SH,UNKNOWN,[]
adjusted_price-688271.SH,adjusted_price,688271.SH,UNKNOWN,[]
adjusted_price-688275.SH,adjusted_price,688275.SH,UNKNOWN,[]
adjusted_price-688276.SH,adjusted_price,688276.SH,UNKNOWN,[]
adjusted_price-688277.SH,adjusted_price,688277.SH,UNKNOWN,[]
adjusted_price-688278.SH,adjusted_price,688278.SH,UNKNOWN,[]
adjusted_price-688279.SH,adjusted_price,688279.SH,UNKNOWN,[]
adjusted_price-688281.SH,adjusted_price,688281.SH,UNKNOWN,[]
adjusted_price-688289.SH,adjusted_price,688289.SH,UNKNOWN,[]
adjusted_price-688295.SH,adjusted_price,688295.SH,UNKNOWN,[]
adjusted_price-688297.SH,adjusted_price,688297.SH,UNKNOWN,[]
adjusted_price-688298.SH,adjusted_price,688298.SH,UNKNOWN,[]
adjusted_price-688300.SH,adjusted_price,688300.SH,UNKNOWN,[]
adjusted_price-688301.SH,adjusted_price,688301.SH,UNKNOWN,[]
adjusted_price-688303.SH,adjusted_price,688303.SH,UNKNOWN,[]
adjusted_price-688306.SH,adjusted_price,688306.SH,UNKNOWN,[]
adjusted_price-688313.SH,adjusted_price,688313.SH,UNKNOWN,[]
adjusted_price-688315.SH,adjusted_price,688315.SH,UNKNOWN,[]
adjusted_price-688318.SH,adjusted_price,688318.SH,UNKNOWN,[]
adjusted_price-688321.SH,adjusted_price,688321.SH,UNKNOWN,[]
adjusted_price-688322.SH,adjusted_price,688322.SH,UNKNOWN,[]
adjusted_price-688326.SH,adjusted_price,688326.SH,UNKNOWN,[]
adjusted_price-688327.SH,adjusted_price,688327.SH,UNKNOWN,[]
adjusted_price-688330.SH,adjusted_price,688330.SH,UNKNOWN,[]
adjusted_price-688331.SH,adjusted_price,688331.SH,UNKNOWN,[]
adjusted_price-688332.SH,adjusted_price,688332.SH,UNKNOWN,[]
adjusted_price-688333.SH,adjusted_price,688333.SH,UNKNOWN,[]
adjusted_price-688336.SH,adjusted_price,688336.SH,UNKNOWN,[]
adjusted_price-688337.SH,adjusted_price,688337.SH,UNKNOWN,[]
adjusted_price-688339.SH,adjusted_price,688339.SH,UNKNOWN,[]
adjusted_price-688343.SH,adjusted_price,688343.SH,UNKNOWN,[]
adjusted_price-688347.SH,adjusted_price,688347.SH,UNKNOWN,[]
adjusted_price-688348.SH,adjusted_price,688348.SH,UNKNOWN,[]
adjusted_price-688349.SH,adjusted_price,688349.SH,UNKNOWN,[]
adjusted_price-688351.SH,adjusted_price,688351.SH,UNKNOWN,[]
adjusted_price-688352.SH,adjusted_price,688352.SH,UNKNOWN,[]
adjusted_price-688353.SH,adjusted_price,688353.SH,UNKNOWN,[]
adjusted_price-688356.SH,adjusted_price,688356.SH,UNKNOWN,[]
adjusted_price-688361.SH,adjusted_price,688361.SH,UNKNOWN,[]
adjusted_price-688362.SH,adjusted_price,688362.SH,UNKNOWN,[]
adjusted_price-688363.SH,adjusted_price,688363.SH,UNKNOWN,[]
adjusted_price-688365.SH,adjusted_price,688365.SH,UNKNOWN,[]
adjusted_price-688366.SH,adjusted_price,688366.SH,UNKNOWN,[]
adjusted_price-688368.SH,adjusted_price,688368.SH,UNKNOWN,[]
adjusted_price-688372.SH,adjusted_price,688372.SH,UNKNOWN,[]
adjusted_price-688375.SH,adjusted_price,688375.SH,UNKNOWN,[]
adjusted_price-688380.SH,adjusted_price,688380.SH,UNKNOWN,[]
adjusted_price-688381.SH,adjusted_price,688381.SH,UNKNOWN,[]
adjusted_price-688382.SH,adjusted_price,688382.SH,UNKNOWN,[]
adjusted_price-688383.SH,adjusted_price,688383.SH,UNKNOWN,[]
adjusted_price-688385.SH,adjusted_price,688385.SH,UNKNOWN,[]
adjusted_price-688387.SH,adjusted_price,688387.SH,UNKNOWN,[]
adjusted_price-688388.SH,adjusted_price,688388.SH,UNKNOWN,[]
adjusted_price-688389.SH,adjusted_price,688389.SH,UNKNOWN,[]
adjusted_price-688390.SH,adjusted_price,688390.SH,UNKNOWN,[]
adjusted_price-688392.SH,adjusted_price,688392.SH,UNKNOWN,[]
adjusted_price-688396.SH,adjusted_price,688396.SH,UNKNOWN,[]
adjusted_price-688399.SH,adjusted_price,688399.SH,UNKNOWN,[]
adjusted_price-688400.SH,adjusted_price,688400.SH,UNKNOWN,[]
adjusted_price-688403.SH,adjusted_price,688403.SH,UNKNOWN,[]
adjusted_price-688408.SH,adjusted_price,688408.SH,UNKNOWN,[]
adjusted_price-688409.SH,adjusted_price,688409.SH,UNKNOWN,[]
adjusted_price-688411.SH,adjusted_price,688411.SH,UNKNOWN,[]
adjusted_price-688425.SH,adjusted_price,688425.SH,UNKNOWN,[]
adjusted_price-688432.SH,adjusted_price,688432.SH,UNKNOWN,[]
adjusted_price-688433.SH,adjusted_price,688433.SH,UNKNOWN,[]
adjusted_price-688439.SH,adjusted_price,688439.SH,UNKNOWN,[]
adjusted_price-688443.SH,adjusted_price,688443.SH,UNKNOWN,[]
adjusted_price-688449.SH,adjusted_price,688449.SH,UNKNOWN,[]
adjusted_price-688469.SH,adjusted_price,688469.SH,UNKNOWN,[]
adjusted_price-688472.SH,adjusted_price,688472.SH,UNKNOWN,[]
adjusted_price-688475.SH,adjusted_price,688475.SH,UNKNOWN,[]
adjusted_price-688484.SH,adjusted_price,688484.SH,UNKNOWN,[]
adjusted_price-688486.SH,adjusted_price,688486.SH,UNKNOWN,[]
adjusted_price-688498.SH,adjusted_price,688498.SH,UNKNOWN,[]
adjusted_price-688499.SH,adjusted_price,688499.SH,UNKNOWN,[]
adjusted_price-688502.SH,adjusted_price,688502.SH,UNKNOWN,[]
adjusted_price-688503.SH,adjusted_price,688503.SH,UNKNOWN,[]
adjusted_price-688505.SH,adjusted_price,688505.SH,UNKNOWN,[]
adjusted_price-688506.SH,adjusted_price,688506.SH,UNKNOWN,[]
adjusted_price-688508.SH,adjusted_price,688508.SH,UNKNOWN,[]
adjusted_price-688515.SH,adjusted_price,688515.SH,UNKNOWN,[]
adjusted_price-688516.SH,adjusted_price,688516.SH,UNKNOWN,[]
adjusted_price-688518.SH,adjusted_price,688518.SH,UNKNOWN,[]
adjusted_price-688519.SH,adjusted_price,688519.SH,UNKNOWN,[]
adjusted_price-688520.SH,adjusted_price,688520.SH,UNKNOWN,[]
adjusted_price-688521.SH,adjusted_price,688521.SH,UNKNOWN,[]
adjusted_price-688522.SH,adjusted_price,688522.SH,UNKNOWN,[]
adjusted_price-688523.SH,adjusted_price,688523.SH,UNKNOWN,[]
adjusted_price-688525.SH,adjusted_price,688525.SH,UNKNOWN,[]
adjusted_price-688526.SH,adjusted_price,688526.SH,UNKNOWN,[]
adjusted_price-688531.SH,adjusted_price,688531.SH,UNKNOWN,[]
adjusted_price-688536.SH,adjusted_price,688536.SH,UNKNOWN,[]
adjusted_price-688538.SH,adjusted_price,688538.SH,UNKNOWN,[]
adjusted_price-688543.SH,adjusted_price,688543.SH,UNKNOWN,[]
adjusted_price-688545.SH,adjusted_price,688545.SH,UNKNOWN,[]
adjusted_price-688548.SH,adjusted_price,688548.SH,UNKNOWN,[]
adjusted_price-688549.SH,adjusted_price,688549.SH,UNKNOWN,[]
adjusted_price-688552.SH,adjusted_price,688552.SH,UNKNOWN,[]
adjusted_price-688556.SH,adjusted_price,688556.SH,UNKNOWN,[]
adjusted_price-688559.SH,adjusted_price,688559.SH,UNKNOWN,[]
adjusted_price-688561.SH,adjusted_price,688561.SH,UNKNOWN,[]
adjusted_price-688563.SH,adjusted_price,688563.SH,UNKNOWN,[]
adjusted_price-688567.SH,adjusted_price,688567.SH,UNKNOWN,[]
adjusted_price-688568.SH,adjusted_price,688568.SH,UNKNOWN,[]
adjusted_price-688575.SH,adjusted_price,688575.SH,UNKNOWN,[]
adjusted_price-688578.SH,adjusted_price,688578.SH,UNKNOWN,[]
adjusted_price-688582.SH,adjusted_price,688582.SH,UNKNOWN,[]
adjusted_price-688584.SH,adjusted_price,688584.SH,UNKNOWN,[]
adjusted_price-688586.SH,adjusted_price,688586.SH,UNKNOWN,[]
adjusted_price-688591.SH,adjusted_price,688591.SH,UNKNOWN,[]
adjusted_price-688593.SH,adjusted_price,688593.SH,UNKNOWN,[]
adjusted_price-688596.SH,adjusted_price,688596.SH,UNKNOWN,[]
adjusted_price-688598.SH,adjusted_price,688598.SH,UNKNOWN,[]
adjusted_price-688599.SH,adjusted_price,688599.SH,UNKNOWN,[]
adjusted_price-688605.SH,adjusted_price,688605.SH,UNKNOWN,[]
adjusted_price-688608.SH,adjusted_price,688608.SH,UNKNOWN,[]
adjusted_price-688612.SH,adjusted_price,688612.SH,UNKNOWN,[]
adjusted_price-688615.SH,adjusted_price,688615.SH,UNKNOWN,[]
adjusted_price-688617.SH,adjusted_price,688617.SH,UNKNOWN,[]
adjusted_price-688627.SH,adjusted_price,688627.SH,UNKNOWN,[]
adjusted_price-688629.SH,adjusted_price,688629.SH,UNKNOWN,[]
adjusted_price-688630.SH,adjusted_price,688630.SH,UNKNOWN,[]
adjusted_price-688631.SH,adjusted_price,688631.SH,UNKNOWN,[]
adjusted_price-688639.SH,adjusted_price,688639.SH,UNKNOWN,[]
adjusted_price-688652.SH,adjusted_price,688652.SH,UNKNOWN,[]
adjusted_price-688658.SH,adjusted_price,688658.SH,UNKNOWN,[]
adjusted_price-688660.SH,adjusted_price,688660.SH,UNKNOWN,[]
adjusted_price-688668.SH,adjusted_price,688668.SH,UNKNOWN,[]
adjusted_price-688676.SH,adjusted_price,688676.SH,UNKNOWN,[]
adjusted_price-688680.SH,adjusted_price,688680.SH,UNKNOWN,[]
adjusted_price-688686.SH,adjusted_price,688686.SH,UNKNOWN,[]
adjusted_price-688690.SH,adjusted_price,688690.SH,UNKNOWN,[]
adjusted_price-688691.SH,adjusted_price,688691.SH,UNKNOWN,[]
adjusted_price-688692.SH,adjusted_price,688692.SH,UNKNOWN,[]
adjusted_price-688696.SH,adjusted_price,688696.SH,UNKNOWN,[]
adjusted_price-688698.SH,adjusted_price,688698.SH,UNKNOWN,[]
adjusted_price-688699.SH,adjusted_price,688699.SH,UNKNOWN,[]
adjusted_price-688700.SH,adjusted_price,688700.SH,UNKNOWN,[]
adjusted_price-688702.SH,adjusted_price,688702.SH,UNKNOWN,[]
adjusted_price-688707.SH,adjusted_price,688707.SH,UNKNOWN,[]
adjusted_price-688708.SH,adjusted_price,688708.SH,UNKNOWN,[]
adjusted_price-688709.SH,adjusted_price,688709.SH,UNKNOWN,[]
adjusted_price-688711.SH,adjusted_price,688711.SH,UNKNOWN,[]
adjusted_price-688717.SH,adjusted_price,688717.SH,UNKNOWN,[]
adjusted_price-688726.SH,adjusted_price,688726.SH,UNKNOWN,[]
adjusted_price-688728.SH,adjusted_price,688728.SH,UNKNOWN,[]
adjusted_price-688733.SH,adjusted_price,688733.SH,UNKNOWN,[]
adjusted_price-688739.SH,adjusted_price,688739.SH,UNKNOWN,[]
adjusted_price-688766.SH,adjusted_price,688766.SH,UNKNOWN,[]
adjusted_price-688772.SH,adjusted_price,688772.SH,UNKNOWN,[]
adjusted_price-688776.SH,adjusted_price,688776.SH,UNKNOWN,[]
adjusted_price-688777.SH,adjusted_price,688777.SH,UNKNOWN,[]
adjusted_price-688778.SH,adjusted_price,688778.SH,UNKNOWN,[]
adjusted_price-688779.SH,adjusted_price,688779.SH,UNKNOWN,[]
adjusted_price-688788.SH,adjusted_price,688788.SH,UNKNOWN,[]
adjusted_price-688789.SH,adjusted_price,688789.SH,UNKNOWN,[]
adjusted_price-688798.SH,adjusted_price,688798.SH,UNKNOWN,[]
adjusted_price-688800.SH,adjusted_price,688800.SH,UNKNOWN,[]
adjusted_price-688819.SH,adjusted_price,688819.SH,UNKNOWN,[]
adjusted_price-688981.SH,adjusted_price,688981.SH,UNKNOWN,[]
adjusted_price-689009.SH,adjusted_price,689009.SH,UNKNOWN,[]
market_qlib-000001.SZ,market_qlib,000001.SZ,UNKNOWN,[]
market_qlib-000002.SZ,market_qlib,000002.SZ,UNKNOWN,[]
market_qlib-000005.SZ,market_qlib,000005.SZ,UNKNOWN,[]
market_qlib-000006.SZ,market_qlib,000006.SZ,UNKNOWN,[]
market_qlib-000007.SZ,market_qlib,000007.SZ,UNKNOWN,[]
market_qlib-000008.SZ,market_qlib,000008.SZ,UNKNOWN,[]
market_qlib-000009.SZ,market_qlib,000009.SZ,UNKNOWN,[]
market_qlib-000010.SZ,market_qlib,000010.SZ,UNKNOWN,[]
market_qlib-000011.SZ,market_qlib,000011.SZ,UNKNOWN,[]
market_qlib-000012.SZ,market_qlib,000012.SZ,UNKNOWN,[]
market_qlib-000014.SZ,market_qlib,000014.SZ,UNKNOWN,[]
market_qlib-000016.SZ,market_qlib,000016.SZ,UNKNOWN,[]
market_qlib-000018.SZ,market_qlib,000018.SZ,UNKNOWN,[]
market_qlib-000019.SZ,market_qlib,000019.SZ,UNKNOWN,[]
market_qlib-000021.SZ,market_qlib,000021.SZ,UNKNOWN,[]
market_qlib-000024.SZ,market_qlib,000024.SZ,UNKNOWN,[]
market_qlib-000025.SZ,market_qlib,000025.SZ,UNKNOWN,[]
market_qlib-000026.SZ,market_qlib,000026.SZ,UNKNOWN,[]
market_qlib-000027.SZ,market_qlib,000027.SZ,UNKNOWN,[]
market_qlib-000028.SZ,market_qlib,000028.SZ,UNKNOWN,[]
market_qlib-000029.SZ,market_qlib,000029.SZ,UNKNOWN,[]
market_qlib-000030.SZ,market_qlib,000030.SZ,UNKNOWN,[]
market_qlib-000031.SZ,market_qlib,000031.SZ,UNKNOWN,[]
market_qlib-000032.SZ,market_qlib,000032.SZ,UNKNOWN,[]
market_qlib-000033.SZ,market_qlib,000033.SZ,UNKNOWN,[]
market_qlib-000034.SZ,market_qlib,000034.SZ,UNKNOWN,[]
market_qlib-000035.SZ,market_qlib,000035.SZ,UNKNOWN,[]
market_qlib-000036.SZ,market_qlib,000036.SZ,UNKNOWN,[]
market_qlib-000037.SZ,market_qlib,000037.SZ,UNKNOWN,[]
market_qlib-000038.SZ,market_qlib,000038.SZ,UNKNOWN,[]
market_qlib-000039.SZ,market_qlib,000039.SZ,UNKNOWN,[]
market_qlib-000040.SZ,market_qlib,000040.SZ,UNKNOWN,[]
market_qlib-000042.SZ,market_qlib,000042.SZ,UNKNOWN,[]
market_qlib-000046.SZ,market_qlib,000046.SZ,UNKNOWN,[]
market_qlib-000048.SZ,market_qlib,000048.SZ,UNKNOWN,[]
market_qlib-000049.SZ,market_qlib,000049.SZ,UNKNOWN,[]
market_qlib-000050.SZ,market_qlib,000050.SZ,UNKNOWN,[]
market_qlib-000055.SZ,market_qlib,000055.SZ,UNKNOWN,[]
market_qlib-000056.SZ,market_qlib,000056.SZ,UNKNOWN,[]
market_qlib-000058.SZ,market_qlib,000058.SZ,UNKNOWN,[]
market_qlib-000059.SZ,market_qlib,000059.SZ,UNKNOWN,[]
market_qlib-000060.SZ,market_qlib,000060.SZ,UNKNOWN,[]
market_qlib-000061.SZ,market_qlib,000061.SZ,UNKNOWN,[]
market_qlib-000062.SZ,market_qlib,000062.SZ,UNKNOWN,[]
market_qlib-000063.SZ,market_qlib,000063.SZ,UNKNOWN,[]
market_qlib-000065.SZ,market_qlib,000065.SZ,UNKNOWN,[]
market_qlib-000066.SZ,market_qlib,000066.SZ,UNKNOWN,[]
market_qlib-000068.SZ,market_qlib,000068.SZ,UNKNOWN,[]
market_qlib-000069.SZ,market_qlib,000069.SZ,UNKNOWN,[]
market_qlib-000070.SZ,market_qlib,000070.SZ,UNKNOWN,[]
market_qlib-000078.SZ,market_qlib,000078.SZ,UNKNOWN,[]
market_qlib-000088.SZ,market_qlib,000088.SZ,UNKNOWN,[]
market_qlib-000089.SZ,market_qlib,000089.SZ,UNKNOWN,[]
market_qlib-000090.SZ,market_qlib,000090.SZ,UNKNOWN,[]
market_qlib-000096.SZ,market_qlib,000096.SZ,UNKNOWN,[]
market_qlib-000099.SZ,market_qlib,000099.SZ,UNKNOWN,[]
market_qlib-000100.SZ,market_qlib,000100.SZ,UNKNOWN,[]
market_qlib-000150.SZ,market_qlib,000150.SZ,UNKNOWN,[]
market_qlib-000151.SZ,market_qlib,000151.SZ,UNKNOWN,[]
market_qlib-000153.SZ,market_qlib,000153.SZ,UNKNOWN,[]
market_qlib-000155.SZ,market_qlib,000155.SZ,UNKNOWN,[]
market_qlib-000156.SZ,market_qlib,000156.SZ,UNKNOWN,[]
market_qlib-000157.SZ,market_qlib,000157.SZ,UNKNOWN,[]
market_qlib-000158.SZ,market_qlib,000158.SZ,UNKNOWN,[]
market_qlib-000159.SZ,market_qlib,000159.SZ,UNKNOWN,[]
market_qlib-000166.SZ,market_qlib,000166.SZ,UNKNOWN,[]
market_qlib-000301.SZ,market_qlib,000301.SZ,UNKNOWN,[]
market_qlib-000333.SZ,market_qlib,000333.SZ,UNKNOWN,[]
market_qlib-000338.SZ,market_qlib,000338.SZ,UNKNOWN,[]
market_qlib-000400.SZ,market_qlib,000400.SZ,UNKNOWN,[]
market_qlib-000401.SZ,market_qlib,000401.SZ,UNKNOWN,[]
market_qlib-000402.SZ,market_qlib,000402.SZ,UNKNOWN,[]
market_qlib-000403.SZ,market_qlib,000403.SZ,UNKNOWN,[]
market_qlib-000404.SZ,market_qlib,000404.SZ,UNKNOWN,[]
market_qlib-000407.SZ,market_qlib,000407.SZ,UNKNOWN,[]
market_qlib-000408.SZ,market_qlib,000408.SZ,UNKNOWN,[]
market_qlib-000409.SZ,market_qlib,000409.SZ,UNKNOWN,[]
market_qlib-000410.SZ,market_qlib,000410.SZ,UNKNOWN,[]
market_qlib-000413.SZ,market_qlib,000413.SZ,UNKNOWN,[]
market_qlib-000415.SZ,market_qlib,000415.SZ,UNKNOWN,[]
market_qlib-000416.SZ,market_qlib,000416.SZ,UNKNOWN,[]
market_qlib-000417.SZ,market_qlib,000417.SZ,UNKNOWN,[]
market_qlib-000418.SZ,market_qlib,000418.SZ,UNKNOWN,[]
market_qlib-000419.SZ,market_qlib,000419.SZ,UNKNOWN,[]
market_qlib-000420.SZ,market_qlib,000420.SZ,UNKNOWN,[]
market_qlib-000421.SZ,market_qlib,000421.SZ,UNKNOWN,[]
market_qlib-000422.SZ,market_qlib,000422.SZ,UNKNOWN,[]
market_qlib-000423.SZ,market_qlib,000423.SZ,UNKNOWN,[]
market_qlib-000425.SZ,market_qlib,000425.SZ,UNKNOWN,[]
market_qlib-000426.SZ,market_qlib,000426.SZ,UNKNOWN,[]
market_qlib-000428.SZ,market_qlib,000428.SZ,UNKNOWN,[]
market_qlib-000429.SZ,market_qlib,000429.SZ,UNKNOWN,[]
market_qlib-000488.SZ,market_qlib,000488.SZ,UNKNOWN,[]
market_qlib-000498.SZ,market_qlib,000498.SZ,UNKNOWN,[]
market_qlib-000501.SZ,market_qlib,000501.SZ,UNKNOWN,[]
market_qlib-000503.SZ,market_qlib,000503.SZ,UNKNOWN,[]
market_qlib-000504.SZ,market_qlib,000504.SZ,UNKNOWN,[]
market_qlib-000506.SZ,market_qlib,000506.SZ,UNKNOWN,[]
market_qlib-000507.SZ,market_qlib,000507.SZ,UNKNOWN,[]
market_qlib-000510.SZ,market_qlib,000510.SZ,UNKNOWN,[]
market_qlib-000511.SZ,market_qlib,000511.SZ,UNKNOWN,[]
market_qlib-000513.SZ,market_qlib,000513.SZ,UNKNOWN,[]
market_qlib-000514.SZ,market_qlib,000514.SZ,UNKNOWN,[]
market_qlib-000516.SZ,market_qlib,000516.SZ,UNKNOWN,[]
market_qlib-000517.SZ,market_qlib,000517.SZ,UNKNOWN,[]
market_qlib-000518.SZ,market_qlib,000518.SZ,UNKNOWN,[]
market_qlib-000519.SZ,market_qlib,000519.SZ,UNKNOWN,[]
market_qlib-000520.SZ,market_qlib,000520.SZ,UNKNOWN,[]
market_qlib-000521.SZ,market_qlib,000521.SZ,UNKNOWN,[]
market_qlib-000523.SZ,market_qlib,000523.SZ,UNKNOWN,[]
market_qlib-000524.SZ,market_qlib,000524.SZ,UNKNOWN,[]
market_qlib-000525.SZ,market_qlib,000525.SZ,UNKNOWN,[]
market_qlib-000526.SZ,market_qlib,000526.SZ,UNKNOWN,[]
market_qlib-000528.SZ,market_qlib,000528.SZ,UNKNOWN,[]
market_qlib-000529.SZ,market_qlib,000529.SZ,UNKNOWN,[]
market_qlib-000530.SZ,market_qlib,000530.SZ,UNKNOWN,[]
market_qlib-000531.SZ,market_qlib,000531.SZ,UNKNOWN,[]
market_qlib-000532.SZ,market_qlib,000532.SZ,UNKNOWN,[]
market_qlib-000533.SZ,market_qlib,000533.SZ,UNKNOWN,[]
market_qlib-000534.SZ,market_qlib,000534.SZ,UNKNOWN,[]
market_qlib-000536.SZ,market_qlib,000536.SZ,UNKNOWN,[]
market_qlib-000537.SZ,market_qlib,000537.SZ,UNKNOWN,[]
market_qlib-000538.SZ,market_qlib,000538.SZ,UNKNOWN,[]
market_qlib-000539.SZ,market_qlib,000539.SZ,UNKNOWN,[]
market_qlib-000540.SZ,market_qlib,000540.SZ,UNKNOWN,[]
market_qlib-000541.SZ,market_qlib,000541.SZ,UNKNOWN,[]
market_qlib-000543.SZ,market_qlib,000543.SZ,UNKNOWN,[]
market_qlib-000544.SZ,market_qlib,000544.SZ,UNKNOWN,[]
market_qlib-000545.SZ,market_qlib,000545.SZ,UNKNOWN,[]
market_qlib-000546.SZ,market_qlib,000546.SZ,UNKNOWN,[]
market_qlib-000547.SZ,market_qlib,000547.SZ,UNKNOWN,[]
market_qlib-000548.SZ,market_qlib,000548.SZ,UNKNOWN,[]
market_qlib-000550.SZ,market_qlib,000550.SZ,UNKNOWN,[]
market_qlib-000551.SZ,market_qlib,000551.SZ,UNKNOWN,[]
market_qlib-000552.SZ,market_qlib,000552.SZ,UNKNOWN,[]
market_qlib-000553.SZ,market_qlib,000553.SZ,UNKNOWN,[]
market_qlib-000554.SZ,market_qlib,000554.SZ,UNKNOWN,[]
market_qlib-000555.SZ,market_qlib,000555.SZ,UNKNOWN,[]
market_qlib-000557.SZ,market_qlib,000557.SZ,UNKNOWN,[]
market_qlib-000558.SZ,market_qlib,000558.SZ,UNKNOWN,[]
market_qlib-000559.SZ,market_qlib,000559.SZ,UNKNOWN,[]
market_qlib-000560.SZ,market_qlib,000560.SZ,UNKNOWN,[]
market_qlib-000561.SZ,market_qlib,000561.SZ,UNKNOWN,[]
market_qlib-000562.SZ,market_qlib,000562.SZ,UNKNOWN,[]
market_qlib-000563.SZ,market_qlib,000563.SZ,UNKNOWN,[]
market_qlib-000564.SZ,market_qlib,000564.SZ,UNKNOWN,[]
market_qlib-000565.SZ,market_qlib,000565.SZ,UNKNOWN,[]
market_qlib-000566.SZ,market_qlib,000566.SZ,UNKNOWN,[]
market_qlib-000567.SZ,market_qlib,000567.SZ,UNKNOWN,[]
market_qlib-000568.SZ,market_qlib,000568.SZ,UNKNOWN,[]
market_qlib-000570.SZ,market_qlib,000570.SZ,UNKNOWN,[]
market_qlib-000571.SZ,market_qlib,000571.SZ,UNKNOWN,[]
market_qlib-000572.SZ,market_qlib,000572.SZ,UNKNOWN,[]
market_qlib-000573.SZ,market_qlib,000573.SZ,UNKNOWN,[]
market_qlib-000576.SZ,market_qlib,000576.SZ,UNKNOWN,[]
market_qlib-000581.SZ,market_qlib,000581.SZ,UNKNOWN,[]
market_qlib-000582.SZ,market_qlib,000582.SZ,UNKNOWN,[]
market_qlib-000584.SZ,market_qlib,000584.SZ,UNKNOWN,[]
market_qlib-000585.SZ,market_qlib,000585.SZ,UNKNOWN,[]
market_qlib-000587.SZ,market_qlib,000587.SZ,UNKNOWN,[]
market_qlib-000589.SZ,market_qlib,000589.SZ,UNKNOWN,[]
market_qlib-000590.SZ,market_qlib,000590.SZ,UNKNOWN,[]
market_qlib-000591.SZ,market_qlib,000591.SZ,UNKNOWN,[]
market_qlib-000592.SZ,market_qlib,000592.SZ,UNKNOWN,[]
market_qlib-000594.SZ,market_qlib,000594.SZ,UNKNOWN,[]
market_qlib-000596.SZ,market_qlib,000596.SZ,UNKNOWN,[]
market_qlib-000597.SZ,market_qlib,000597.SZ,UNKNOWN,[]
market_qlib-000598.SZ,market_qlib,000598.SZ,UNKNOWN,[]
market_qlib-000599.SZ,market_qlib,000599.SZ,UNKNOWN,[]
market_qlib-000600.SZ,market_qlib,000600.SZ,UNKNOWN,[]
market_qlib-000601.SZ,market_qlib,000601.SZ,UNKNOWN,[]
market_qlib-000603.SZ,market_qlib,000603.SZ,UNKNOWN,[]
market_qlib-000606.SZ,market_qlib,000606.SZ,UNKNOWN,[]
market_qlib-000607.SZ,market_qlib,000607.SZ,UNKNOWN,[]
market_qlib-000608.SZ,market_qlib,000608.SZ,UNKNOWN,[]
market_qlib-000609.SZ,market_qlib,000609.SZ,UNKNOWN,[]
market_qlib-000612.SZ,market_qlib,000612.SZ,UNKNOWN,[]
market_qlib-000615.SZ,market_qlib,000615.SZ,UNKNOWN,[]
market_qlib-000616.SZ,market_qlib,000616.SZ,UNKNOWN,[]
market_qlib-000617.SZ,market_qlib,000617.SZ,UNKNOWN,[]
market_qlib-000619.SZ,market_qlib,000619.SZ,UNKNOWN,[]
market_qlib-000620.SZ,market_qlib,000620.SZ,UNKNOWN,[]
market_qlib-000622.SZ,market_qlib,000622.SZ,UNKNOWN,[]
market_qlib-000623.SZ,market_qlib,000623.SZ,UNKNOWN,[]
market_qlib-000625.SZ,market_qlib,000625.SZ,UNKNOWN,[]
market_qlib-000626.SZ,market_qlib,000626.SZ,UNKNOWN,[]
market_qlib-000627.SZ,market_qlib,000627.SZ,UNKNOWN,[]
market_qlib-000628.SZ,market_qlib,000628.SZ,UNKNOWN,[]
market_qlib-000629.SZ,market_qlib,000629.SZ,UNKNOWN,[]
market_qlib-000630.SZ,market_qlib,000630.SZ,UNKNOWN,[]
market_qlib-000631.SZ,market_qlib,000631.SZ,UNKNOWN,[]
market_qlib-000635.SZ,market_qlib,000635.SZ,UNKNOWN,[]
market_qlib-000636.SZ,market_qlib,000636.SZ,UNKNOWN,[]
market_qlib-000637.SZ,market_qlib,000637.SZ,UNKNOWN,[]
market_qlib-000639.SZ,market_qlib,000639.SZ,UNKNOWN,[]
market_qlib-000650.SZ,market_qlib,000650.SZ,UNKNOWN,[]
market_qlib-000651.SZ,market_qlib,000651.SZ,UNKNOWN,[]
market_qlib-000652.SZ,market_qlib,000652.SZ,UNKNOWN,[]
market_qlib-000655.SZ,market_qlib,000655.SZ,UNKNOWN,[]
market_qlib-000656.SZ,market_qlib,000656.SZ,UNKNOWN,[]
market_qlib-000657.SZ,market_qlib,000657.SZ,UNKNOWN,[]
market_qlib-000659.SZ,market_qlib,000659.SZ,UNKNOWN,[]
market_qlib-000661.SZ,market_qlib,000661.SZ,UNKNOWN,[]
market_qlib-000662.SZ,market_qlib,000662.SZ,UNKNOWN,[]
market_qlib-000663.SZ,market_qlib,000663.SZ,UNKNOWN,[]
market_qlib-000665.SZ,market_qlib,000665.SZ,UNKNOWN,[]
market_qlib-000666.SZ,market_qlib,000666.SZ,UNKNOWN,[]
market_qlib-000667.SZ,market_qlib,000667.SZ,UNKNOWN,[]
market_qlib-000668.SZ,market_qlib,000668.SZ,UNKNOWN,[]
market_qlib-000669.SZ,market_qlib,000669.SZ,UNKNOWN,[]
market_qlib-000670.SZ,market_qlib,000670.SZ,UNKNOWN,[]
market_qlib-000671.SZ,market_qlib,000671.SZ,UNKNOWN,[]
market_qlib-000672.SZ,market_qlib,000672.SZ,UNKNOWN,[]
market_qlib-000673.SZ,market_qlib,000673.SZ,UNKNOWN,[]
market_qlib-000676.SZ,market_qlib,000676.SZ,UNKNOWN,[]
market_qlib-000677.SZ,market_qlib,000677.SZ,UNKNOWN,[]
market_qlib-000679.SZ,market_qlib,000679.SZ,UNKNOWN,[]
market_qlib-000680.SZ,market_qlib,000680.SZ,UNKNOWN,[]
market_qlib-000681.SZ,market_qlib,000681.SZ,UNKNOWN,[]
market_qlib-000682.SZ,market_qlib,000682.SZ,UNKNOWN,[]
market_qlib-000683.SZ,market_qlib,000683.SZ,UNKNOWN,[]
market_qlib-000685.SZ,market_qlib,000685.SZ,UNKNOWN,[]
market_qlib-000686.SZ,market_qlib,000686.SZ,UNKNOWN,[]
market_qlib-000687.SZ,market_qlib,000687.SZ,UNKNOWN,[]
market_qlib-000688.SZ,market_qlib,000688.SZ,UNKNOWN,[]
market_qlib-000690.SZ,market_qlib,000690.SZ,UNKNOWN,[]
market_qlib-000693.SZ,market_qlib,000693.SZ,UNKNOWN,[]
market_qlib-000695.SZ,market_qlib,000695.SZ,UNKNOWN,[]
market_qlib-000697.SZ,market_qlib,000697.SZ,UNKNOWN,[]
market_qlib-000698.SZ,market_qlib,000698.SZ,UNKNOWN,[]
market_qlib-000700.SZ,market_qlib,000700.SZ,UNKNOWN,[]
market_qlib-000701.SZ,market_qlib,000701.SZ,UNKNOWN,[]
market_qlib-000702.SZ,market_qlib,000702.SZ,UNKNOWN,[]
market_qlib-000703.SZ,market_qlib,000703.SZ,UNKNOWN,[]
market_qlib-000705.SZ,market_qlib,000705.SZ,UNKNOWN,[]
market_qlib-000707.SZ,market_qlib,000707.SZ,UNKNOWN,[]
market_qlib-000708.SZ,market_qlib,000708.SZ,UNKNOWN,[]
market_qlib-000709.SZ,market_qlib,000709.SZ,UNKNOWN,[]
market_qlib-000710.SZ,market_qlib,000710.SZ,UNKNOWN,[]
market_qlib-000711.SZ,market_qlib,000711.SZ,UNKNOWN,[]
market_qlib-000712.SZ,market_qlib,000712.SZ,UNKNOWN,[]
market_qlib-000713.SZ,market_qlib,000713.SZ,UNKNOWN,[]
market_qlib-000715.SZ,market_qlib,000715.SZ,UNKNOWN,[]
market_qlib-000716.SZ,market_qlib,000716.SZ,UNKNOWN,[]
market_qlib-000717.SZ,market_qlib,000717.SZ,UNKNOWN,[]
market_qlib-000718.SZ,market_qlib,000718.SZ,UNKNOWN,[]
market_qlib-000719.SZ,market_qlib,000719.SZ,UNKNOWN,[]
market_qlib-000720.SZ,market_qlib,000720.SZ,UNKNOWN,[]
market_qlib-000722.SZ,market_qlib,000722.SZ,UNKNOWN,[]
market_qlib-000723.SZ,market_qlib,000723.SZ,UNKNOWN,[]
market_qlib-000725.SZ,market_qlib,000725.SZ,UNKNOWN,[]
market_qlib-000726.SZ,market_qlib,000726.SZ,UNKNOWN,[]
market_qlib-000727.SZ,market_qlib,000727.SZ,UNKNOWN,[]
market_qlib-000728.SZ,market_qlib,000728.SZ,UNKNOWN,[]
market_qlib-000729.SZ,market_qlib,000729.SZ,UNKNOWN,[]
market_qlib-000731.SZ,market_qlib,000731.SZ,UNKNOWN,[]
market_qlib-000732.SZ,market_qlib,000732.SZ,UNKNOWN,[]
market_qlib-000733.SZ,market_qlib,000733.SZ,UNKNOWN,[]
market_qlib-000735.SZ,market_qlib,000735.SZ,UNKNOWN,[]
market_qlib-000736.SZ,market_qlib,000736.SZ,UNKNOWN,[]
market_qlib-000737.SZ,market_qlib,000737.SZ,UNKNOWN,[]
market_qlib-000738.SZ,market_qlib,000738.SZ,UNKNOWN,[]
market_qlib-000739.SZ,market_qlib,000739.SZ,UNKNOWN,[]
market_qlib-000748.SZ,market_qlib,000748.SZ,UNKNOWN,[]
market_qlib-000750.SZ,market_qlib,000750.SZ,UNKNOWN,[]
market_qlib-000751.SZ,market_qlib,000751.SZ,UNKNOWN,[]
market_qlib-000752.SZ,market_qlib,000752.SZ,UNKNOWN,[]
market_qlib-000753.SZ,market_qlib,000753.SZ,UNKNOWN,[]
market_qlib-000755.SZ,market_qlib,000755.SZ,UNKNOWN,[]
market_qlib-000756.SZ,market_qlib,000756.SZ,UNKNOWN,[]
market_qlib-000757.SZ,market_qlib,000757.SZ,UNKNOWN,[]
market_qlib-000758.SZ,market_qlib,000758.SZ,UNKNOWN,[]
market_qlib-000759.SZ,market_qlib,000759.SZ,UNKNOWN,[]
market_qlib-000760.SZ,market_qlib,000760.SZ,UNKNOWN,[]
market_qlib-000761.SZ,market_qlib,000761.SZ,UNKNOWN,[]
market_qlib-000762.SZ,market_qlib,000762.SZ,UNKNOWN,[]
market_qlib-000766.SZ,market_qlib,000766.SZ,UNKNOWN,[]
market_qlib-000767.SZ,market_qlib,000767.SZ,UNKNOWN,[]
market_qlib-000768.SZ,market_qlib,000768.SZ,UNKNOWN,[]
market_qlib-000776.SZ,market_qlib,000776.SZ,UNKNOWN,[]
market_qlib-000777.SZ,market_qlib,000777.SZ,UNKNOWN,[]
market_qlib-000778.SZ,market_qlib,000778.SZ,UNKNOWN,[]
market_qlib-000780.SZ,market_qlib,000780.SZ,UNKNOWN,[]
market_qlib-000782.SZ,market_qlib,000782.SZ,UNKNOWN,[]
market_qlib-000783.SZ,market_qlib,000783.SZ,UNKNOWN,[]
market_qlib-000785.SZ,market_qlib,000785.SZ,UNKNOWN,[]
market_qlib-000786.SZ,market_qlib,000786.SZ,UNKNOWN,[]
market_qlib-000788.SZ,market_qlib,000788.SZ,UNKNOWN,[]
market_qlib-000789.SZ,market_qlib,000789.SZ,UNKNOWN,[]
market_qlib-000790.SZ,market_qlib,000790.SZ,UNKNOWN,[]
market_qlib-000791.SZ,market_qlib,000791.SZ,UNKNOWN,[]
market_qlib-000792.SZ,market_qlib,000792.SZ,UNKNOWN,[]
market_qlib-000793.SZ,market_qlib,000793.SZ,UNKNOWN,[]
market_qlib-000795.SZ,market_qlib,000795.SZ,UNKNOWN,[]
market_qlib-000796.SZ,market_qlib,000796.SZ,UNKNOWN,[]
market_qlib-000797.SZ,market_qlib,000797.SZ,UNKNOWN,[]
market_qlib-000799.SZ,market_qlib,000799.SZ,UNKNOWN,[]
market_qlib-000800.SZ,market_qlib,000800.SZ,UNKNOWN,[]
market_qlib-000801.SZ,market_qlib,000801.SZ,UNKNOWN,[]
market_qlib-000802.SZ,market_qlib,000802.SZ,UNKNOWN,[]
market_qlib-000806.SZ,market_qlib,000806.SZ,UNKNOWN,[]
market_qlib-000807.SZ,market_qlib,000807.SZ,UNKNOWN,[]
market_qlib-000809.SZ,market_qlib,000809.SZ,UNKNOWN,[]
market_qlib-000810.SZ,market_qlib,000810.SZ,UNKNOWN,[]
market_qlib-000811.SZ,market_qlib,000811.SZ,UNKNOWN,[]
market_qlib-000812.SZ,market_qlib,000812.SZ,UNKNOWN,[]
market_qlib-000813.SZ,market_qlib,000813.SZ,UNKNOWN,[]
market_qlib-000815.SZ,market_qlib,000815.SZ,UNKNOWN,[]
market_qlib-000816.SZ,market_qlib,000816.SZ,UNKNOWN,[]
market_qlib-000818.SZ,market_qlib,000818.SZ,UNKNOWN,[]
market_qlib-000819.SZ,market_qlib,000819.SZ,UNKNOWN,[]
market_qlib-000820.SZ,market_qlib,000820.SZ,UNKNOWN,[]
market_qlib-000821.SZ,market_qlib,000821.SZ,UNKNOWN,[]
market_qlib-000822.SZ,market_qlib,000822.SZ,UNKNOWN,[]
market_qlib-000823.SZ,market_qlib,000823.SZ,UNKNOWN,[]
market_qlib-000825.SZ,market_qlib,000825.SZ,UNKNOWN,[]
market_qlib-000826.SZ,market_qlib,000826.SZ,UNKNOWN,[]
market_qlib-000828.SZ,market_qlib,000828.SZ,UNKNOWN,[]
market_qlib-000829.SZ,market_qlib,000829.SZ,UNKNOWN,[]
market_qlib-000830.SZ,market_qlib,000830.SZ,UNKNOWN,[]
market_qlib-000831.SZ,market_qlib,000831.SZ,UNKNOWN,[]
market_qlib-000833.SZ,market_qlib,000833.SZ,UNKNOWN,[]
market_qlib-000836.SZ,market_qlib,000836.SZ,UNKNOWN,[]
market_qlib-000837.SZ,market_qlib,000837.SZ,UNKNOWN,[]
market_qlib-000838.SZ,market_qlib,000838.SZ,UNKNOWN,[]
market_qlib-000839.SZ,market_qlib,000839.SZ,UNKNOWN,[]
market_qlib-000848.SZ,market_qlib,000848.SZ,UNKNOWN,[]
market_qlib-000850.SZ,market_qlib,000850.SZ,UNKNOWN,[]
market_qlib-000851.SZ,market_qlib,000851.SZ,UNKNOWN,[]
market_qlib-000852.SZ,market_qlib,000852.SZ,UNKNOWN,[]
market_qlib-000858.SZ,market_qlib,000858.SZ,UNKNOWN,[]
market_qlib-000859.SZ,market_qlib,000859.SZ,UNKNOWN,[]
market_qlib-000860.SZ,market_qlib,000860.SZ,UNKNOWN,[]
market_qlib-000861.SZ,market_qlib,000861.SZ,UNKNOWN,[]
market_qlib-000863.SZ,market_qlib,000863.SZ,UNKNOWN,[]
market_qlib-000868.SZ,market_qlib,000868.SZ,UNKNOWN,[]
market_qlib-000869.SZ,market_qlib,000869.SZ,UNKNOWN,[]
market_qlib-000875.SZ,market_qlib,000875.SZ,UNKNOWN,[]
market_qlib-000876.SZ,market_qlib,000876.SZ,UNKNOWN,[]
market_qlib-000877.SZ,market_qlib,000877.SZ,UNKNOWN,[]
market_qlib-000878.SZ,market_qlib,000878.SZ,UNKNOWN,[]
market_qlib-000880.SZ,market_qlib,000880.SZ,UNKNOWN,[]
market_qlib-000881.SZ,market_qlib,000881.SZ,UNKNOWN,[]
market_qlib-000882.SZ,market_qlib,000882.SZ,UNKNOWN,[]
market_qlib-000883.SZ,market_qlib,000883.SZ,UNKNOWN,[]
market_qlib-000885.SZ,market_qlib,000885.SZ,UNKNOWN,[]
market_qlib-000886.SZ,market_qlib,000886.SZ,UNKNOWN,[]
market_qlib-000887.SZ,market_qlib,000887.SZ,UNKNOWN,[]
market_qlib-000888.SZ,market_qlib,000888.SZ,UNKNOWN,[]
market_qlib-000889.SZ,market_qlib,000889.SZ,UNKNOWN,[]
market_qlib-000890.SZ,market_qlib,000890.SZ,UNKNOWN,[]
market_qlib-000892.SZ,market_qlib,000892.SZ,UNKNOWN,[]
market_qlib-000893.SZ,market_qlib,000893.SZ,UNKNOWN,[]
market_qlib-000895.SZ,market_qlib,000895.SZ,UNKNOWN,[]
market_qlib-000897.SZ,market_qlib,000897.SZ,UNKNOWN,[]
market_qlib-000898.SZ,market_qlib,000898.SZ,UNKNOWN,[]
market_qlib-000899.SZ,market_qlib,000899.SZ,UNKNOWN,[]
market_qlib-000900.SZ,market_qlib,000900.SZ,UNKNOWN,[]
market_qlib-000901.SZ,market_qlib,000901.SZ,UNKNOWN,[]
market_qlib-000902.SZ,market_qlib,000902.SZ,UNKNOWN,[]
market_qlib-000903.SZ,market_qlib,000903.SZ,UNKNOWN,[]
market_qlib-000905.SZ,market_qlib,000905.SZ,UNKNOWN,[]
market_qlib-000906.SZ,market_qlib,000906.SZ,UNKNOWN,[]
market_qlib-000909.SZ,market_qlib,000909.SZ,UNKNOWN,[]
market_qlib-000910.SZ,market_qlib,000910.SZ,UNKNOWN,[]
market_qlib-000911.SZ,market_qlib,000911.SZ,UNKNOWN,[]
market_qlib-000912.SZ,market_qlib,000912.SZ,UNKNOWN,[]
market_qlib-000913.SZ,market_qlib,000913.SZ,UNKNOWN,[]
market_qlib-000915.SZ,market_qlib,000915.SZ,UNKNOWN,[]
market_qlib-000916.SZ,market_qlib,000916.SZ,UNKNOWN,[]
market_qlib-000917.SZ,market_qlib,000917.SZ,UNKNOWN,[]
market_qlib-000918.SZ,market_qlib,000918.SZ,UNKNOWN,[]
market_qlib-000919.SZ,market_qlib,000919.SZ,UNKNOWN,[]
market_qlib-000920.SZ,market_qlib,000920.SZ,UNKNOWN,[]
market_qlib-000921.SZ,market_qlib,000921.SZ,UNKNOWN,[]
market_qlib-000922.SZ,market_qlib,000922.SZ,UNKNOWN,[]
market_qlib-000923.SZ,market_qlib,000923.SZ,UNKNOWN,[]
market_qlib-000925.SZ,market_qlib,000925.SZ,UNKNOWN,[]
market_qlib-000926.SZ,market_qlib,000926.SZ,UNKNOWN,[]
market_qlib-000927.SZ,market_qlib,000927.SZ,UNKNOWN,[]
market_qlib-000928.SZ,market_qlib,000928.SZ,UNKNOWN,[]
market_qlib-000930.SZ,market_qlib,000930.SZ,UNKNOWN,[]
market_qlib-000931.SZ,market_qlib,000931.SZ,UNKNOWN,[]
market_qlib-000932.SZ,market_qlib,000932.SZ,UNKNOWN,[]
market_qlib-000933.SZ,market_qlib,000933.SZ,UNKNOWN,[]
market_qlib-000935.SZ,market_qlib,000935.SZ,UNKNOWN,[]
market_qlib-000936.SZ,market_qlib,000936.SZ,UNKNOWN,[]
market_qlib-000937.SZ,market_qlib,000937.SZ,UNKNOWN,[]
market_qlib-000938.SZ,market_qlib,000938.SZ,UNKNOWN,[]
market_qlib-000939.SZ,market_qlib,000939.SZ,UNKNOWN,[]
market_qlib-000948.SZ,market_qlib,000948.SZ,UNKNOWN,[]
market_qlib-000949.SZ,market_qlib,000949.SZ,UNKNOWN,[]
market_qlib-000950.SZ,market_qlib,000950.SZ,UNKNOWN,[]
market_qlib-000951.SZ,market_qlib,000951.SZ,UNKNOWN,[]
market_qlib-000952.SZ,market_qlib,000952.SZ,UNKNOWN,[]
market_qlib-000957.SZ,market_qlib,000957.SZ,UNKNOWN,[]
market_qlib-000958.SZ,market_qlib,000958.SZ,UNKNOWN,[]
market_qlib-000959.SZ,market_qlib,000959.SZ,UNKNOWN,[]
market_qlib-000960.SZ,market_qlib,000960.SZ,UNKNOWN,[]
market_qlib-000961.SZ,market_qlib,000961.SZ,UNKNOWN,[]
market_qlib-000962.SZ,market_qlib,000962.SZ,UNKNOWN,[]
market_qlib-000963.SZ,market_qlib,000963.SZ,UNKNOWN,[]
market_qlib-000965.SZ,market_qlib,000965.SZ,UNKNOWN,[]
market_qlib-000966.SZ,market_qlib,000966.SZ,UNKNOWN,[]
market_qlib-000967.SZ,market_qlib,000967.SZ,UNKNOWN,[]
market_qlib-000968.SZ,market_qlib,000968.SZ,UNKNOWN,[]
market_qlib-000969.SZ,market_qlib,000969.SZ,UNKNOWN,[]
market_qlib-000970.SZ,market_qlib,000970.SZ,UNKNOWN,[]
market_qlib-000971.SZ,market_qlib,000971.SZ,UNKNOWN,[]
market_qlib-000972.SZ,market_qlib,000972.SZ,UNKNOWN,[]
market_qlib-000973.SZ,market_qlib,000973.SZ,UNKNOWN,[]
market_qlib-000975.SZ,market_qlib,000975.SZ,UNKNOWN,[]
market_qlib-000976.SZ,market_qlib,000976.SZ,UNKNOWN,[]
market_qlib-000977.SZ,market_qlib,000977.SZ,UNKNOWN,[]
market_qlib-000978.SZ,market_qlib,000978.SZ,UNKNOWN,[]
market_qlib-000979.SZ,market_qlib,000979.SZ,UNKNOWN,[]
market_qlib-000980.SZ,market_qlib,000980.SZ,UNKNOWN,[]
market_qlib-000981.SZ,market_qlib,000981.SZ,UNKNOWN,[]
market_qlib-000982.SZ,market_qlib,000982.SZ,UNKNOWN,[]
market_qlib-000983.SZ,market_qlib,000983.SZ,UNKNOWN,[]
market_qlib-000987.SZ,market_qlib,000987.SZ,UNKNOWN,[]
market_qlib-000988.SZ,market_qlib,000988.SZ,UNKNOWN,[]
market_qlib-000989.SZ,market_qlib,000989.SZ,UNKNOWN,[]
market_qlib-000990.SZ,market_qlib,000990.SZ,UNKNOWN,[]
market_qlib-000993.SZ,market_qlib,000993.SZ,UNKNOWN,[]
market_qlib-000996.SZ,market_qlib,000996.SZ,UNKNOWN,[]
market_qlib-000997.SZ,market_qlib,000997.SZ,UNKNOWN,[]
market_qlib-000998.SZ,market_qlib,000998.SZ,UNKNOWN,[]
market_qlib-000999.SZ,market_qlib,000999.SZ,UNKNOWN,[]
market_qlib-001203.SZ,market_qlib,001203.SZ,UNKNOWN,[]
market_qlib-001213.SZ,market_qlib,001213.SZ,UNKNOWN,[]
market_qlib-001221.SZ,market_qlib,001221.SZ,UNKNOWN,[]
market_qlib-001227.SZ,market_qlib,001227.SZ,UNKNOWN,[]
market_qlib-001233.SZ,market_qlib,001233.SZ,UNKNOWN,[]
market_qlib-001236.SZ,market_qlib,001236.SZ,UNKNOWN,[]
market_qlib-001258.SZ,market_qlib,001258.SZ,UNKNOWN,[]
market_qlib-001267.SZ,market_qlib,001267.SZ,UNKNOWN,[]
market_qlib-001269.SZ,market_qlib,001269.SZ,UNKNOWN,[]
market_qlib-001270.SZ,market_qlib,001270.SZ,UNKNOWN,[]
market_qlib-001280.SZ,market_qlib,001280.SZ,UNKNOWN,[]
market_qlib-001286.SZ,market_qlib,001286.SZ,UNKNOWN,[]
market_qlib-001287.SZ,market_qlib,001287.SZ,UNKNOWN,[]
market_qlib-001289.SZ,market_qlib,001289.SZ,UNKNOWN,[]
market_qlib-001301.SZ,market_qlib,001301.SZ,UNKNOWN,[]
market_qlib-001308.SZ,market_qlib,001308.SZ,UNKNOWN,[]
market_qlib-001309.SZ,market_qlib,001309.SZ,UNKNOWN,[]
market_qlib-001311.SZ,market_qlib,001311.SZ,UNKNOWN,[]
market_qlib-001322.SZ,market_qlib,001322.SZ,UNKNOWN,[]
market_qlib-001323.SZ,market_qlib,001323.SZ,UNKNOWN,[]
market_qlib-001337.SZ,market_qlib,001337.SZ,UNKNOWN,[]
market_qlib-001338.SZ,market_qlib,001338.SZ,UNKNOWN,[]
market_qlib-001339.SZ,market_qlib,001339.SZ,UNKNOWN,[]
market_qlib-001356.SZ,market_qlib,001356.SZ,UNKNOWN,[]
market_qlib-001359.SZ,market_qlib,001359.SZ,UNKNOWN,[]
market_qlib-001369.SZ,market_qlib,001369.SZ,UNKNOWN,[]
market_qlib-001376.SZ,market_qlib,001376.SZ,UNKNOWN,[]
market_qlib-001382.SZ,market_qlib,001382.SZ,UNKNOWN,[]
market_qlib-001386.SZ,market_qlib,001386.SZ,UNKNOWN,[]
market_qlib-001389.SZ,market_qlib,001389.SZ,UNKNOWN,[]
market_qlib-001391.SZ,market_qlib,001391.SZ,UNKNOWN,[]
market_qlib-001696.SZ,market_qlib,001696.SZ,UNKNOWN,[]
market_qlib-001872.SZ,market_qlib,001872.SZ,UNKNOWN,[]
market_qlib-001896.SZ,market_qlib,001896.SZ,UNKNOWN,[]
market_qlib-001914.SZ,market_qlib,001914.SZ,UNKNOWN,[]
market_qlib-001965.SZ,market_qlib,001965.SZ,UNKNOWN,[]
market_qlib-001979.SZ,market_qlib,001979.SZ,UNKNOWN,[]
market_qlib-002001.SZ,market_qlib,002001.SZ,UNKNOWN,[]
market_qlib-002002.SZ,market_qlib,002002.SZ,UNKNOWN,[]
market_qlib-002003.SZ,market_qlib,002003.SZ,UNKNOWN,[]
market_qlib-002004.SZ,market_qlib,002004.SZ,UNKNOWN,[]
market_qlib-002005.SZ,market_qlib,002005.SZ,UNKNOWN,[]
market_qlib-002006.SZ,market_qlib,002006.SZ,UNKNOWN,[]
market_qlib-002007.SZ,market_qlib,002007.SZ,UNKNOWN,[]
market_qlib-002008.SZ,market_qlib,002008.SZ,UNKNOWN,[]
market_qlib-002009.SZ,market_qlib,002009.SZ,UNKNOWN,[]
market_qlib-002010.SZ,market_qlib,002010.SZ,UNKNOWN,[]
market_qlib-002011.SZ,market_qlib,002011.SZ,UNKNOWN,[]
market_qlib-002012.SZ,market_qlib,002012.SZ,UNKNOWN,[]
market_qlib-002013.SZ,market_qlib,002013.SZ,UNKNOWN,[]
market_qlib-002014.SZ,market_qlib,002014.SZ,UNKNOWN,[]
market_qlib-002015.SZ,market_qlib,002015.SZ,UNKNOWN,[]
market_qlib-002016.SZ,market_qlib,002016.SZ,UNKNOWN,[]
market_qlib-002017.SZ,market_qlib,002017.SZ,UNKNOWN,[]
market_qlib-002018.SZ,market_qlib,002018.SZ,UNKNOWN,[]
market_qlib-002019.SZ,market_qlib,002019.SZ,UNKNOWN,[]
market_qlib-002020.SZ,market_qlib,002020.SZ,UNKNOWN,[]
market_qlib-002021.SZ,market_qlib,002021.SZ,UNKNOWN,[]
market_qlib-002022.SZ,market_qlib,002022.SZ,UNKNOWN,[]
market_qlib-002023.SZ,market_qlib,002023.SZ,UNKNOWN,[]
market_qlib-002024.SZ,market_qlib,002024.SZ,UNKNOWN,[]
market_qlib-002025.SZ,market_qlib,002025.SZ,UNKNOWN,[]
market_qlib-002027.SZ,market_qlib,002027.SZ,UNKNOWN,[]
market_qlib-002028.SZ,market_qlib,002028.SZ,UNKNOWN,[]
market_qlib-002029.SZ,market_qlib,002029.SZ,UNKNOWN,[]
market_qlib-002030.SZ,market_qlib,002030.SZ,UNKNOWN,[]
market_qlib-002031.SZ,market_qlib,002031.SZ,UNKNOWN,[]
market_qlib-002032.SZ,market_qlib,002032.SZ,UNKNOWN,[]
market_qlib-002033.SZ,market_qlib,002033.SZ,UNKNOWN,[]
market_qlib-002034.SZ,market_qlib,002034.SZ,UNKNOWN,[]
market_qlib-002035.SZ,market_qlib,002035.SZ,UNKNOWN,[]
market_qlib-002036.SZ,market_qlib,002036.SZ,UNKNOWN,[]
market_qlib-002037.SZ,market_qlib,002037.SZ,UNKNOWN,[]
market_qlib-002038.SZ,market_qlib,002038.SZ,UNKNOWN,[]
market_qlib-002039.SZ,market_qlib,002039.SZ,UNKNOWN,[]
market_qlib-002040.SZ,market_qlib,002040.SZ,UNKNOWN,[]
market_qlib-002041.SZ,market_qlib,002041.SZ,UNKNOWN,[]
market_qlib-002042.SZ,market_qlib,002042.SZ,UNKNOWN,[]
market_qlib-002043.SZ,market_qlib,002043.SZ,UNKNOWN,[]
market_qlib-002044.SZ,market_qlib,002044.SZ,UNKNOWN,[]
market_qlib-002045.SZ,market_qlib,002045.SZ,UNKNOWN,[]
market_qlib-002046.SZ,market_qlib,002046.SZ,UNKNOWN,[]
market_qlib-002047.SZ,market_qlib,002047.SZ,UNKNOWN,[]
market_qlib-002048.SZ,market_qlib,002048.SZ,UNKNOWN,[]
market_qlib-002049.SZ,market_qlib,002049.SZ,UNKNOWN,[]
market_qlib-002050.SZ,market_qlib,002050.SZ,UNKNOWN,[]
market_qlib-002051.SZ,market_qlib,002051.SZ,UNKNOWN,[]
market_qlib-002052.SZ,market_qlib,002052.SZ,UNKNOWN,[]
market_qlib-002053.SZ,market_qlib,002053.SZ,UNKNOWN,[]
market_qlib-002054.SZ,market_qlib,002054.SZ,UNKNOWN,[]
market_qlib-002055.SZ,market_qlib,002055.SZ,UNKNOWN,[]
market_qlib-002056.SZ,market_qlib,002056.SZ,UNKNOWN,[]
market_qlib-002059.SZ,market_qlib,002059.SZ,UNKNOWN,[]
market_qlib-002060.SZ,market_qlib,002060.SZ,UNKNOWN,[]
market_qlib-002061.SZ,market_qlib,002061.SZ,UNKNOWN,[]
market_qlib-002062.SZ,market_qlib,002062.SZ,UNKNOWN,[]
market_qlib-002063.SZ,market_qlib,002063.SZ,UNKNOWN,[]
market_qlib-002064.SZ,market_qlib,002064.SZ,UNKNOWN,[]
market_qlib-002065.SZ,market_qlib,002065.SZ,UNKNOWN,[]
market_qlib-002067.SZ,market_qlib,002067.SZ,UNKNOWN,[]
market_qlib-002068.SZ,market_qlib,002068.SZ,UNKNOWN,[]
market_qlib-002069.SZ,market_qlib,002069.SZ,UNKNOWN,[]
market_qlib-002070.SZ,market_qlib,002070.SZ,UNKNOWN,[]
market_qlib-002071.SZ,market_qlib,002071.SZ,UNKNOWN,[]
market_qlib-002073.SZ,market_qlib,002073.SZ,UNKNOWN,[]
market_qlib-002074.SZ,market_qlib,002074.SZ,UNKNOWN,[]
market_qlib-002075.SZ,market_qlib,002075.SZ,UNKNOWN,[]
market_qlib-002076.SZ,market_qlib,002076.SZ,UNKNOWN,[]
market_qlib-002077.SZ,market_qlib,002077.SZ,UNKNOWN,[]
market_qlib-002078.SZ,market_qlib,002078.SZ,UNKNOWN,[]
market_qlib-002079.SZ,market_qlib,002079.SZ,UNKNOWN,[]
market_qlib-002080.SZ,market_qlib,002080.SZ,UNKNOWN,[]
market_qlib-002081.SZ,market_qlib,002081.SZ,UNKNOWN,[]
market_qlib-002083.SZ,market_qlib,002083.SZ,UNKNOWN,[]
market_qlib-002084.SZ,market_qlib,002084.SZ,UNKNOWN,[]
market_qlib-002085.SZ,market_qlib,002085.SZ,UNKNOWN,[]
market_qlib-002086.SZ,market_qlib,002086.SZ,UNKNOWN,[]
market_qlib-002088.SZ,market_qlib,002088.SZ,UNKNOWN,[]
market_qlib-002089.SZ,market_qlib,002089.SZ,UNKNOWN,[]
market_qlib-002090.SZ,market_qlib,002090.SZ,UNKNOWN,[]
market_qlib-002091.SZ,market_qlib,002091.SZ,UNKNOWN,[]
market_qlib-002092.SZ,market_qlib,002092.SZ,UNKNOWN,[]
market_qlib-002093.SZ,market_qlib,002093.SZ,UNKNOWN,[]
market_qlib-002094.SZ,market_qlib,002094.SZ,UNKNOWN,[]
market_qlib-002095.SZ,market_qlib,002095.SZ,UNKNOWN,[]
market_qlib-002096.SZ,market_qlib,002096.SZ,UNKNOWN,[]
market_qlib-002097.SZ,market_qlib,002097.SZ,UNKNOWN,[]
market_qlib-002098.SZ,market_qlib,002098.SZ,UNKNOWN,[]
market_qlib-002099.SZ,market_qlib,002099.SZ,UNKNOWN,[]
market_qlib-002100.SZ,market_qlib,002100.SZ,UNKNOWN,[]
market_qlib-002101.SZ,market_qlib,002101.SZ,UNKNOWN,[]
market_qlib-002102.SZ,market_qlib,002102.SZ,UNKNOWN,[]
market_qlib-002103.SZ,market_qlib,002103.SZ,UNKNOWN,[]
market_qlib-002104.SZ,market_qlib,002104.SZ,UNKNOWN,[]
market_qlib-002105.SZ,market_qlib,002105.SZ,UNKNOWN,[]
market_qlib-002106.SZ,market_qlib,002106.SZ,UNKNOWN,[]
market_qlib-002107.SZ,market_qlib,002107.SZ,UNKNOWN,[]
market_qlib-002108.SZ,market_qlib,002108.SZ,UNKNOWN,[]
market_qlib-002109.SZ,market_qlib,002109.SZ,UNKNOWN,[]
market_qlib-002110.SZ,market_qlib,002110.SZ,UNKNOWN,[]
market_qlib-002111.SZ,market_qlib,002111.SZ,UNKNOWN,[]
market_qlib-002113.SZ,market_qlib,002113.SZ,UNKNOWN,[]
market_qlib-002114.SZ,market_qlib,002114.SZ,UNKNOWN,[]
market_qlib-002115.SZ,market_qlib,002115.SZ,UNKNOWN,[]
market_qlib-002116.SZ,market_qlib,002116.SZ,UNKNOWN,[]
market_qlib-002117.SZ,market_qlib,002117.SZ,UNKNOWN,[]
market_qlib-002118.SZ,market_qlib,002118.SZ,UNKNOWN,[]
market_qlib-002120.SZ,market_qlib,002120.SZ,UNKNOWN,[]
market_qlib-002121.SZ,market_qlib,002121.SZ,UNKNOWN,[]
market_qlib-002122.SZ,market_qlib,002122.SZ,UNKNOWN,[]
market_qlib-002123.SZ,market_qlib,002123.SZ,UNKNOWN,[]
market_qlib-002124.SZ,market_qlib,002124.SZ,UNKNOWN,[]
market_qlib-002125.SZ,market_qlib,002125.SZ,UNKNOWN,[]
market_qlib-002126.SZ,market_qlib,002126.SZ,UNKNOWN,[]
market_qlib-002127.SZ,market_qlib,002127.SZ,UNKNOWN,[]
market_qlib-002128.SZ,market_qlib,002128.SZ,UNKNOWN,[]
market_qlib-002129.SZ,market_qlib,002129.SZ,UNKNOWN,[]
market_qlib-002130.SZ,market_qlib,002130.SZ,UNKNOWN,[]
market_qlib-002131.SZ,market_qlib,002131.SZ,UNKNOWN,[]
market_qlib-002133.SZ,market_qlib,002133.SZ,UNKNOWN,[]
market_qlib-002135.SZ,market_qlib,002135.SZ,UNKNOWN,[]
market_qlib-002137.SZ,market_qlib,002137.SZ,UNKNOWN,[]
market_qlib-002138.SZ,market_qlib,002138.SZ,UNKNOWN,[]
market_qlib-002139.SZ,market_qlib,002139.SZ,UNKNOWN,[]
market_qlib-002140.SZ,market_qlib,002140.SZ,UNKNOWN,[]
market_qlib-002141.SZ,market_qlib,002141.SZ,UNKNOWN,[]
market_qlib-002142.SZ,market_qlib,002142.SZ,UNKNOWN,[]
market_qlib-002143.SZ,market_qlib,002143.SZ,UNKNOWN,[]
market_qlib-002144.SZ,market_qlib,002144.SZ,UNKNOWN,[]
market_qlib-002145.SZ,market_qlib,002145.SZ,UNKNOWN,[]
market_qlib-002146.SZ,market_qlib,002146.SZ,UNKNOWN,[]
market_qlib-002147.SZ,market_qlib,002147.SZ,UNKNOWN,[]
market_qlib-002148.SZ,market_qlib,002148.SZ,UNKNOWN,[]
market_qlib-002149.SZ,market_qlib,002149.SZ,UNKNOWN,[]
market_qlib-002151.SZ,market_qlib,002151.SZ,UNKNOWN,[]
market_qlib-002152.SZ,market_qlib,002152.SZ,UNKNOWN,[]
market_qlib-002153.SZ,market_qlib,002153.SZ,UNKNOWN,[]
market_qlib-002154.SZ,market_qlib,002154.SZ,UNKNOWN,[]
market_qlib-002155.SZ,market_qlib,002155.SZ,UNKNOWN,[]
market_qlib-002156.SZ,market_qlib,002156.SZ,UNKNOWN,[]
market_qlib-002157.SZ,market_qlib,002157.SZ,UNKNOWN,[]
market_qlib-002158.SZ,market_qlib,002158.SZ,UNKNOWN,[]
market_qlib-002161.SZ,market_qlib,002161.SZ,UNKNOWN,[]
market_qlib-002162.SZ,market_qlib,002162.SZ,UNKNOWN,[]
market_qlib-002163.SZ,market_qlib,002163.SZ,UNKNOWN,[]
market_qlib-002165.SZ,market_qlib,002165.SZ,UNKNOWN,[]
market_qlib-002166.SZ,market_qlib,002166.SZ,UNKNOWN,[]
market_qlib-002167.SZ,market_qlib,002167.SZ,UNKNOWN,[]
market_qlib-002168.SZ,market_qlib,002168.SZ,UNKNOWN,[]
market_qlib-002170.SZ,market_qlib,002170.SZ,UNKNOWN,[]
market_qlib-002171.SZ,market_qlib,002171.SZ,UNKNOWN,[]
market_qlib-002172.SZ,market_qlib,002172.SZ,UNKNOWN,[]
market_qlib-002174.SZ,market_qlib,002174.SZ,UNKNOWN,[]
market_qlib-002175.SZ,market_qlib,002175.SZ,UNKNOWN,[]
market_qlib-002176.SZ,market_qlib,002176.SZ,UNKNOWN,[]
market_qlib-002177.SZ,market_qlib,002177.SZ,UNKNOWN,[]
market_qlib-002178.SZ,market_qlib,002178.SZ,UNKNOWN,[]
market_qlib-002179.SZ,market_qlib,002179.SZ,UNKNOWN,[]
market_qlib-002180.SZ,market_qlib,002180.SZ,UNKNOWN,[]
market_qlib-002181.SZ,market_qlib,002181.SZ,UNKNOWN,[]
market_qlib-002182.SZ,market_qlib,002182.SZ,UNKNOWN,[]
market_qlib-002183.SZ,market_qlib,002183.SZ,UNKNOWN,[]
market_qlib-002184.SZ,market_qlib,002184.SZ,UNKNOWN,[]
market_qlib-002185.SZ,market_qlib,002185.SZ,UNKNOWN,[]
market_qlib-002186.SZ,market_qlib,002186.SZ,UNKNOWN,[]
market_qlib-002187.SZ,market_qlib,002187.SZ,UNKNOWN,[]
market_qlib-002188.SZ,market_qlib,002188.SZ,UNKNOWN,[]
market_qlib-002190.SZ,market_qlib,002190.SZ,UNKNOWN,[]
market_qlib-002191.SZ,market_qlib,002191.SZ,UNKNOWN,[]
market_qlib-002192.SZ,market_qlib,002192.SZ,UNKNOWN,[]
market_qlib-002194.SZ,market_qlib,002194.SZ,UNKNOWN,[]
market_qlib-002195.SZ,market_qlib,002195.SZ,UNKNOWN,[]
market_qlib-002196.SZ,market_qlib,002196.SZ,UNKNOWN,[]
market_qlib-002197.SZ,market_qlib,002197.SZ,UNKNOWN,[]
market_qlib-002198.SZ,market_qlib,002198.SZ,UNKNOWN,[]
market_qlib-002199.SZ,market_qlib,002199.SZ,UNKNOWN,[]
market_qlib-002200.SZ,market_qlib,002200.SZ,UNKNOWN,[]
market_qlib-002201.SZ,market_qlib,002201.SZ,UNKNOWN,[]
market_qlib-002202.SZ,market_qlib,002202.SZ,UNKNOWN,[]
market_qlib-002203.SZ,market_qlib,002203.SZ,UNKNOWN,[]
market_qlib-002204.SZ,market_qlib,002204.SZ,UNKNOWN,[]
market_qlib-002206.SZ,market_qlib,002206.SZ,UNKNOWN,[]
market_qlib-002207.SZ,market_qlib,002207.SZ,UNKNOWN,[]
market_qlib-002210.SZ,market_qlib,002210.SZ,UNKNOWN,[]
market_qlib-002211.SZ,market_qlib,002211.SZ,UNKNOWN,[]
market_qlib-002212.SZ,market_qlib,002212.SZ,UNKNOWN,[]
market_qlib-002213.SZ,market_qlib,002213.SZ,UNKNOWN,[]
market_qlib-002214.SZ,market_qlib,002214.SZ,UNKNOWN,[]
market_qlib-002215.SZ,market_qlib,002215.SZ,UNKNOWN,[]
market_qlib-002216.SZ,market_qlib,002216.SZ,UNKNOWN,[]
market_qlib-002217.SZ,market_qlib,002217.SZ,UNKNOWN,[]
market_qlib-002218.SZ,market_qlib,002218.SZ,UNKNOWN,[]
market_qlib-002219.SZ,market_qlib,002219.SZ,UNKNOWN,[]
market_qlib-002221.SZ,market_qlib,002221.SZ,UNKNOWN,[]
market_qlib-002222.SZ,market_qlib,002222.SZ,UNKNOWN,[]
market_qlib-002223.SZ,market_qlib,002223.SZ,UNKNOWN,[]
market_qlib-002224.SZ,market_qlib,002224.SZ,UNKNOWN,[]
market_qlib-002225.SZ,market_qlib,002225.SZ,UNKNOWN,[]
market_qlib-002226.SZ,market_qlib,002226.SZ,UNKNOWN,[]
market_qlib-002227.SZ,market_qlib,002227.SZ,UNKNOWN,[]
market_qlib-002228.SZ,market_qlib,002228.SZ,UNKNOWN,[]
market_qlib-002229.SZ,market_qlib,002229.SZ,UNKNOWN,[]
market_qlib-002230.SZ,market_qlib,002230.SZ,UNKNOWN,[]
market_qlib-002231.SZ,market_qlib,002231.SZ,UNKNOWN,[]
market_qlib-002232.SZ,market_qlib,002232.SZ,UNKNOWN,[]
market_qlib-002233.SZ,market_qlib,002233.SZ,UNKNOWN,[]
market_qlib-002234.SZ,market_qlib,002234.SZ,UNKNOWN,[]
market_qlib-002235.SZ,market_qlib,002235.SZ,UNKNOWN,[]
market_qlib-002236.SZ,market_qlib,002236.SZ,UNKNOWN,[]
market_qlib-002237.SZ,market_qlib,002237.SZ,UNKNOWN,[]
market_qlib-002238.SZ,market_qlib,002238.SZ,UNKNOWN,[]
market_qlib-002239.SZ,market_qlib,002239.SZ,UNKNOWN,[]
market_qlib-002240.SZ,market_qlib,002240.SZ,UNKNOWN,[]
market_qlib-002241.SZ,market_qlib,002241.SZ,UNKNOWN,[]
market_qlib-002242.SZ,market_qlib,002242.SZ,UNKNOWN,[]
market_qlib-002243.SZ,market_qlib,002243.SZ,UNKNOWN,[]
market_qlib-002244.SZ,market_qlib,002244.SZ,UNKNOWN,[]
market_qlib-002245.SZ,market_qlib,002245.SZ,UNKNOWN,[]
market_qlib-002246.SZ,market_qlib,002246.SZ,UNKNOWN,[]
market_qlib-002247.SZ,market_qlib,002247.SZ,UNKNOWN,[]
market_qlib-002249.SZ,market_qlib,002249.SZ,UNKNOWN,[]
market_qlib-002250.SZ,market_qlib,002250.SZ,UNKNOWN,[]
market_qlib-002251.SZ,market_qlib,002251.SZ,UNKNOWN,[]
market_qlib-002252.SZ,market_qlib,002252.SZ,UNKNOWN,[]
market_qlib-002253.SZ,market_qlib,002253.SZ,UNKNOWN,[]
market_qlib-002254.SZ,market_qlib,002254.SZ,UNKNOWN,[]
market_qlib-002255.SZ,market_qlib,002255.SZ,UNKNOWN,[]
market_qlib-002256.SZ,market_qlib,002256.SZ,UNKNOWN,[]
market_qlib-002258.SZ,market_qlib,002258.SZ,UNKNOWN,[]
market_qlib-002259.SZ,market_qlib,002259.SZ,UNKNOWN,[]
market_qlib-002260.SZ,market_qlib,002260.SZ,UNKNOWN,[]
market_qlib-002261.SZ,market_qlib,002261.SZ,UNKNOWN,[]
market_qlib-002262.SZ,market_qlib,002262.SZ,UNKNOWN,[]
market_qlib-002263.SZ,market_qlib,002263.SZ,UNKNOWN,[]
market_qlib-002264.SZ,market_qlib,002264.SZ,UNKNOWN,[]
market_qlib-002265.SZ,market_qlib,002265.SZ,UNKNOWN,[]
market_qlib-002266.SZ,market_qlib,002266.SZ,UNKNOWN,[]
market_qlib-002267.SZ,market_qlib,002267.SZ,UNKNOWN,[]
market_qlib-002268.SZ,market_qlib,002268.SZ,UNKNOWN,[]
market_qlib-002269.SZ,market_qlib,002269.SZ,UNKNOWN,[]
market_qlib-002270.SZ,market_qlib,002270.SZ,UNKNOWN,[]
market_qlib-002271.SZ,market_qlib,002271.SZ,UNKNOWN,[]
market_qlib-002272.SZ,market_qlib,002272.SZ,UNKNOWN,[]
market_qlib-002273.SZ,market_qlib,002273.SZ,UNKNOWN,[]
market_qlib-002274.SZ,market_qlib,002274.SZ,UNKNOWN,[]
market_qlib-002275.SZ,market_qlib,002275.SZ,UNKNOWN,[]
market_qlib-002276.SZ,market_qlib,002276.SZ,UNKNOWN,[]
market_qlib-002277.SZ,market_qlib,002277.SZ,UNKNOWN,[]
market_qlib-002278.SZ,market_qlib,002278.SZ,UNKNOWN,[]
market_qlib-002279.SZ,market_qlib,002279.SZ,UNKNOWN,[]
market_qlib-002280.SZ,market_qlib,002280.SZ,UNKNOWN,[]
market_qlib-002281.SZ,market_qlib,002281.SZ,UNKNOWN,[]
market_qlib-002283.SZ,market_qlib,002283.SZ,UNKNOWN,[]
market_qlib-002284.SZ,market_qlib,002284.SZ,UNKNOWN,[]
market_qlib-002285.SZ,market_qlib,002285.SZ,UNKNOWN,[]
market_qlib-002286.SZ,market_qlib,002286.SZ,UNKNOWN,[]
market_qlib-002287.SZ,market_qlib,002287.SZ,UNKNOWN,[]
market_qlib-002288.SZ,market_qlib,002288.SZ,UNKNOWN,[]
market_qlib-002289.SZ,market_qlib,002289.SZ,UNKNOWN,[]
market_qlib-002290.SZ,market_qlib,002290.SZ,UNKNOWN,[]
market_qlib-002291.SZ,market_qlib,002291.SZ,UNKNOWN,[]
market_qlib-002292.SZ,market_qlib,002292.SZ,UNKNOWN,[]
market_qlib-002293.SZ,market_qlib,002293.SZ,UNKNOWN,[]
market_qlib-002294.SZ,market_qlib,002294.SZ,UNKNOWN,[]
market_qlib-002296.SZ,market_qlib,002296.SZ,UNKNOWN,[]
market_qlib-002297.SZ,market_qlib,002297.SZ,UNKNOWN,[]
market_qlib-002298.SZ,market_qlib,002298.SZ,UNKNOWN,[]
market_qlib-002299.SZ,market_qlib,002299.SZ,UNKNOWN,[]
market_qlib-002300.SZ,market_qlib,002300.SZ,UNKNOWN,[]
market_qlib-002301.SZ,market_qlib,002301.SZ,UNKNOWN,[]
market_qlib-002302.SZ,market_qlib,002302.SZ,UNKNOWN,[]
market_qlib-002303.SZ,market_qlib,002303.SZ,UNKNOWN,[]
market_qlib-002304.SZ,market_qlib,002304.SZ,UNKNOWN,[]
market_qlib-002305.SZ,market_qlib,002305.SZ,UNKNOWN,[]
market_qlib-002306.SZ,market_qlib,002306.SZ,UNKNOWN,[]
market_qlib-002307.SZ,market_qlib,002307.SZ,UNKNOWN,[]
market_qlib-002308.SZ,market_qlib,002308.SZ,UNKNOWN,[]
market_qlib-002309.SZ,market_qlib,002309.SZ,UNKNOWN,[]
market_qlib-002310.SZ,market_qlib,002310.SZ,UNKNOWN,[]
market_qlib-002311.SZ,market_qlib,002311.SZ,UNKNOWN,[]
market_qlib-002312.SZ,market_qlib,002312.SZ,UNKNOWN,[]
market_qlib-002313.SZ,market_qlib,002313.SZ,UNKNOWN,[]
market_qlib-002314.SZ,market_qlib,002314.SZ,UNKNOWN,[]
market_qlib-002315.SZ,market_qlib,002315.SZ,UNKNOWN,[]
market_qlib-002316.SZ,market_qlib,002316.SZ,UNKNOWN,[]
market_qlib-002317.SZ,market_qlib,002317.SZ,UNKNOWN,[]
market_qlib-002318.SZ,market_qlib,002318.SZ,UNKNOWN,[]
market_qlib-002320.SZ,market_qlib,002320.SZ,UNKNOWN,[]
market_qlib-002321.SZ,market_qlib,002321.SZ,UNKNOWN,[]
market_qlib-002322.SZ,market_qlib,002322.SZ,UNKNOWN,[]
market_qlib-002323.SZ,market_qlib,002323.SZ,UNKNOWN,[]
market_qlib-002324.SZ,market_qlib,002324.SZ,UNKNOWN,[]
market_qlib-002325.SZ,market_qlib,002325.SZ,UNKNOWN,[]
market_qlib-002326.SZ,market_qlib,002326.SZ,UNKNOWN,[]
market_qlib-002327.SZ,market_qlib,002327.SZ,UNKNOWN,[]
market_qlib-002328.SZ,market_qlib,002328.SZ,UNKNOWN,[]
market_qlib-002329.SZ,market_qlib,002329.SZ,UNKNOWN,[]
market_qlib-002330.SZ,market_qlib,002330.SZ,UNKNOWN,[]
market_qlib-002331.SZ,market_qlib,002331.SZ,UNKNOWN,[]
market_qlib-002332.SZ,market_qlib,002332.SZ,UNKNOWN,[]
market_qlib-002334.SZ,market_qlib,002334.SZ,UNKNOWN,[]
market_qlib-002335.SZ,market_qlib,002335.SZ,UNKNOWN,[]
market_qlib-002336.SZ,market_qlib,002336.SZ,UNKNOWN,[]
market_qlib-002337.SZ,market_qlib,002337.SZ,UNKNOWN,[]
market_qlib-002338.SZ,market_qlib,002338.SZ,UNKNOWN,[]
market_qlib-002339.SZ,market_qlib,002339.SZ,UNKNOWN,[]
market_qlib-002340.SZ,market_qlib,002340.SZ,UNKNOWN,[]
market_qlib-002341.SZ,market_qlib,002341.SZ,UNKNOWN,[]
market_qlib-002342.SZ,market_qlib,002342.SZ,UNKNOWN,[]
market_qlib-002343.SZ,market_qlib,002343.SZ,UNKNOWN,[]
market_qlib-002344.SZ,market_qlib,002344.SZ,UNKNOWN,[]
market_qlib-002345.SZ,market_qlib,002345.SZ,UNKNOWN,[]
market_qlib-002346.SZ,market_qlib,002346.SZ,UNKNOWN,[]
market_qlib-002348.SZ,market_qlib,002348.SZ,UNKNOWN,[]
market_qlib-002349.SZ,market_qlib,002349.SZ,UNKNOWN,[]
market_qlib-002350.SZ,market_qlib,002350.SZ,UNKNOWN,[]
market_qlib-002351.SZ,market_qlib,002351.SZ,UNKNOWN,[]
market_qlib-002352.SZ,market_qlib,002352.SZ,UNKNOWN,[]
market_qlib-002353.SZ,market_qlib,002353.SZ,UNKNOWN,[]
market_qlib-002354.SZ,market_qlib,002354.SZ,UNKNOWN,[]
market_qlib-002355.SZ,market_qlib,002355.SZ,UNKNOWN,[]
market_qlib-002356.SZ,market_qlib,002356.SZ,UNKNOWN,[]
market_qlib-002358.SZ,market_qlib,002358.SZ,UNKNOWN,[]
market_qlib-002359.SZ,market_qlib,002359.SZ,UNKNOWN,[]
market_qlib-002360.SZ,market_qlib,002360.SZ,UNKNOWN,[]
market_qlib-002361.SZ,market_qlib,002361.SZ,UNKNOWN,[]
market_qlib-002362.SZ,market_qlib,002362.SZ,UNKNOWN,[]
market_qlib-002363.SZ,market_qlib,002363.SZ,UNKNOWN,[]
market_qlib-002364.SZ,market_qlib,002364.SZ,UNKNOWN,[]
market_qlib-002366.SZ,market_qlib,002366.SZ,UNKNOWN,[]
market_qlib-002367.SZ,market_qlib,002367.SZ,UNKNOWN,[]
market_qlib-002368.SZ,market_qlib,002368.SZ,UNKNOWN,[]
market_qlib-002369.SZ,market_qlib,002369.SZ,UNKNOWN,[]
market_qlib-002370.SZ,market_qlib,002370.SZ,UNKNOWN,[]
market_qlib-002371.SZ,market_qlib,002371.SZ,UNKNOWN,[]
market_qlib-002372.SZ,market_qlib,002372.SZ,UNKNOWN,[]
market_qlib-002373.SZ,market_qlib,002373.SZ,UNKNOWN,[]
market_qlib-002375.SZ,market_qlib,002375.SZ,UNKNOWN,[]
market_qlib-002376.SZ,market_qlib,002376.SZ,UNKNOWN,[]
market_qlib-002377.SZ,market_qlib,002377.SZ,UNKNOWN,[]
market_qlib-002378.SZ,market_qlib,002378.SZ,UNKNOWN,[]
market_qlib-002379.SZ,market_qlib,002379.SZ,UNKNOWN,[]
market_qlib-002380.SZ,market_qlib,002380.SZ,UNKNOWN,[]
market_qlib-002381.SZ,market_qlib,002381.SZ,UNKNOWN,[]
market_qlib-002382.SZ,market_qlib,002382.SZ,UNKNOWN,[]
market_qlib-002383.SZ,market_qlib,002383.SZ,UNKNOWN,[]
market_qlib-002384.SZ,market_qlib,002384.SZ,UNKNOWN,[]
market_qlib-002385.SZ,market_qlib,002385.SZ,UNKNOWN,[]
market_qlib-002386.SZ,market_qlib,002386.SZ,UNKNOWN,[]
market_qlib-002387.SZ,market_qlib,002387.SZ,UNKNOWN,[]
market_qlib-002388.SZ,market_qlib,002388.SZ,UNKNOWN,[]
market_qlib-002389.SZ,market_qlib,002389.SZ,UNKNOWN,[]
market_qlib-002390.SZ,market_qlib,002390.SZ,UNKNOWN,[]
market_qlib-002391.SZ,market_qlib,002391.SZ,UNKNOWN,[]
market_qlib-002392.SZ,market_qlib,002392.SZ,UNKNOWN,[]
market_qlib-002393.SZ,market_qlib,002393.SZ,UNKNOWN,[]
market_qlib-002394.SZ,market_qlib,002394.SZ,UNKNOWN,[]
market_qlib-002396.SZ,market_qlib,002396.SZ,UNKNOWN,[]
market_qlib-002398.SZ,market_qlib,002398.SZ,UNKNOWN,[]
market_qlib-002399.SZ,market_qlib,002399.SZ,UNKNOWN,[]
market_qlib-002400.SZ,market_qlib,002400.SZ,UNKNOWN,[]
market_qlib-002401.SZ,market_qlib,002401.SZ,UNKNOWN,[]
market_qlib-002402.SZ,market_qlib,002402.SZ,UNKNOWN,[]
market_qlib-002405.SZ,market_qlib,002405.SZ,UNKNOWN,[]
market_qlib-002406.SZ,market_qlib,002406.SZ,UNKNOWN,[]
market_qlib-002407.SZ,market_qlib,002407.SZ,UNKNOWN,[]
market_qlib-002408.SZ,market_qlib,002408.SZ,UNKNOWN,[]
market_qlib-002409.SZ,market_qlib,002409.SZ,UNKNOWN,[]
market_qlib-002410.SZ,market_qlib,002410.SZ,UNKNOWN,[]
market_qlib-002411.SZ,market_qlib,002411.SZ,UNKNOWN,[]
market_qlib-002412.SZ,market_qlib,002412.SZ,UNKNOWN,[]
market_qlib-002413.SZ,market_qlib,002413.SZ,UNKNOWN,[]
market_qlib-002414.SZ,market_qlib,002414.SZ,UNKNOWN,[]
market_qlib-002415.SZ,market_qlib,002415.SZ,UNKNOWN,[]
market_qlib-002416.SZ,market_qlib,002416.SZ,UNKNOWN,[]
market_qlib-002417.SZ,market_qlib,002417.SZ,UNKNOWN,[]
market_qlib-002418.SZ,market_qlib,002418.SZ,UNKNOWN,[]
market_qlib-002419.SZ,market_qlib,002419.SZ,UNKNOWN,[]
market_qlib-002421.SZ,market_qlib,002421.SZ,UNKNOWN,[]
market_qlib-002422.SZ,market_qlib,002422.SZ,UNKNOWN,[]
market_qlib-002423.SZ,market_qlib,002423.SZ,UNKNOWN,[]
market_qlib-002424.SZ,market_qlib,002424.SZ,UNKNOWN,[]
market_qlib-002425.SZ,market_qlib,002425.SZ,UNKNOWN,[]
market_qlib-002426.SZ,market_qlib,002426.SZ,UNKNOWN,[]
market_qlib-002427.SZ,market_qlib,002427.SZ,UNKNOWN,[]
market_qlib-002428.SZ,market_qlib,002428.SZ,UNKNOWN,[]
market_qlib-002429.SZ,market_qlib,002429.SZ,UNKNOWN,[]
market_qlib-002430.SZ,market_qlib,002430.SZ,UNKNOWN,[]
market_qlib-002431.SZ,market_qlib,002431.SZ,UNKNOWN,[]
market_qlib-002432.SZ,market_qlib,002432.SZ,UNKNOWN,[]
market_qlib-002433.SZ,market_qlib,002433.SZ,UNKNOWN,[]
market_qlib-002434.SZ,market_qlib,002434.SZ,UNKNOWN,[]
market_qlib-002435.SZ,market_qlib,002435.SZ,UNKNOWN,[]
market_qlib-002436.SZ,market_qlib,002436.SZ,UNKNOWN,[]
market_qlib-002437.SZ,market_qlib,002437.SZ,UNKNOWN,[]
market_qlib-002438.SZ,market_qlib,002438.SZ,UNKNOWN,[]
market_qlib-002439.SZ,market_qlib,002439.SZ,UNKNOWN,[]
market_qlib-002440.SZ,market_qlib,002440.SZ,UNKNOWN,[]
market_qlib-002441.SZ,market_qlib,002441.SZ,UNKNOWN,[]
market_qlib-002443.SZ,market_qlib,002443.SZ,UNKNOWN,[]
market_qlib-002444.SZ,market_qlib,002444.SZ,UNKNOWN,[]
market_qlib-002445.SZ,market_qlib,002445.SZ,UNKNOWN,[]
market_qlib-002446.SZ,market_qlib,002446.SZ,UNKNOWN,[]
market_qlib-002447.SZ,market_qlib,002447.SZ,UNKNOWN,[]
market_qlib-002448.SZ,market_qlib,002448.SZ,UNKNOWN,[]
market_qlib-002449.SZ,market_qlib,002449.SZ,UNKNOWN,[]
market_qlib-002450.SZ,market_qlib,002450.SZ,UNKNOWN,[]
market_qlib-002451.SZ,market_qlib,002451.SZ,UNKNOWN,[]
market_qlib-002452.SZ,market_qlib,002452.SZ,UNKNOWN,[]
market_qlib-002453.SZ,market_qlib,002453.SZ,UNKNOWN,[]
market_qlib-002454.SZ,market_qlib,002454.SZ,UNKNOWN,[]
market_qlib-002456.SZ,market_qlib,002456.SZ,UNKNOWN,[]
market_qlib-002457.SZ,market_qlib,002457.SZ,UNKNOWN,[]
market_qlib-002458.SZ,market_qlib,002458.SZ,UNKNOWN,[]
market_qlib-002459.SZ,market_qlib,002459.SZ,UNKNOWN,[]
market_qlib-002460.SZ,market_qlib,002460.SZ,UNKNOWN,[]
market_qlib-002461.SZ,market_qlib,002461.SZ,UNKNOWN,[]
market_qlib-002462.SZ,market_qlib,002462.SZ,UNKNOWN,[]
market_qlib-002463.SZ,market_qlib,002463.SZ,UNKNOWN,[]
market_qlib-002464.SZ,market_qlib,002464.SZ,UNKNOWN,[]
market_qlib-002465.SZ,market_qlib,002465.SZ,UNKNOWN,[]
market_qlib-002466.SZ,market_qlib,002466.SZ,UNKNOWN,[]
market_qlib-002467.SZ,market_qlib,002467.SZ,UNKNOWN,[]
market_qlib-002468.SZ,market_qlib,002468.SZ,UNKNOWN,[]
market_qlib-002469.SZ,market_qlib,002469.SZ,UNKNOWN,[]
market_qlib-002470.SZ,market_qlib,002470.SZ,UNKNOWN,[]
market_qlib-002471.SZ,market_qlib,002471.SZ,UNKNOWN,[]
market_qlib-002472.SZ,market_qlib,002472.SZ,UNKNOWN,[]
market_qlib-002473.SZ,market_qlib,002473.SZ,UNKNOWN,[]
market_qlib-002474.SZ,market_qlib,002474.SZ,UNKNOWN,[]
market_qlib-002475.SZ,market_qlib,002475.SZ,UNKNOWN,[]
market_qlib-002476.SZ,market_qlib,002476.SZ,UNKNOWN,[]
market_qlib-002477.SZ,market_qlib,002477.SZ,UNKNOWN,[]
market_qlib-002478.SZ,market_qlib,002478.SZ,UNKNOWN,[]
market_qlib-002479.SZ,market_qlib,002479.SZ,UNKNOWN,[]
market_qlib-002480.SZ,market_qlib,002480.SZ,UNKNOWN,[]
market_qlib-002481.SZ,market_qlib,002481.SZ,UNKNOWN,[]
market_qlib-002482.SZ,market_qlib,002482.SZ,UNKNOWN,[]
market_qlib-002483.SZ,market_qlib,002483.SZ,UNKNOWN,[]
market_qlib-002484.SZ,market_qlib,002484.SZ,UNKNOWN,[]
market_qlib-002485.SZ,market_qlib,002485.SZ,UNKNOWN,[]
market_qlib-002486.SZ,market_qlib,002486.SZ,UNKNOWN,[]
market_qlib-002487.SZ,market_qlib,002487.SZ,UNKNOWN,[]
market_qlib-002488.SZ,market_qlib,002488.SZ,UNKNOWN,[]
market_qlib-002489.SZ,market_qlib,002489.SZ,UNKNOWN,[]
market_qlib-002490.SZ,market_qlib,002490.SZ,UNKNOWN,[]
market_qlib-002491.SZ,market_qlib,002491.SZ,UNKNOWN,[]
market_qlib-002492.SZ,market_qlib,002492.SZ,UNKNOWN,[]
market_qlib-002493.SZ,market_qlib,002493.SZ,UNKNOWN,[]
market_qlib-002494.SZ,market_qlib,002494.SZ,UNKNOWN,[]
market_qlib-002496.SZ,market_qlib,002496.SZ,UNKNOWN,[]
market_qlib-002497.SZ,market_qlib,002497.SZ,UNKNOWN,[]
market_qlib-002498.SZ,market_qlib,002498.SZ,UNKNOWN,[]
market_qlib-002499.SZ,market_qlib,002499.SZ,UNKNOWN,[]
market_qlib-002500.SZ,market_qlib,002500.SZ,UNKNOWN,[]
market_qlib-002501.SZ,market_qlib,002501.SZ,UNKNOWN,[]
market_qlib-002502.SZ,market_qlib,002502.SZ,UNKNOWN,[]
market_qlib-002503.SZ,market_qlib,002503.SZ,UNKNOWN,[]
market_qlib-002504.SZ,market_qlib,002504.SZ,UNKNOWN,[]
market_qlib-002505.SZ,market_qlib,002505.SZ,UNKNOWN,[]
market_qlib-002506.SZ,market_qlib,002506.SZ,UNKNOWN,[]
market_qlib-002507.SZ,market_qlib,002507.SZ,UNKNOWN,[]
market_qlib-002508.SZ,market_qlib,002508.SZ,UNKNOWN,[]
market_qlib-002509.SZ,market_qlib,002509.SZ,UNKNOWN,[]
market_qlib-002510.SZ,market_qlib,002510.SZ,UNKNOWN,[]
market_qlib-002511.SZ,market_qlib,002511.SZ,UNKNOWN,[]
market_qlib-002512.SZ,market_qlib,002512.SZ,UNKNOWN,[]
market_qlib-002514.SZ,market_qlib,002514.SZ,UNKNOWN,[]
market_qlib-002515.SZ,market_qlib,002515.SZ,UNKNOWN,[]
market_qlib-002516.SZ,market_qlib,002516.SZ,UNKNOWN,[]
market_qlib-002517.SZ,market_qlib,002517.SZ,UNKNOWN,[]
market_qlib-002518.SZ,market_qlib,002518.SZ,UNKNOWN,[]
market_qlib-002519.SZ,market_qlib,002519.SZ,UNKNOWN,[]
market_qlib-002520.SZ,market_qlib,002520.SZ,UNKNOWN,[]
market_qlib-002521.SZ,market_qlib,002521.SZ,UNKNOWN,[]
market_qlib-002522.SZ,market_qlib,002522.SZ,UNKNOWN,[]
market_qlib-002524.SZ,market_qlib,002524.SZ,UNKNOWN,[]
market_qlib-002526.SZ,market_qlib,002526.SZ,UNKNOWN,[]
market_qlib-002527.SZ,market_qlib,002527.SZ,UNKNOWN,[]
market_qlib-002528.SZ,market_qlib,002528.SZ,UNKNOWN,[]
market_qlib-002529.SZ,market_qlib,002529.SZ,UNKNOWN,[]
market_qlib-002530.SZ,market_qlib,002530.SZ,UNKNOWN,[]
market_qlib-002531.SZ,market_qlib,002531.SZ,UNKNOWN,[]
market_qlib-002532.SZ,market_qlib,002532.SZ,UNKNOWN,[]
market_qlib-002534.SZ,market_qlib,002534.SZ,UNKNOWN,[]
market_qlib-002535.SZ,market_qlib,002535.SZ,UNKNOWN,[]
market_qlib-002536.SZ,market_qlib,002536.SZ,UNKNOWN,[]
market_qlib-002537.SZ,market_qlib,002537.SZ,UNKNOWN,[]
market_qlib-002538.SZ,market_qlib,002538.SZ,UNKNOWN,[]
market_qlib-002539.SZ,market_qlib,002539.SZ,UNKNOWN,[]
market_qlib-002540.SZ,market_qlib,002540.SZ,UNKNOWN,[]
market_qlib-002541.SZ,market_qlib,002541.SZ,UNKNOWN,[]
market_qlib-002542.SZ,market_qlib,002542.SZ,UNKNOWN,[]
market_qlib-002543.SZ,market_qlib,002543.SZ,UNKNOWN,[]
market_qlib-002544.SZ,market_qlib,002544.SZ,UNKNOWN,[]
market_qlib-002545.SZ,market_qlib,002545.SZ,UNKNOWN,[]
market_qlib-002546.SZ,market_qlib,002546.SZ,UNKNOWN,[]
market_qlib-002547.SZ,market_qlib,002547.SZ,UNKNOWN,[]
market_qlib-002549.SZ,market_qlib,002549.SZ,UNKNOWN,[]
market_qlib-002550.SZ,market_qlib,002550.SZ,UNKNOWN,[]
market_qlib-002551.SZ,market_qlib,002551.SZ,UNKNOWN,[]
market_qlib-002554.SZ,market_qlib,002554.SZ,UNKNOWN,[]
market_qlib-002555.SZ,market_qlib,002555.SZ,UNKNOWN,[]
market_qlib-002556.SZ,market_qlib,002556.SZ,UNKNOWN,[]
market_qlib-002557.SZ,market_qlib,002557.SZ,UNKNOWN,[]
market_qlib-002558.SZ,market_qlib,002558.SZ,UNKNOWN,[]
market_qlib-002559.SZ,market_qlib,002559.SZ,UNKNOWN,[]
market_qlib-002561.SZ,market_qlib,002561.SZ,UNKNOWN,[]
market_qlib-002562.SZ,market_qlib,002562.SZ,UNKNOWN,[]
market_qlib-002563.SZ,market_qlib,002563.SZ,UNKNOWN,[]
market_qlib-002564.SZ,market_qlib,002564.SZ,UNKNOWN,[]
market_qlib-002565.SZ,market_qlib,002565.SZ,UNKNOWN,[]
market_qlib-002566.SZ,market_qlib,002566.SZ,UNKNOWN,[]
market_qlib-002567.SZ,market_qlib,002567.SZ,UNKNOWN,[]
market_qlib-002568.SZ,market_qlib,002568.SZ,UNKNOWN,[]
market_qlib-002570.SZ,market_qlib,002570.SZ,UNKNOWN,[]
market_qlib-002571.SZ,market_qlib,002571.SZ,UNKNOWN,[]
market_qlib-002572.SZ,market_qlib,002572.SZ,UNKNOWN,[]
market_qlib-002573.SZ,market_qlib,002573.SZ,UNKNOWN,[]
market_qlib-002574.SZ,market_qlib,002574.SZ,UNKNOWN,[]
market_qlib-002575.SZ,market_qlib,002575.SZ,UNKNOWN,[]
market_qlib-002577.SZ,market_qlib,002577.SZ,UNKNOWN,[]
market_qlib-002579.SZ,market_qlib,002579.SZ,UNKNOWN,[]
market_qlib-002581.SZ,market_qlib,002581.SZ,UNKNOWN,[]
market_qlib-002582.SZ,market_qlib,002582.SZ,UNKNOWN,[]
market_qlib-002583.SZ,market_qlib,002583.SZ,UNKNOWN,[]
market_qlib-002584.SZ,market_qlib,002584.SZ,UNKNOWN,[]
market_qlib-002585.SZ,market_qlib,002585.SZ,UNKNOWN,[]
market_qlib-002586.SZ,market_qlib,002586.SZ,UNKNOWN,[]
market_qlib-002587.SZ,market_qlib,002587.SZ,UNKNOWN,[]
market_qlib-002588.SZ,market_qlib,002588.SZ,UNKNOWN,[]
market_qlib-002589.SZ,market_qlib,002589.SZ,UNKNOWN,[]
market_qlib-002590.SZ,market_qlib,002590.SZ,UNKNOWN,[]
market_qlib-002592.SZ,market_qlib,002592.SZ,UNKNOWN,[]
market_qlib-002594.SZ,market_qlib,002594.SZ,UNKNOWN,[]
market_qlib-002595.SZ,market_qlib,002595.SZ,UNKNOWN,[]
market_qlib-002596.SZ,market_qlib,002596.SZ,UNKNOWN,[]
market_qlib-002597.SZ,market_qlib,002597.SZ,UNKNOWN,[]
market_qlib-002598.SZ,market_qlib,002598.SZ,UNKNOWN,[]
market_qlib-002600.SZ,market_qlib,002600.SZ,UNKNOWN,[]
market_qlib-002601.SZ,market_qlib,002601.SZ,UNKNOWN,[]
market_qlib-002602.SZ,market_qlib,002602.SZ,UNKNOWN,[]
market_qlib-002603.SZ,market_qlib,002603.SZ,UNKNOWN,[]
market_qlib-002604.SZ,market_qlib,002604.SZ,UNKNOWN,[]
market_qlib-002605.SZ,market_qlib,002605.SZ,UNKNOWN,[]
market_qlib-002606.SZ,market_qlib,002606.SZ,UNKNOWN,[]
market_qlib-002607.SZ,market_qlib,002607.SZ,UNKNOWN,[]
market_qlib-002608.SZ,market_qlib,002608.SZ,UNKNOWN,[]
market_qlib-002609.SZ,market_qlib,002609.SZ,UNKNOWN,[]
market_qlib-002610.SZ,market_qlib,002610.SZ,UNKNOWN,[]
market_qlib-002611.SZ,market_qlib,002611.SZ,UNKNOWN,[]
market_qlib-002612.SZ,market_qlib,002612.SZ,UNKNOWN,[]
market_qlib-002613.SZ,market_qlib,002613.SZ,UNKNOWN,[]
market_qlib-002614.SZ,market_qlib,002614.SZ,UNKNOWN,[]
market_qlib-002616.SZ,market_qlib,002616.SZ,UNKNOWN,[]
market_qlib-002617.SZ,market_qlib,002617.SZ,UNKNOWN,[]
market_qlib-002618.SZ,market_qlib,002618.SZ,UNKNOWN,[]
market_qlib-002619.SZ,market_qlib,002619.SZ,UNKNOWN,[]
market_qlib-002620.SZ,market_qlib,002620.SZ,UNKNOWN,[]
market_qlib-002621.SZ,market_qlib,002621.SZ,UNKNOWN,[]
market_qlib-002622.SZ,market_qlib,002622.SZ,UNKNOWN,[]
market_qlib-002623.SZ,market_qlib,002623.SZ,UNKNOWN,[]
market_qlib-002624.SZ,market_qlib,002624.SZ,UNKNOWN,[]
market_qlib-002625.SZ,market_qlib,002625.SZ,UNKNOWN,[]
market_qlib-002626.SZ,market_qlib,002626.SZ,UNKNOWN,[]
market_qlib-002628.SZ,market_qlib,002628.SZ,UNKNOWN,[]
market_qlib-002629.SZ,market_qlib,002629.SZ,UNKNOWN,[]
market_qlib-002630.SZ,market_qlib,002630.SZ,UNKNOWN,[]
market_qlib-002631.SZ,market_qlib,002631.SZ,UNKNOWN,[]
market_qlib-002635.SZ,market_qlib,002635.SZ,UNKNOWN,[]
market_qlib-002636.SZ,market_qlib,002636.SZ,UNKNOWN,[]
market_qlib-002637.SZ,market_qlib,002637.SZ,UNKNOWN,[]
market_qlib-002638.SZ,market_qlib,002638.SZ,UNKNOWN,[]
market_qlib-002639.SZ,market_qlib,002639.SZ,UNKNOWN,[]
market_qlib-002640.SZ,market_qlib,002640.SZ,UNKNOWN,[]
market_qlib-002641.SZ,market_qlib,002641.SZ,UNKNOWN,[]
market_qlib-002642.SZ,market_qlib,002642.SZ,UNKNOWN,[]
market_qlib-002643.SZ,market_qlib,002643.SZ,UNKNOWN,[]
market_qlib-002644.SZ,market_qlib,002644.SZ,UNKNOWN,[]
market_qlib-002645.SZ,market_qlib,002645.SZ,UNKNOWN,[]
market_qlib-002646.SZ,market_qlib,002646.SZ,UNKNOWN,[]
market_qlib-002647.SZ,market_qlib,002647.SZ,UNKNOWN,[]
market_qlib-002648.SZ,market_qlib,002648.SZ,UNKNOWN,[]
market_qlib-002649.SZ,market_qlib,002649.SZ,UNKNOWN,[]
market_qlib-002650.SZ,market_qlib,002650.SZ,UNKNOWN,[]
market_qlib-002651.SZ,market_qlib,002651.SZ,UNKNOWN,[]
market_qlib-002653.SZ,market_qlib,002653.SZ,UNKNOWN,[]
market_qlib-002654.SZ,market_qlib,002654.SZ,UNKNOWN,[]
market_qlib-002655.SZ,market_qlib,002655.SZ,UNKNOWN,[]
market_qlib-002656.SZ,market_qlib,002656.SZ,UNKNOWN,[]
market_qlib-002657.SZ,market_qlib,002657.SZ,UNKNOWN,[]
market_qlib-002658.SZ,market_qlib,002658.SZ,UNKNOWN,[]
market_qlib-002660.SZ,market_qlib,002660.SZ,UNKNOWN,[]
market_qlib-002661.SZ,market_qlib,002661.SZ,UNKNOWN,[]
market_qlib-002662.SZ,market_qlib,002662.SZ,UNKNOWN,[]
market_qlib-002663.SZ,market_qlib,002663.SZ,UNKNOWN,[]
market_qlib-002664.SZ,market_qlib,002664.SZ,UNKNOWN,[]
market_qlib-002665.SZ,market_qlib,002665.SZ,UNKNOWN,[]
market_qlib-002666.SZ,market_qlib,002666.SZ,UNKNOWN,[]
market_qlib-002667.SZ,market_qlib,002667.SZ,UNKNOWN,[]
market_qlib-002668.SZ,market_qlib,002668.SZ,UNKNOWN,[]
market_qlib-002670.SZ,market_qlib,002670.SZ,UNKNOWN,[]
market_qlib-002671.SZ,market_qlib,002671.SZ,UNKNOWN,[]
market_qlib-002672.SZ,market_qlib,002672.SZ,UNKNOWN,[]
market_qlib-002673.SZ,market_qlib,002673.SZ,UNKNOWN,[]
market_qlib-002674.SZ,market_qlib,002674.SZ,UNKNOWN,[]
market_qlib-002675.SZ,market_qlib,002675.SZ,UNKNOWN,[]
market_qlib-002677.SZ,market_qlib,002677.SZ,UNKNOWN,[]
market_qlib-002678.SZ,market_qlib,002678.SZ,UNKNOWN,[]
market_qlib-002679.SZ,market_qlib,002679.SZ,UNKNOWN,[]
market_qlib-002680.SZ,market_qlib,002680.SZ,UNKNOWN,[]
market_qlib-002681.SZ,market_qlib,002681.SZ,UNKNOWN,[]
market_qlib-002683.SZ,market_qlib,002683.SZ,UNKNOWN,[]
market_qlib-002684.SZ,market_qlib,002684.SZ,UNKNOWN,[]
market_qlib-002685.SZ,market_qlib,002685.SZ,UNKNOWN,[]
market_qlib-002686.SZ,market_qlib,002686.SZ,UNKNOWN,[]
market_qlib-002688.SZ,market_qlib,002688.SZ,UNKNOWN,[]
market_qlib-002689.SZ,market_qlib,002689.SZ,UNKNOWN,[]
market_qlib-002690.SZ,market_qlib,002690.SZ,UNKNOWN,[]
market_qlib-002691.SZ,market_qlib,002691.SZ,UNKNOWN,[]
market_qlib-002692.SZ,market_qlib,002692.SZ,UNKNOWN,[]
market_qlib-002693.SZ,market_qlib,002693.SZ,UNKNOWN,[]
market_qlib-002694.SZ,market_qlib,002694.SZ,UNKNOWN,[]
market_qlib-002695.SZ,market_qlib,002695.SZ,UNKNOWN,[]
market_qlib-002697.SZ,market_qlib,002697.SZ,UNKNOWN,[]
market_qlib-002698.SZ,market_qlib,002698.SZ,UNKNOWN,[]
market_qlib-002699.SZ,market_qlib,002699.SZ,UNKNOWN,[]
market_qlib-002700.SZ,market_qlib,002700.SZ,UNKNOWN,[]
market_qlib-002701.SZ,market_qlib,002701.SZ,UNKNOWN,[]
market_qlib-002702.SZ,market_qlib,002702.SZ,UNKNOWN,[]
market_qlib-002703.SZ,market_qlib,002703.SZ,UNKNOWN,[]
market_qlib-002705.SZ,market_qlib,002705.SZ,UNKNOWN,[]
market_qlib-002706.SZ,market_qlib,002706.SZ,UNKNOWN,[]
market_qlib-002707.SZ,market_qlib,002707.SZ,UNKNOWN,[]
market_qlib-002708.SZ,market_qlib,002708.SZ,UNKNOWN,[]
market_qlib-002709.SZ,market_qlib,002709.SZ,UNKNOWN,[]
market_qlib-002711.SZ,market_qlib,002711.SZ,UNKNOWN,[]
market_qlib-002712.SZ,market_qlib,002712.SZ,UNKNOWN,[]
market_qlib-002713.SZ,market_qlib,002713.SZ,UNKNOWN,[]
market_qlib-002714.SZ,market_qlib,002714.SZ,UNKNOWN,[]
market_qlib-002715.SZ,market_qlib,002715.SZ,UNKNOWN,[]
market_qlib-002716.SZ,market_qlib,002716.SZ,UNKNOWN,[]
market_qlib-002717.SZ,market_qlib,002717.SZ,UNKNOWN,[]
market_qlib-002718.SZ,market_qlib,002718.SZ,UNKNOWN,[]
market_qlib-002719.SZ,market_qlib,002719.SZ,UNKNOWN,[]
market_qlib-002721.SZ,market_qlib,002721.SZ,UNKNOWN,[]
market_qlib-002722.SZ,market_qlib,002722.SZ,UNKNOWN,[]
market_qlib-002723.SZ,market_qlib,002723.SZ,UNKNOWN,[]
market_qlib-002724.SZ,market_qlib,002724.SZ,UNKNOWN,[]
market_qlib-002725.SZ,market_qlib,002725.SZ,UNKNOWN,[]
market_qlib-002726.SZ,market_qlib,002726.SZ,UNKNOWN,[]
market_qlib-002727.SZ,market_qlib,002727.SZ,UNKNOWN,[]
market_qlib-002731.SZ,market_qlib,002731.SZ,UNKNOWN,[]
market_qlib-002733.SZ,market_qlib,002733.SZ,UNKNOWN,[]
market_qlib-002736.SZ,market_qlib,002736.SZ,UNKNOWN,[]
market_qlib-002737.SZ,market_qlib,002737.SZ,UNKNOWN,[]
market_qlib-002738.SZ,market_qlib,002738.SZ,UNKNOWN,[]
market_qlib-002739.SZ,market_qlib,002739.SZ,UNKNOWN,[]
market_qlib-002741.SZ,market_qlib,002741.SZ,UNKNOWN,[]
market_qlib-002742.SZ,market_qlib,002742.SZ,UNKNOWN,[]
market_qlib-002745.SZ,market_qlib,002745.SZ,UNKNOWN,[]
market_qlib-002746.SZ,market_qlib,002746.SZ,UNKNOWN,[]
market_qlib-002747.SZ,market_qlib,002747.SZ,UNKNOWN,[]
market_qlib-002750.SZ,market_qlib,002750.SZ,UNKNOWN,[]
market_qlib-002751.SZ,market_qlib,002751.SZ,UNKNOWN,[]
market_qlib-002752.SZ,market_qlib,002752.SZ,UNKNOWN,[]
market_qlib-002755.SZ,market_qlib,002755.SZ,UNKNOWN,[]
market_qlib-002756.SZ,market_qlib,002756.SZ,UNKNOWN,[]
market_qlib-002759.SZ,market_qlib,002759.SZ,UNKNOWN,[]
market_qlib-002761.SZ,market_qlib,002761.SZ,UNKNOWN,[]
market_qlib-002762.SZ,market_qlib,002762.SZ,UNKNOWN,[]
market_qlib-002763.SZ,market_qlib,002763.SZ,UNKNOWN,[]
market_qlib-002766.SZ,market_qlib,002766.SZ,UNKNOWN,[]
market_qlib-002768.SZ,market_qlib,002768.SZ,UNKNOWN,[]
market_qlib-002769.SZ,market_qlib,002769.SZ,UNKNOWN,[]
market_qlib-002771.SZ,market_qlib,002771.SZ,UNKNOWN,[]
market_qlib-002772.SZ,market_qlib,002772.SZ,UNKNOWN,[]
market_qlib-002773.SZ,market_qlib,002773.SZ,UNKNOWN,[]
market_qlib-002776.SZ,market_qlib,002776.SZ,UNKNOWN,[]
market_qlib-002777.SZ,market_qlib,002777.SZ,UNKNOWN,[]
market_qlib-002779.SZ,market_qlib,002779.SZ,UNKNOWN,[]
market_qlib-002781.SZ,market_qlib,002781.SZ,UNKNOWN,[]
market_qlib-002782.SZ,market_qlib,002782.SZ,UNKNOWN,[]
market_qlib-002783.SZ,market_qlib,002783.SZ,UNKNOWN,[]
market_qlib-002786.SZ,market_qlib,002786.SZ,UNKNOWN,[]
market_qlib-002788.SZ,market_qlib,002788.SZ,UNKNOWN,[]
market_qlib-002790.SZ,market_qlib,002790.SZ,UNKNOWN,[]
market_qlib-002791.SZ,market_qlib,002791.SZ,UNKNOWN,[]
market_qlib-002792.SZ,market_qlib,002792.SZ,UNKNOWN,[]
market_qlib-002793.SZ,market_qlib,002793.SZ,UNKNOWN,[]
market_qlib-002796.SZ,market_qlib,002796.SZ,UNKNOWN,[]
market_qlib-002797.SZ,market_qlib,002797.SZ,UNKNOWN,[]
market_qlib-002798.SZ,market_qlib,002798.SZ,UNKNOWN,[]
market_qlib-002801.SZ,market_qlib,002801.SZ,UNKNOWN,[]
market_qlib-002802.SZ,market_qlib,002802.SZ,UNKNOWN,[]
market_qlib-002803.SZ,market_qlib,002803.SZ,UNKNOWN,[]
market_qlib-002807.SZ,market_qlib,002807.SZ,UNKNOWN,[]
market_qlib-002810.SZ,market_qlib,002810.SZ,UNKNOWN,[]
market_qlib-002812.SZ,market_qlib,002812.SZ,UNKNOWN,[]
market_qlib-002815.SZ,market_qlib,002815.SZ,UNKNOWN,[]
market_qlib-002818.SZ,market_qlib,002818.SZ,UNKNOWN,[]
market_qlib-002821.SZ,market_qlib,002821.SZ,UNKNOWN,[]
market_qlib-002822.SZ,market_qlib,002822.SZ,UNKNOWN,[]
market_qlib-002827.SZ,market_qlib,002827.SZ,UNKNOWN,[]
market_qlib-002831.SZ,market_qlib,002831.SZ,UNKNOWN,[]
market_qlib-002832.SZ,market_qlib,002832.SZ,UNKNOWN,[]
market_qlib-002833.SZ,market_qlib,002833.SZ,UNKNOWN,[]
market_qlib-002837.SZ,market_qlib,002837.SZ,UNKNOWN,[]
market_qlib-002838.SZ,market_qlib,002838.SZ,UNKNOWN,[]
market_qlib-002839.SZ,market_qlib,002839.SZ,UNKNOWN,[]
market_qlib-002840.SZ,market_qlib,002840.SZ,UNKNOWN,[]
market_qlib-002841.SZ,market_qlib,002841.SZ,UNKNOWN,[]
market_qlib-002847.SZ,market_qlib,002847.SZ,UNKNOWN,[]
market_qlib-002850.SZ,market_qlib,002850.SZ,UNKNOWN,[]
market_qlib-002851.SZ,market_qlib,002851.SZ,UNKNOWN,[]
market_qlib-002852.SZ,market_qlib,002852.SZ,UNKNOWN,[]
market_qlib-002859.SZ,market_qlib,002859.SZ,UNKNOWN,[]
market_qlib-002865.SZ,market_qlib,002865.SZ,UNKNOWN,[]
market_qlib-002866.SZ,market_qlib,002866.SZ,UNKNOWN,[]
market_qlib-002867.SZ,market_qlib,002867.SZ,UNKNOWN,[]
market_qlib-002869.SZ,market_qlib,002869.SZ,UNKNOWN,[]
market_qlib-002872.SZ,market_qlib,002872.SZ,UNKNOWN,[]
market_qlib-002880.SZ,market_qlib,002880.SZ,UNKNOWN,[]
market_qlib-002881.SZ,market_qlib,002881.SZ,UNKNOWN,[]
market_qlib-002882.SZ,market_qlib,002882.SZ,UNKNOWN,[]
market_qlib-002891.SZ,market_qlib,002891.SZ,UNKNOWN,[]
market_qlib-002892.SZ,market_qlib,002892.SZ,UNKNOWN,[]
market_qlib-002895.SZ,market_qlib,002895.SZ,UNKNOWN,[]
market_qlib-002896.SZ,market_qlib,002896.SZ,UNKNOWN,[]
market_qlib-002897.SZ,market_qlib,002897.SZ,UNKNOWN,[]
market_qlib-002901.SZ,market_qlib,002901.SZ,UNKNOWN,[]
market_qlib-002906.SZ,market_qlib,002906.SZ,UNKNOWN,[]
market_qlib-002907.SZ,market_qlib,002907.SZ,UNKNOWN,[]
market_qlib-002911.SZ,market_qlib,002911.SZ,UNKNOWN,[]
market_qlib-002912.SZ,market_qlib,002912.SZ,UNKNOWN,[]
market_qlib-002913.SZ,market_qlib,002913.SZ,UNKNOWN,[]
market_qlib-002916.SZ,market_qlib,002916.SZ,UNKNOWN,[]
market_qlib-002918.SZ,market_qlib,002918.SZ,UNKNOWN,[]
market_qlib-002920.SZ,market_qlib,002920.SZ,UNKNOWN,[]
market_qlib-002922.SZ,market_qlib,002922.SZ,UNKNOWN,[]
market_qlib-002925.SZ,market_qlib,002925.SZ,UNKNOWN,[]
market_qlib-002926.SZ,market_qlib,002926.SZ,UNKNOWN,[]
market_qlib-002928.SZ,market_qlib,002928.SZ,UNKNOWN,[]
market_qlib-002929.SZ,market_qlib,002929.SZ,UNKNOWN,[]
market_qlib-002930.SZ,market_qlib,002930.SZ,UNKNOWN,[]
market_qlib-002932.SZ,market_qlib,002932.SZ,UNKNOWN,[]
market_qlib-002933.SZ,market_qlib,002933.SZ,UNKNOWN,[]
market_qlib-002936.SZ,market_qlib,002936.SZ,UNKNOWN,[]
market_qlib-002938.SZ,market_qlib,002938.SZ,UNKNOWN,[]
market_qlib-002939.SZ,market_qlib,002939.SZ,UNKNOWN,[]
market_qlib-002941.SZ,market_qlib,002941.SZ,UNKNOWN,[]
market_qlib-002945.SZ,market_qlib,002945.SZ,UNKNOWN,[]
market_qlib-002946.SZ,market_qlib,002946.SZ,UNKNOWN,[]
market_qlib-002947.SZ,market_qlib,002947.SZ,UNKNOWN,[]
market_qlib-002948.SZ,market_qlib,002948.SZ,UNKNOWN,[]
market_qlib-002950.SZ,market_qlib,002950.SZ,UNKNOWN,[]
market_qlib-002951.SZ,market_qlib,002951.SZ,UNKNOWN,[]
market_qlib-002955.SZ,market_qlib,002955.SZ,UNKNOWN,[]
market_qlib-002957.SZ,market_qlib,002957.SZ,UNKNOWN,[]
market_qlib-002958.SZ,market_qlib,002958.SZ,UNKNOWN,[]
market_qlib-002959.SZ,market_qlib,002959.SZ,UNKNOWN,[]
market_qlib-002960.SZ,market_qlib,002960.SZ,UNKNOWN,[]
market_qlib-002961.SZ,market_qlib,002961.SZ,UNKNOWN,[]
market_qlib-002962.SZ,market_qlib,002962.SZ,UNKNOWN,[]
market_qlib-002965.SZ,market_qlib,002965.SZ,UNKNOWN,[]
market_qlib-002966.SZ,market_qlib,002966.SZ,UNKNOWN,[]
market_qlib-002967.SZ,market_qlib,002967.SZ,UNKNOWN,[]
market_qlib-002969.SZ,market_qlib,002969.SZ,UNKNOWN,[]
market_qlib-002970.SZ,market_qlib,002970.SZ,UNKNOWN,[]
market_qlib-002973.SZ,market_qlib,002973.SZ,UNKNOWN,[]
market_qlib-002975.SZ,market_qlib,002975.SZ,UNKNOWN,[]
market_qlib-002977.SZ,market_qlib,002977.SZ,UNKNOWN,[]
market_qlib-002978.SZ,market_qlib,002978.SZ,UNKNOWN,[]
market_qlib-002979.SZ,market_qlib,002979.SZ,UNKNOWN,[]
market_qlib-002980.SZ,market_qlib,002980.SZ,UNKNOWN,[]
market_qlib-002982.SZ,market_qlib,002982.SZ,UNKNOWN,[]
market_qlib-002984.SZ,market_qlib,002984.SZ,UNKNOWN,[]
market_qlib-002985.SZ,market_qlib,002985.SZ,UNKNOWN,[]
market_qlib-002987.SZ,market_qlib,002987.SZ,UNKNOWN,[]
market_qlib-002989.SZ,market_qlib,002989.SZ,UNKNOWN,[]
market_qlib-002990.SZ,market_qlib,002990.SZ,UNKNOWN,[]
market_qlib-002991.SZ,market_qlib,002991.SZ,UNKNOWN,[]
market_qlib-002993.SZ,market_qlib,002993.SZ,UNKNOWN,[]
market_qlib-003006.SZ,market_qlib,003006.SZ,UNKNOWN,[]
market_qlib-003009.SZ,market_qlib,003009.SZ,UNKNOWN,[]
market_qlib-003010.SZ,market_qlib,003010.SZ,UNKNOWN,[]
market_qlib-003012.SZ,market_qlib,003012.SZ,UNKNOWN,[]
market_qlib-003021.SZ,market_qlib,003021.SZ,UNKNOWN,[]
market_qlib-003022.SZ,market_qlib,003022.SZ,UNKNOWN,[]
market_qlib-003031.SZ,market_qlib,003031.SZ,UNKNOWN,[]
market_qlib-003032.SZ,market_qlib,003032.SZ,UNKNOWN,[]
market_qlib-003035.SZ,market_qlib,003035.SZ,UNKNOWN,[]
market_qlib-003039.SZ,market_qlib,003039.SZ,UNKNOWN,[]
market_qlib-003040.SZ,market_qlib,003040.SZ,UNKNOWN,[]
market_qlib-003816.SZ,market_qlib,003816.SZ,UNKNOWN,[]
market_qlib-300001.SZ,market_qlib,300001.SZ,UNKNOWN,[]
market_qlib-300002.SZ,market_qlib,300002.SZ,UNKNOWN,[]
market_qlib-300003.SZ,market_qlib,300003.SZ,UNKNOWN,[]
market_qlib-300004.SZ,market_qlib,300004.SZ,UNKNOWN,[]
market_qlib-300005.SZ,market_qlib,300005.SZ,UNKNOWN,[]
market_qlib-300006.SZ,market_qlib,300006.SZ,UNKNOWN,[]
market_qlib-300007.SZ,market_qlib,300007.SZ,UNKNOWN,[]
market_qlib-300008.SZ,market_qlib,300008.SZ,UNKNOWN,[]
market_qlib-300009.SZ,market_qlib,300009.SZ,UNKNOWN,[]
market_qlib-300010.SZ,market_qlib,300010.SZ,UNKNOWN,[]
market_qlib-300011.SZ,market_qlib,300011.SZ,UNKNOWN,[]
market_qlib-300012.SZ,market_qlib,300012.SZ,UNKNOWN,[]
market_qlib-300014.SZ,market_qlib,300014.SZ,UNKNOWN,[]
market_qlib-300015.SZ,market_qlib,300015.SZ,UNKNOWN,[]
market_qlib-300016.SZ,market_qlib,300016.SZ,UNKNOWN,[]
market_qlib-300017.SZ,market_qlib,300017.SZ,UNKNOWN,[]
market_qlib-300018.SZ,market_qlib,300018.SZ,UNKNOWN,[]
market_qlib-300020.SZ,market_qlib,300020.SZ,UNKNOWN,[]
market_qlib-300021.SZ,market_qlib,300021.SZ,UNKNOWN,[]
market_qlib-300022.SZ,market_qlib,300022.SZ,UNKNOWN,[]
market_qlib-300024.SZ,market_qlib,300024.SZ,UNKNOWN,[]
market_qlib-300025.SZ,market_qlib,300025.SZ,UNKNOWN,[]
market_qlib-300026.SZ,market_qlib,300026.SZ,UNKNOWN,[]
market_qlib-300027.SZ,market_qlib,300027.SZ,UNKNOWN,[]
market_qlib-300028.SZ,market_qlib,300028.SZ,UNKNOWN,[]
market_qlib-300030.SZ,market_qlib,300030.SZ,UNKNOWN,[]
market_qlib-300031.SZ,market_qlib,300031.SZ,UNKNOWN,[]
market_qlib-300032.SZ,market_qlib,300032.SZ,UNKNOWN,[]
market_qlib-300033.SZ,market_qlib,300033.SZ,UNKNOWN,[]
market_qlib-300034.SZ,market_qlib,300034.SZ,UNKNOWN,[]
market_qlib-300035.SZ,market_qlib,300035.SZ,UNKNOWN,[]
market_qlib-300036.SZ,market_qlib,300036.SZ,UNKNOWN,[]
market_qlib-300037.SZ,market_qlib,300037.SZ,UNKNOWN,[]
market_qlib-300038.SZ,market_qlib,300038.SZ,UNKNOWN,[]
market_qlib-300039.SZ,market_qlib,300039.SZ,UNKNOWN,[]
market_qlib-300041.SZ,market_qlib,300041.SZ,UNKNOWN,[]
market_qlib-300043.SZ,market_qlib,300043.SZ,UNKNOWN,[]
market_qlib-300044.SZ,market_qlib,300044.SZ,UNKNOWN,[]
market_qlib-300045.SZ,market_qlib,300045.SZ,UNKNOWN,[]
market_qlib-300047.SZ,market_qlib,300047.SZ,UNKNOWN,[]
market_qlib-300048.SZ,market_qlib,300048.SZ,UNKNOWN,[]
market_qlib-300049.SZ,market_qlib,300049.SZ,UNKNOWN,[]
market_qlib-300050.SZ,market_qlib,300050.SZ,UNKNOWN,[]
market_qlib-300051.SZ,market_qlib,300051.SZ,UNKNOWN,[]
market_qlib-300052.SZ,market_qlib,300052.SZ,UNKNOWN,[]
market_qlib-300053.SZ,market_qlib,300053.SZ,UNKNOWN,[]
market_qlib-300054.SZ,market_qlib,300054.SZ,UNKNOWN,[]
market_qlib-300055.SZ,market_qlib,300055.SZ,UNKNOWN,[]
market_qlib-300056.SZ,market_qlib,300056.SZ,UNKNOWN,[]
market_qlib-300057.SZ,market_qlib,300057.SZ,UNKNOWN,[]
market_qlib-300058.SZ,market_qlib,300058.SZ,UNKNOWN,[]
market_qlib-300059.SZ,market_qlib,300059.SZ,UNKNOWN,[]
market_qlib-300061.SZ,market_qlib,300061.SZ,UNKNOWN,[]
market_qlib-300063.SZ,market_qlib,300063.SZ,UNKNOWN,[]
market_qlib-300064.SZ,market_qlib,300064.SZ,UNKNOWN,[]
market_qlib-300065.SZ,market_qlib,300065.SZ,UNKNOWN,[]
market_qlib-300066.SZ,market_qlib,300066.SZ,UNKNOWN,[]
market_qlib-300067.SZ,market_qlib,300067.SZ,UNKNOWN,[]
market_qlib-300068.SZ,market_qlib,300068.SZ,UNKNOWN,[]
market_qlib-300070.SZ,market_qlib,300070.SZ,UNKNOWN,[]
market_qlib-300071.SZ,market_qlib,300071.SZ,UNKNOWN,[]
market_qlib-300072.SZ,market_qlib,300072.SZ,UNKNOWN,[]
market_qlib-300073.SZ,market_qlib,300073.SZ,UNKNOWN,[]
market_qlib-300074.SZ,market_qlib,300074.SZ,UNKNOWN,[]
market_qlib-300075.SZ,market_qlib,300075.SZ,UNKNOWN,[]
market_qlib-300076.SZ,market_qlib,300076.SZ,UNKNOWN,[]
market_qlib-300077.SZ,market_qlib,300077.SZ,UNKNOWN,[]
market_qlib-300078.SZ,market_qlib,300078.SZ,UNKNOWN,[]
market_qlib-300079.SZ,market_qlib,300079.SZ,UNKNOWN,[]
market_qlib-300080.SZ,market_qlib,300080.SZ,UNKNOWN,[]
market_qlib-300081.SZ,market_qlib,300081.SZ,UNKNOWN,[]
market_qlib-300082.SZ,market_qlib,300082.SZ,UNKNOWN,[]
market_qlib-300083.SZ,market_qlib,300083.SZ,UNKNOWN,[]
market_qlib-300084.SZ,market_qlib,300084.SZ,UNKNOWN,[]
market_qlib-300085.SZ,market_qlib,300085.SZ,UNKNOWN,[]
market_qlib-300086.SZ,market_qlib,300086.SZ,UNKNOWN,[]
market_qlib-300087.SZ,market_qlib,300087.SZ,UNKNOWN,[]
market_qlib-300088.SZ,market_qlib,300088.SZ,UNKNOWN,[]
market_qlib-300090.SZ,market_qlib,300090.SZ,UNKNOWN,[]
market_qlib-300091.SZ,market_qlib,300091.SZ,UNKNOWN,[]
market_qlib-300094.SZ,market_qlib,300094.SZ,UNKNOWN,[]
market_qlib-300096.SZ,market_qlib,300096.SZ,UNKNOWN,[]
market_qlib-300097.SZ,market_qlib,300097.SZ,UNKNOWN,[]
market_qlib-300098.SZ,market_qlib,300098.SZ,UNKNOWN,[]
market_qlib-300099.SZ,market_qlib,300099.SZ,UNKNOWN,[]
market_qlib-300100.SZ,market_qlib,300100.SZ,UNKNOWN,[]
market_qlib-300101.SZ,market_qlib,300101.SZ,UNKNOWN,[]
market_qlib-300102.SZ,market_qlib,300102.SZ,UNKNOWN,[]
market_qlib-300103.SZ,market_qlib,300103.SZ,UNKNOWN,[]
market_qlib-300104.SZ,market_qlib,300104.SZ,UNKNOWN,[]
market_qlib-300105.SZ,market_qlib,300105.SZ,UNKNOWN,[]
market_qlib-300106.SZ,market_qlib,300106.SZ,UNKNOWN,[]
market_qlib-300107.SZ,market_qlib,300107.SZ,UNKNOWN,[]
market_qlib-300109.SZ,market_qlib,300109.SZ,UNKNOWN,[]
market_qlib-300110.SZ,market_qlib,300110.SZ,UNKNOWN,[]
market_qlib-300111.SZ,market_qlib,300111.SZ,UNKNOWN,[]
market_qlib-300113.SZ,market_qlib,300113.SZ,UNKNOWN,[]
market_qlib-300115.SZ,market_qlib,300115.SZ,UNKNOWN,[]
market_qlib-300116.SZ,market_qlib,300116.SZ,UNKNOWN,[]
market_qlib-300118.SZ,market_qlib,300118.SZ,UNKNOWN,[]
market_qlib-300119.SZ,market_qlib,300119.SZ,UNKNOWN,[]
market_qlib-300122.SZ,market_qlib,300122.SZ,UNKNOWN,[]
market_qlib-300123.SZ,market_qlib,300123.SZ,UNKNOWN,[]
market_qlib-300124.SZ,market_qlib,300124.SZ,UNKNOWN,[]
market_qlib-300127.SZ,market_qlib,300127.SZ,UNKNOWN,[]
market_qlib-300128.SZ,market_qlib,300128.SZ,UNKNOWN,[]
market_qlib-300129.SZ,market_qlib,300129.SZ,UNKNOWN,[]
market_qlib-300130.SZ,market_qlib,300130.SZ,UNKNOWN,[]
market_qlib-300131.SZ,market_qlib,300131.SZ,UNKNOWN,[]
market_qlib-300132.SZ,market_qlib,300132.SZ,UNKNOWN,[]
market_qlib-300133.SZ,market_qlib,300133.SZ,UNKNOWN,[]
market_qlib-300134.SZ,market_qlib,300134.SZ,UNKNOWN,[]
market_qlib-300135.SZ,market_qlib,300135.SZ,UNKNOWN,[]
market_qlib-300136.SZ,market_qlib,300136.SZ,UNKNOWN,[]
market_qlib-300137.SZ,market_qlib,300137.SZ,UNKNOWN,[]
market_qlib-300139.SZ,market_qlib,300139.SZ,UNKNOWN,[]
market_qlib-300140.SZ,market_qlib,300140.SZ,UNKNOWN,[]
market_qlib-300142.SZ,market_qlib,300142.SZ,UNKNOWN,[]
market_qlib-300143.SZ,market_qlib,300143.SZ,UNKNOWN,[]
market_qlib-300144.SZ,market_qlib,300144.SZ,UNKNOWN,[]
market_qlib-300145.SZ,market_qlib,300145.SZ,UNKNOWN,[]
market_qlib-300146.SZ,market_qlib,300146.SZ,UNKNOWN,[]
market_qlib-300147.SZ,market_qlib,300147.SZ,UNKNOWN,[]
market_qlib-300148.SZ,market_qlib,300148.SZ,UNKNOWN,[]
market_qlib-300149.SZ,market_qlib,300149.SZ,UNKNOWN,[]
market_qlib-300150.SZ,market_qlib,300150.SZ,UNKNOWN,[]
market_qlib-300151.SZ,market_qlib,300151.SZ,UNKNOWN,[]
market_qlib-300152.SZ,market_qlib,300152.SZ,UNKNOWN,[]
market_qlib-300153.SZ,market_qlib,300153.SZ,UNKNOWN,[]
market_qlib-300154.SZ,market_qlib,300154.SZ,UNKNOWN,[]
market_qlib-300155.SZ,market_qlib,300155.SZ,UNKNOWN,[]
market_qlib-300156.SZ,market_qlib,300156.SZ,UNKNOWN,[]
market_qlib-300157.SZ,market_qlib,300157.SZ,UNKNOWN,[]
market_qlib-300158.SZ,market_qlib,300158.SZ,UNKNOWN,[]
market_qlib-300159.SZ,market_qlib,300159.SZ,UNKNOWN,[]
market_qlib-300160.SZ,market_qlib,300160.SZ,UNKNOWN,[]
market_qlib-300161.SZ,market_qlib,300161.SZ,UNKNOWN,[]
market_qlib-300162.SZ,market_qlib,300162.SZ,UNKNOWN,[]
market_qlib-300164.SZ,market_qlib,300164.SZ,UNKNOWN,[]
market_qlib-300165.SZ,market_qlib,300165.SZ,UNKNOWN,[]
market_qlib-300166.SZ,market_qlib,300166.SZ,UNKNOWN,[]
market_qlib-300167.SZ,market_qlib,300167.SZ,UNKNOWN,[]
market_qlib-300168.SZ,market_qlib,300168.SZ,UNKNOWN,[]
market_qlib-300169.SZ,market_qlib,300169.SZ,UNKNOWN,[]
market_qlib-300170.SZ,market_qlib,300170.SZ,UNKNOWN,[]
market_qlib-300171.SZ,market_qlib,300171.SZ,UNKNOWN,[]
market_qlib-300172.SZ,market_qlib,300172.SZ,UNKNOWN,[]
market_qlib-300173.SZ,market_qlib,300173.SZ,UNKNOWN,[]
market_qlib-300175.SZ,market_qlib,300175.SZ,UNKNOWN,[]
market_qlib-300176.SZ,market_qlib,300176.SZ,UNKNOWN,[]
market_qlib-300177.SZ,market_qlib,300177.SZ,UNKNOWN,[]
market_qlib-300178.SZ,market_qlib,300178.SZ,UNKNOWN,[]
market_qlib-300180.SZ,market_qlib,300180.SZ,UNKNOWN,[]
market_qlib-300181.SZ,market_qlib,300181.SZ,UNKNOWN,[]
market_qlib-300182.SZ,market_qlib,300182.SZ,UNKNOWN,[]
market_qlib-300183.SZ,market_qlib,300183.SZ,UNKNOWN,[]
market_qlib-300184.SZ,market_qlib,300184.SZ,UNKNOWN,[]
market_qlib-300185.SZ,market_qlib,300185.SZ,UNKNOWN,[]
market_qlib-300186.SZ,market_qlib,300186.SZ,UNKNOWN,[]
market_qlib-300187.SZ,market_qlib,300187.SZ,UNKNOWN,[]
market_qlib-300188.SZ,market_qlib,300188.SZ,UNKNOWN,[]
market_qlib-300189.SZ,market_qlib,300189.SZ,UNKNOWN,[]
market_qlib-300190.SZ,market_qlib,300190.SZ,UNKNOWN,[]
market_qlib-300191.SZ,market_qlib,300191.SZ,UNKNOWN,[]
market_qlib-300193.SZ,market_qlib,300193.SZ,UNKNOWN,[]
market_qlib-300194.SZ,market_qlib,300194.SZ,UNKNOWN,[]
market_qlib-300195.SZ,market_qlib,300195.SZ,UNKNOWN,[]
market_qlib-300196.SZ,market_qlib,300196.SZ,UNKNOWN,[]
market_qlib-300197.SZ,market_qlib,300197.SZ,UNKNOWN,[]
market_qlib-300198.SZ,market_qlib,300198.SZ,UNKNOWN,[]
market_qlib-300199.SZ,market_qlib,300199.SZ,UNKNOWN,[]
market_qlib-300200.SZ,market_qlib,300200.SZ,UNKNOWN,[]
market_qlib-300202.SZ,market_qlib,300202.SZ,UNKNOWN,[]
market_qlib-300203.SZ,market_qlib,300203.SZ,UNKNOWN,[]
market_qlib-300204.SZ,market_qlib,300204.SZ,UNKNOWN,[]
market_qlib-300205.SZ,market_qlib,300205.SZ,UNKNOWN,[]
market_qlib-300206.SZ,market_qlib,300206.SZ,UNKNOWN,[]
market_qlib-300207.SZ,market_qlib,300207.SZ,UNKNOWN,[]
market_qlib-300208.SZ,market_qlib,300208.SZ,UNKNOWN,[]
market_qlib-300209.SZ,market_qlib,300209.SZ,UNKNOWN,[]
market_qlib-300212.SZ,market_qlib,300212.SZ,UNKNOWN,[]
market_qlib-300213.SZ,market_qlib,300213.SZ,UNKNOWN,[]
market_qlib-300215.SZ,market_qlib,300215.SZ,UNKNOWN,[]
market_qlib-300216.SZ,market_qlib,300216.SZ,UNKNOWN,[]
market_qlib-300217.SZ,market_qlib,300217.SZ,UNKNOWN,[]
market_qlib-300219.SZ,market_qlib,300219.SZ,UNKNOWN,[]
market_qlib-300221.SZ,market_qlib,300221.SZ,UNKNOWN,[]
market_qlib-300222.SZ,market_qlib,300222.SZ,UNKNOWN,[]
market_qlib-300223.SZ,market_qlib,300223.SZ,UNKNOWN,[]
market_qlib-300224.SZ,market_qlib,300224.SZ,UNKNOWN,[]
market_qlib-300226.SZ,market_qlib,300226.SZ,UNKNOWN,[]
market_qlib-300227.SZ,market_qlib,300227.SZ,UNKNOWN,[]
market_qlib-300228.SZ,market_qlib,300228.SZ,UNKNOWN,[]
market_qlib-300229.SZ,market_qlib,300229.SZ,UNKNOWN,[]
market_qlib-300231.SZ,market_qlib,300231.SZ,UNKNOWN,[]
market_qlib-300232.SZ,market_qlib,300232.SZ,UNKNOWN,[]
market_qlib-300233.SZ,market_qlib,300233.SZ,UNKNOWN,[]
market_qlib-300234.SZ,market_qlib,300234.SZ,UNKNOWN,[]
market_qlib-300236.SZ,market_qlib,300236.SZ,UNKNOWN,[]
market_qlib-300237.SZ,market_qlib,300237.SZ,UNKNOWN,[]
market_qlib-300238.SZ,market_qlib,300238.SZ,UNKNOWN,[]
market_qlib-300239.SZ,market_qlib,300239.SZ,UNKNOWN,[]
market_qlib-300240.SZ,market_qlib,300240.SZ,UNKNOWN,[]
market_qlib-300241.SZ,market_qlib,300241.SZ,UNKNOWN,[]
market_qlib-300242.SZ,market_qlib,300242.SZ,UNKNOWN,[]
market_qlib-300244.SZ,market_qlib,300244.SZ,UNKNOWN,[]
market_qlib-300245.SZ,market_qlib,300245.SZ,UNKNOWN,[]
market_qlib-300246.SZ,market_qlib,300246.SZ,UNKNOWN,[]
market_qlib-300248.SZ,market_qlib,300248.SZ,UNKNOWN,[]
market_qlib-300251.SZ,market_qlib,300251.SZ,UNKNOWN,[]
market_qlib-300252.SZ,market_qlib,300252.SZ,UNKNOWN,[]
market_qlib-300253.SZ,market_qlib,300253.SZ,UNKNOWN,[]
market_qlib-300254.SZ,market_qlib,300254.SZ,UNKNOWN,[]
market_qlib-300255.SZ,market_qlib,300255.SZ,UNKNOWN,[]
market_qlib-300256.SZ,market_qlib,300256.SZ,UNKNOWN,[]
market_qlib-300257.SZ,market_qlib,300257.SZ,UNKNOWN,[]
market_qlib-300259.SZ,market_qlib,300259.SZ,UNKNOWN,[]
market_qlib-300260.SZ,market_qlib,300260.SZ,UNKNOWN,[]
market_qlib-300261.SZ,market_qlib,300261.SZ,UNKNOWN,[]
market_qlib-300262.SZ,market_qlib,300262.SZ,UNKNOWN,[]
market_qlib-300263.SZ,market_qlib,300263.SZ,UNKNOWN,[]
market_qlib-300266.SZ,market_qlib,300266.SZ,UNKNOWN,[]
market_qlib-300267.SZ,market_qlib,300267.SZ,UNKNOWN,[]
market_qlib-300269.SZ,market_qlib,300269.SZ,UNKNOWN,[]
market_qlib-300270.SZ,market_qlib,300270.SZ,UNKNOWN,[]
market_qlib-300271.SZ,market_qlib,300271.SZ,UNKNOWN,[]
market_qlib-300272.SZ,market_qlib,300272.SZ,UNKNOWN,[]
market_qlib-300273.SZ,market_qlib,300273.SZ,UNKNOWN,[]
market_qlib-300274.SZ,market_qlib,300274.SZ,UNKNOWN,[]
market_qlib-300275.SZ,market_qlib,300275.SZ,UNKNOWN,[]
market_qlib-300276.SZ,market_qlib,300276.SZ,UNKNOWN,[]
market_qlib-300278.SZ,market_qlib,300278.SZ,UNKNOWN,[]
market_qlib-300284.SZ,market_qlib,300284.SZ,UNKNOWN,[]
market_qlib-300285.SZ,market_qlib,300285.SZ,UNKNOWN,[]
market_qlib-300286.SZ,market_qlib,300286.SZ,UNKNOWN,[]
market_qlib-300287.SZ,market_qlib,300287.SZ,UNKNOWN,[]
market_qlib-300288.SZ,market_qlib,300288.SZ,UNKNOWN,[]
market_qlib-300289.SZ,market_qlib,300289.SZ,UNKNOWN,[]
market_qlib-300291.SZ,market_qlib,300291.SZ,UNKNOWN,[]
market_qlib-300292.SZ,market_qlib,300292.SZ,UNKNOWN,[]
market_qlib-300293.SZ,market_qlib,300293.SZ,UNKNOWN,[]
market_qlib-300294.SZ,market_qlib,300294.SZ,UNKNOWN,[]
market_qlib-300295.SZ,market_qlib,300295.SZ,UNKNOWN,[]
market_qlib-300296.SZ,market_qlib,300296.SZ,UNKNOWN,[]
market_qlib-300297.SZ,market_qlib,300297.SZ,UNKNOWN,[]
market_qlib-300298.SZ,market_qlib,300298.SZ,UNKNOWN,[]
market_qlib-300299.SZ,market_qlib,300299.SZ,UNKNOWN,[]
market_qlib-300300.SZ,market_qlib,300300.SZ,UNKNOWN,[]
market_qlib-300301.SZ,market_qlib,300301.SZ,UNKNOWN,[]
market_qlib-300302.SZ,market_qlib,300302.SZ,UNKNOWN,[]
market_qlib-300303.SZ,market_qlib,300303.SZ,UNKNOWN,[]
market_qlib-300304.SZ,market_qlib,300304.SZ,UNKNOWN,[]
market_qlib-300306.SZ,market_qlib,300306.SZ,UNKNOWN,[]
market_qlib-300307.SZ,market_qlib,300307.SZ,UNKNOWN,[]
market_qlib-300308.SZ,market_qlib,300308.SZ,UNKNOWN,[]
market_qlib-300309.SZ,market_qlib,300309.SZ,UNKNOWN,[]
market_qlib-300310.SZ,market_qlib,300310.SZ,UNKNOWN,[]
market_qlib-300311.SZ,market_qlib,300311.SZ,UNKNOWN,[]
market_qlib-300312.SZ,market_qlib,300312.SZ,UNKNOWN,[]
market_qlib-300314.SZ,market_qlib,300314.SZ,UNKNOWN,[]
market_qlib-300315.SZ,market_qlib,300315.SZ,UNKNOWN,[]
market_qlib-300316.SZ,market_qlib,300316.SZ,UNKNOWN,[]
market_qlib-300317.SZ,market_qlib,300317.SZ,UNKNOWN,[]
market_qlib-300318.SZ,market_qlib,300318.SZ,UNKNOWN,[]
market_qlib-300319.SZ,market_qlib,300319.SZ,UNKNOWN,[]
market_qlib-300322.SZ,market_qlib,300322.SZ,UNKNOWN,[]
market_qlib-300323.SZ,market_qlib,300323.SZ,UNKNOWN,[]
market_qlib-300324.SZ,market_qlib,300324.SZ,UNKNOWN,[]
market_qlib-300326.SZ,market_qlib,300326.SZ,UNKNOWN,[]
market_qlib-300327.SZ,market_qlib,300327.SZ,UNKNOWN,[]
market_qlib-300328.SZ,market_qlib,300328.SZ,UNKNOWN,[]
market_qlib-300331.SZ,market_qlib,300331.SZ,UNKNOWN,[]
market_qlib-300332.SZ,market_qlib,300332.SZ,UNKNOWN,[]
market_qlib-300333.SZ,market_qlib,300333.SZ,UNKNOWN,[]
market_qlib-300334.SZ,market_qlib,300334.SZ,UNKNOWN,[]
market_qlib-300335.SZ,market_qlib,300335.SZ,UNKNOWN,[]
market_qlib-300336.SZ,market_qlib,300336.SZ,UNKNOWN,[]
market_qlib-300337.SZ,market_qlib,300337.SZ,UNKNOWN,[]
market_qlib-300339.SZ,market_qlib,300339.SZ,UNKNOWN,[]
market_qlib-300341.SZ,market_qlib,300341.SZ,UNKNOWN,[]
market_qlib-300342.SZ,market_qlib,300342.SZ,UNKNOWN,[]
market_qlib-300343.SZ,market_qlib,300343.SZ,UNKNOWN,[]
market_qlib-300346.SZ,market_qlib,300346.SZ,UNKNOWN,[]
market_qlib-300347.SZ,market_qlib,300347.SZ,UNKNOWN,[]
market_qlib-300348.SZ,market_qlib,300348.SZ,UNKNOWN,[]
market_qlib-300349.SZ,market_qlib,300349.SZ,UNKNOWN,[]
market_qlib-300350.SZ,market_qlib,300350.SZ,UNKNOWN,[]
market_qlib-300351.SZ,market_qlib,300351.SZ,UNKNOWN,[]
market_qlib-300352.SZ,market_qlib,300352.SZ,UNKNOWN,[]
market_qlib-300353.SZ,market_qlib,300353.SZ,UNKNOWN,[]
market_qlib-300355.SZ,market_qlib,300355.SZ,UNKNOWN,[]
market_qlib-300356.SZ,market_qlib,300356.SZ,UNKNOWN,[]
market_qlib-300357.SZ,market_qlib,300357.SZ,UNKNOWN,[]
market_qlib-300358.SZ,market_qlib,300358.SZ,UNKNOWN,[]
market_qlib-300359.SZ,market_qlib,300359.SZ,UNKNOWN,[]
market_qlib-300360.SZ,market_qlib,300360.SZ,UNKNOWN,[]
market_qlib-300362.SZ,market_qlib,300362.SZ,UNKNOWN,[]
market_qlib-300363.SZ,market_qlib,300363.SZ,UNKNOWN,[]
market_qlib-300364.SZ,market_qlib,300364.SZ,UNKNOWN,[]
market_qlib-300365.SZ,market_qlib,300365.SZ,UNKNOWN,[]
market_qlib-300366.SZ,market_qlib,300366.SZ,UNKNOWN,[]
market_qlib-300367.SZ,market_qlib,300367.SZ,UNKNOWN,[]
market_qlib-300368.SZ,market_qlib,300368.SZ,UNKNOWN,[]
market_qlib-300369.SZ,market_qlib,300369.SZ,UNKNOWN,[]
market_qlib-300370.SZ,market_qlib,300370.SZ,UNKNOWN,[]
market_qlib-300371.SZ,market_qlib,300371.SZ,UNKNOWN,[]
market_qlib-300372.SZ,market_qlib,300372.SZ,UNKNOWN,[]
market_qlib-300373.SZ,market_qlib,300373.SZ,UNKNOWN,[]
market_qlib-300375.SZ,market_qlib,300375.SZ,UNKNOWN,[]
market_qlib-300376.SZ,market_qlib,300376.SZ,UNKNOWN,[]
market_qlib-300377.SZ,market_qlib,300377.SZ,UNKNOWN,[]
market_qlib-300378.SZ,market_qlib,300378.SZ,UNKNOWN,[]
market_qlib-300379.SZ,market_qlib,300379.SZ,UNKNOWN,[]
market_qlib-300380.SZ,market_qlib,300380.SZ,UNKNOWN,[]
market_qlib-300381.SZ,market_qlib,300381.SZ,UNKNOWN,[]
market_qlib-300382.SZ,market_qlib,300382.SZ,UNKNOWN,[]
market_qlib-300383.SZ,market_qlib,300383.SZ,UNKNOWN,[]
market_qlib-300384.SZ,market_qlib,300384.SZ,UNKNOWN,[]
market_qlib-300385.SZ,market_qlib,300385.SZ,UNKNOWN,[]
market_qlib-300386.SZ,market_qlib,300386.SZ,UNKNOWN,[]
market_qlib-300387.SZ,market_qlib,300387.SZ,UNKNOWN,[]
market_qlib-300388.SZ,market_qlib,300388.SZ,UNKNOWN,[]
market_qlib-300389.SZ,market_qlib,300389.SZ,UNKNOWN,[]
market_qlib-300390.SZ,market_qlib,300390.SZ,UNKNOWN,[]
market_qlib-300392.SZ,market_qlib,300392.SZ,UNKNOWN,[]
market_qlib-300393.SZ,market_qlib,300393.SZ,UNKNOWN,[]
market_qlib-300394.SZ,market_qlib,300394.SZ,UNKNOWN,[]
market_qlib-300395.SZ,market_qlib,300395.SZ,UNKNOWN,[]
market_qlib-300397.SZ,market_qlib,300397.SZ,UNKNOWN,[]
market_qlib-300398.SZ,market_qlib,300398.SZ,UNKNOWN,[]
market_qlib-300399.SZ,market_qlib,300399.SZ,UNKNOWN,[]
market_qlib-300401.SZ,market_qlib,300401.SZ,UNKNOWN,[]
market_qlib-300403.SZ,market_qlib,300403.SZ,UNKNOWN,[]
market_qlib-300406.SZ,market_qlib,300406.SZ,UNKNOWN,[]
market_qlib-300408.SZ,market_qlib,300408.SZ,UNKNOWN,[]
market_qlib-300409.SZ,market_qlib,300409.SZ,UNKNOWN,[]
market_qlib-300410.SZ,market_qlib,300410.SZ,UNKNOWN,[]
market_qlib-300413.SZ,market_qlib,300413.SZ,UNKNOWN,[]
market_qlib-300415.SZ,market_qlib,300415.SZ,UNKNOWN,[]
market_qlib-300416.SZ,market_qlib,300416.SZ,UNKNOWN,[]
market_qlib-300418.SZ,market_qlib,300418.SZ,UNKNOWN,[]
market_qlib-300419.SZ,market_qlib,300419.SZ,UNKNOWN,[]
market_qlib-300423.SZ,market_qlib,300423.SZ,UNKNOWN,[]
market_qlib-300424.SZ,market_qlib,300424.SZ,UNKNOWN,[]
market_qlib-300426.SZ,market_qlib,300426.SZ,UNKNOWN,[]
market_qlib-300428.SZ,market_qlib,300428.SZ,UNKNOWN,[]
market_qlib-300429.SZ,market_qlib,300429.SZ,UNKNOWN,[]
market_qlib-300431.SZ,market_qlib,300431.SZ,UNKNOWN,[]
market_qlib-300432.SZ,market_qlib,300432.SZ,UNKNOWN,[]
market_qlib-300433.SZ,market_qlib,300433.SZ,UNKNOWN,[]
market_qlib-300436.SZ,market_qlib,300436.SZ,UNKNOWN,[]
market_qlib-300438.SZ,market_qlib,300438.SZ,UNKNOWN,[]
market_qlib-300439.SZ,market_qlib,300439.SZ,UNKNOWN,[]
market_qlib-300440.SZ,market_qlib,300440.SZ,UNKNOWN,[]
market_qlib-300441.SZ,market_qlib,300441.SZ,UNKNOWN,[]
market_qlib-300442.SZ,market_qlib,300442.SZ,UNKNOWN,[]
market_qlib-300443.SZ,market_qlib,300443.SZ,UNKNOWN,[]
market_qlib-300444.SZ,market_qlib,300444.SZ,UNKNOWN,[]
market_qlib-300446.SZ,market_qlib,300446.SZ,UNKNOWN,[]
market_qlib-300447.SZ,market_qlib,300447.SZ,UNKNOWN,[]
market_qlib-300448.SZ,market_qlib,300448.SZ,UNKNOWN,[]
market_qlib-300449.SZ,market_qlib,300449.SZ,UNKNOWN,[]
market_qlib-300450.SZ,market_qlib,300450.SZ,UNKNOWN,[]
market_qlib-300451.SZ,market_qlib,300451.SZ,UNKNOWN,[]
market_qlib-300454.SZ,market_qlib,300454.SZ,UNKNOWN,[]
market_qlib-300455.SZ,market_qlib,300455.SZ,UNKNOWN,[]
market_qlib-300456.SZ,market_qlib,300456.SZ,UNKNOWN,[]
market_qlib-300457.SZ,market_qlib,300457.SZ,UNKNOWN,[]
market_qlib-300458.SZ,market_qlib,300458.SZ,UNKNOWN,[]
market_qlib-300459.SZ,market_qlib,300459.SZ,UNKNOWN,[]
market_qlib-300463.SZ,market_qlib,300463.SZ,UNKNOWN,[]
market_qlib-300465.SZ,market_qlib,300465.SZ,UNKNOWN,[]
market_qlib-300467.SZ,market_qlib,300467.SZ,UNKNOWN,[]
market_qlib-300468.SZ,market_qlib,300468.SZ,UNKNOWN,[]
market_qlib-300470.SZ,market_qlib,300470.SZ,UNKNOWN,[]
market_qlib-300471.SZ,market_qlib,300471.SZ,UNKNOWN,[]
market_qlib-300473.SZ,market_qlib,300473.SZ,UNKNOWN,[]
market_qlib-300474.SZ,market_qlib,300474.SZ,UNKNOWN,[]
market_qlib-300475.SZ,market_qlib,300475.SZ,UNKNOWN,[]
market_qlib-300476.SZ,market_qlib,300476.SZ,UNKNOWN,[]
market_qlib-300477.SZ,market_qlib,300477.SZ,UNKNOWN,[]
market_qlib-300482.SZ,market_qlib,300482.SZ,UNKNOWN,[]
market_qlib-300484.SZ,market_qlib,300484.SZ,UNKNOWN,[]
market_qlib-300485.SZ,market_qlib,300485.SZ,UNKNOWN,[]
market_qlib-300487.SZ,market_qlib,300487.SZ,UNKNOWN,[]
market_qlib-300492.SZ,market_qlib,300492.SZ,UNKNOWN,[]
market_qlib-300493.SZ,market_qlib,300493.SZ,UNKNOWN,[]
market_qlib-300494.SZ,market_qlib,300494.SZ,UNKNOWN,[]
market_qlib-300495.SZ,market_qlib,300495.SZ,UNKNOWN,[]
market_qlib-300496.SZ,market_qlib,300496.SZ,UNKNOWN,[]
market_qlib-300497.SZ,market_qlib,300497.SZ,UNKNOWN,[]
market_qlib-300498.SZ,market_qlib,300498.SZ,UNKNOWN,[]
market_qlib-300502.SZ,market_qlib,300502.SZ,UNKNOWN,[]
market_qlib-300503.SZ,market_qlib,300503.SZ,UNKNOWN,[]
market_qlib-300504.SZ,market_qlib,300504.SZ,UNKNOWN,[]
market_qlib-300506.SZ,market_qlib,300506.SZ,UNKNOWN,[]
market_qlib-300507.SZ,market_qlib,300507.SZ,UNKNOWN,[]
market_qlib-300508.SZ,market_qlib,300508.SZ,UNKNOWN,[]
market_qlib-300510.SZ,market_qlib,300510.SZ,UNKNOWN,[]
market_qlib-300511.SZ,market_qlib,300511.SZ,UNKNOWN,[]
market_qlib-300512.SZ,market_qlib,300512.SZ,UNKNOWN,[]
market_qlib-300516.SZ,market_qlib,300516.SZ,UNKNOWN,[]
market_qlib-300518.SZ,market_qlib,300518.SZ,UNKNOWN,[]
market_qlib-300519.SZ,market_qlib,300519.SZ,UNKNOWN,[]
market_qlib-300520.SZ,market_qlib,300520.SZ,UNKNOWN,[]
market_qlib-300522.SZ,market_qlib,300522.SZ,UNKNOWN,[]
market_qlib-300523.SZ,market_qlib,300523.SZ,UNKNOWN,[]
market_qlib-300525.SZ,market_qlib,300525.SZ,UNKNOWN,[]
market_qlib-300526.SZ,market_qlib,300526.SZ,UNKNOWN,[]
market_qlib-300527.SZ,market_qlib,300527.SZ,UNKNOWN,[]
market_qlib-300528.SZ,market_qlib,300528.SZ,UNKNOWN,[]
market_qlib-300529.SZ,market_qlib,300529.SZ,UNKNOWN,[]
market_qlib-300531.SZ,market_qlib,300531.SZ,UNKNOWN,[]
market_qlib-300533.SZ,market_qlib,300533.SZ,UNKNOWN,[]
market_qlib-300548.SZ,market_qlib,300548.SZ,UNKNOWN,[]
market_qlib-300552.SZ,market_qlib,300552.SZ,UNKNOWN,[]
market_qlib-300558.SZ,market_qlib,300558.SZ,UNKNOWN,[]
market_qlib-300559.SZ,market_qlib,300559.SZ,UNKNOWN,[]
market_qlib-300567.SZ,market_qlib,300567.SZ,UNKNOWN,[]
market_qlib-300568.SZ,market_qlib,300568.SZ,UNKNOWN,[]
market_qlib-300570.SZ,market_qlib,300570.SZ,UNKNOWN,[]
market_qlib-300571.SZ,market_qlib,300571.SZ,UNKNOWN,[]
market_qlib-300572.SZ,market_qlib,300572.SZ,UNKNOWN,[]
market_qlib-300573.SZ,market_qlib,300573.SZ,UNKNOWN,[]
market_qlib-300576.SZ,market_qlib,300576.SZ,UNKNOWN,[]
market_qlib-300579.SZ,market_qlib,300579.SZ,UNKNOWN,[]
market_qlib-300580.SZ,market_qlib,300580.SZ,UNKNOWN,[]
market_qlib-300587.SZ,market_qlib,300587.SZ,UNKNOWN,[]
market_qlib-300590.SZ,market_qlib,300590.SZ,UNKNOWN,[]
market_qlib-300593.SZ,market_qlib,300593.SZ,UNKNOWN,[]
market_qlib-300595.SZ,market_qlib,300595.SZ,UNKNOWN,[]
market_qlib-300596.SZ,market_qlib,300596.SZ,UNKNOWN,[]
market_qlib-300598.SZ,market_qlib,300598.SZ,UNKNOWN,[]
market_qlib-300601.SZ,market_qlib,300601.SZ,UNKNOWN,[]
market_qlib-300602.SZ,market_qlib,300602.SZ,UNKNOWN,[]
market_qlib-300603.SZ,market_qlib,300603.SZ,UNKNOWN,[]
market_qlib-300604.SZ,market_qlib,300604.SZ,UNKNOWN,[]
market_qlib-300607.SZ,market_qlib,300607.SZ,UNKNOWN,[]
market_qlib-300613.SZ,market_qlib,300613.SZ,UNKNOWN,[]
market_qlib-300616.SZ,market_qlib,300616.SZ,UNKNOWN,[]
market_qlib-300618.SZ,market_qlib,300618.SZ,UNKNOWN,[]
market_qlib-300620.SZ,market_qlib,300620.SZ,UNKNOWN,[]
market_qlib-300623.SZ,market_qlib,300623.SZ,UNKNOWN,[]
market_qlib-300624.SZ,market_qlib,300624.SZ,UNKNOWN,[]
market_qlib-300625.SZ,market_qlib,300625.SZ,UNKNOWN,[]
market_qlib-300627.SZ,market_qlib,300627.SZ,UNKNOWN,[]
market_qlib-300628.SZ,market_qlib,300628.SZ,UNKNOWN,[]
market_qlib-300630.SZ,market_qlib,300630.SZ,UNKNOWN,[]
market_qlib-300633.SZ,market_qlib,300633.SZ,UNKNOWN,[]
market_qlib-300634.SZ,market_qlib,300634.SZ,UNKNOWN,[]
market_qlib-300638.SZ,market_qlib,300638.SZ,UNKNOWN,[]
market_qlib-300639.SZ,market_qlib,300639.SZ,UNKNOWN,[]
market_qlib-300641.SZ,market_qlib,300641.SZ,UNKNOWN,[]
market_qlib-300653.SZ,market_qlib,300653.SZ,UNKNOWN,[]
market_qlib-300655.SZ,market_qlib,300655.SZ,UNKNOWN,[]
market_qlib-300657.SZ,market_qlib,300657.SZ,UNKNOWN,[]
market_qlib-300659.SZ,market_qlib,300659.SZ,UNKNOWN,[]
market_qlib-300660.SZ,market_qlib,300660.SZ,UNKNOWN,[]
market_qlib-300661.SZ,market_qlib,300661.SZ,UNKNOWN,[]
market_qlib-300662.SZ,market_qlib,300662.SZ,UNKNOWN,[]
market_qlib-300663.SZ,market_qlib,300663.SZ,UNKNOWN,[]
market_qlib-300664.SZ,market_qlib,300664.SZ,UNKNOWN,[]
market_qlib-300666.SZ,market_qlib,300666.SZ,UNKNOWN,[]
market_qlib-300671.SZ,market_qlib,300671.SZ,UNKNOWN,[]
market_qlib-300672.SZ,market_qlib,300672.SZ,UNKNOWN,[]
market_qlib-300673.SZ,market_qlib,300673.SZ,UNKNOWN,[]
market_qlib-300674.SZ,market_qlib,300674.SZ,UNKNOWN,[]
market_qlib-300676.SZ,market_qlib,300676.SZ,UNKNOWN,[]
market_qlib-300677.SZ,market_qlib,300677.SZ,UNKNOWN,[]
market_qlib-300678.SZ,market_qlib,300678.SZ,UNKNOWN,[]
market_qlib-300679.SZ,market_qlib,300679.SZ,UNKNOWN,[]
market_qlib-300680.SZ,market_qlib,300680.SZ,UNKNOWN,[]
market_qlib-300682.SZ,market_qlib,300682.SZ,UNKNOWN,[]
market_qlib-300684.SZ,market_qlib,300684.SZ,UNKNOWN,[]
market_qlib-300685.SZ,market_qlib,300685.SZ,UNKNOWN,[]
market_qlib-300687.SZ,market_qlib,300687.SZ,UNKNOWN,[]
market_qlib-300693.SZ,market_qlib,300693.SZ,UNKNOWN,[]
market_qlib-300696.SZ,market_qlib,300696.SZ,UNKNOWN,[]
market_qlib-300699.SZ,market_qlib,300699.SZ,UNKNOWN,[]
market_qlib-300702.SZ,market_qlib,300702.SZ,UNKNOWN,[]
market_qlib-300705.SZ,market_qlib,300705.SZ,UNKNOWN,[]
market_qlib-300709.SZ,market_qlib,300709.SZ,UNKNOWN,[]
market_qlib-300718.SZ,market_qlib,300718.SZ,UNKNOWN,[]
market_qlib-300723.SZ,market_qlib,300723.SZ,UNKNOWN,[]
market_qlib-300724.SZ,market_qlib,300724.SZ,UNKNOWN,[]
market_qlib-300725.SZ,market_qlib,300725.SZ,UNKNOWN,[]
market_qlib-300726.SZ,market_qlib,300726.SZ,UNKNOWN,[]
market_qlib-300735.SZ,market_qlib,300735.SZ,UNKNOWN,[]
market_qlib-300737.SZ,market_qlib,300737.SZ,UNKNOWN,[]
market_qlib-300738.SZ,market_qlib,300738.SZ,UNKNOWN,[]
market_qlib-300740.SZ,market_qlib,300740.SZ,UNKNOWN,[]
market_qlib-300741.SZ,market_qlib,300741.SZ,UNKNOWN,[]
market_qlib-300747.SZ,market_qlib,300747.SZ,UNKNOWN,[]
market_qlib-300748.SZ,market_qlib,300748.SZ,UNKNOWN,[]
market_qlib-300750.SZ,market_qlib,300750.SZ,UNKNOWN,[]
market_qlib-300751.SZ,market_qlib,300751.SZ,UNKNOWN,[]
market_qlib-300755.SZ,market_qlib,300755.SZ,UNKNOWN,[]
market_qlib-300757.SZ,market_qlib,300757.SZ,UNKNOWN,[]
market_qlib-300759.SZ,market_qlib,300759.SZ,UNKNOWN,[]
market_qlib-300760.SZ,market_qlib,300760.SZ,UNKNOWN,[]
market_qlib-300761.SZ,market_qlib,300761.SZ,UNKNOWN,[]
market_qlib-300762.SZ,market_qlib,300762.SZ,UNKNOWN,[]
market_qlib-300763.SZ,market_qlib,300763.SZ,UNKNOWN,[]
market_qlib-300765.SZ,market_qlib,300765.SZ,UNKNOWN,[]
market_qlib-300766.SZ,market_qlib,300766.SZ,UNKNOWN,[]
market_qlib-300767.SZ,market_qlib,300767.SZ,UNKNOWN,[]
market_qlib-300768.SZ,market_qlib,300768.SZ,UNKNOWN,[]
market_qlib-300769.SZ,market_qlib,300769.SZ,UNKNOWN,[]
market_qlib-300770.SZ,market_qlib,300770.SZ,UNKNOWN,[]
market_qlib-300771.SZ,market_qlib,300771.SZ,UNKNOWN,[]
market_qlib-300772.SZ,market_qlib,300772.SZ,UNKNOWN,[]
market_qlib-300773.SZ,market_qlib,300773.SZ,UNKNOWN,[]
market_qlib-300775.SZ,market_qlib,300775.SZ,UNKNOWN,[]
market_qlib-300776.SZ,market_qlib,300776.SZ,UNKNOWN,[]
market_qlib-300777.SZ,market_qlib,300777.SZ,UNKNOWN,[]
market_qlib-300779.SZ,market_qlib,300779.SZ,UNKNOWN,[]
market_qlib-300782.SZ,market_qlib,300782.SZ,UNKNOWN,[]
market_qlib-300783.SZ,market_qlib,300783.SZ,UNKNOWN,[]
market_qlib-300785.SZ,market_qlib,300785.SZ,UNKNOWN,[]
market_qlib-300788.SZ,market_qlib,300788.SZ,UNKNOWN,[]
market_qlib-300791.SZ,market_qlib,300791.SZ,UNKNOWN,[]
market_qlib-300792.SZ,market_qlib,300792.SZ,UNKNOWN,[]
market_qlib-300793.SZ,market_qlib,300793.SZ,UNKNOWN,[]
market_qlib-300798.SZ,market_qlib,300798.SZ,UNKNOWN,[]
market_qlib-300799.SZ,market_qlib,300799.SZ,UNKNOWN,[]
market_qlib-300800.SZ,market_qlib,300800.SZ,UNKNOWN,[]
market_qlib-300803.SZ,market_qlib,300803.SZ,UNKNOWN,[]
market_qlib-300805.SZ,market_qlib,300805.SZ,UNKNOWN,[]
market_qlib-300806.SZ,market_qlib,300806.SZ,UNKNOWN,[]
market_qlib-300809.SZ,market_qlib,300809.SZ,UNKNOWN,[]
market_qlib-300811.SZ,market_qlib,300811.SZ,UNKNOWN,[]
market_qlib-300814.SZ,market_qlib,300814.SZ,UNKNOWN,[]
market_qlib-300815.SZ,market_qlib,300815.SZ,UNKNOWN,[]
market_qlib-300820.SZ,market_qlib,300820.SZ,UNKNOWN,[]
market_qlib-300821.SZ,market_qlib,300821.SZ,UNKNOWN,[]
market_qlib-300827.SZ,market_qlib,300827.SZ,UNKNOWN,[]
market_qlib-300829.SZ,market_qlib,300829.SZ,UNKNOWN,[]
market_qlib-300831.SZ,market_qlib,300831.SZ,UNKNOWN,[]
market_qlib-300832.SZ,market_qlib,300832.SZ,UNKNOWN,[]
market_qlib-300841.SZ,market_qlib,300841.SZ,UNKNOWN,[]
market_qlib-300842.SZ,market_qlib,300842.SZ,UNKNOWN,[]
market_qlib-300846.SZ,market_qlib,300846.SZ,UNKNOWN,[]
market_qlib-300850.SZ,market_qlib,300850.SZ,UNKNOWN,[]
market_qlib-300855.SZ,market_qlib,300855.SZ,UNKNOWN,[]
market_qlib-300856.SZ,market_qlib,300856.SZ,UNKNOWN,[]
market_qlib-300857.SZ,market_qlib,300857.SZ,UNKNOWN,[]
market_qlib-300860.SZ,market_qlib,300860.SZ,UNKNOWN,[]
market_qlib-300861.SZ,market_qlib,300861.SZ,UNKNOWN,[]
market_qlib-300866.SZ,market_qlib,300866.SZ,UNKNOWN,[]
market_qlib-300867.SZ,market_qlib,300867.SZ,UNKNOWN,[]
market_qlib-300869.SZ,market_qlib,300869.SZ,UNKNOWN,[]
market_qlib-300870.SZ,market_qlib,300870.SZ,UNKNOWN,[]
market_qlib-300872.SZ,market_qlib,300872.SZ,UNKNOWN,[]
market_qlib-300887.SZ,market_qlib,300887.SZ,UNKNOWN,[]
market_qlib-300888.SZ,market_qlib,300888.SZ,UNKNOWN,[]
market_qlib-300894.SZ,market_qlib,300894.SZ,UNKNOWN,[]
market_qlib-300896.SZ,market_qlib,300896.SZ,UNKNOWN,[]
market_qlib-300900.SZ,market_qlib,300900.SZ,UNKNOWN,[]
market_qlib-300910.SZ,market_qlib,300910.SZ,UNKNOWN,[]
market_qlib-300913.SZ,market_qlib,300913.SZ,UNKNOWN,[]
market_qlib-300917.SZ,market_qlib,300917.SZ,UNKNOWN,[]
market_qlib-300919.SZ,market_qlib,300919.SZ,UNKNOWN,[]
market_qlib-300925.SZ,market_qlib,300925.SZ,UNKNOWN,[]
market_qlib-300926.SZ,market_qlib,300926.SZ,UNKNOWN,[]
market_qlib-300942.SZ,market_qlib,300942.SZ,UNKNOWN,[]
market_qlib-300953.SZ,market_qlib,300953.SZ,UNKNOWN,[]
market_qlib-300957.SZ,market_qlib,300957.SZ,UNKNOWN,[]
market_qlib-300969.SZ,market_qlib,300969.SZ,UNKNOWN,[]
market_qlib-300972.SZ,market_qlib,300972.SZ,UNKNOWN,[]
market_qlib-300973.SZ,market_qlib,300973.SZ,UNKNOWN,[]
market_qlib-300979.SZ,market_qlib,300979.SZ,UNKNOWN,[]
market_qlib-300981.SZ,market_qlib,300981.SZ,UNKNOWN,[]
market_qlib-300990.SZ,market_qlib,300990.SZ,UNKNOWN,[]
market_qlib-300999.SZ,market_qlib,300999.SZ,UNKNOWN,[]
market_qlib-301000.SZ,market_qlib,301000.SZ,UNKNOWN,[]
market_qlib-301004.SZ,market_qlib,301004.SZ,UNKNOWN,[]
market_qlib-301005.SZ,market_qlib,301005.SZ,UNKNOWN,[]
market_qlib-301015.SZ,market_qlib,301015.SZ,UNKNOWN,[]
market_qlib-301018.SZ,market_qlib,301018.SZ,UNKNOWN,[]
market_qlib-301029.SZ,market_qlib,301029.SZ,UNKNOWN,[]
market_qlib-301031.SZ,market_qlib,301031.SZ,UNKNOWN,[]
market_qlib-301035.SZ,market_qlib,301035.SZ,UNKNOWN,[]
market_qlib-301039.SZ,market_qlib,301039.SZ,UNKNOWN,[]
market_qlib-301047.SZ,market_qlib,301047.SZ,UNKNOWN,[]
market_qlib-301050.SZ,market_qlib,301050.SZ,UNKNOWN,[]
market_qlib-301060.SZ,market_qlib,301060.SZ,UNKNOWN,[]
market_qlib-301061.SZ,market_qlib,301061.SZ,UNKNOWN,[]
market_qlib-301069.SZ,market_qlib,301069.SZ,UNKNOWN,[]
market_qlib-301071.SZ,market_qlib,301071.SZ,UNKNOWN,[]
market_qlib-301078.SZ,market_qlib,301078.SZ,UNKNOWN,[]
market_qlib-301080.SZ,market_qlib,301080.SZ,UNKNOWN,[]
market_qlib-301087.SZ,market_qlib,301087.SZ,UNKNOWN,[]
market_qlib-301089.SZ,market_qlib,301089.SZ,UNKNOWN,[]
market_qlib-301090.SZ,market_qlib,301090.SZ,UNKNOWN,[]
market_qlib-301091.SZ,market_qlib,301091.SZ,UNKNOWN,[]
market_qlib-301095.SZ,market_qlib,301095.SZ,UNKNOWN,[]
market_qlib-301101.SZ,market_qlib,301101.SZ,UNKNOWN,[]
market_qlib-301109.SZ,market_qlib,301109.SZ,UNKNOWN,[]
market_qlib-301127.SZ,market_qlib,301127.SZ,UNKNOWN,[]
market_qlib-301153.SZ,market_qlib,301153.SZ,UNKNOWN,[]
market_qlib-301155.SZ,market_qlib,301155.SZ,UNKNOWN,[]
market_qlib-301165.SZ,market_qlib,301165.SZ,UNKNOWN,[]
market_qlib-301171.SZ,market_qlib,301171.SZ,UNKNOWN,[]
market_qlib-301175.SZ,market_qlib,301175.SZ,UNKNOWN,[]
market_qlib-301177.SZ,market_qlib,301177.SZ,UNKNOWN,[]
market_qlib-301180.SZ,market_qlib,301180.SZ,UNKNOWN,[]
market_qlib-301196.SZ,market_qlib,301196.SZ,UNKNOWN,[]
market_qlib-301200.SZ,market_qlib,301200.SZ,UNKNOWN,[]
market_qlib-301205.SZ,market_qlib,301205.SZ,UNKNOWN,[]
market_qlib-301206.SZ,market_qlib,301206.SZ,UNKNOWN,[]
market_qlib-301207.SZ,market_qlib,301207.SZ,UNKNOWN,[]
market_qlib-301215.SZ,market_qlib,301215.SZ,UNKNOWN,[]
market_qlib-301216.SZ,market_qlib,301216.SZ,UNKNOWN,[]
market_qlib-301217.SZ,market_qlib,301217.SZ,UNKNOWN,[]
market_qlib-301219.SZ,market_qlib,301219.SZ,UNKNOWN,[]
market_qlib-301225.SZ,market_qlib,301225.SZ,UNKNOWN,[]
market_qlib-301236.SZ,market_qlib,301236.SZ,UNKNOWN,[]
market_qlib-301238.SZ,market_qlib,301238.SZ,UNKNOWN,[]
market_qlib-301239.SZ,market_qlib,301239.SZ,UNKNOWN,[]
market_qlib-301246.SZ,market_qlib,301246.SZ,UNKNOWN,[]
market_qlib-301262.SZ,market_qlib,301262.SZ,UNKNOWN,[]
market_qlib-301263.SZ,market_qlib,301263.SZ,UNKNOWN,[]
market_qlib-301267.SZ,market_qlib,301267.SZ,UNKNOWN,[]
market_qlib-301268.SZ,market_qlib,301268.SZ,UNKNOWN,[]
market_qlib-301269.SZ,market_qlib,301269.SZ,UNKNOWN,[]
market_qlib-301275.SZ,market_qlib,301275.SZ,UNKNOWN,[]
market_qlib-301286.SZ,market_qlib,301286.SZ,UNKNOWN,[]
market_qlib-301291.SZ,market_qlib,301291.SZ,UNKNOWN,[]
market_qlib-301293.SZ,market_qlib,301293.SZ,UNKNOWN,[]
market_qlib-301297.SZ,market_qlib,301297.SZ,UNKNOWN,[]
market_qlib-301301.SZ,market_qlib,301301.SZ,UNKNOWN,[]
market_qlib-301308.SZ,market_qlib,301308.SZ,UNKNOWN,[]
market_qlib-301316.SZ,market_qlib,301316.SZ,UNKNOWN,[]
market_qlib-301325.SZ,market_qlib,301325.SZ,UNKNOWN,[]
market_qlib-301327.SZ,market_qlib,301327.SZ,UNKNOWN,[]
market_qlib-301339.SZ,market_qlib,301339.SZ,UNKNOWN,[]
market_qlib-301345.SZ,market_qlib,301345.SZ,UNKNOWN,[]
market_qlib-301348.SZ,market_qlib,301348.SZ,UNKNOWN,[]
market_qlib-301358.SZ,market_qlib,301358.SZ,UNKNOWN,[]
market_qlib-301363.SZ,market_qlib,301363.SZ,UNKNOWN,[]
market_qlib-301367.SZ,market_qlib,301367.SZ,UNKNOWN,[]
market_qlib-301371.SZ,market_qlib,301371.SZ,UNKNOWN,[]
market_qlib-301376.SZ,market_qlib,301376.SZ,UNKNOWN,[]
market_qlib-301377.SZ,market_qlib,301377.SZ,UNKNOWN,[]
market_qlib-301381.SZ,market_qlib,301381.SZ,UNKNOWN,[]
market_qlib-301389.SZ,market_qlib,301389.SZ,UNKNOWN,[]
market_qlib-301392.SZ,market_qlib,301392.SZ,UNKNOWN,[]
market_qlib-301396.SZ,market_qlib,301396.SZ,UNKNOWN,[]
market_qlib-301413.SZ,market_qlib,301413.SZ,UNKNOWN,[]
market_qlib-301421.SZ,market_qlib,301421.SZ,UNKNOWN,[]
market_qlib-301458.SZ,market_qlib,301458.SZ,UNKNOWN,[]
market_qlib-301487.SZ,market_qlib,301487.SZ,UNKNOWN,[]
market_qlib-301488.SZ,market_qlib,301488.SZ,UNKNOWN,[]
market_qlib-301489.SZ,market_qlib,301489.SZ,UNKNOWN,[]
market_qlib-301498.SZ,market_qlib,301498.SZ,UNKNOWN,[]
market_qlib-301500.SZ,market_qlib,301500.SZ,UNKNOWN,[]
market_qlib-301508.SZ,market_qlib,301508.SZ,UNKNOWN,[]
market_qlib-301510.SZ,market_qlib,301510.SZ,UNKNOWN,[]
market_qlib-301511.SZ,market_qlib,301511.SZ,UNKNOWN,[]
market_qlib-301522.SZ,market_qlib,301522.SZ,UNKNOWN,[]
market_qlib-301526.SZ,market_qlib,301526.SZ,UNKNOWN,[]
market_qlib-301536.SZ,market_qlib,301536.SZ,UNKNOWN,[]
market_qlib-301550.SZ,market_qlib,301550.SZ,UNKNOWN,[]
market_qlib-301551.SZ,market_qlib,301551.SZ,UNKNOWN,[]
market_qlib-301556.SZ,market_qlib,301556.SZ,UNKNOWN,[]
market_qlib-301558.SZ,market_qlib,301558.SZ,UNKNOWN,[]
market_qlib-301559.SZ,market_qlib,301559.SZ,UNKNOWN,[]
market_qlib-301563.SZ,market_qlib,301563.SZ,UNKNOWN,[]
market_qlib-301565.SZ,market_qlib,301565.SZ,UNKNOWN,[]
market_qlib-301571.SZ,market_qlib,301571.SZ,UNKNOWN,[]
market_qlib-301584.SZ,market_qlib,301584.SZ,UNKNOWN,[]
market_qlib-301589.SZ,market_qlib,301589.SZ,UNKNOWN,[]
market_qlib-301592.SZ,market_qlib,301592.SZ,UNKNOWN,[]
market_qlib-301600.SZ,market_qlib,301600.SZ,UNKNOWN,[]
market_qlib-301602.SZ,market_qlib,301602.SZ,UNKNOWN,[]
market_qlib-301606.SZ,market_qlib,301606.SZ,UNKNOWN,[]
market_qlib-301611.SZ,market_qlib,301611.SZ,UNKNOWN,[]
market_qlib-301622.SZ,market_qlib,301622.SZ,UNKNOWN,[]
market_qlib-301626.SZ,market_qlib,301626.SZ,UNKNOWN,[]
market_qlib-301631.SZ,market_qlib,301631.SZ,UNKNOWN,[]
market_qlib-301632.SZ,market_qlib,301632.SZ,UNKNOWN,[]
market_qlib-301658.SZ,market_qlib,301658.SZ,UNKNOWN,[]
market_qlib-301662.SZ,market_qlib,301662.SZ,UNKNOWN,[]
market_qlib-301665.SZ,market_qlib,301665.SZ,UNKNOWN,[]
market_qlib-301678.SZ,market_qlib,301678.SZ,UNKNOWN,[]
market_qlib-302132.SZ,market_qlib,302132.SZ,UNKNOWN,[]
market_qlib-600000.SH,market_qlib,600000.SH,UNKNOWN,[]
market_qlib-600004.SH,market_qlib,600004.SH,UNKNOWN,[]
market_qlib-600005.SH,market_qlib,600005.SH,UNKNOWN,[]
market_qlib-600006.SH,market_qlib,600006.SH,UNKNOWN,[]
market_qlib-600007.SH,market_qlib,600007.SH,UNKNOWN,[]
market_qlib-600008.SH,market_qlib,600008.SH,UNKNOWN,[]
market_qlib-600009.SH,market_qlib,600009.SH,UNKNOWN,[]
market_qlib-600010.SH,market_qlib,600010.SH,UNKNOWN,[]
market_qlib-600011.SH,market_qlib,600011.SH,UNKNOWN,[]
market_qlib-600012.SH,market_qlib,600012.SH,UNKNOWN,[]
market_qlib-600015.SH,market_qlib,600015.SH,UNKNOWN,[]
market_qlib-600016.SH,market_qlib,600016.SH,UNKNOWN,[]
market_qlib-600017.SH,market_qlib,600017.SH,UNKNOWN,[]
market_qlib-600018.SH,market_qlib,600018.SH,UNKNOWN,[]
market_qlib-600019.SH,market_qlib,600019.SH,UNKNOWN,[]
market_qlib-600020.SH,market_qlib,600020.SH,UNKNOWN,[]
market_qlib-600021.SH,market_qlib,600021.SH,UNKNOWN,[]
market_qlib-600022.SH,market_qlib,600022.SH,UNKNOWN,[]
market_qlib-600023.SH,market_qlib,600023.SH,UNKNOWN,[]
market_qlib-600025.SH,market_qlib,600025.SH,UNKNOWN,[]
market_qlib-600026.SH,market_qlib,600026.SH,UNKNOWN,[]
market_qlib-600027.SH,market_qlib,600027.SH,UNKNOWN,[]
market_qlib-600028.SH,market_qlib,600028.SH,UNKNOWN,[]
market_qlib-600029.SH,market_qlib,600029.SH,UNKNOWN,[]
market_qlib-600030.SH,market_qlib,600030.SH,UNKNOWN,[]
market_qlib-600031.SH,market_qlib,600031.SH,UNKNOWN,[]
market_qlib-600032.SH,market_qlib,600032.SH,UNKNOWN,[]
market_qlib-600033.SH,market_qlib,600033.SH,UNKNOWN,[]
market_qlib-600035.SH,market_qlib,600035.SH,UNKNOWN,[]
market_qlib-600036.SH,market_qlib,600036.SH,UNKNOWN,[]
market_qlib-600037.SH,market_qlib,600037.SH,UNKNOWN,[]
market_qlib-600038.SH,market_qlib,600038.SH,UNKNOWN,[]
market_qlib-600039.SH,market_qlib,600039.SH,UNKNOWN,[]
market_qlib-600048.SH,market_qlib,600048.SH,UNKNOWN,[]
market_qlib-600050.SH,market_qlib,600050.SH,UNKNOWN,[]
market_qlib-600051.SH,market_qlib,600051.SH,UNKNOWN,[]
market_qlib-600052.SH,market_qlib,600052.SH,UNKNOWN,[]
market_qlib-600053.SH,market_qlib,600053.SH,UNKNOWN,[]
market_qlib-600054.SH,market_qlib,600054.SH,UNKNOWN,[]
market_qlib-600055.SH,market_qlib,600055.SH,UNKNOWN,[]
market_qlib-600056.SH,market_qlib,600056.SH,UNKNOWN,[]
market_qlib-600057.SH,market_qlib,600057.SH,UNKNOWN,[]
market_qlib-600058.SH,market_qlib,600058.SH,UNKNOWN,[]
market_qlib-600059.SH,market_qlib,600059.SH,UNKNOWN,[]
market_qlib-600060.SH,market_qlib,600060.SH,UNKNOWN,[]
market_qlib-600061.SH,market_qlib,600061.SH,UNKNOWN,[]
market_qlib-600062.SH,market_qlib,600062.SH,UNKNOWN,[]
market_qlib-600063.SH,market_qlib,600063.SH,UNKNOWN,[]
market_qlib-600064.SH,market_qlib,600064.SH,UNKNOWN,[]
market_qlib-600066.SH,market_qlib,600066.SH,UNKNOWN,[]
market_qlib-600067.SH,market_qlib,600067.SH,UNKNOWN,[]
market_qlib-600068.SH,market_qlib,600068.SH,UNKNOWN,[]
market_qlib-600069.SH,market_qlib,600069.SH,UNKNOWN,[]
market_qlib-600071.SH,market_qlib,600071.SH,UNKNOWN,[]
market_qlib-600072.SH,market_qlib,600072.SH,UNKNOWN,[]
market_qlib-600073.SH,market_qlib,600073.SH,UNKNOWN,[]
market_qlib-600074.SH,market_qlib,600074.SH,UNKNOWN,[]
market_qlib-600075.SH,market_qlib,600075.SH,UNKNOWN,[]
market_qlib-600076.SH,market_qlib,600076.SH,UNKNOWN,[]
market_qlib-600077.SH,market_qlib,600077.SH,UNKNOWN,[]
market_qlib-600078.SH,market_qlib,600078.SH,UNKNOWN,[]
market_qlib-600079.SH,market_qlib,600079.SH,UNKNOWN,[]
market_qlib-600080.SH,market_qlib,600080.SH,UNKNOWN,[]
market_qlib-600081.SH,market_qlib,600081.SH,UNKNOWN,[]
market_qlib-600082.SH,market_qlib,600082.SH,UNKNOWN,[]
market_qlib-600084.SH,market_qlib,600084.SH,UNKNOWN,[]
market_qlib-600085.SH,market_qlib,600085.SH,UNKNOWN,[]
market_qlib-600086.SH,market_qlib,600086.SH,UNKNOWN,[]
market_qlib-600088.SH,market_qlib,600088.SH,UNKNOWN,[]
market_qlib-600089.SH,market_qlib,600089.SH,UNKNOWN,[]
market_qlib-600090.SH,market_qlib,600090.SH,UNKNOWN,[]
market_qlib-600091.SH,market_qlib,600091.SH,UNKNOWN,[]
market_qlib-600093.SH,market_qlib,600093.SH,UNKNOWN,[]
market_qlib-600094.SH,market_qlib,600094.SH,UNKNOWN,[]
market_qlib-600095.SH,market_qlib,600095.SH,UNKNOWN,[]
market_qlib-600096.SH,market_qlib,600096.SH,UNKNOWN,[]
market_qlib-600097.SH,market_qlib,600097.SH,UNKNOWN,[]
market_qlib-600098.SH,market_qlib,600098.SH,UNKNOWN,[]
market_qlib-600100.SH,market_qlib,600100.SH,UNKNOWN,[]
market_qlib-600101.SH,market_qlib,600101.SH,UNKNOWN,[]
market_qlib-600103.SH,market_qlib,600103.SH,UNKNOWN,[]
market_qlib-600104.SH,market_qlib,600104.SH,UNKNOWN,[]
market_qlib-600105.SH,market_qlib,600105.SH,UNKNOWN,[]
market_qlib-600106.SH,market_qlib,600106.SH,UNKNOWN,[]
market_qlib-600107.SH,market_qlib,600107.SH,UNKNOWN,[]
market_qlib-600108.SH,market_qlib,600108.SH,UNKNOWN,[]
market_qlib-600109.SH,market_qlib,600109.SH,UNKNOWN,[]
market_qlib-600110.SH,market_qlib,600110.SH,UNKNOWN,[]
market_qlib-600111.SH,market_qlib,600111.SH,UNKNOWN,[]
market_qlib-600112.SH,market_qlib,600112.SH,UNKNOWN,[]
market_qlib-600113.SH,market_qlib,600113.SH,UNKNOWN,[]
market_qlib-600114.SH,market_qlib,600114.SH,UNKNOWN,[]
market_qlib-600115.SH,market_qlib,600115.SH,UNKNOWN,[]
market_qlib-600116.SH,market_qlib,600116.SH,UNKNOWN,[]
market_qlib-600117.SH,market_qlib,600117.SH,UNKNOWN,[]
market_qlib-600118.SH,market_qlib,600118.SH,UNKNOWN,[]
market_qlib-600119.SH,market_qlib,600119.SH,UNKNOWN,[]
market_qlib-600120.SH,market_qlib,600120.SH,UNKNOWN,[]
market_qlib-600121.SH,market_qlib,600121.SH,UNKNOWN,[]
market_qlib-600122.SH,market_qlib,600122.SH,UNKNOWN,[]
market_qlib-600123.SH,market_qlib,600123.SH,UNKNOWN,[]
market_qlib-600125.SH,market_qlib,600125.SH,UNKNOWN,[]
market_qlib-600126.SH,market_qlib,600126.SH,UNKNOWN,[]
market_qlib-600127.SH,market_qlib,600127.SH,UNKNOWN,[]
market_qlib-600128.SH,market_qlib,600128.SH,UNKNOWN,[]
market_qlib-600129.SH,market_qlib,600129.SH,UNKNOWN,[]
market_qlib-600130.SH,market_qlib,600130.SH,UNKNOWN,[]
market_qlib-600131.SH,market_qlib,600131.SH,UNKNOWN,[]
market_qlib-600132.SH,market_qlib,600132.SH,UNKNOWN,[]
market_qlib-600133.SH,market_qlib,600133.SH,UNKNOWN,[]
market_qlib-600135.SH,market_qlib,600135.SH,UNKNOWN,[]
market_qlib-600136.SH,market_qlib,600136.SH,UNKNOWN,[]
market_qlib-600138.SH,market_qlib,600138.SH,UNKNOWN,[]
market_qlib-600139.SH,market_qlib,600139.SH,UNKNOWN,[]
market_qlib-600141.SH,market_qlib,600141.SH,UNKNOWN,[]
market_qlib-600143.SH,market_qlib,600143.SH,UNKNOWN,[]
market_qlib-600146.SH,market_qlib,600146.SH,UNKNOWN,[]
market_qlib-600149.SH,market_qlib,600149.SH,UNKNOWN,[]
market_qlib-600150.SH,market_qlib,600150.SH,UNKNOWN,[]
market_qlib-600151.SH,market_qlib,600151.SH,UNKNOWN,[]
market_qlib-600152.SH,market_qlib,600152.SH,UNKNOWN,[]
market_qlib-600153.SH,market_qlib,600153.SH,UNKNOWN,[]
market_qlib-600155.SH,market_qlib,600155.SH,UNKNOWN,[]
market_qlib-600156.SH,market_qlib,600156.SH,UNKNOWN,[]
market_qlib-600157.SH,market_qlib,600157.SH,UNKNOWN,[]
market_qlib-600158.SH,market_qlib,600158.SH,UNKNOWN,[]
market_qlib-600159.SH,market_qlib,600159.SH,UNKNOWN,[]
market_qlib-600160.SH,market_qlib,600160.SH,UNKNOWN,[]
market_qlib-600161.SH,market_qlib,600161.SH,UNKNOWN,[]
market_qlib-600162.SH,market_qlib,600162.SH,UNKNOWN,[]
market_qlib-600163.SH,market_qlib,600163.SH,UNKNOWN,[]
market_qlib-600165.SH,market_qlib,600165.SH,UNKNOWN,[]
market_qlib-600166.SH,market_qlib,600166.SH,UNKNOWN,[]
market_qlib-600167.SH,market_qlib,600167.SH,UNKNOWN,[]
market_qlib-600168.SH,market_qlib,600168.SH,UNKNOWN,[]
market_qlib-600169.SH,market_qlib,600169.SH,UNKNOWN,[]
market_qlib-600170.SH,market_qlib,600170.SH,UNKNOWN,[]
market_qlib-600171.SH,market_qlib,600171.SH,UNKNOWN,[]
market_qlib-600172.SH,market_qlib,600172.SH,UNKNOWN,[]
market_qlib-600173.SH,market_qlib,600173.SH,UNKNOWN,[]
market_qlib-600175.SH,market_qlib,600175.SH,UNKNOWN,[]
market_qlib-600176.SH,market_qlib,600176.SH,UNKNOWN,[]
market_qlib-600177.SH,market_qlib,600177.SH,UNKNOWN,[]
market_qlib-600178.SH,market_qlib,600178.SH,UNKNOWN,[]
market_qlib-600179.SH,market_qlib,600179.SH,UNKNOWN,[]
market_qlib-600180.SH,market_qlib,600180.SH,UNKNOWN,[]
market_qlib-600182.SH,market_qlib,600182.SH,UNKNOWN,[]
market_qlib-600183.SH,market_qlib,600183.SH,UNKNOWN,[]
market_qlib-600184.SH,market_qlib,600184.SH,UNKNOWN,[]
market_qlib-600185.SH,market_qlib,600185.SH,UNKNOWN,[]
market_qlib-600186.SH,market_qlib,600186.SH,UNKNOWN,[]
market_qlib-600187.SH,market_qlib,600187.SH,UNKNOWN,[]
market_qlib-600188.SH,market_qlib,600188.SH,UNKNOWN,[]
market_qlib-600189.SH,market_qlib,600189.SH,UNKNOWN,[]
market_qlib-600190.SH,market_qlib,600190.SH,UNKNOWN,[]
market_qlib-600191.SH,market_qlib,600191.SH,UNKNOWN,[]
market_qlib-600192.SH,market_qlib,600192.SH,UNKNOWN,[]
market_qlib-600193.SH,market_qlib,600193.SH,UNKNOWN,[]
market_qlib-600195.SH,market_qlib,600195.SH,UNKNOWN,[]
market_qlib-600196.SH,market_qlib,600196.SH,UNKNOWN,[]
market_qlib-600197.SH,market_qlib,600197.SH,UNKNOWN,[]
market_qlib-600198.SH,market_qlib,600198.SH,UNKNOWN,[]
market_qlib-600199.SH,market_qlib,600199.SH,UNKNOWN,[]
market_qlib-600200.SH,market_qlib,600200.SH,UNKNOWN,[]
market_qlib-600201.SH,market_qlib,600201.SH,UNKNOWN,[]
market_qlib-600202.SH,market_qlib,600202.SH,UNKNOWN,[]
market_qlib-600203.SH,market_qlib,600203.SH,UNKNOWN,[]
market_qlib-600206.SH,market_qlib,600206.SH,UNKNOWN,[]
market_qlib-600207.SH,market_qlib,600207.SH,UNKNOWN,[]
market_qlib-600208.SH,market_qlib,600208.SH,UNKNOWN,[]
market_qlib-600209.SH,market_qlib,600209.SH,UNKNOWN,[]
market_qlib-600210.SH,market_qlib,600210.SH,UNKNOWN,[]
market_qlib-600211.SH,market_qlib,600211.SH,UNKNOWN,[]
market_qlib-600212.SH,market_qlib,600212.SH,UNKNOWN,[]
market_qlib-600215.SH,market_qlib,600215.SH,UNKNOWN,[]
market_qlib-600216.SH,market_qlib,600216.SH,UNKNOWN,[]
market_qlib-600217.SH,market_qlib,600217.SH,UNKNOWN,[]
market_qlib-600218.SH,market_qlib,600218.SH,UNKNOWN,[]
market_qlib-600219.SH,market_qlib,600219.SH,UNKNOWN,[]
market_qlib-600220.SH,market_qlib,600220.SH,UNKNOWN,[]
market_qlib-600221.SH,market_qlib,600221.SH,UNKNOWN,[]
market_qlib-600222.SH,market_qlib,600222.SH,UNKNOWN,[]
market_qlib-600223.SH,market_qlib,600223.SH,UNKNOWN,[]
market_qlib-600225.SH,market_qlib,600225.SH,UNKNOWN,[]
market_qlib-600226.SH,market_qlib,600226.SH,UNKNOWN,[]
market_qlib-600227.SH,market_qlib,600227.SH,UNKNOWN,[]
market_qlib-600228.SH,market_qlib,600228.SH,UNKNOWN,[]
market_qlib-600229.SH,market_qlib,600229.SH,UNKNOWN,[]
market_qlib-600230.SH,market_qlib,600230.SH,UNKNOWN,[]
market_qlib-600231.SH,market_qlib,600231.SH,UNKNOWN,[]
market_qlib-600232.SH,market_qlib,600232.SH,UNKNOWN,[]
market_qlib-600233.SH,market_qlib,600233.SH,UNKNOWN,[]
market_qlib-600235.SH,market_qlib,600235.SH,UNKNOWN,[]
market_qlib-600236.SH,market_qlib,600236.SH,UNKNOWN,[]
market_qlib-600237.SH,market_qlib,600237.SH,UNKNOWN,[]
market_qlib-600238.SH,market_qlib,600238.SH,UNKNOWN,[]
market_qlib-600239.SH,market_qlib,600239.SH,UNKNOWN,[]
market_qlib-600240.SH,market_qlib,600240.SH,UNKNOWN,[]
market_qlib-600242.SH,market_qlib,600242.SH,UNKNOWN,[]
market_qlib-600246.SH,market_qlib,600246.SH,UNKNOWN,[]
market_qlib-600247.SH,market_qlib,600247.SH,UNKNOWN,[]
market_qlib-600248.SH,market_qlib,600248.SH,UNKNOWN,[]
market_qlib-600249.SH,market_qlib,600249.SH,UNKNOWN,[]
market_qlib-600251.SH,market_qlib,600251.SH,UNKNOWN,[]
market_qlib-600252.SH,market_qlib,600252.SH,UNKNOWN,[]
market_qlib-600255.SH,market_qlib,600255.SH,UNKNOWN,[]
market_qlib-600256.SH,market_qlib,600256.SH,UNKNOWN,[]
market_qlib-600257.SH,market_qlib,600257.SH,UNKNOWN,[]
market_qlib-600258.SH,market_qlib,600258.SH,UNKNOWN,[]
market_qlib-600259.SH,market_qlib,600259.SH,UNKNOWN,[]
market_qlib-600260.SH,market_qlib,600260.SH,UNKNOWN,[]
market_qlib-600261.SH,market_qlib,600261.SH,UNKNOWN,[]
market_qlib-600262.SH,market_qlib,600262.SH,UNKNOWN,[]
market_qlib-600266.SH,market_qlib,600266.SH,UNKNOWN,[]
market_qlib-600267.SH,market_qlib,600267.SH,UNKNOWN,[]
market_qlib-600268.SH,market_qlib,600268.SH,UNKNOWN,[]
market_qlib-600269.SH,market_qlib,600269.SH,UNKNOWN,[]
market_qlib-600270.SH,market_qlib,600270.SH,UNKNOWN,[]
market_qlib-600271.SH,market_qlib,600271.SH,UNKNOWN,[]
market_qlib-600273.SH,market_qlib,600273.SH,UNKNOWN,[]
market_qlib-600275.SH,market_qlib,600275.SH,UNKNOWN,[]
market_qlib-600276.SH,market_qlib,600276.SH,UNKNOWN,[]
market_qlib-600277.SH,market_qlib,600277.SH,UNKNOWN,[]
market_qlib-600278.SH,market_qlib,600278.SH,UNKNOWN,[]
market_qlib-600279.SH,market_qlib,600279.SH,UNKNOWN,[]
market_qlib-600280.SH,market_qlib,600280.SH,UNKNOWN,[]
market_qlib-600281.SH,market_qlib,600281.SH,UNKNOWN,[]
market_qlib-600282.SH,market_qlib,600282.SH,UNKNOWN,[]
market_qlib-600283.SH,market_qlib,600283.SH,UNKNOWN,[]
market_qlib-600284.SH,market_qlib,600284.SH,UNKNOWN,[]
market_qlib-600285.SH,market_qlib,600285.SH,UNKNOWN,[]
market_qlib-600287.SH,market_qlib,600287.SH,UNKNOWN,[]
market_qlib-600288.SH,market_qlib,600288.SH,UNKNOWN,[]
market_qlib-600289.SH,market_qlib,600289.SH,UNKNOWN,[]
market_qlib-600290.SH,market_qlib,600290.SH,UNKNOWN,[]
market_qlib-600291.SH,market_qlib,600291.SH,UNKNOWN,[]
market_qlib-600292.SH,market_qlib,600292.SH,UNKNOWN,[]
market_qlib-600293.SH,market_qlib,600293.SH,UNKNOWN,[]
market_qlib-600295.SH,market_qlib,600295.SH,UNKNOWN,[]
market_qlib-600297.SH,market_qlib,600297.SH,UNKNOWN,[]
market_qlib-600298.SH,market_qlib,600298.SH,UNKNOWN,[]
market_qlib-600299.SH,market_qlib,600299.SH,UNKNOWN,[]
market_qlib-600300.SH,market_qlib,600300.SH,UNKNOWN,[]
market_qlib-600301.SH,market_qlib,600301.SH,UNKNOWN,[]
market_qlib-600302.SH,market_qlib,600302.SH,UNKNOWN,[]
market_qlib-600303.SH,market_qlib,600303.SH,UNKNOWN,[]
market_qlib-600305.SH,market_qlib,600305.SH,UNKNOWN,[]
market_qlib-600306.SH,market_qlib,600306.SH,UNKNOWN,[]
market_qlib-600307.SH,market_qlib,600307.SH,UNKNOWN,[]
market_qlib-600308.SH,market_qlib,600308.SH,UNKNOWN,[]
market_qlib-600309.SH,market_qlib,600309.SH,UNKNOWN,[]
market_qlib-600310.SH,market_qlib,600310.SH,UNKNOWN,[]
market_qlib-600311.SH,market_qlib,600311.SH,UNKNOWN,[]
market_qlib-600312.SH,market_qlib,600312.SH,UNKNOWN,[]
market_qlib-600313.SH,market_qlib,600313.SH,UNKNOWN,[]
market_qlib-600315.SH,market_qlib,600315.SH,UNKNOWN,[]
market_qlib-600316.SH,market_qlib,600316.SH,UNKNOWN,[]
market_qlib-600317.SH,market_qlib,600317.SH,UNKNOWN,[]
market_qlib-600318.SH,market_qlib,600318.SH,UNKNOWN,[]
market_qlib-600319.SH,market_qlib,600319.SH,UNKNOWN,[]
market_qlib-600320.SH,market_qlib,600320.SH,UNKNOWN,[]
market_qlib-600321.SH,market_qlib,600321.SH,UNKNOWN,[]
market_qlib-600322.SH,market_qlib,600322.SH,UNKNOWN,[]
market_qlib-600323.SH,market_qlib,600323.SH,UNKNOWN,[]
market_qlib-600325.SH,market_qlib,600325.SH,UNKNOWN,[]
market_qlib-600326.SH,market_qlib,600326.SH,UNKNOWN,[]
market_qlib-600327.SH,market_qlib,600327.SH,UNKNOWN,[]
market_qlib-600328.SH,market_qlib,600328.SH,UNKNOWN,[]
market_qlib-600329.SH,market_qlib,600329.SH,UNKNOWN,[]
market_qlib-600330.SH,market_qlib,600330.SH,UNKNOWN,[]
market_qlib-600331.SH,market_qlib,600331.SH,UNKNOWN,[]
market_qlib-600332.SH,market_qlib,600332.SH,UNKNOWN,[]
market_qlib-600333.SH,market_qlib,600333.SH,UNKNOWN,[]
market_qlib-600335.SH,market_qlib,600335.SH,UNKNOWN,[]
market_qlib-600336.SH,market_qlib,600336.SH,UNKNOWN,[]
market_qlib-600337.SH,market_qlib,600337.SH,UNKNOWN,[]
market_qlib-600338.SH,market_qlib,600338.SH,UNKNOWN,[]
market_qlib-600339.SH,market_qlib,600339.SH,UNKNOWN,[]
market_qlib-600340.SH,market_qlib,600340.SH,UNKNOWN,[]
market_qlib-600343.SH,market_qlib,600343.SH,UNKNOWN,[]
market_qlib-600345.SH,market_qlib,600345.SH,UNKNOWN,[]
market_qlib-600346.SH,market_qlib,600346.SH,UNKNOWN,[]
market_qlib-600348.SH,market_qlib,600348.SH,UNKNOWN,[]
market_qlib-600350.SH,market_qlib,600350.SH,UNKNOWN,[]
market_qlib-600351.SH,market_qlib,600351.SH,UNKNOWN,[]
market_qlib-600352.SH,market_qlib,600352.SH,UNKNOWN,[]
market_qlib-600353.SH,market_qlib,600353.SH,UNKNOWN,[]
market_qlib-600354.SH,market_qlib,600354.SH,UNKNOWN,[]
market_qlib-600356.SH,market_qlib,600356.SH,UNKNOWN,[]
market_qlib-600358.SH,market_qlib,600358.SH,UNKNOWN,[]
market_qlib-600359.SH,market_qlib,600359.SH,UNKNOWN,[]
market_qlib-600360.SH,market_qlib,600360.SH,UNKNOWN,[]
market_qlib-600361.SH,market_qlib,600361.SH,UNKNOWN,[]
market_qlib-600362.SH,market_qlib,600362.SH,UNKNOWN,[]
market_qlib-600363.SH,market_qlib,600363.SH,UNKNOWN,[]
market_qlib-600365.SH,market_qlib,600365.SH,UNKNOWN,[]
market_qlib-600366.SH,market_qlib,600366.SH,UNKNOWN,[]
market_qlib-600367.SH,market_qlib,600367.SH,UNKNOWN,[]
market_qlib-600368.SH,market_qlib,600368.SH,UNKNOWN,[]
market_qlib-600369.SH,market_qlib,600369.SH,UNKNOWN,[]
market_qlib-600370.SH,market_qlib,600370.SH,UNKNOWN,[]
market_qlib-600371.SH,market_qlib,600371.SH,UNKNOWN,[]
market_qlib-600372.SH,market_qlib,600372.SH,UNKNOWN,[]
market_qlib-600373.SH,market_qlib,600373.SH,UNKNOWN,[]
market_qlib-600375.SH,market_qlib,600375.SH,UNKNOWN,[]
market_qlib-600376.SH,market_qlib,600376.SH,UNKNOWN,[]
market_qlib-600377.SH,market_qlib,600377.SH,UNKNOWN,[]
market_qlib-600378.SH,market_qlib,600378.SH,UNKNOWN,[]
market_qlib-600380.SH,market_qlib,600380.SH,UNKNOWN,[]
market_qlib-600381.SH,market_qlib,600381.SH,UNKNOWN,[]
market_qlib-600382.SH,market_qlib,600382.SH,UNKNOWN,[]
market_qlib-600383.SH,market_qlib,600383.SH,UNKNOWN,[]
market_qlib-600386.SH,market_qlib,600386.SH,UNKNOWN,[]
market_qlib-600387.SH,market_qlib,600387.SH,UNKNOWN,[]
market_qlib-600388.SH,market_qlib,600388.SH,UNKNOWN,[]
market_qlib-600389.SH,market_qlib,600389.SH,UNKNOWN,[]
market_qlib-600390.SH,market_qlib,600390.SH,UNKNOWN,[]
market_qlib-600391.SH,market_qlib,600391.SH,UNKNOWN,[]
market_qlib-600392.SH,market_qlib,600392.SH,UNKNOWN,[]
market_qlib-600393.SH,market_qlib,600393.SH,UNKNOWN,[]
market_qlib-600395.SH,market_qlib,600395.SH,UNKNOWN,[]
market_qlib-600396.SH,market_qlib,600396.SH,UNKNOWN,[]
market_qlib-600397.SH,market_qlib,600397.SH,UNKNOWN,[]
market_qlib-600398.SH,market_qlib,600398.SH,UNKNOWN,[]
market_qlib-600399.SH,market_qlib,600399.SH,UNKNOWN,[]
market_qlib-600400.SH,market_qlib,600400.SH,UNKNOWN,[]
market_qlib-600401.SH,market_qlib,600401.SH,UNKNOWN,[]
market_qlib-600403.SH,market_qlib,600403.SH,UNKNOWN,[]
market_qlib-600405.SH,market_qlib,600405.SH,UNKNOWN,[]
market_qlib-600406.SH,market_qlib,600406.SH,UNKNOWN,[]
market_qlib-600408.SH,market_qlib,600408.SH,UNKNOWN,[]
market_qlib-600409.SH,market_qlib,600409.SH,UNKNOWN,[]
market_qlib-600410.SH,market_qlib,600410.SH,UNKNOWN,[]
market_qlib-600415.SH,market_qlib,600415.SH,UNKNOWN,[]
market_qlib-600416.SH,market_qlib,600416.SH,UNKNOWN,[]
market_qlib-600418.SH,market_qlib,600418.SH,UNKNOWN,[]
market_qlib-600420.SH,market_qlib,600420.SH,UNKNOWN,[]
market_qlib-600422.SH,market_qlib,600422.SH,UNKNOWN,[]
market_qlib-600423.SH,market_qlib,600423.SH,UNKNOWN,[]
market_qlib-600425.SH,market_qlib,600425.SH,UNKNOWN,[]
market_qlib-600426.SH,market_qlib,600426.SH,UNKNOWN,[]
market_qlib-600428.SH,market_qlib,600428.SH,UNKNOWN,[]
market_qlib-600429.SH,market_qlib,600429.SH,UNKNOWN,[]
market_qlib-600432.SH,market_qlib,600432.SH,UNKNOWN,[]
market_qlib-600433.SH,market_qlib,600433.SH,UNKNOWN,[]
market_qlib-600435.SH,market_qlib,600435.SH,UNKNOWN,[]
market_qlib-600436.SH,market_qlib,600436.SH,UNKNOWN,[]
market_qlib-600438.SH,market_qlib,600438.SH,UNKNOWN,[]
market_qlib-600439.SH,market_qlib,600439.SH,UNKNOWN,[]
market_qlib-600446.SH,market_qlib,600446.SH,UNKNOWN,[]
market_qlib-600449.SH,market_qlib,600449.SH,UNKNOWN,[]
market_qlib-600452.SH,market_qlib,600452.SH,UNKNOWN,[]
market_qlib-600456.SH,market_qlib,600456.SH,UNKNOWN,[]
market_qlib-600458.SH,market_qlib,600458.SH,UNKNOWN,[]
market_qlib-600459.SH,market_qlib,600459.SH,UNKNOWN,[]
market_qlib-600460.SH,market_qlib,600460.SH,UNKNOWN,[]
market_qlib-600461.SH,market_qlib,600461.SH,UNKNOWN,[]
market_qlib-600463.SH,market_qlib,600463.SH,UNKNOWN,[]
market_qlib-600466.SH,market_qlib,600466.SH,UNKNOWN,[]
market_qlib-600467.SH,market_qlib,600467.SH,UNKNOWN,[]
market_qlib-600468.SH,market_qlib,600468.SH,UNKNOWN,[]
market_qlib-600469.SH,market_qlib,600469.SH,UNKNOWN,[]
market_qlib-600470.SH,market_qlib,600470.SH,UNKNOWN,[]
market_qlib-600475.SH,market_qlib,600475.SH,UNKNOWN,[]
market_qlib-600477.SH,market_qlib,600477.SH,UNKNOWN,[]
market_qlib-600478.SH,market_qlib,600478.SH,UNKNOWN,[]
market_qlib-600479.SH,market_qlib,600479.SH,UNKNOWN,[]
market_qlib-600480.SH,market_qlib,600480.SH,UNKNOWN,[]
market_qlib-600481.SH,market_qlib,600481.SH,UNKNOWN,[]
market_qlib-600482.SH,market_qlib,600482.SH,UNKNOWN,[]
market_qlib-600483.SH,market_qlib,600483.SH,UNKNOWN,[]
market_qlib-600485.SH,market_qlib,600485.SH,UNKNOWN,[]
market_qlib-600486.SH,market_qlib,600486.SH,UNKNOWN,[]
market_qlib-600487.SH,market_qlib,600487.SH,UNKNOWN,[]
market_qlib-600488.SH,market_qlib,600488.SH,UNKNOWN,[]
market_qlib-600489.SH,market_qlib,600489.SH,UNKNOWN,[]
market_qlib-600490.SH,market_qlib,600490.SH,UNKNOWN,[]
market_qlib-600491.SH,market_qlib,600491.SH,UNKNOWN,[]
market_qlib-600495.SH,market_qlib,600495.SH,UNKNOWN,[]
market_qlib-600496.SH,market_qlib,600496.SH,UNKNOWN,[]
market_qlib-600497.SH,market_qlib,600497.SH,UNKNOWN,[]
market_qlib-600498.SH,market_qlib,600498.SH,UNKNOWN,[]
market_qlib-600499.SH,market_qlib,600499.SH,UNKNOWN,[]
market_qlib-600500.SH,market_qlib,600500.SH,UNKNOWN,[]
market_qlib-600501.SH,market_qlib,600501.SH,UNKNOWN,[]
market_qlib-600502.SH,market_qlib,600502.SH,UNKNOWN,[]
market_qlib-600503.SH,market_qlib,600503.SH,UNKNOWN,[]
market_qlib-600507.SH,market_qlib,600507.SH,UNKNOWN,[]
market_qlib-600508.SH,market_qlib,600508.SH,UNKNOWN,[]
market_qlib-600509.SH,market_qlib,600509.SH,UNKNOWN,[]
market_qlib-600510.SH,market_qlib,600510.SH,UNKNOWN,[]
market_qlib-600511.SH,market_qlib,600511.SH,UNKNOWN,[]
market_qlib-600512.SH,market_qlib,600512.SH,UNKNOWN,[]
market_qlib-600515.SH,market_qlib,600515.SH,UNKNOWN,[]
market_qlib-600516.SH,market_qlib,600516.SH,UNKNOWN,[]
market_qlib-600517.SH,market_qlib,600517.SH,UNKNOWN,[]
market_qlib-600518.SH,market_qlib,600518.SH,UNKNOWN,[]
market_qlib-600519.SH,market_qlib,600519.SH,UNKNOWN,[]
market_qlib-600521.SH,market_qlib,600521.SH,UNKNOWN,[]
market_qlib-600522.SH,market_qlib,600522.SH,UNKNOWN,[]
market_qlib-600523.SH,market_qlib,600523.SH,UNKNOWN,[]
market_qlib-600525.SH,market_qlib,600525.SH,UNKNOWN,[]
market_qlib-600526.SH,market_qlib,600526.SH,UNKNOWN,[]
market_qlib-600527.SH,market_qlib,600527.SH,UNKNOWN,[]
market_qlib-600528.SH,market_qlib,600528.SH,UNKNOWN,[]
market_qlib-600529.SH,market_qlib,600529.SH,UNKNOWN,[]
market_qlib-600530.SH,market_qlib,600530.SH,UNKNOWN,[]
market_qlib-600531.SH,market_qlib,600531.SH,UNKNOWN,[]
market_qlib-600533.SH,market_qlib,600533.SH,UNKNOWN,[]
market_qlib-600535.SH,market_qlib,600535.SH,UNKNOWN,[]
market_qlib-600536.SH,market_qlib,600536.SH,UNKNOWN,[]
market_qlib-600537.SH,market_qlib,600537.SH,UNKNOWN,[]
market_qlib-600540.SH,market_qlib,600540.SH,UNKNOWN,[]
market_qlib-600543.SH,market_qlib,600543.SH,UNKNOWN,[]
market_qlib-600545.SH,market_qlib,600545.SH,UNKNOWN,[]
market_qlib-600546.SH,market_qlib,600546.SH,UNKNOWN,[]
market_qlib-600547.SH,market_qlib,600547.SH,UNKNOWN,[]
market_qlib-600548.SH,market_qlib,600548.SH,UNKNOWN,[]
market_qlib-600549.SH,market_qlib,600549.SH,UNKNOWN,[]
market_qlib-600550.SH,market_qlib,600550.SH,UNKNOWN,[]
market_qlib-600551.SH,market_qlib,600551.SH,UNKNOWN,[]
market_qlib-600552.SH,market_qlib,600552.SH,UNKNOWN,[]
market_qlib-600555.SH,market_qlib,600555.SH,UNKNOWN,[]
market_qlib-600556.SH,market_qlib,600556.SH,UNKNOWN,[]
market_qlib-600557.SH,market_qlib,600557.SH,UNKNOWN,[]
market_qlib-600559.SH,market_qlib,600559.SH,UNKNOWN,[]
market_qlib-600560.SH,market_qlib,600560.SH,UNKNOWN,[]
market_qlib-600561.SH,market_qlib,600561.SH,UNKNOWN,[]
market_qlib-600562.SH,market_qlib,600562.SH,UNKNOWN,[]
market_qlib-600563.SH,market_qlib,600563.SH,UNKNOWN,[]
market_qlib-600565.SH,market_qlib,600565.SH,UNKNOWN,[]
market_qlib-600566.SH,market_qlib,600566.SH,UNKNOWN,[]
market_qlib-600567.SH,market_qlib,600567.SH,UNKNOWN,[]
market_qlib-600568.SH,market_qlib,600568.SH,UNKNOWN,[]
market_qlib-600569.SH,market_qlib,600569.SH,UNKNOWN,[]
market_qlib-600570.SH,market_qlib,600570.SH,UNKNOWN,[]
market_qlib-600571.SH,market_qlib,600571.SH,UNKNOWN,[]
market_qlib-600572.SH,market_qlib,600572.SH,UNKNOWN,[]
market_qlib-600573.SH,market_qlib,600573.SH,UNKNOWN,[]
market_qlib-600575.SH,market_qlib,600575.SH,UNKNOWN,[]
market_qlib-600577.SH,market_qlib,600577.SH,UNKNOWN,[]
market_qlib-600578.SH,market_qlib,600578.SH,UNKNOWN,[]
market_qlib-600580.SH,market_qlib,600580.SH,UNKNOWN,[]
market_qlib-600581.SH,market_qlib,600581.SH,UNKNOWN,[]
market_qlib-600582.SH,market_qlib,600582.SH,UNKNOWN,[]
market_qlib-600583.SH,market_qlib,600583.SH,UNKNOWN,[]
market_qlib-600584.SH,market_qlib,600584.SH,UNKNOWN,[]
market_qlib-600585.SH,market_qlib,600585.SH,UNKNOWN,[]
market_qlib-600586.SH,market_qlib,600586.SH,UNKNOWN,[]
market_qlib-600587.SH,market_qlib,600587.SH,UNKNOWN,[]
market_qlib-600588.SH,market_qlib,600588.SH,UNKNOWN,[]
market_qlib-600589.SH,market_qlib,600589.SH,UNKNOWN,[]
market_qlib-600590.SH,market_qlib,600590.SH,UNKNOWN,[]
market_qlib-600592.SH,market_qlib,600592.SH,UNKNOWN,[]
market_qlib-600594.SH,market_qlib,600594.SH,UNKNOWN,[]
market_qlib-600595.SH,market_qlib,600595.SH,UNKNOWN,[]
market_qlib-600596.SH,market_qlib,600596.SH,UNKNOWN,[]
market_qlib-600597.SH,market_qlib,600597.SH,UNKNOWN,[]
market_qlib-600598.SH,market_qlib,600598.SH,UNKNOWN,[]
market_qlib-600600.SH,market_qlib,600600.SH,UNKNOWN,[]
market_qlib-600601.SH,market_qlib,600601.SH,UNKNOWN,[]
market_qlib-600602.SH,market_qlib,600602.SH,UNKNOWN,[]
market_qlib-600603.SH,market_qlib,600603.SH,UNKNOWN,[]
market_qlib-600604.SH,market_qlib,600604.SH,UNKNOWN,[]
market_qlib-600605.SH,market_qlib,600605.SH,UNKNOWN,[]
market_qlib-600606.SH,market_qlib,600606.SH,UNKNOWN,[]
market_qlib-600608.SH,market_qlib,600608.SH,UNKNOWN,[]
market_qlib-600609.SH,market_qlib,600609.SH,UNKNOWN,[]
market_qlib-600610.SH,market_qlib,600610.SH,UNKNOWN,[]
market_qlib-600611.SH,market_qlib,600611.SH,UNKNOWN,[]
market_qlib-600612.SH,market_qlib,600612.SH,UNKNOWN,[]
market_qlib-600613.SH,market_qlib,600613.SH,UNKNOWN,[]
market_qlib-600614.SH,market_qlib,600614.SH,UNKNOWN,[]
market_qlib-600615.SH,market_qlib,600615.SH,UNKNOWN,[]
market_qlib-600616.SH,market_qlib,600616.SH,UNKNOWN,[]
market_qlib-600617.SH,market_qlib,600617.SH,UNKNOWN,[]
market_qlib-600618.SH,market_qlib,600618.SH,UNKNOWN,[]
market_qlib-600619.SH,market_qlib,600619.SH,UNKNOWN,[]
market_qlib-600620.SH,market_qlib,600620.SH,UNKNOWN,[]
market_qlib-600621.SH,market_qlib,600621.SH,UNKNOWN,[]
market_qlib-600622.SH,market_qlib,600622.SH,UNKNOWN,[]
market_qlib-600623.SH,market_qlib,600623.SH,UNKNOWN,[]
market_qlib-600624.SH,market_qlib,600624.SH,UNKNOWN,[]
market_qlib-600626.SH,market_qlib,600626.SH,UNKNOWN,[]
market_qlib-600628.SH,market_qlib,600628.SH,UNKNOWN,[]
market_qlib-600629.SH,market_qlib,600629.SH,UNKNOWN,[]
market_qlib-600630.SH,market_qlib,600630.SH,UNKNOWN,[]
market_qlib-600633.SH,market_qlib,600633.SH,UNKNOWN,[]
market_qlib-600634.SH,market_qlib,600634.SH,UNKNOWN,[]
market_qlib-600635.SH,market_qlib,600635.SH,UNKNOWN,[]
market_qlib-600636.SH,market_qlib,600636.SH,UNKNOWN,[]
market_qlib-600637.SH,market_qlib,600637.SH,UNKNOWN,[]
market_qlib-600638.SH,market_qlib,600638.SH,UNKNOWN,[]
market_qlib-600639.SH,market_qlib,600639.SH,UNKNOWN,[]
market_qlib-600640.SH,market_qlib,600640.SH,UNKNOWN,[]
market_qlib-600641.SH,market_qlib,600641.SH,UNKNOWN,[]
market_qlib-600642.SH,market_qlib,600642.SH,UNKNOWN,[]
market_qlib-600643.SH,market_qlib,600643.SH,UNKNOWN,[]
market_qlib-600644.SH,market_qlib,600644.SH,UNKNOWN,[]
market_qlib-600645.SH,market_qlib,600645.SH,UNKNOWN,[]
market_qlib-600648.SH,market_qlib,600648.SH,UNKNOWN,[]
market_qlib-600649.SH,market_qlib,600649.SH,UNKNOWN,[]
market_qlib-600650.SH,market_qlib,600650.SH,UNKNOWN,[]
market_qlib-600651.SH,market_qlib,600651.SH,UNKNOWN,[]
market_qlib-600652.SH,market_qlib,600652.SH,UNKNOWN,[]
market_qlib-600653.SH,market_qlib,600653.SH,UNKNOWN,[]
market_qlib-600654.SH,market_qlib,600654.SH,UNKNOWN,[]
market_qlib-600655.SH,market_qlib,600655.SH,UNKNOWN,[]
market_qlib-600657.SH,market_qlib,600657.SH,UNKNOWN,[]
market_qlib-600658.SH,market_qlib,600658.SH,UNKNOWN,[]
market_qlib-600660.SH,market_qlib,600660.SH,UNKNOWN,[]
market_qlib-600661.SH,market_qlib,600661.SH,UNKNOWN,[]
market_qlib-600662.SH,market_qlib,600662.SH,UNKNOWN,[]
market_qlib-600663.SH,market_qlib,600663.SH,UNKNOWN,[]
market_qlib-600664.SH,market_qlib,600664.SH,UNKNOWN,[]
market_qlib-600665.SH,market_qlib,600665.SH,UNKNOWN,[]
market_qlib-600666.SH,market_qlib,600666.SH,UNKNOWN,[]
market_qlib-600667.SH,market_qlib,600667.SH,UNKNOWN,[]
market_qlib-600668.SH,market_qlib,600668.SH,UNKNOWN,[]
market_qlib-600673.SH,market_qlib,600673.SH,UNKNOWN,[]
market_qlib-600674.SH,market_qlib,600674.SH,UNKNOWN,[]
market_qlib-600675.SH,market_qlib,600675.SH,UNKNOWN,[]
market_qlib-600676.SH,market_qlib,600676.SH,UNKNOWN,[]
market_qlib-600677.SH,market_qlib,600677.SH,UNKNOWN,[]
market_qlib-600678.SH,market_qlib,600678.SH,UNKNOWN,[]
market_qlib-600679.SH,market_qlib,600679.SH,UNKNOWN,[]
market_qlib-600680.SH,market_qlib,600680.SH,UNKNOWN,[]
market_qlib-600681.SH,market_qlib,600681.SH,UNKNOWN,[]
market_qlib-600682.SH,market_qlib,600682.SH,UNKNOWN,[]
market_qlib-600683.SH,market_qlib,600683.SH,UNKNOWN,[]
market_qlib-600684.SH,market_qlib,600684.SH,UNKNOWN,[]
market_qlib-600685.SH,market_qlib,600685.SH,UNKNOWN,[]
market_qlib-600686.SH,market_qlib,600686.SH,UNKNOWN,[]
market_qlib-600687.SH,market_qlib,600687.SH,UNKNOWN,[]
market_qlib-600688.SH,market_qlib,600688.SH,UNKNOWN,[]
market_qlib-600690.SH,market_qlib,600690.SH,UNKNOWN,[]
market_qlib-600691.SH,market_qlib,600691.SH,UNKNOWN,[]
market_qlib-600692.SH,market_qlib,600692.SH,UNKNOWN,[]
market_qlib-600693.SH,market_qlib,600693.SH,UNKNOWN,[]
market_qlib-600694.SH,market_qlib,600694.SH,UNKNOWN,[]
market_qlib-600695.SH,market_qlib,600695.SH,UNKNOWN,[]
market_qlib-600696.SH,market_qlib,600696.SH,UNKNOWN,[]
market_qlib-600697.SH,market_qlib,600697.SH,UNKNOWN,[]
market_qlib-600698.SH,market_qlib,600698.SH,UNKNOWN,[]
market_qlib-600699.SH,market_qlib,600699.SH,UNKNOWN,[]
market_qlib-600701.SH,market_qlib,600701.SH,UNKNOWN,[]
market_qlib-600702.SH,market_qlib,600702.SH,UNKNOWN,[]
market_qlib-600703.SH,market_qlib,600703.SH,UNKNOWN,[]
market_qlib-600704.SH,market_qlib,600704.SH,UNKNOWN,[]
market_qlib-600705.SH,market_qlib,600705.SH,UNKNOWN,[]
market_qlib-600706.SH,market_qlib,600706.SH,UNKNOWN,[]
market_qlib-600707.SH,market_qlib,600707.SH,UNKNOWN,[]
market_qlib-600708.SH,market_qlib,600708.SH,UNKNOWN,[]
market_qlib-600710.SH,market_qlib,600710.SH,UNKNOWN,[]
market_qlib-600711.SH,market_qlib,600711.SH,UNKNOWN,[]
market_qlib-600713.SH,market_qlib,600713.SH,UNKNOWN,[]
market_qlib-600714.SH,market_qlib,600714.SH,UNKNOWN,[]
market_qlib-600715.SH,market_qlib,600715.SH,UNKNOWN,[]
market_qlib-600716.SH,market_qlib,600716.SH,UNKNOWN,[]
market_qlib-600717.SH,market_qlib,600717.SH,UNKNOWN,[]
market_qlib-600718.SH,market_qlib,600718.SH,UNKNOWN,[]
market_qlib-600720.SH,market_qlib,600720.SH,UNKNOWN,[]
market_qlib-600722.SH,market_qlib,600722.SH,UNKNOWN,[]
market_qlib-600723.SH,market_qlib,600723.SH,UNKNOWN,[]
market_qlib-600724.SH,market_qlib,600724.SH,UNKNOWN,[]
market_qlib-600725.SH,market_qlib,600725.SH,UNKNOWN,[]
market_qlib-600726.SH,market_qlib,600726.SH,UNKNOWN,[]
market_qlib-600727.SH,market_qlib,600727.SH,UNKNOWN,[]
market_qlib-600728.SH,market_qlib,600728.SH,UNKNOWN,[]
market_qlib-600729.SH,market_qlib,600729.SH,UNKNOWN,[]
market_qlib-600730.SH,market_qlib,600730.SH,UNKNOWN,[]
market_qlib-600732.SH,market_qlib,600732.SH,UNKNOWN,[]
market_qlib-600733.SH,market_qlib,600733.SH,UNKNOWN,[]
market_qlib-600734.SH,market_qlib,600734.SH,UNKNOWN,[]
market_qlib-600735.SH,market_qlib,600735.SH,UNKNOWN,[]
market_qlib-600736.SH,market_qlib,600736.SH,UNKNOWN,[]
market_qlib-600737.SH,market_qlib,600737.SH,UNKNOWN,[]
market_qlib-600738.SH,market_qlib,600738.SH,UNKNOWN,[]
market_qlib-600739.SH,market_qlib,600739.SH,UNKNOWN,[]
market_qlib-600740.SH,market_qlib,600740.SH,UNKNOWN,[]
market_qlib-600741.SH,market_qlib,600741.SH,UNKNOWN,[]
market_qlib-600742.SH,market_qlib,600742.SH,UNKNOWN,[]
market_qlib-600743.SH,market_qlib,600743.SH,UNKNOWN,[]
market_qlib-600744.SH,market_qlib,600744.SH,UNKNOWN,[]
market_qlib-600745.SH,market_qlib,600745.SH,UNKNOWN,[]
market_qlib-600746.SH,market_qlib,600746.SH,UNKNOWN,[]
market_qlib-600747.SH,market_qlib,600747.SH,UNKNOWN,[]
market_qlib-600748.SH,market_qlib,600748.SH,UNKNOWN,[]
market_qlib-600750.SH,market_qlib,600750.SH,UNKNOWN,[]
market_qlib-600751.SH,market_qlib,600751.SH,UNKNOWN,[]
market_qlib-600754.SH,market_qlib,600754.SH,UNKNOWN,[]
market_qlib-600755.SH,market_qlib,600755.SH,UNKNOWN,[]
market_qlib-600756.SH,market_qlib,600756.SH,UNKNOWN,[]
market_qlib-600757.SH,market_qlib,600757.SH,UNKNOWN,[]
market_qlib-600758.SH,market_qlib,600758.SH,UNKNOWN,[]
market_qlib-600759.SH,market_qlib,600759.SH,UNKNOWN,[]
market_qlib-600760.SH,market_qlib,600760.SH,UNKNOWN,[]
market_qlib-600761.SH,market_qlib,600761.SH,UNKNOWN,[]
market_qlib-600763.SH,market_qlib,600763.SH,UNKNOWN,[]
market_qlib-600764.SH,market_qlib,600764.SH,UNKNOWN,[]
market_qlib-600765.SH,market_qlib,600765.SH,UNKNOWN,[]
market_qlib-600767.SH,market_qlib,600767.SH,UNKNOWN,[]
market_qlib-600768.SH,market_qlib,600768.SH,UNKNOWN,[]
market_qlib-600769.SH,market_qlib,600769.SH,UNKNOWN,[]
market_qlib-600770.SH,market_qlib,600770.SH,UNKNOWN,[]
market_qlib-600771.SH,market_qlib,600771.SH,UNKNOWN,[]
market_qlib-600773.SH,market_qlib,600773.SH,UNKNOWN,[]
market_qlib-600775.SH,market_qlib,600775.SH,UNKNOWN,[]
market_qlib-600776.SH,market_qlib,600776.SH,UNKNOWN,[]
market_qlib-600777.SH,market_qlib,600777.SH,UNKNOWN,[]
market_qlib-600778.SH,market_qlib,600778.SH,UNKNOWN,[]
market_qlib-600779.SH,market_qlib,600779.SH,UNKNOWN,[]
market_qlib-600780.SH,market_qlib,600780.SH,UNKNOWN,[]
market_qlib-600781.SH,market_qlib,600781.SH,UNKNOWN,[]
market_qlib-600782.SH,market_qlib,600782.SH,UNKNOWN,[]
market_qlib-600783.SH,market_qlib,600783.SH,UNKNOWN,[]
market_qlib-600784.SH,market_qlib,600784.SH,UNKNOWN,[]
market_qlib-600785.SH,market_qlib,600785.SH,UNKNOWN,[]
market_qlib-600787.SH,market_qlib,600787.SH,UNKNOWN,[]
market_qlib-600789.SH,market_qlib,600789.SH,UNKNOWN,[]
market_qlib-600790.SH,market_qlib,600790.SH,UNKNOWN,[]
market_qlib-600791.SH,market_qlib,600791.SH,UNKNOWN,[]
market_qlib-600792.SH,market_qlib,600792.SH,UNKNOWN,[]
market_qlib-600794.SH,market_qlib,600794.SH,UNKNOWN,[]
market_qlib-600795.SH,market_qlib,600795.SH,UNKNOWN,[]
market_qlib-600796.SH,market_qlib,600796.SH,UNKNOWN,[]
market_qlib-600797.SH,market_qlib,600797.SH,UNKNOWN,[]
market_qlib-600798.SH,market_qlib,600798.SH,UNKNOWN,[]
market_qlib-600800.SH,market_qlib,600800.SH,UNKNOWN,[]
market_qlib-600801.SH,market_qlib,600801.SH,UNKNOWN,[]
market_qlib-600802.SH,market_qlib,600802.SH,UNKNOWN,[]
market_qlib-600803.SH,market_qlib,600803.SH,UNKNOWN,[]
market_qlib-600804.SH,market_qlib,600804.SH,UNKNOWN,[]
market_qlib-600805.SH,market_qlib,600805.SH,UNKNOWN,[]
market_qlib-600806.SH,market_qlib,600806.SH,UNKNOWN,[]
market_qlib-600807.SH,market_qlib,600807.SH,UNKNOWN,[]
market_qlib-600808.SH,market_qlib,600808.SH,UNKNOWN,[]
market_qlib-600809.SH,market_qlib,600809.SH,UNKNOWN,[]
market_qlib-600810.SH,market_qlib,600810.SH,UNKNOWN,[]
market_qlib-600811.SH,market_qlib,600811.SH,UNKNOWN,[]
market_qlib-600812.SH,market_qlib,600812.SH,UNKNOWN,[]
market_qlib-600814.SH,market_qlib,600814.SH,UNKNOWN,[]
market_qlib-600815.SH,market_qlib,600815.SH,UNKNOWN,[]
market_qlib-600816.SH,market_qlib,600816.SH,UNKNOWN,[]
market_qlib-600817.SH,market_qlib,600817.SH,UNKNOWN,[]
market_qlib-600818.SH,market_qlib,600818.SH,UNKNOWN,[]
market_qlib-600819.SH,market_qlib,600819.SH,UNKNOWN,[]
market_qlib-600820.SH,market_qlib,600820.SH,UNKNOWN,[]
market_qlib-600821.SH,market_qlib,600821.SH,UNKNOWN,[]
market_qlib-600822.SH,market_qlib,600822.SH,UNKNOWN,[]
market_qlib-600823.SH,market_qlib,600823.SH,UNKNOWN,[]
market_qlib-600824.SH,market_qlib,600824.SH,UNKNOWN,[]
market_qlib-600825.SH,market_qlib,600825.SH,UNKNOWN,[]
market_qlib-600826.SH,market_qlib,600826.SH,UNKNOWN,[]
market_qlib-600827.SH,market_qlib,600827.SH,UNKNOWN,[]
market_qlib-600828.SH,market_qlib,600828.SH,UNKNOWN,[]
market_qlib-600829.SH,market_qlib,600829.SH,UNKNOWN,[]
market_qlib-600830.SH,market_qlib,600830.SH,UNKNOWN,[]
market_qlib-600831.SH,market_qlib,600831.SH,UNKNOWN,[]
market_qlib-600832.SH,market_qlib,600832.SH,UNKNOWN,[]
market_qlib-600833.SH,market_qlib,600833.SH,UNKNOWN,[]
market_qlib-600834.SH,market_qlib,600834.SH,UNKNOWN,[]
market_qlib-600835.SH,market_qlib,600835.SH,UNKNOWN,[]
market_qlib-600836.SH,market_qlib,600836.SH,UNKNOWN,[]
market_qlib-600837.SH,market_qlib,600837.SH,UNKNOWN,[]
market_qlib-600838.SH,market_qlib,600838.SH,UNKNOWN,[]
market_qlib-600839.SH,market_qlib,600839.SH,UNKNOWN,[]
market_qlib-600841.SH,market_qlib,600841.SH,UNKNOWN,[]
market_qlib-600843.SH,market_qlib,600843.SH,UNKNOWN,[]
market_qlib-600844.SH,market_qlib,600844.SH,UNKNOWN,[]
market_qlib-600845.SH,market_qlib,600845.SH,UNKNOWN,[]
market_qlib-600846.SH,market_qlib,600846.SH,UNKNOWN,[]
market_qlib-600848.SH,market_qlib,600848.SH,UNKNOWN,[]
market_qlib-600850.SH,market_qlib,600850.SH,UNKNOWN,[]
market_qlib-600851.SH,market_qlib,600851.SH,UNKNOWN,[]
market_qlib-600854.SH,market_qlib,600854.SH,UNKNOWN,[]
market_qlib-600855.SH,market_qlib,600855.SH,UNKNOWN,[]
market_qlib-600856.SH,market_qlib,600856.SH,UNKNOWN,[]
market_qlib-600857.SH,market_qlib,600857.SH,UNKNOWN,[]
market_qlib-600858.SH,market_qlib,600858.SH,UNKNOWN,[]
market_qlib-600859.SH,market_qlib,600859.SH,UNKNOWN,[]
market_qlib-600860.SH,market_qlib,600860.SH,UNKNOWN,[]
market_qlib-600861.SH,market_qlib,600861.SH,UNKNOWN,[]
market_qlib-600862.SH,market_qlib,600862.SH,UNKNOWN,[]
market_qlib-600863.SH,market_qlib,600863.SH,UNKNOWN,[]
market_qlib-600864.SH,market_qlib,600864.SH,UNKNOWN,[]
market_qlib-600865.SH,market_qlib,600865.SH,UNKNOWN,[]
market_qlib-600866.SH,market_qlib,600866.SH,UNKNOWN,[]
market_qlib-600867.SH,market_qlib,600867.SH,UNKNOWN,[]
market_qlib-600868.SH,market_qlib,600868.SH,UNKNOWN,[]
market_qlib-600869.SH,market_qlib,600869.SH,UNKNOWN,[]
market_qlib-600870.SH,market_qlib,600870.SH,UNKNOWN,[]
market_qlib-600871.SH,market_qlib,600871.SH,UNKNOWN,[]
market_qlib-600872.SH,market_qlib,600872.SH,UNKNOWN,[]
market_qlib-600873.SH,market_qlib,600873.SH,UNKNOWN,[]
market_qlib-600874.SH,market_qlib,600874.SH,UNKNOWN,[]
market_qlib-600875.SH,market_qlib,600875.SH,UNKNOWN,[]
market_qlib-600876.SH,market_qlib,600876.SH,UNKNOWN,[]
market_qlib-600877.SH,market_qlib,600877.SH,UNKNOWN,[]
market_qlib-600879.SH,market_qlib,600879.SH,UNKNOWN,[]
market_qlib-600880.SH,market_qlib,600880.SH,UNKNOWN,[]
market_qlib-600881.SH,market_qlib,600881.SH,UNKNOWN,[]
market_qlib-600882.SH,market_qlib,600882.SH,UNKNOWN,[]
market_qlib-600883.SH,market_qlib,600883.SH,UNKNOWN,[]
market_qlib-600884.SH,market_qlib,600884.SH,UNKNOWN,[]
market_qlib-600885.SH,market_qlib,600885.SH,UNKNOWN,[]
market_qlib-600886.SH,market_qlib,600886.SH,UNKNOWN,[]
market_qlib-600887.SH,market_qlib,600887.SH,UNKNOWN,[]
market_qlib-600888.SH,market_qlib,600888.SH,UNKNOWN,[]
market_qlib-600890.SH,market_qlib,600890.SH,UNKNOWN,[]
market_qlib-600891.SH,market_qlib,600891.SH,UNKNOWN,[]
market_qlib-600893.SH,market_qlib,600893.SH,UNKNOWN,[]
market_qlib-600894.SH,market_qlib,600894.SH,UNKNOWN,[]
market_qlib-600895.SH,market_qlib,600895.SH,UNKNOWN,[]
market_qlib-600896.SH,market_qlib,600896.SH,UNKNOWN,[]
market_qlib-600897.SH,market_qlib,600897.SH,UNKNOWN,[]
market_qlib-600900.SH,market_qlib,600900.SH,UNKNOWN,[]
market_qlib-600901.SH,market_qlib,600901.SH,UNKNOWN,[]
market_qlib-600903.SH,market_qlib,600903.SH,UNKNOWN,[]
market_qlib-600905.SH,market_qlib,600905.SH,UNKNOWN,[]
market_qlib-600906.SH,market_qlib,600906.SH,UNKNOWN,[]
market_qlib-600908.SH,market_qlib,600908.SH,UNKNOWN,[]
market_qlib-600909.SH,market_qlib,600909.SH,UNKNOWN,[]
market_qlib-600916.SH,market_qlib,600916.SH,UNKNOWN,[]
market_qlib-600917.SH,market_qlib,600917.SH,UNKNOWN,[]
market_qlib-600918.SH,market_qlib,600918.SH,UNKNOWN,[]
market_qlib-600919.SH,market_qlib,600919.SH,UNKNOWN,[]
market_qlib-600925.SH,market_qlib,600925.SH,UNKNOWN,[]
market_qlib-600926.SH,market_qlib,600926.SH,UNKNOWN,[]
market_qlib-600927.SH,market_qlib,600927.SH,UNKNOWN,[]
market_qlib-600928.SH,market_qlib,600928.SH,UNKNOWN,[]
market_qlib-600929.SH,market_qlib,600929.SH,UNKNOWN,[]
market_qlib-600930.SH,market_qlib,600930.SH,UNKNOWN,[]
market_qlib-600933.SH,market_qlib,600933.SH,UNKNOWN,[]
market_qlib-600935.SH,market_qlib,600935.SH,UNKNOWN,[]
market_qlib-600936.SH,market_qlib,600936.SH,UNKNOWN,[]
market_qlib-600938.SH,market_qlib,600938.SH,UNKNOWN,[]
market_qlib-600939.SH,market_qlib,600939.SH,UNKNOWN,[]
market_qlib-600941.SH,market_qlib,600941.SH,UNKNOWN,[]
market_qlib-600955.SH,market_qlib,600955.SH,UNKNOWN,[]
market_qlib-600956.SH,market_qlib,600956.SH,UNKNOWN,[]
market_qlib-600958.SH,market_qlib,600958.SH,UNKNOWN,[]
market_qlib-600959.SH,market_qlib,600959.SH,UNKNOWN,[]
market_qlib-600961.SH,market_qlib,600961.SH,UNKNOWN,[]
market_qlib-600962.SH,market_qlib,600962.SH,UNKNOWN,[]
market_qlib-600963.SH,market_qlib,600963.SH,UNKNOWN,[]
market_qlib-600965.SH,market_qlib,600965.SH,UNKNOWN,[]
market_qlib-600966.SH,market_qlib,600966.SH,UNKNOWN,[]
market_qlib-600967.SH,market_qlib,600967.SH,UNKNOWN,[]
market_qlib-600968.SH,market_qlib,600968.SH,UNKNOWN,[]
market_qlib-600969.SH,market_qlib,600969.SH,UNKNOWN,[]
market_qlib-600970.SH,market_qlib,600970.SH,UNKNOWN,[]
market_qlib-600971.SH,market_qlib,600971.SH,UNKNOWN,[]
market_qlib-600973.SH,market_qlib,600973.SH,UNKNOWN,[]
market_qlib-600975.SH,market_qlib,600975.SH,UNKNOWN,[]
market_qlib-600976.SH,market_qlib,600976.SH,UNKNOWN,[]
market_qlib-600977.SH,market_qlib,600977.SH,UNKNOWN,[]
market_qlib-600978.SH,market_qlib,600978.SH,UNKNOWN,[]
market_qlib-600979.SH,market_qlib,600979.SH,UNKNOWN,[]
market_qlib-600981.SH,market_qlib,600981.SH,UNKNOWN,[]
market_qlib-600982.SH,market_qlib,600982.SH,UNKNOWN,[]
market_qlib-600983.SH,market_qlib,600983.SH,UNKNOWN,[]
market_qlib-600984.SH,market_qlib,600984.SH,UNKNOWN,[]
market_qlib-600985.SH,market_qlib,600985.SH,UNKNOWN,[]
market_qlib-600986.SH,market_qlib,600986.SH,UNKNOWN,[]
market_qlib-600987.SH,market_qlib,600987.SH,UNKNOWN,[]
market_qlib-600988.SH,market_qlib,600988.SH,UNKNOWN,[]
market_qlib-600989.SH,market_qlib,600989.SH,UNKNOWN,[]
market_qlib-600990.SH,market_qlib,600990.SH,UNKNOWN,[]
market_qlib-600993.SH,market_qlib,600993.SH,UNKNOWN,[]
market_qlib-600995.SH,market_qlib,600995.SH,UNKNOWN,[]
market_qlib-600996.SH,market_qlib,600996.SH,UNKNOWN,[]
market_qlib-600997.SH,market_qlib,600997.SH,UNKNOWN,[]
market_qlib-600998.SH,market_qlib,600998.SH,UNKNOWN,[]
market_qlib-600999.SH,market_qlib,600999.SH,UNKNOWN,[]
market_qlib-601000.SH,market_qlib,601000.SH,UNKNOWN,[]
market_qlib-601001.SH,market_qlib,601001.SH,UNKNOWN,[]
market_qlib-601002.SH,market_qlib,601002.SH,UNKNOWN,[]
market_qlib-601003.SH,market_qlib,601003.SH,UNKNOWN,[]
market_qlib-601005.SH,market_qlib,601005.SH,UNKNOWN,[]
market_qlib-601006.SH,market_qlib,601006.SH,UNKNOWN,[]
market_qlib-601007.SH,market_qlib,601007.SH,UNKNOWN,[]
market_qlib-601008.SH,market_qlib,601008.SH,UNKNOWN,[]
market_qlib-601009.SH,market_qlib,601009.SH,UNKNOWN,[]
market_qlib-601010.SH,market_qlib,601010.SH,UNKNOWN,[]
market_qlib-601011.SH,market_qlib,601011.SH,UNKNOWN,[]
market_qlib-601012.SH,market_qlib,601012.SH,UNKNOWN,[]
market_qlib-601015.SH,market_qlib,601015.SH,UNKNOWN,[]
market_qlib-601016.SH,market_qlib,601016.SH,UNKNOWN,[]
market_qlib-601018.SH,market_qlib,601018.SH,UNKNOWN,[]
market_qlib-601019.SH,market_qlib,601019.SH,UNKNOWN,[]
market_qlib-601020.SH,market_qlib,601020.SH,UNKNOWN,[]
market_qlib-601021.SH,market_qlib,601021.SH,UNKNOWN,[]
market_qlib-601022.SH,market_qlib,601022.SH,UNKNOWN,[]
market_qlib-601026.SH,market_qlib,601026.SH,UNKNOWN,[]
market_qlib-601028.SH,market_qlib,601028.SH,UNKNOWN,[]
market_qlib-601033.SH,market_qlib,601033.SH,UNKNOWN,[]
market_qlib-601038.SH,market_qlib,601038.SH,UNKNOWN,[]
market_qlib-601058.SH,market_qlib,601058.SH,UNKNOWN,[]
market_qlib-601059.SH,market_qlib,601059.SH,UNKNOWN,[]
market_qlib-601061.SH,market_qlib,601061.SH,UNKNOWN,[]
market_qlib-601066.SH,market_qlib,601066.SH,UNKNOWN,[]
market_qlib-601068.SH,market_qlib,601068.SH,UNKNOWN,[]
market_qlib-601069.SH,market_qlib,601069.SH,UNKNOWN,[]
market_qlib-601077.SH,market_qlib,601077.SH,UNKNOWN,[]
market_qlib-601083.SH,market_qlib,601083.SH,UNKNOWN,[]
market_qlib-601088.SH,market_qlib,601088.SH,UNKNOWN,[]
market_qlib-601089.SH,market_qlib,601089.SH,UNKNOWN,[]
market_qlib-601096.SH,market_qlib,601096.SH,UNKNOWN,[]
market_qlib-601098.SH,market_qlib,601098.SH,UNKNOWN,[]
market_qlib-601099.SH,market_qlib,601099.SH,UNKNOWN,[]
market_qlib-601100.SH,market_qlib,601100.SH,UNKNOWN,[]
market_qlib-601101.SH,market_qlib,601101.SH,UNKNOWN,[]
market_qlib-601106.SH,market_qlib,601106.SH,UNKNOWN,[]
market_qlib-601107.SH,market_qlib,601107.SH,UNKNOWN,[]
market_qlib-601108.SH,market_qlib,601108.SH,UNKNOWN,[]
market_qlib-601111.SH,market_qlib,601111.SH,UNKNOWN,[]
market_qlib-601112.SH,market_qlib,601112.SH,UNKNOWN,[]
market_qlib-601113.SH,market_qlib,601113.SH,UNKNOWN,[]
market_qlib-601116.SH,market_qlib,601116.SH,UNKNOWN,[]
market_qlib-601117.SH,market_qlib,601117.SH,UNKNOWN,[]
market_qlib-601118.SH,market_qlib,601118.SH,UNKNOWN,[]
market_qlib-601126.SH,market_qlib,601126.SH,UNKNOWN,[]
market_qlib-601127.SH,market_qlib,601127.SH,UNKNOWN,[]
market_qlib-601128.SH,market_qlib,601128.SH,UNKNOWN,[]
market_qlib-601136.SH,market_qlib,601136.SH,UNKNOWN,[]
market_qlib-601137.SH,market_qlib,601137.SH,UNKNOWN,[]
market_qlib-601138.SH,market_qlib,601138.SH,UNKNOWN,[]
market_qlib-601139.SH,market_qlib,601139.SH,UNKNOWN,[]
market_qlib-601155.SH,market_qlib,601155.SH,UNKNOWN,[]
market_qlib-601156.SH,market_qlib,601156.SH,UNKNOWN,[]
market_qlib-601158.SH,market_qlib,601158.SH,UNKNOWN,[]
market_qlib-601162.SH,market_qlib,601162.SH,UNKNOWN,[]
market_qlib-601163.SH,market_qlib,601163.SH,UNKNOWN,[]
market_qlib-601166.SH,market_qlib,601166.SH,UNKNOWN,[]
market_qlib-601168.SH,market_qlib,601168.SH,UNKNOWN,[]
market_qlib-601169.SH,market_qlib,601169.SH,UNKNOWN,[]
market_qlib-601179.SH,market_qlib,601179.SH,UNKNOWN,[]
market_qlib-601186.SH,market_qlib,601186.SH,UNKNOWN,[]
market_qlib-601187.SH,market_qlib,601187.SH,UNKNOWN,[]
market_qlib-601188.SH,market_qlib,601188.SH,UNKNOWN,[]
market_qlib-601198.SH,market_qlib,601198.SH,UNKNOWN,[]
market_qlib-601199.SH,market_qlib,601199.SH,UNKNOWN,[]
market_qlib-601200.SH,market_qlib,601200.SH,UNKNOWN,[]
market_qlib-601208.SH,market_qlib,601208.SH,UNKNOWN,[]
market_qlib-601211.SH,market_qlib,601211.SH,UNKNOWN,[]
market_qlib-601212.SH,market_qlib,601212.SH,UNKNOWN,[]
market_qlib-601216.SH,market_qlib,601216.SH,UNKNOWN,[]
market_qlib-601218.SH,market_qlib,601218.SH,UNKNOWN,[]
market_qlib-601222.SH,market_qlib,601222.SH,UNKNOWN,[]
market_qlib-601225.SH,market_qlib,601225.SH,UNKNOWN,[]
market_qlib-601226.SH,market_qlib,601226.SH,UNKNOWN,[]
market_qlib-601228.SH,market_qlib,601228.SH,UNKNOWN,[]
market_qlib-601229.SH,market_qlib,601229.SH,UNKNOWN,[]
market_qlib-601231.SH,market_qlib,601231.SH,UNKNOWN,[]
market_qlib-601233.SH,market_qlib,601233.SH,UNKNOWN,[]
market_qlib-601236.SH,market_qlib,601236.SH,UNKNOWN,[]
market_qlib-601238.SH,market_qlib,601238.SH,UNKNOWN,[]
market_qlib-601258.SH,market_qlib,601258.SH,UNKNOWN,[]
market_qlib-601268.SH,market_qlib,601268.SH,UNKNOWN,[]
market_qlib-601279.SH,market_qlib,601279.SH,UNKNOWN,[]
market_qlib-601288.SH,market_qlib,601288.SH,UNKNOWN,[]
market_qlib-601298.SH,market_qlib,601298.SH,UNKNOWN,[]
market_qlib-601299.SH,market_qlib,601299.SH,UNKNOWN,[]
market_qlib-601311.SH,market_qlib,601311.SH,UNKNOWN,[]
market_qlib-601318.SH,market_qlib,601318.SH,UNKNOWN,[]
market_qlib-601319.SH,market_qlib,601319.SH,UNKNOWN,[]
market_qlib-601326.SH,market_qlib,601326.SH,UNKNOWN,[]
market_qlib-601328.SH,market_qlib,601328.SH,UNKNOWN,[]
market_qlib-601330.SH,market_qlib,601330.SH,UNKNOWN,[]
market_qlib-601333.SH,market_qlib,601333.SH,UNKNOWN,[]
market_qlib-601336.SH,market_qlib,601336.SH,UNKNOWN,[]
market_qlib-601339.SH,market_qlib,601339.SH,UNKNOWN,[]
market_qlib-601360.SH,market_qlib,601360.SH,UNKNOWN,[]
market_qlib-601366.SH,market_qlib,601366.SH,UNKNOWN,[]
market_qlib-601368.SH,market_qlib,601368.SH,UNKNOWN,[]
market_qlib-601369.SH,market_qlib,601369.SH,UNKNOWN,[]
market_qlib-601375.SH,market_qlib,601375.SH,UNKNOWN,[]
market_qlib-601377.SH,market_qlib,601377.SH,UNKNOWN,[]
market_qlib-601388.SH,market_qlib,601388.SH,UNKNOWN,[]
market_qlib-601390.SH,market_qlib,601390.SH,UNKNOWN,[]
market_qlib-601398.SH,market_qlib,601398.SH,UNKNOWN,[]
market_qlib-601399.SH,market_qlib,601399.SH,UNKNOWN,[]
market_qlib-601456.SH,market_qlib,601456.SH,UNKNOWN,[]
market_qlib-601500.SH,market_qlib,601500.SH,UNKNOWN,[]
market_qlib-601512.SH,market_qlib,601512.SH,UNKNOWN,[]
market_qlib-601515.SH,market_qlib,601515.SH,UNKNOWN,[]
market_qlib-601519.SH,market_qlib,601519.SH,UNKNOWN,[]
market_qlib-601528.SH,market_qlib,601528.SH,UNKNOWN,[]
market_qlib-601555.SH,market_qlib,601555.SH,UNKNOWN,[]
market_qlib-601558.SH,market_qlib,601558.SH,UNKNOWN,[]
market_qlib-601566.SH,market_qlib,601566.SH,UNKNOWN,[]
market_qlib-601567.SH,market_qlib,601567.SH,UNKNOWN,[]
market_qlib-601568.SH,market_qlib,601568.SH,UNKNOWN,[]
market_qlib-601577.SH,market_qlib,601577.SH,UNKNOWN,[]
market_qlib-601588.SH,market_qlib,601588.SH,UNKNOWN,[]
market_qlib-601595.SH,market_qlib,601595.SH,UNKNOWN,[]
market_qlib-601598.SH,market_qlib,601598.SH,UNKNOWN,[]
market_qlib-601599.SH,market_qlib,601599.SH,UNKNOWN,[]
market_qlib-601600.SH,market_qlib,601600.SH,UNKNOWN,[]
market_qlib-601601.SH,market_qlib,601601.SH,UNKNOWN,[]
market_qlib-601606.SH,market_qlib,601606.SH,UNKNOWN,[]
market_qlib-601607.SH,market_qlib,601607.SH,UNKNOWN,[]
market_qlib-601608.SH,market_qlib,601608.SH,UNKNOWN,[]
market_qlib-601609.SH,market_qlib,601609.SH,UNKNOWN,[]
market_qlib-601611.SH,market_qlib,601611.SH,UNKNOWN,[]
market_qlib-601615.SH,market_qlib,601615.SH,UNKNOWN,[]
market_qlib-601616.SH,market_qlib,601616.SH,UNKNOWN,[]
market_qlib-601618.SH,market_qlib,601618.SH,UNKNOWN,[]
market_qlib-601619.SH,market_qlib,601619.SH,UNKNOWN,[]
market_qlib-601628.SH,market_qlib,601628.SH,UNKNOWN,[]
market_qlib-601633.SH,market_qlib,601633.SH,UNKNOWN,[]
market_qlib-601636.SH,market_qlib,601636.SH,UNKNOWN,[]
market_qlib-601658.SH,market_qlib,601658.SH,UNKNOWN,[]
market_qlib-601665.SH,market_qlib,601665.SH,UNKNOWN,[]
market_qlib-601666.SH,market_qlib,601666.SH,UNKNOWN,[]
market_qlib-601668.SH,market_qlib,601668.SH,UNKNOWN,[]
market_qlib-601669.SH,market_qlib,601669.SH,UNKNOWN,[]
market_qlib-601677.SH,market_qlib,601677.SH,UNKNOWN,[]
market_qlib-601678.SH,market_qlib,601678.SH,UNKNOWN,[]
market_qlib-601686.SH,market_qlib,601686.SH,UNKNOWN,[]
market_qlib-601688.SH,market_qlib,601688.SH,UNKNOWN,[]
market_qlib-601689.SH,market_qlib,601689.SH,UNKNOWN,[]
market_qlib-601696.SH,market_qlib,601696.SH,UNKNOWN,[]
market_qlib-601698.SH,market_qlib,601698.SH,UNKNOWN,[]
market_qlib-601699.SH,market_qlib,601699.SH,UNKNOWN,[]
market_qlib-601700.SH,market_qlib,601700.SH,UNKNOWN,[]
market_qlib-601702.SH,market_qlib,601702.SH,UNKNOWN,[]
market_qlib-601717.SH,market_qlib,601717.SH,UNKNOWN,[]
market_qlib-601718.SH,market_qlib,601718.SH,UNKNOWN,[]
market_qlib-601727.SH,market_qlib,601727.SH,UNKNOWN,[]
market_qlib-601728.SH,market_qlib,601728.SH,UNKNOWN,[]
market_qlib-601766.SH,market_qlib,601766.SH,UNKNOWN,[]
market_qlib-601777.SH,market_qlib,601777.SH,UNKNOWN,[]
market_qlib-601778.SH,market_qlib,601778.SH,UNKNOWN,[]
market_qlib-601788.SH,market_qlib,601788.SH,UNKNOWN,[]
market_qlib-601789.SH,market_qlib,601789.SH,UNKNOWN,[]
market_qlib-601798.SH,market_qlib,601798.SH,UNKNOWN,[]
market_qlib-601799.SH,market_qlib,601799.SH,UNKNOWN,[]
market_qlib-601800.SH,market_qlib,601800.SH,UNKNOWN,[]
market_qlib-601801.SH,market_qlib,601801.SH,UNKNOWN,[]
market_qlib-601808.SH,market_qlib,601808.SH,UNKNOWN,[]
market_qlib-601811.SH,market_qlib,601811.SH,UNKNOWN,[]
market_qlib-601816.SH,market_qlib,601816.SH,UNKNOWN,[]
market_qlib-601818.SH,market_qlib,601818.SH,UNKNOWN,[]
market_qlib-601825.SH,market_qlib,601825.SH,UNKNOWN,[]
market_qlib-601827.SH,market_qlib,601827.SH,UNKNOWN,[]
market_qlib-601828.SH,market_qlib,601828.SH,UNKNOWN,[]
market_qlib-601838.SH,market_qlib,601838.SH,UNKNOWN,[]
market_qlib-601857.SH,market_qlib,601857.SH,UNKNOWN,[]
market_qlib-601858.SH,market_qlib,601858.SH,UNKNOWN,[]
market_qlib-601860.SH,market_qlib,601860.SH,UNKNOWN,[]
market_qlib-601865.SH,market_qlib,601865.SH,UNKNOWN,[]
market_qlib-601866.SH,market_qlib,601866.SH,UNKNOWN,[]
market_qlib-601868.SH,market_qlib,601868.SH,UNKNOWN,[]
market_qlib-601869.SH,market_qlib,601869.SH,UNKNOWN,[]
market_qlib-601872.SH,market_qlib,601872.SH,UNKNOWN,[]
market_qlib-601877.SH,market_qlib,601877.SH,UNKNOWN,[]
market_qlib-601878.SH,market_qlib,601878.SH,UNKNOWN,[]
market_qlib-601880.SH,market_qlib,601880.SH,UNKNOWN,[]
market_qlib-601881.SH,market_qlib,601881.SH,UNKNOWN,[]
market_qlib-601882.SH,market_qlib,601882.SH,UNKNOWN,[]
market_qlib-601886.SH,market_qlib,601886.SH,UNKNOWN,[]
market_qlib-601888.SH,market_qlib,601888.SH,UNKNOWN,[]
market_qlib-601890.SH,market_qlib,601890.SH,UNKNOWN,[]
market_qlib-601898.SH,market_qlib,601898.SH,UNKNOWN,[]
market_qlib-601899.SH,market_qlib,601899.SH,UNKNOWN,[]
market_qlib-601900.SH,market_qlib,601900.SH,UNKNOWN,[]
market_qlib-601901.SH,market_qlib,601901.SH,UNKNOWN,[]
market_qlib-601908.SH,market_qlib,601908.SH,UNKNOWN,[]
market_qlib-601916.SH,market_qlib,601916.SH,UNKNOWN,[]
market_qlib-601918.SH,market_qlib,601918.SH,UNKNOWN,[]
market_qlib-601919.SH,market_qlib,601919.SH,UNKNOWN,[]
market_qlib-601921.SH,market_qlib,601921.SH,UNKNOWN,[]
market_qlib-601928.SH,market_qlib,601928.SH,UNKNOWN,[]
market_qlib-601929.SH,market_qlib,601929.SH,UNKNOWN,[]
market_qlib-601933.SH,market_qlib,601933.SH,UNKNOWN,[]
market_qlib-601939.SH,market_qlib,601939.SH,UNKNOWN,[]
market_qlib-601949.SH,market_qlib,601949.SH,UNKNOWN,[]
market_qlib-601952.SH,market_qlib,601952.SH,UNKNOWN,[]
market_qlib-601958.SH,market_qlib,601958.SH,UNKNOWN,[]
market_qlib-601963.SH,market_qlib,601963.SH,UNKNOWN,[]
market_qlib-601965.SH,market_qlib,601965.SH,UNKNOWN,[]
market_qlib-601966.SH,market_qlib,601966.SH,UNKNOWN,[]
market_qlib-601968.SH,market_qlib,601968.SH,UNKNOWN,[]
market_qlib-601969.SH,market_qlib,601969.SH,UNKNOWN,[]
market_qlib-601975.SH,market_qlib,601975.SH,UNKNOWN,[]
market_qlib-601985.SH,market_qlib,601985.SH,UNKNOWN,[]
market_qlib-601988.SH,market_qlib,601988.SH,UNKNOWN,[]
market_qlib-601989.SH,market_qlib,601989.SH,UNKNOWN,[]
market_qlib-601990.SH,market_qlib,601990.SH,UNKNOWN,[]
market_qlib-601991.SH,market_qlib,601991.SH,UNKNOWN,[]
market_qlib-601992.SH,market_qlib,601992.SH,UNKNOWN,[]
market_qlib-601995.SH,market_qlib,601995.SH,UNKNOWN,[]
market_qlib-601996.SH,market_qlib,601996.SH,UNKNOWN,[]
market_qlib-601997.SH,market_qlib,601997.SH,UNKNOWN,[]
market_qlib-601998.SH,market_qlib,601998.SH,UNKNOWN,[]
market_qlib-601999.SH,market_qlib,601999.SH,UNKNOWN,[]
market_qlib-603000.SH,market_qlib,603000.SH,UNKNOWN,[]
market_qlib-603001.SH,market_qlib,603001.SH,UNKNOWN,[]
market_qlib-603002.SH,market_qlib,603002.SH,UNKNOWN,[]
market_qlib-603003.SH,market_qlib,603003.SH,UNKNOWN,[]
market_qlib-603005.SH,market_qlib,603005.SH,UNKNOWN,[]
market_qlib-603008.SH,market_qlib,603008.SH,UNKNOWN,[]
market_qlib-603009.SH,market_qlib,603009.SH,UNKNOWN,[]
market_qlib-603010.SH,market_qlib,603010.SH,UNKNOWN,[]
market_qlib-603012.SH,market_qlib,603012.SH,UNKNOWN,[]
market_qlib-603013.SH,market_qlib,603013.SH,UNKNOWN,[]
market_qlib-603014.SH,market_qlib,603014.SH,UNKNOWN,[]
market_qlib-603018.SH,market_qlib,603018.SH,UNKNOWN,[]
market_qlib-603019.SH,market_qlib,603019.SH,UNKNOWN,[]
market_qlib-603020.SH,market_qlib,603020.SH,UNKNOWN,[]
market_qlib-603025.SH,market_qlib,603025.SH,UNKNOWN,[]
market_qlib-603026.SH,market_qlib,603026.SH,UNKNOWN,[]
market_qlib-603027.SH,market_qlib,603027.SH,UNKNOWN,[]
market_qlib-603032.SH,market_qlib,603032.SH,UNKNOWN,[]
market_qlib-603033.SH,market_qlib,603033.SH,UNKNOWN,[]
market_qlib-603039.SH,market_qlib,603039.SH,UNKNOWN,[]
market_qlib-603043.SH,market_qlib,603043.SH,UNKNOWN,[]
market_qlib-603049.SH,market_qlib,603049.SH,UNKNOWN,[]
market_qlib-603053.SH,market_qlib,603053.SH,UNKNOWN,[]
market_qlib-603055.SH,market_qlib,603055.SH,UNKNOWN,[]
market_qlib-603056.SH,market_qlib,603056.SH,UNKNOWN,[]
market_qlib-603057.SH,market_qlib,603057.SH,UNKNOWN,[]
market_qlib-603058.SH,market_qlib,603058.SH,UNKNOWN,[]
market_qlib-603060.SH,market_qlib,603060.SH,UNKNOWN,[]
market_qlib-603063.SH,market_qlib,603063.SH,UNKNOWN,[]
market_qlib-603068.SH,market_qlib,603068.SH,UNKNOWN,[]
market_qlib-603071.SH,market_qlib,603071.SH,UNKNOWN,[]
market_qlib-603072.SH,market_qlib,603072.SH,UNKNOWN,[]
market_qlib-603075.SH,market_qlib,603075.SH,UNKNOWN,[]
market_qlib-603077.SH,market_qlib,603077.SH,UNKNOWN,[]
market_qlib-603081.SH,market_qlib,603081.SH,UNKNOWN,[]
market_qlib-603083.SH,market_qlib,603083.SH,UNKNOWN,[]
market_qlib-603087.SH,market_qlib,603087.SH,UNKNOWN,[]
market_qlib-603092.SH,market_qlib,603092.SH,UNKNOWN,[]
market_qlib-603093.SH,market_qlib,603093.SH,UNKNOWN,[]
market_qlib-603096.SH,market_qlib,603096.SH,UNKNOWN,[]
market_qlib-603098.SH,market_qlib,603098.SH,UNKNOWN,[]
market_qlib-603099.SH,market_qlib,603099.SH,UNKNOWN,[]
market_qlib-603100.SH,market_qlib,603100.SH,UNKNOWN,[]
market_qlib-603103.SH,market_qlib,603103.SH,UNKNOWN,[]
market_qlib-603105.SH,market_qlib,603105.SH,UNKNOWN,[]
market_qlib-603108.SH,market_qlib,603108.SH,UNKNOWN,[]
market_qlib-603111.SH,market_qlib,603111.SH,UNKNOWN,[]
market_qlib-603113.SH,market_qlib,603113.SH,UNKNOWN,[]
market_qlib-603116.SH,market_qlib,603116.SH,UNKNOWN,[]
market_qlib-603117.SH,market_qlib,603117.SH,UNKNOWN,[]
market_qlib-603118.SH,market_qlib,603118.SH,UNKNOWN,[]
market_qlib-603119.SH,market_qlib,603119.SH,UNKNOWN,[]
market_qlib-603123.SH,market_qlib,603123.SH,UNKNOWN,[]
market_qlib-603124.SH,market_qlib,603124.SH,UNKNOWN,[]
market_qlib-603126.SH,market_qlib,603126.SH,UNKNOWN,[]
market_qlib-603127.SH,market_qlib,603127.SH,UNKNOWN,[]
market_qlib-603128.SH,market_qlib,603128.SH,UNKNOWN,[]
market_qlib-603129.SH,market_qlib,603129.SH,UNKNOWN,[]
market_qlib-603132.SH,market_qlib,603132.SH,UNKNOWN,[]
market_qlib-603156.SH,market_qlib,603156.SH,UNKNOWN,[]
market_qlib-603160.SH,market_qlib,603160.SH,UNKNOWN,[]
market_qlib-603162.SH,market_qlib,603162.SH,UNKNOWN,[]
market_qlib-603165.SH,market_qlib,603165.SH,UNKNOWN,[]
market_qlib-603166.SH,market_qlib,603166.SH,UNKNOWN,[]
market_qlib-603167.SH,market_qlib,603167.SH,UNKNOWN,[]
market_qlib-603168.SH,market_qlib,603168.SH,UNKNOWN,[]
market_qlib-603169.SH,market_qlib,603169.SH,UNKNOWN,[]
market_qlib-603170.SH,market_qlib,603170.SH,UNKNOWN,[]
market_qlib-603171.SH,market_qlib,603171.SH,UNKNOWN,[]
market_qlib-603175.SH,market_qlib,603175.SH,UNKNOWN,[]
market_qlib-603179.SH,market_qlib,603179.SH,UNKNOWN,[]
market_qlib-603180.SH,market_qlib,603180.SH,UNKNOWN,[]
market_qlib-603185.SH,market_qlib,603185.SH,UNKNOWN,[]
market_qlib-603187.SH,market_qlib,603187.SH,UNKNOWN,[]
market_qlib-603188.SH,market_qlib,603188.SH,UNKNOWN,[]
market_qlib-603193.SH,market_qlib,603193.SH,UNKNOWN,[]
market_qlib-603194.SH,market_qlib,603194.SH,UNKNOWN,[]
market_qlib-603195.SH,market_qlib,603195.SH,UNKNOWN,[]
market_qlib-603197.SH,market_qlib,603197.SH,UNKNOWN,[]
market_qlib-603198.SH,market_qlib,603198.SH,UNKNOWN,[]
market_qlib-603202.SH,market_qlib,603202.SH,UNKNOWN,[]
market_qlib-603208.SH,market_qlib,603208.SH,UNKNOWN,[]
market_qlib-603212.SH,market_qlib,603212.SH,UNKNOWN,[]
market_qlib-603218.SH,market_qlib,603218.SH,UNKNOWN,[]
market_qlib-603219.SH,market_qlib,603219.SH,UNKNOWN,[]
market_qlib-603220.SH,market_qlib,603220.SH,UNKNOWN,[]
market_qlib-603222.SH,market_qlib,603222.SH,UNKNOWN,[]
market_qlib-603225.SH,market_qlib,603225.SH,UNKNOWN,[]
market_qlib-603227.SH,market_qlib,603227.SH,UNKNOWN,[]
market_qlib-603228.SH,market_qlib,603228.SH,UNKNOWN,[]
market_qlib-603229.SH,market_qlib,603229.SH,UNKNOWN,[]
market_qlib-603233.SH,market_qlib,603233.SH,UNKNOWN,[]
market_qlib-603235.SH,market_qlib,603235.SH,UNKNOWN,[]
market_qlib-603236.SH,market_qlib,603236.SH,UNKNOWN,[]
market_qlib-603248.SH,market_qlib,603248.SH,UNKNOWN,[]
market_qlib-603256.SH,market_qlib,603256.SH,UNKNOWN,[]
market_qlib-603258.SH,market_qlib,603258.SH,UNKNOWN,[]
market_qlib-603259.SH,market_qlib,603259.SH,UNKNOWN,[]
market_qlib-603260.SH,market_qlib,603260.SH,UNKNOWN,[]
market_qlib-603262.SH,market_qlib,603262.SH,UNKNOWN,[]
market_qlib-603267.SH,market_qlib,603267.SH,UNKNOWN,[]
market_qlib-603277.SH,market_qlib,603277.SH,UNKNOWN,[]
market_qlib-603279.SH,market_qlib,603279.SH,UNKNOWN,[]
market_qlib-603281.SH,market_qlib,603281.SH,UNKNOWN,[]
market_qlib-603283.SH,market_qlib,603283.SH,UNKNOWN,[]
market_qlib-603288.SH,market_qlib,603288.SH,UNKNOWN,[]
market_qlib-603290.SH,market_qlib,603290.SH,UNKNOWN,[]
market_qlib-603296.SH,market_qlib,603296.SH,UNKNOWN,[]
market_qlib-603297.SH,market_qlib,603297.SH,UNKNOWN,[]
market_qlib-603298.SH,market_qlib,603298.SH,UNKNOWN,[]
market_qlib-603299.SH,market_qlib,603299.SH,UNKNOWN,[]
market_qlib-603300.SH,market_qlib,603300.SH,UNKNOWN,[]
market_qlib-603301.SH,market_qlib,603301.SH,UNKNOWN,[]
market_qlib-603303.SH,market_qlib,603303.SH,UNKNOWN,[]
market_qlib-603305.SH,market_qlib,603305.SH,UNKNOWN,[]
market_qlib-603306.SH,market_qlib,603306.SH,UNKNOWN,[]
market_qlib-603308.SH,market_qlib,603308.SH,UNKNOWN,[]
market_qlib-603309.SH,market_qlib,603309.SH,UNKNOWN,[]
market_qlib-603313.SH,market_qlib,603313.SH,UNKNOWN,[]
market_qlib-603317.SH,market_qlib,603317.SH,UNKNOWN,[]
market_qlib-603318.SH,market_qlib,603318.SH,UNKNOWN,[]
market_qlib-603319.SH,market_qlib,603319.SH,UNKNOWN,[]
market_qlib-603323.SH,market_qlib,603323.SH,UNKNOWN,[]
market_qlib-603327.SH,market_qlib,603327.SH,UNKNOWN,[]
market_qlib-603328.SH,market_qlib,603328.SH,UNKNOWN,[]
market_qlib-603337.SH,market_qlib,603337.SH,UNKNOWN,[]
market_qlib-603338.SH,market_qlib,603338.SH,UNKNOWN,[]
market_qlib-603339.SH,market_qlib,603339.SH,UNKNOWN,[]
market_qlib-603341.SH,market_qlib,603341.SH,UNKNOWN,[]
market_qlib-603345.SH,market_qlib,603345.SH,UNKNOWN,[]
market_qlib-603348.SH,market_qlib,603348.SH,UNKNOWN,[]
market_qlib-603355.SH,market_qlib,603355.SH,UNKNOWN,[]
market_qlib-603357.SH,market_qlib,603357.SH,UNKNOWN,[]
market_qlib-603358.SH,market_qlib,603358.SH,UNKNOWN,[]
market_qlib-603359.SH,market_qlib,603359.SH,UNKNOWN,[]
market_qlib-603360.SH,market_qlib,603360.SH,UNKNOWN,[]
market_qlib-603363.SH,market_qlib,603363.SH,UNKNOWN,[]
market_qlib-603366.SH,market_qlib,603366.SH,UNKNOWN,[]
market_qlib-603367.SH,market_qlib,603367.SH,UNKNOWN,[]
market_qlib-603368.SH,market_qlib,603368.SH,UNKNOWN,[]
market_qlib-603369.SH,market_qlib,603369.SH,UNKNOWN,[]
market_qlib-603376.SH,market_qlib,603376.SH,UNKNOWN,[]
market_qlib-603377.SH,market_qlib,603377.SH,UNKNOWN,[]
market_qlib-603378.SH,market_qlib,603378.SH,UNKNOWN,[]
market_qlib-603379.SH,market_qlib,603379.SH,UNKNOWN,[]
market_qlib-603383.SH,market_qlib,603383.SH,UNKNOWN,[]
market_qlib-603385.SH,market_qlib,603385.SH,UNKNOWN,[]
market_qlib-603387.SH,market_qlib,603387.SH,UNKNOWN,[]
market_qlib-603390.SH,market_qlib,603390.SH,UNKNOWN,[]
market_qlib-603392.SH,market_qlib,603392.SH,UNKNOWN,[]
market_qlib-603393.SH,market_qlib,603393.SH,UNKNOWN,[]
market_qlib-603395.SH,market_qlib,603395.SH,UNKNOWN,[]
market_qlib-603396.SH,market_qlib,603396.SH,UNKNOWN,[]
market_qlib-603398.SH,market_qlib,603398.SH,UNKNOWN,[]
market_qlib-603399.SH,market_qlib,603399.SH,UNKNOWN,[]
market_qlib-603402.SH,market_qlib,603402.SH,UNKNOWN,[]
market_qlib-603406.SH,market_qlib,603406.SH,UNKNOWN,[]
market_qlib-603408.SH,market_qlib,603408.SH,UNKNOWN,[]
market_qlib-603416.SH,market_qlib,603416.SH,UNKNOWN,[]
market_qlib-603418.SH,market_qlib,603418.SH,UNKNOWN,[]
market_qlib-603421.SH,market_qlib,603421.SH,UNKNOWN,[]
market_qlib-603429.SH,market_qlib,603429.SH,UNKNOWN,[]
market_qlib-603439.SH,market_qlib,603439.SH,UNKNOWN,[]
market_qlib-603444.SH,market_qlib,603444.SH,UNKNOWN,[]
market_qlib-603456.SH,market_qlib,603456.SH,UNKNOWN,[]
market_qlib-603458.SH,market_qlib,603458.SH,UNKNOWN,[]
market_qlib-603466.SH,market_qlib,603466.SH,UNKNOWN,[]
market_qlib-603477.SH,market_qlib,603477.SH,UNKNOWN,[]
market_qlib-603486.SH,market_qlib,603486.SH,UNKNOWN,[]
market_qlib-603489.SH,market_qlib,603489.SH,UNKNOWN,[]
market_qlib-603496.SH,market_qlib,603496.SH,UNKNOWN,[]
market_qlib-603501.SH,market_qlib,603501.SH,UNKNOWN,[]
market_qlib-603505.SH,market_qlib,603505.SH,UNKNOWN,[]
market_qlib-603508.SH,market_qlib,603508.SH,UNKNOWN,[]
market_qlib-603511.SH,market_qlib,603511.SH,UNKNOWN,[]
market_qlib-603515.SH,market_qlib,603515.SH,UNKNOWN,[]
market_qlib-603516.SH,market_qlib,603516.SH,UNKNOWN,[]
market_qlib-603517.SH,market_qlib,603517.SH,UNKNOWN,[]
market_qlib-603520.SH,market_qlib,603520.SH,UNKNOWN,[]
market_qlib-603528.SH,market_qlib,603528.SH,UNKNOWN,[]
market_qlib-603529.SH,market_qlib,603529.SH,UNKNOWN,[]
market_qlib-603530.SH,market_qlib,603530.SH,UNKNOWN,[]
market_qlib-603533.SH,market_qlib,603533.SH,UNKNOWN,[]
market_qlib-603551.SH,market_qlib,603551.SH,UNKNOWN,[]
market_qlib-603555.SH,market_qlib,603555.SH,UNKNOWN,[]
market_qlib-603556.SH,market_qlib,603556.SH,UNKNOWN,[]
market_qlib-603557.SH,market_qlib,603557.SH,UNKNOWN,[]
market_qlib-603565.SH,market_qlib,603565.SH,UNKNOWN,[]
market_qlib-603566.SH,market_qlib,603566.SH,UNKNOWN,[]
market_qlib-603567.SH,market_qlib,603567.SH,UNKNOWN,[]
market_qlib-603568.SH,market_qlib,603568.SH,UNKNOWN,[]
market_qlib-603569.SH,market_qlib,603569.SH,UNKNOWN,[]
market_qlib-603579.SH,market_qlib,603579.SH,UNKNOWN,[]
market_qlib-603583.SH,market_qlib,603583.SH,UNKNOWN,[]
market_qlib-603587.SH,market_qlib,603587.SH,UNKNOWN,[]
market_qlib-603588.SH,market_qlib,603588.SH,UNKNOWN,[]
market_qlib-603589.SH,market_qlib,603589.SH,UNKNOWN,[]
market_qlib-603590.SH,market_qlib,603590.SH,UNKNOWN,[]
market_qlib-603595.SH,market_qlib,603595.SH,UNKNOWN,[]
market_qlib-603596.SH,market_qlib,603596.SH,UNKNOWN,[]
market_qlib-603599.SH,market_qlib,603599.SH,UNKNOWN,[]
market_qlib-603600.SH,market_qlib,603600.SH,UNKNOWN,[]
market_qlib-603601.SH,market_qlib,603601.SH,UNKNOWN,[]
market_qlib-603603.SH,market_qlib,603603.SH,UNKNOWN,[]
market_qlib-603605.SH,market_qlib,603605.SH,UNKNOWN,[]
market_qlib-603606.SH,market_qlib,603606.SH,UNKNOWN,[]
market_qlib-603609.SH,market_qlib,603609.SH,UNKNOWN,[]
market_qlib-603610.SH,market_qlib,603610.SH,UNKNOWN,[]
market_qlib-603612.SH,market_qlib,603612.SH,UNKNOWN,[]
market_qlib-603613.SH,market_qlib,603613.SH,UNKNOWN,[]
market_qlib-603618.SH,market_qlib,603618.SH,UNKNOWN,[]
market_qlib-603619.SH,market_qlib,603619.SH,UNKNOWN,[]
market_qlib-603626.SH,market_qlib,603626.SH,UNKNOWN,[]
market_qlib-603636.SH,market_qlib,603636.SH,UNKNOWN,[]
market_qlib-603638.SH,market_qlib,603638.SH,UNKNOWN,[]
market_qlib-603648.SH,market_qlib,603648.SH,UNKNOWN,[]
market_qlib-603650.SH,market_qlib,603650.SH,UNKNOWN,[]
market_qlib-603658.SH,market_qlib,603658.SH,UNKNOWN,[]
market_qlib-603659.SH,market_qlib,603659.SH,UNKNOWN,[]
market_qlib-603660.SH,market_qlib,603660.SH,UNKNOWN,[]
market_qlib-603662.SH,market_qlib,603662.SH,UNKNOWN,[]
market_qlib-603663.SH,market_qlib,603663.SH,UNKNOWN,[]
market_qlib-603666.SH,market_qlib,603666.SH,UNKNOWN,[]
market_qlib-603667.SH,market_qlib,603667.SH,UNKNOWN,[]
market_qlib-603669.SH,market_qlib,603669.SH,UNKNOWN,[]
market_qlib-603676.SH,market_qlib,603676.SH,UNKNOWN,[]
market_qlib-603678.SH,market_qlib,603678.SH,UNKNOWN,[]
market_qlib-603680.SH,market_qlib,603680.SH,UNKNOWN,[]
market_qlib-603686.SH,market_qlib,603686.SH,UNKNOWN,[]
market_qlib-603687.SH,market_qlib,603687.SH,UNKNOWN,[]
market_qlib-603688.SH,market_qlib,603688.SH,UNKNOWN,[]
market_qlib-603690.SH,market_qlib,603690.SH,UNKNOWN,[]
market_qlib-603693.SH,market_qlib,603693.SH,UNKNOWN,[]
market_qlib-603698.SH,market_qlib,603698.SH,UNKNOWN,[]
market_qlib-603699.SH,market_qlib,603699.SH,UNKNOWN,[]
market_qlib-603707.SH,market_qlib,603707.SH,UNKNOWN,[]
market_qlib-603708.SH,market_qlib,603708.SH,UNKNOWN,[]
market_qlib-603711.SH,market_qlib,603711.SH,UNKNOWN,[]
market_qlib-603712.SH,market_qlib,603712.SH,UNKNOWN,[]
market_qlib-603713.SH,market_qlib,603713.SH,UNKNOWN,[]
market_qlib-603718.SH,market_qlib,603718.SH,UNKNOWN,[]
market_qlib-603719.SH,market_qlib,603719.SH,UNKNOWN,[]
market_qlib-603727.SH,market_qlib,603727.SH,UNKNOWN,[]
market_qlib-603728.SH,market_qlib,603728.SH,UNKNOWN,[]
market_qlib-603730.SH,market_qlib,603730.SH,UNKNOWN,[]
market_qlib-603733.SH,market_qlib,603733.SH,UNKNOWN,[]
market_qlib-603737.SH,market_qlib,603737.SH,UNKNOWN,[]
market_qlib-603758.SH,market_qlib,603758.SH,UNKNOWN,[]
market_qlib-603766.SH,market_qlib,603766.SH,UNKNOWN,[]
market_qlib-603773.SH,market_qlib,603773.SH,UNKNOWN,[]
market_qlib-603777.SH,market_qlib,603777.SH,UNKNOWN,[]
market_qlib-603779.SH,market_qlib,603779.SH,UNKNOWN,[]
market_qlib-603786.SH,market_qlib,603786.SH,UNKNOWN,[]
market_qlib-603789.SH,market_qlib,603789.SH,UNKNOWN,[]
market_qlib-603799.SH,market_qlib,603799.SH,UNKNOWN,[]
market_qlib-603800.SH,market_qlib,603800.SH,UNKNOWN,[]
market_qlib-603801.SH,market_qlib,603801.SH,UNKNOWN,[]
market_qlib-603803.SH,market_qlib,603803.SH,UNKNOWN,[]
market_qlib-603806.SH,market_qlib,603806.SH,UNKNOWN,[]
market_qlib-603808.SH,market_qlib,603808.SH,UNKNOWN,[]
market_qlib-603809.SH,market_qlib,603809.SH,UNKNOWN,[]
market_qlib-603815.SH,market_qlib,603815.SH,UNKNOWN,[]
market_qlib-603816.SH,market_qlib,603816.SH,UNKNOWN,[]
market_qlib-603817.SH,market_qlib,603817.SH,UNKNOWN,[]
market_qlib-603818.SH,market_qlib,603818.SH,UNKNOWN,[]
market_qlib-603826.SH,market_qlib,603826.SH,UNKNOWN,[]
market_qlib-603833.SH,market_qlib,603833.SH,UNKNOWN,[]
market_qlib-603839.SH,market_qlib,603839.SH,UNKNOWN,[]
market_qlib-603843.SH,market_qlib,603843.SH,UNKNOWN,[]
market_qlib-603848.SH,market_qlib,603848.SH,UNKNOWN,[]
market_qlib-603858.SH,market_qlib,603858.SH,UNKNOWN,[]
market_qlib-603861.SH,market_qlib,603861.SH,UNKNOWN,[]
market_qlib-603866.SH,market_qlib,603866.SH,UNKNOWN,[]
market_qlib-603868.SH,market_qlib,603868.SH,UNKNOWN,[]
market_qlib-603869.SH,market_qlib,603869.SH,UNKNOWN,[]
market_qlib-603871.SH,market_qlib,603871.SH,UNKNOWN,[]
market_qlib-603876.SH,market_qlib,603876.SH,UNKNOWN,[]
market_qlib-603877.SH,market_qlib,603877.SH,UNKNOWN,[]
market_qlib-603881.SH,market_qlib,603881.SH,UNKNOWN,[]
market_qlib-603882.SH,market_qlib,603882.SH,UNKNOWN,[]
market_qlib-603883.SH,market_qlib,603883.SH,UNKNOWN,[]
market_qlib-603885.SH,market_qlib,603885.SH,UNKNOWN,[]
market_qlib-603887.SH,market_qlib,603887.SH,UNKNOWN,[]
market_qlib-603888.SH,market_qlib,603888.SH,UNKNOWN,[]
market_qlib-603893.SH,market_qlib,603893.SH,UNKNOWN,[]
market_qlib-603896.SH,market_qlib,603896.SH,UNKNOWN,[]
market_qlib-603898.SH,market_qlib,603898.SH,UNKNOWN,[]
market_qlib-603899.SH,market_qlib,603899.SH,UNKNOWN,[]
market_qlib-603900.SH,market_qlib,603900.SH,UNKNOWN,[]
market_qlib-603906.SH,market_qlib,603906.SH,UNKNOWN,[]
market_qlib-603915.SH,market_qlib,603915.SH,UNKNOWN,[]
market_qlib-603916.SH,market_qlib,603916.SH,UNKNOWN,[]
market_qlib-603919.SH,market_qlib,603919.SH,UNKNOWN,[]
market_qlib-603920.SH,market_qlib,603920.SH,UNKNOWN,[]
market_qlib-603927.SH,market_qlib,603927.SH,UNKNOWN,[]
market_qlib-603929.SH,market_qlib,603929.SH,UNKNOWN,[]
market_qlib-603936.SH,market_qlib,603936.SH,UNKNOWN,[]
market_qlib-603938.SH,market_qlib,603938.SH,UNKNOWN,[]
market_qlib-603939.SH,market_qlib,603939.SH,UNKNOWN,[]
market_qlib-603950.SH,market_qlib,603950.SH,UNKNOWN,[]
market_qlib-603956.SH,market_qlib,603956.SH,UNKNOWN,[]
market_qlib-603958.SH,market_qlib,603958.SH,UNKNOWN,[]
market_qlib-603959.SH,market_qlib,603959.SH,UNKNOWN,[]
market_qlib-603960.SH,market_qlib,603960.SH,UNKNOWN,[]
market_qlib-603969.SH,market_qlib,603969.SH,UNKNOWN,[]
market_qlib-603976.SH,market_qlib,603976.SH,UNKNOWN,[]
market_qlib-603979.SH,market_qlib,603979.SH,UNKNOWN,[]
market_qlib-603980.SH,market_qlib,603980.SH,UNKNOWN,[]
market_qlib-603983.SH,market_qlib,603983.SH,UNKNOWN,[]
market_qlib-603985.SH,market_qlib,603985.SH,UNKNOWN,[]
market_qlib-603986.SH,market_qlib,603986.SH,UNKNOWN,[]
market_qlib-603989.SH,market_qlib,603989.SH,UNKNOWN,[]
market_qlib-603992.SH,market_qlib,603992.SH,UNKNOWN,[]
market_qlib-603993.SH,market_qlib,603993.SH,UNKNOWN,[]
market_qlib-603995.SH,market_qlib,603995.SH,UNKNOWN,[]
market_qlib-603996.SH,market_qlib,603996.SH,UNKNOWN,[]
market_qlib-603997.SH,market_qlib,603997.SH,UNKNOWN,[]
market_qlib-603999.SH,market_qlib,603999.SH,UNKNOWN,[]
market_qlib-605007.SH,market_qlib,605007.SH,UNKNOWN,[]
market_qlib-605008.SH,market_qlib,605008.SH,UNKNOWN,[]
market_qlib-605009.SH,market_qlib,605009.SH,UNKNOWN,[]
market_qlib-605011.SH,market_qlib,605011.SH,UNKNOWN,[]
market_qlib-605020.SH,market_qlib,605020.SH,UNKNOWN,[]
market_qlib-605090.SH,market_qlib,605090.SH,UNKNOWN,[]
market_qlib-605099.SH,market_qlib,605099.SH,UNKNOWN,[]
market_qlib-605111.SH,market_qlib,605111.SH,UNKNOWN,[]
market_qlib-605116.SH,market_qlib,605116.SH,UNKNOWN,[]
market_qlib-605117.SH,market_qlib,605117.SH,UNKNOWN,[]
market_qlib-605118.SH,market_qlib,605118.SH,UNKNOWN,[]
market_qlib-605123.SH,market_qlib,605123.SH,UNKNOWN,[]
market_qlib-605136.SH,market_qlib,605136.SH,UNKNOWN,[]
market_qlib-605168.SH,market_qlib,605168.SH,UNKNOWN,[]
market_qlib-605196.SH,market_qlib,605196.SH,UNKNOWN,[]
market_qlib-605198.SH,market_qlib,605198.SH,UNKNOWN,[]
market_qlib-605199.SH,market_qlib,605199.SH,UNKNOWN,[]
market_qlib-605222.SH,market_qlib,605222.SH,UNKNOWN,[]
market_qlib-605296.SH,market_qlib,605296.SH,UNKNOWN,[]
market_qlib-605333.SH,market_qlib,605333.SH,UNKNOWN,[]
market_qlib-605338.SH,market_qlib,605338.SH,UNKNOWN,[]
market_qlib-605339.SH,market_qlib,605339.SH,UNKNOWN,[]
market_qlib-605358.SH,market_qlib,605358.SH,UNKNOWN,[]
market_qlib-605365.SH,market_qlib,605365.SH,UNKNOWN,[]
market_qlib-605368.SH,market_qlib,605368.SH,UNKNOWN,[]
market_qlib-605369.SH,market_qlib,605369.SH,UNKNOWN,[]
market_qlib-605376.SH,market_qlib,605376.SH,UNKNOWN,[]
market_qlib-605388.SH,market_qlib,605388.SH,UNKNOWN,[]
market_qlib-605499.SH,market_qlib,605499.SH,UNKNOWN,[]
market_qlib-605507.SH,market_qlib,605507.SH,UNKNOWN,[]
market_qlib-605555.SH,market_qlib,605555.SH,UNKNOWN,[]
market_qlib-605577.SH,market_qlib,605577.SH,UNKNOWN,[]
market_qlib-605589.SH,market_qlib,605589.SH,UNKNOWN,[]
market_qlib-605599.SH,market_qlib,605599.SH,UNKNOWN,[]
market_qlib-688001.SH,market_qlib,688001.SH,UNKNOWN,[]
market_qlib-688002.SH,market_qlib,688002.SH,UNKNOWN,[]
market_qlib-688003.SH,market_qlib,688003.SH,UNKNOWN,[]
market_qlib-688005.SH,market_qlib,688005.SH,UNKNOWN,[]
market_qlib-688006.SH,market_qlib,688006.SH,UNKNOWN,[]
market_qlib-688007.SH,market_qlib,688007.SH,UNKNOWN,[]
market_qlib-688008.SH,market_qlib,688008.SH,UNKNOWN,[]
market_qlib-688009.SH,market_qlib,688009.SH,UNKNOWN,[]
market_qlib-688012.SH,market_qlib,688012.SH,UNKNOWN,[]
market_qlib-688016.SH,market_qlib,688016.SH,UNKNOWN,[]
market_qlib-688017.SH,market_qlib,688017.SH,UNKNOWN,[]
market_qlib-688018.SH,market_qlib,688018.SH,UNKNOWN,[]
market_qlib-688019.SH,market_qlib,688019.SH,UNKNOWN,[]
market_qlib-688020.SH,market_qlib,688020.SH,UNKNOWN,[]
market_qlib-688023.SH,market_qlib,688023.SH,UNKNOWN,[]
market_qlib-688025.SH,market_qlib,688025.SH,UNKNOWN,[]
market_qlib-688027.SH,market_qlib,688027.SH,UNKNOWN,[]
market_qlib-688029.SH,market_qlib,688029.SH,UNKNOWN,[]
market_qlib-688030.SH,market_qlib,688030.SH,UNKNOWN,[]
market_qlib-688031.SH,market_qlib,688031.SH,UNKNOWN,[]
market_qlib-688032.SH,market_qlib,688032.SH,UNKNOWN,[]
market_qlib-688033.SH,market_qlib,688033.SH,UNKNOWN,[]
market_qlib-688036.SH,market_qlib,688036.SH,UNKNOWN,[]
market_qlib-688037.SH,market_qlib,688037.SH,UNKNOWN,[]
market_qlib-688041.SH,market_qlib,688041.SH,UNKNOWN,[]
market_qlib-688046.SH,market_qlib,688046.SH,UNKNOWN,[]
market_qlib-688047.SH,market_qlib,688047.SH,UNKNOWN,[]
market_qlib-688048.SH,market_qlib,688048.SH,UNKNOWN,[]
market_qlib-688050.SH,market_qlib,688050.SH,UNKNOWN,[]
market_qlib-688052.SH,market_qlib,688052.SH,UNKNOWN,[]
market_qlib-688055.SH,market_qlib,688055.SH,UNKNOWN,[]
market_qlib-688062.SH,market_qlib,688062.SH,UNKNOWN,[]
market_qlib-688063.SH,market_qlib,688063.SH,UNKNOWN,[]
market_qlib-688065.SH,market_qlib,688065.SH,UNKNOWN,[]
market_qlib-688066.SH,market_qlib,688066.SH,UNKNOWN,[]
market_qlib-688068.SH,market_qlib,688068.SH,UNKNOWN,[]
market_qlib-688072.SH,market_qlib,688072.SH,UNKNOWN,[]
market_qlib-688076.SH,market_qlib,688076.SH,UNKNOWN,[]
market_qlib-688082.SH,market_qlib,688082.SH,UNKNOWN,[]
market_qlib-688083.SH,market_qlib,688083.SH,UNKNOWN,[]
market_qlib-688085.SH,market_qlib,688085.SH,UNKNOWN,[]
market_qlib-688086.SH,market_qlib,688086.SH,UNKNOWN,[]
market_qlib-688088.SH,market_qlib,688088.SH,UNKNOWN,[]
market_qlib-688091.SH,market_qlib,688091.SH,UNKNOWN,[]
market_qlib-688095.SH,market_qlib,688095.SH,UNKNOWN,[]
market_qlib-688097.SH,market_qlib,688097.SH,UNKNOWN,[]
market_qlib-688098.SH,market_qlib,688098.SH,UNKNOWN,[]
market_qlib-688099.SH,market_qlib,688099.SH,UNKNOWN,[]
market_qlib-688100.SH,market_qlib,688100.SH,UNKNOWN,[]
market_qlib-688102.SH,market_qlib,688102.SH,UNKNOWN,[]
market_qlib-688105.SH,market_qlib,688105.SH,UNKNOWN,[]
market_qlib-688106.SH,market_qlib,688106.SH,UNKNOWN,[]
market_qlib-688107.SH,market_qlib,688107.SH,UNKNOWN,[]
market_qlib-688108.SH,market_qlib,688108.SH,UNKNOWN,[]
market_qlib-688110.SH,market_qlib,688110.SH,UNKNOWN,[]
market_qlib-688111.SH,market_qlib,688111.SH,UNKNOWN,[]
market_qlib-688114.SH,market_qlib,688114.SH,UNKNOWN,[]
market_qlib-688116.SH,market_qlib,688116.SH,UNKNOWN,[]
market_qlib-688120.SH,market_qlib,688120.SH,UNKNOWN,[]
market_qlib-688122.SH,market_qlib,688122.SH,UNKNOWN,[]
market_qlib-688123.SH,market_qlib,688123.SH,UNKNOWN,[]
market_qlib-688126.SH,market_qlib,688126.SH,UNKNOWN,[]
market_qlib-688127.SH,market_qlib,688127.SH,UNKNOWN,[]
market_qlib-688128.SH,market_qlib,688128.SH,UNKNOWN,[]
market_qlib-688131.SH,market_qlib,688131.SH,UNKNOWN,[]
market_qlib-688133.SH,market_qlib,688133.SH,UNKNOWN,[]
market_qlib-688139.SH,market_qlib,688139.SH,UNKNOWN,[]
market_qlib-688141.SH,market_qlib,688141.SH,UNKNOWN,[]
market_qlib-688146.SH,market_qlib,688146.SH,UNKNOWN,[]
market_qlib-688147.SH,market_qlib,688147.SH,UNKNOWN,[]
market_qlib-688148.SH,market_qlib,688148.SH,UNKNOWN,[]
market_qlib-688150.SH,market_qlib,688150.SH,UNKNOWN,[]
market_qlib-688152.SH,market_qlib,688152.SH,UNKNOWN,[]
market_qlib-688153.SH,market_qlib,688153.SH,UNKNOWN,[]
market_qlib-688158.SH,market_qlib,688158.SH,UNKNOWN,[]
market_qlib-688161.SH,market_qlib,688161.SH,UNKNOWN,[]
market_qlib-688165.SH,market_qlib,688165.SH,UNKNOWN,[]
market_qlib-688166.SH,market_qlib,688166.SH,UNKNOWN,[]
market_qlib-688167.SH,market_qlib,688167.SH,UNKNOWN,[]
market_qlib-688169.SH,market_qlib,688169.SH,UNKNOWN,[]
market_qlib-688172.SH,market_qlib,688172.SH,UNKNOWN,[]
market_qlib-688173.SH,market_qlib,688173.SH,UNKNOWN,[]
market_qlib-688177.SH,market_qlib,688177.SH,UNKNOWN,[]
market_qlib-688180.SH,market_qlib,688180.SH,UNKNOWN,[]
market_qlib-688182.SH,market_qlib,688182.SH,UNKNOWN,[]
market_qlib-688183.SH,market_qlib,688183.SH,UNKNOWN,[]
market_qlib-688185.SH,market_qlib,688185.SH,UNKNOWN,[]
market_qlib-688187.SH,market_qlib,688187.SH,UNKNOWN,[]
market_qlib-688188.SH,market_qlib,688188.SH,UNKNOWN,[]
market_qlib-688190.SH,market_qlib,688190.SH,UNKNOWN,[]
market_qlib-688192.SH,market_qlib,688192.SH,UNKNOWN,[]
market_qlib-688195.SH,market_qlib,688195.SH,UNKNOWN,[]
market_qlib-688198.SH,market_qlib,688198.SH,UNKNOWN,[]
market_qlib-688200.SH,market_qlib,688200.SH,UNKNOWN,[]
market_qlib-688202.SH,market_qlib,688202.SH,UNKNOWN,[]
market_qlib-688205.SH,market_qlib,688205.SH,UNKNOWN,[]
market_qlib-688206.SH,market_qlib,688206.SH,UNKNOWN,[]
market_qlib-688208.SH,market_qlib,688208.SH,UNKNOWN,[]
market_qlib-688209.SH,market_qlib,688209.SH,UNKNOWN,[]
market_qlib-688213.SH,market_qlib,688213.SH,UNKNOWN,[]
market_qlib-688220.SH,market_qlib,688220.SH,UNKNOWN,[]
market_qlib-688222.SH,market_qlib,688222.SH,UNKNOWN,[]
market_qlib-688223.SH,market_qlib,688223.SH,UNKNOWN,[]
market_qlib-688232.SH,market_qlib,688232.SH,UNKNOWN,[]
market_qlib-688233.SH,market_qlib,688233.SH,UNKNOWN,[]
market_qlib-688234.SH,market_qlib,688234.SH,UNKNOWN,[]
market_qlib-688235.SH,market_qlib,688235.SH,UNKNOWN,[]
market_qlib-688238.SH,market_qlib,688238.SH,UNKNOWN,[]
market_qlib-688239.SH,market_qlib,688239.SH,UNKNOWN,[]
market_qlib-688248.SH,market_qlib,688248.SH,UNKNOWN,[]
market_qlib-688249.SH,market_qlib,688249.SH,UNKNOWN,[]
market_qlib-688252.SH,market_qlib,688252.SH,UNKNOWN,[]
market_qlib-688256.SH,market_qlib,688256.SH,UNKNOWN,[]
market_qlib-688261.SH,market_qlib,688261.SH,UNKNOWN,[]
market_qlib-688262.SH,market_qlib,688262.SH,UNKNOWN,[]
market_qlib-688266.SH,market_qlib,688266.SH,UNKNOWN,[]
market_qlib-688268.SH,market_qlib,688268.SH,UNKNOWN,[]
market_qlib-688270.SH,market_qlib,688270.SH,UNKNOWN,[]
market_qlib-688271.SH,market_qlib,688271.SH,UNKNOWN,[]
market_qlib-688275.SH,market_qlib,688275.SH,UNKNOWN,[]
market_qlib-688276.SH,market_qlib,688276.SH,UNKNOWN,[]
market_qlib-688277.SH,market_qlib,688277.SH,UNKNOWN,[]
market_qlib-688278.SH,market_qlib,688278.SH,UNKNOWN,[]
market_qlib-688279.SH,market_qlib,688279.SH,UNKNOWN,[]
market_qlib-688281.SH,market_qlib,688281.SH,UNKNOWN,[]
market_qlib-688289.SH,market_qlib,688289.SH,UNKNOWN,[]
market_qlib-688295.SH,market_qlib,688295.SH,UNKNOWN,[]
market_qlib-688297.SH,market_qlib,688297.SH,UNKNOWN,[]
market_qlib-688298.SH,market_qlib,688298.SH,UNKNOWN,[]
market_qlib-688300.SH,market_qlib,688300.SH,UNKNOWN,[]
market_qlib-688301.SH,market_qlib,688301.SH,UNKNOWN,[]
market_qlib-688303.SH,market_qlib,688303.SH,UNKNOWN,[]
market_qlib-688306.SH,market_qlib,688306.SH,UNKNOWN,[]
market_qlib-688313.SH,market_qlib,688313.SH,UNKNOWN,[]
market_qlib-688315.SH,market_qlib,688315.SH,UNKNOWN,[]
market_qlib-688318.SH,market_qlib,688318.SH,UNKNOWN,[]
market_qlib-688321.SH,market_qlib,688321.SH,UNKNOWN,[]
market_qlib-688322.SH,market_qlib,688322.SH,UNKNOWN,[]
market_qlib-688326.SH,market_qlib,688326.SH,UNKNOWN,[]
market_qlib-688327.SH,market_qlib,688327.SH,UNKNOWN,[]
market_qlib-688330.SH,market_qlib,688330.SH,UNKNOWN,[]
market_qlib-688331.SH,market_qlib,688331.SH,UNKNOWN,[]
market_qlib-688332.SH,market_qlib,688332.SH,UNKNOWN,[]
market_qlib-688333.SH,market_qlib,688333.SH,UNKNOWN,[]
market_qlib-688336.SH,market_qlib,688336.SH,UNKNOWN,[]
market_qlib-688337.SH,market_qlib,688337.SH,UNKNOWN,[]
market_qlib-688339.SH,market_qlib,688339.SH,UNKNOWN,[]
market_qlib-688343.SH,market_qlib,688343.SH,UNKNOWN,[]
market_qlib-688347.SH,market_qlib,688347.SH,UNKNOWN,[]
market_qlib-688348.SH,market_qlib,688348.SH,UNKNOWN,[]
market_qlib-688349.SH,market_qlib,688349.SH,UNKNOWN,[]
market_qlib-688351.SH,market_qlib,688351.SH,UNKNOWN,[]
market_qlib-688352.SH,market_qlib,688352.SH,UNKNOWN,[]
market_qlib-688353.SH,market_qlib,688353.SH,UNKNOWN,[]
market_qlib-688356.SH,market_qlib,688356.SH,UNKNOWN,[]
market_qlib-688361.SH,market_qlib,688361.SH,UNKNOWN,[]
market_qlib-688362.SH,market_qlib,688362.SH,UNKNOWN,[]
market_qlib-688363.SH,market_qlib,688363.SH,UNKNOWN,[]
market_qlib-688365.SH,market_qlib,688365.SH,UNKNOWN,[]
market_qlib-688366.SH,market_qlib,688366.SH,UNKNOWN,[]
market_qlib-688368.SH,market_qlib,688368.SH,UNKNOWN,[]
market_qlib-688372.SH,market_qlib,688372.SH,UNKNOWN,[]
market_qlib-688375.SH,market_qlib,688375.SH,UNKNOWN,[]
market_qlib-688380.SH,market_qlib,688380.SH,UNKNOWN,[]
market_qlib-688381.SH,market_qlib,688381.SH,UNKNOWN,[]
market_qlib-688382.SH,market_qlib,688382.SH,UNKNOWN,[]
market_qlib-688383.SH,market_qlib,688383.SH,UNKNOWN,[]
market_qlib-688385.SH,market_qlib,688385.SH,UNKNOWN,[]
market_qlib-688387.SH,market_qlib,688387.SH,UNKNOWN,[]
market_qlib-688388.SH,market_qlib,688388.SH,UNKNOWN,[]
market_qlib-688389.SH,market_qlib,688389.SH,UNKNOWN,[]
market_qlib-688390.SH,market_qlib,688390.SH,UNKNOWN,[]
market_qlib-688392.SH,market_qlib,688392.SH,UNKNOWN,[]
market_qlib-688396.SH,market_qlib,688396.SH,UNKNOWN,[]
market_qlib-688399.SH,market_qlib,688399.SH,UNKNOWN,[]
market_qlib-688400.SH,market_qlib,688400.SH,UNKNOWN,[]
market_qlib-688403.SH,market_qlib,688403.SH,UNKNOWN,[]
market_qlib-688408.SH,market_qlib,688408.SH,UNKNOWN,[]
market_qlib-688409.SH,market_qlib,688409.SH,UNKNOWN,[]
market_qlib-688411.SH,market_qlib,688411.SH,UNKNOWN,[]
market_qlib-688425.SH,market_qlib,688425.SH,UNKNOWN,[]
market_qlib-688432.SH,market_qlib,688432.SH,UNKNOWN,[]
market_qlib-688433.SH,market_qlib,688433.SH,UNKNOWN,[]
market_qlib-688439.SH,market_qlib,688439.SH,UNKNOWN,[]
market_qlib-688443.SH,market_qlib,688443.SH,UNKNOWN,[]
market_qlib-688449.SH,market_qlib,688449.SH,UNKNOWN,[]
market_qlib-688469.SH,market_qlib,688469.SH,UNKNOWN,[]
market_qlib-688472.SH,market_qlib,688472.SH,UNKNOWN,[]
market_qlib-688475.SH,market_qlib,688475.SH,UNKNOWN,[]
market_qlib-688484.SH,market_qlib,688484.SH,UNKNOWN,[]
market_qlib-688486.SH,market_qlib,688486.SH,UNKNOWN,[]
market_qlib-688498.SH,market_qlib,688498.SH,UNKNOWN,[]
market_qlib-688499.SH,market_qlib,688499.SH,UNKNOWN,[]
market_qlib-688502.SH,market_qlib,688502.SH,UNKNOWN,[]
market_qlib-688503.SH,market_qlib,688503.SH,UNKNOWN,[]
market_qlib-688505.SH,market_qlib,688505.SH,UNKNOWN,[]
market_qlib-688506.SH,market_qlib,688506.SH,UNKNOWN,[]
market_qlib-688508.SH,market_qlib,688508.SH,UNKNOWN,[]
market_qlib-688515.SH,market_qlib,688515.SH,UNKNOWN,[]
market_qlib-688516.SH,market_qlib,688516.SH,UNKNOWN,[]
market_qlib-688518.SH,market_qlib,688518.SH,UNKNOWN,[]
market_qlib-688519.SH,market_qlib,688519.SH,UNKNOWN,[]
market_qlib-688520.SH,market_qlib,688520.SH,UNKNOWN,[]
market_qlib-688521.SH,market_qlib,688521.SH,UNKNOWN,[]
market_qlib-688522.SH,market_qlib,688522.SH,UNKNOWN,[]
market_qlib-688523.SH,market_qlib,688523.SH,UNKNOWN,[]
market_qlib-688525.SH,market_qlib,688525.SH,UNKNOWN,[]
market_qlib-688526.SH,market_qlib,688526.SH,UNKNOWN,[]
market_qlib-688531.SH,market_qlib,688531.SH,UNKNOWN,[]
market_qlib-688536.SH,market_qlib,688536.SH,UNKNOWN,[]
market_qlib-688538.SH,market_qlib,688538.SH,UNKNOWN,[]
market_qlib-688543.SH,market_qlib,688543.SH,UNKNOWN,[]
market_qlib-688545.SH,market_qlib,688545.SH,UNKNOWN,[]
market_qlib-688548.SH,market_qlib,688548.SH,UNKNOWN,[]
market_qlib-688549.SH,market_qlib,688549.SH,UNKNOWN,[]
market_qlib-688552.SH,market_qlib,688552.SH,UNKNOWN,[]
market_qlib-688556.SH,market_qlib,688556.SH,UNKNOWN,[]
market_qlib-688559.SH,market_qlib,688559.SH,UNKNOWN,[]
market_qlib-688561.SH,market_qlib,688561.SH,UNKNOWN,[]
market_qlib-688563.SH,market_qlib,688563.SH,UNKNOWN,[]
market_qlib-688567.SH,market_qlib,688567.SH,UNKNOWN,[]
market_qlib-688568.SH,market_qlib,688568.SH,UNKNOWN,[]
market_qlib-688575.SH,market_qlib,688575.SH,UNKNOWN,[]
market_qlib-688578.SH,market_qlib,688578.SH,UNKNOWN,[]
market_qlib-688582.SH,market_qlib,688582.SH,UNKNOWN,[]
market_qlib-688584.SH,market_qlib,688584.SH,UNKNOWN,[]
market_qlib-688586.SH,market_qlib,688586.SH,UNKNOWN,[]
market_qlib-688591.SH,market_qlib,688591.SH,UNKNOWN,[]
market_qlib-688593.SH,market_qlib,688593.SH,UNKNOWN,[]
market_qlib-688596.SH,market_qlib,688596.SH,UNKNOWN,[]
market_qlib-688598.SH,market_qlib,688598.SH,UNKNOWN,[]
market_qlib-688599.SH,market_qlib,688599.SH,UNKNOWN,[]
market_qlib-688605.SH,market_qlib,688605.SH,UNKNOWN,[]
market_qlib-688608.SH,market_qlib,688608.SH,UNKNOWN,[]
market_qlib-688612.SH,market_qlib,688612.SH,UNKNOWN,[]
market_qlib-688615.SH,market_qlib,688615.SH,UNKNOWN,[]
market_qlib-688617.SH,market_qlib,688617.SH,UNKNOWN,[]
market_qlib-688627.SH,market_qlib,688627.SH,UNKNOWN,[]
market_qlib-688629.SH,market_qlib,688629.SH,UNKNOWN,[]
market_qlib-688630.SH,market_qlib,688630.SH,UNKNOWN,[]
market_qlib-688631.SH,market_qlib,688631.SH,UNKNOWN,[]
market_qlib-688639.SH,market_qlib,688639.SH,UNKNOWN,[]
market_qlib-688652.SH,market_qlib,688652.SH,UNKNOWN,[]
market_qlib-688658.SH,market_qlib,688658.SH,UNKNOWN,[]
market_qlib-688660.SH,market_qlib,688660.SH,UNKNOWN,[]
market_qlib-688668.SH,market_qlib,688668.SH,UNKNOWN,[]
market_qlib-688676.SH,market_qlib,688676.SH,UNKNOWN,[]
market_qlib-688680.SH,market_qlib,688680.SH,UNKNOWN,[]
market_qlib-688686.SH,market_qlib,688686.SH,UNKNOWN,[]
market_qlib-688690.SH,market_qlib,688690.SH,UNKNOWN,[]
market_qlib-688691.SH,market_qlib,688691.SH,UNKNOWN,[]
market_qlib-688692.SH,market_qlib,688692.SH,UNKNOWN,[]
market_qlib-688696.SH,market_qlib,688696.SH,UNKNOWN,[]
market_qlib-688698.SH,market_qlib,688698.SH,UNKNOWN,[]
market_qlib-688699.SH,market_qlib,688699.SH,UNKNOWN,[]
market_qlib-688700.SH,market_qlib,688700.SH,UNKNOWN,[]
market_qlib-688702.SH,market_qlib,688702.SH,UNKNOWN,[]
market_qlib-688707.SH,market_qlib,688707.SH,UNKNOWN,[]
market_qlib-688708.SH,market_qlib,688708.SH,UNKNOWN,[]
market_qlib-688709.SH,market_qlib,688709.SH,UNKNOWN,[]
market_qlib-688711.SH,market_qlib,688711.SH,UNKNOWN,[]
market_qlib-688717.SH,market_qlib,688717.SH,UNKNOWN,[]
market_qlib-688726.SH,market_qlib,688726.SH,UNKNOWN,[]
market_qlib-688728.SH,market_qlib,688728.SH,UNKNOWN,[]
market_qlib-688733.SH,market_qlib,688733.SH,UNKNOWN,[]
market_qlib-688739.SH,market_qlib,688739.SH,UNKNOWN,[]
market_qlib-688766.SH,market_qlib,688766.SH,UNKNOWN,[]
market_qlib-688772.SH,market_qlib,688772.SH,UNKNOWN,[]
market_qlib-688776.SH,market_qlib,688776.SH,UNKNOWN,[]
market_qlib-688777.SH,market_qlib,688777.SH,UNKNOWN,[]
market_qlib-688778.SH,market_qlib,688778.SH,UNKNOWN,[]
market_qlib-688779.SH,market_qlib,688779.SH,UNKNOWN,[]
market_qlib-688788.SH,market_qlib,688788.SH,UNKNOWN,[]
market_qlib-688789.SH,market_qlib,688789.SH,UNKNOWN,[]
market_qlib-688798.SH,market_qlib,688798.SH,UNKNOWN,[]
market_qlib-688800.SH,market_qlib,688800.SH,UNKNOWN,[]
market_qlib-688819.SH,market_qlib,688819.SH,UNKNOWN,[]
market_qlib-688981.SH,market_qlib,688981.SH,UNKNOWN,[]
market_qlib-689009.SH,market_qlib,689009.SH,UNKNOWN,[]
market_replay-000001.SZ,market_replay,000001.SZ,UNKNOWN,[]
market_replay-000002.SZ,market_replay,000002.SZ,UNKNOWN,[]
market_replay-000005.SZ,market_replay,000005.SZ,UNKNOWN,[]
market_replay-000006.SZ,market_replay,000006.SZ,UNKNOWN,[]
market_replay-000007.SZ,market_replay,000007.SZ,UNKNOWN,[]
market_replay-000008.SZ,market_replay,000008.SZ,UNKNOWN,[]
market_replay-000009.SZ,market_replay,000009.SZ,UNKNOWN,[]
market_replay-000010.SZ,market_replay,000010.SZ,UNKNOWN,[]
market_replay-000011.SZ,market_replay,000011.SZ,UNKNOWN,[]
market_replay-000012.SZ,market_replay,000012.SZ,UNKNOWN,[]
market_replay-000014.SZ,market_replay,000014.SZ,UNKNOWN,[]
market_replay-000016.SZ,market_replay,000016.SZ,UNKNOWN,[]
market_replay-000018.SZ,market_replay,000018.SZ,UNKNOWN,[]
market_replay-000019.SZ,market_replay,000019.SZ,UNKNOWN,[]
market_replay-000021.SZ,market_replay,000021.SZ,UNKNOWN,[]
market_replay-000024.SZ,market_replay,000024.SZ,UNKNOWN,[]
market_replay-000025.SZ,market_replay,000025.SZ,UNKNOWN,[]
market_replay-000026.SZ,market_replay,000026.SZ,UNKNOWN,[]
market_replay-000027.SZ,market_replay,000027.SZ,UNKNOWN,[]
market_replay-000028.SZ,market_replay,000028.SZ,UNKNOWN,[]
market_replay-000029.SZ,market_replay,000029.SZ,UNKNOWN,[]
market_replay-000030.SZ,market_replay,000030.SZ,UNKNOWN,[]
market_replay-000031.SZ,market_replay,000031.SZ,UNKNOWN,[]
market_replay-000032.SZ,market_replay,000032.SZ,UNKNOWN,[]
market_replay-000033.SZ,market_replay,000033.SZ,UNKNOWN,[]
market_replay-000034.SZ,market_replay,000034.SZ,UNKNOWN,[]
market_replay-000035.SZ,market_replay,000035.SZ,UNKNOWN,[]
market_replay-000036.SZ,market_replay,000036.SZ,UNKNOWN,[]
market_replay-000037.SZ,market_replay,000037.SZ,UNKNOWN,[]
market_replay-000038.SZ,market_replay,000038.SZ,UNKNOWN,[]
market_replay-000039.SZ,market_replay,000039.SZ,UNKNOWN,[]
market_replay-000040.SZ,market_replay,000040.SZ,UNKNOWN,[]
market_replay-000042.SZ,market_replay,000042.SZ,UNKNOWN,[]
market_replay-000046.SZ,market_replay,000046.SZ,UNKNOWN,[]
market_replay-000048.SZ,market_replay,000048.SZ,UNKNOWN,[]
market_replay-000049.SZ,market_replay,000049.SZ,UNKNOWN,[]
market_replay-000050.SZ,market_replay,000050.SZ,UNKNOWN,[]
market_replay-000055.SZ,market_replay,000055.SZ,UNKNOWN,[]
market_replay-000056.SZ,market_replay,000056.SZ,UNKNOWN,[]
market_replay-000058.SZ,market_replay,000058.SZ,UNKNOWN,[]
market_replay-000059.SZ,market_replay,000059.SZ,UNKNOWN,[]
market_replay-000060.SZ,market_replay,000060.SZ,UNKNOWN,[]
market_replay-000061.SZ,market_replay,000061.SZ,UNKNOWN,[]
market_replay-000062.SZ,market_replay,000062.SZ,UNKNOWN,[]
market_replay-000063.SZ,market_replay,000063.SZ,UNKNOWN,[]
market_replay-000065.SZ,market_replay,000065.SZ,UNKNOWN,[]
market_replay-000066.SZ,market_replay,000066.SZ,UNKNOWN,[]
market_replay-000068.SZ,market_replay,000068.SZ,UNKNOWN,[]
market_replay-000069.SZ,market_replay,000069.SZ,UNKNOWN,[]
market_replay-000070.SZ,market_replay,000070.SZ,UNKNOWN,[]
market_replay-000078.SZ,market_replay,000078.SZ,UNKNOWN,[]
market_replay-000088.SZ,market_replay,000088.SZ,UNKNOWN,[]
market_replay-000089.SZ,market_replay,000089.SZ,UNKNOWN,[]
market_replay-000090.SZ,market_replay,000090.SZ,UNKNOWN,[]
market_replay-000096.SZ,market_replay,000096.SZ,UNKNOWN,[]
market_replay-000099.SZ,market_replay,000099.SZ,UNKNOWN,[]
market_replay-000100.SZ,market_replay,000100.SZ,UNKNOWN,[]
market_replay-000150.SZ,market_replay,000150.SZ,UNKNOWN,[]
market_replay-000151.SZ,market_replay,000151.SZ,UNKNOWN,[]
market_replay-000153.SZ,market_replay,000153.SZ,UNKNOWN,[]
market_replay-000155.SZ,market_replay,000155.SZ,UNKNOWN,[]
market_replay-000156.SZ,market_replay,000156.SZ,UNKNOWN,[]
market_replay-000157.SZ,market_replay,000157.SZ,UNKNOWN,[]
market_replay-000158.SZ,market_replay,000158.SZ,UNKNOWN,[]
market_replay-000159.SZ,market_replay,000159.SZ,UNKNOWN,[]
market_replay-000166.SZ,market_replay,000166.SZ,UNKNOWN,[]
market_replay-000301.SZ,market_replay,000301.SZ,UNKNOWN,[]
market_replay-000333.SZ,market_replay,000333.SZ,UNKNOWN,[]
market_replay-000338.SZ,market_replay,000338.SZ,UNKNOWN,[]
market_replay-000400.SZ,market_replay,000400.SZ,UNKNOWN,[]
market_replay-000401.SZ,market_replay,000401.SZ,UNKNOWN,[]
market_replay-000402.SZ,market_replay,000402.SZ,UNKNOWN,[]
market_replay-000403.SZ,market_replay,000403.SZ,UNKNOWN,[]
market_replay-000404.SZ,market_replay,000404.SZ,UNKNOWN,[]
market_replay-000407.SZ,market_replay,000407.SZ,UNKNOWN,[]
market_replay-000408.SZ,market_replay,000408.SZ,UNKNOWN,[]
market_replay-000409.SZ,market_replay,000409.SZ,UNKNOWN,[]
market_replay-000410.SZ,market_replay,000410.SZ,UNKNOWN,[]
market_replay-000413.SZ,market_replay,000413.SZ,UNKNOWN,[]
market_replay-000415.SZ,market_replay,000415.SZ,UNKNOWN,[]
market_replay-000416.SZ,market_replay,000416.SZ,UNKNOWN,[]
market_replay-000417.SZ,market_replay,000417.SZ,UNKNOWN,[]
market_replay-000418.SZ,market_replay,000418.SZ,UNKNOWN,[]
market_replay-000419.SZ,market_replay,000419.SZ,UNKNOWN,[]
market_replay-000420.SZ,market_replay,000420.SZ,UNKNOWN,[]
market_replay-000421.SZ,market_replay,000421.SZ,UNKNOWN,[]
market_replay-000422.SZ,market_replay,000422.SZ,UNKNOWN,[]
market_replay-000423.SZ,market_replay,000423.SZ,UNKNOWN,[]
market_replay-000425.SZ,market_replay,000425.SZ,UNKNOWN,[]
market_replay-000426.SZ,market_replay,000426.SZ,UNKNOWN,[]
market_replay-000428.SZ,market_replay,000428.SZ,UNKNOWN,[]
market_replay-000429.SZ,market_replay,000429.SZ,UNKNOWN,[]
market_replay-000488.SZ,market_replay,000488.SZ,UNKNOWN,[]
market_replay-000498.SZ,market_replay,000498.SZ,UNKNOWN,[]
market_replay-000501.SZ,market_replay,000501.SZ,UNKNOWN,[]
market_replay-000503.SZ,market_replay,000503.SZ,UNKNOWN,[]
market_replay-000504.SZ,market_replay,000504.SZ,UNKNOWN,[]
market_replay-000506.SZ,market_replay,000506.SZ,UNKNOWN,[]
market_replay-000507.SZ,market_replay,000507.SZ,UNKNOWN,[]
market_replay-000510.SZ,market_replay,000510.SZ,UNKNOWN,[]
market_replay-000511.SZ,market_replay,000511.SZ,UNKNOWN,[]
market_replay-000513.SZ,market_replay,000513.SZ,UNKNOWN,[]
market_replay-000514.SZ,market_replay,000514.SZ,UNKNOWN,[]
market_replay-000516.SZ,market_replay,000516.SZ,UNKNOWN,[]
market_replay-000517.SZ,market_replay,000517.SZ,UNKNOWN,[]
market_replay-000518.SZ,market_replay,000518.SZ,UNKNOWN,[]
market_replay-000519.SZ,market_replay,000519.SZ,UNKNOWN,[]
market_replay-000520.SZ,market_replay,000520.SZ,UNKNOWN,[]
market_replay-000521.SZ,market_replay,000521.SZ,UNKNOWN,[]
market_replay-000523.SZ,market_replay,000523.SZ,UNKNOWN,[]
market_replay-000524.SZ,market_replay,000524.SZ,UNKNOWN,[]
market_replay-000525.SZ,market_replay,000525.SZ,UNKNOWN,[]
market_replay-000526.SZ,market_replay,000526.SZ,UNKNOWN,[]
market_replay-000528.SZ,market_replay,000528.SZ,UNKNOWN,[]
market_replay-000529.SZ,market_replay,000529.SZ,UNKNOWN,[]
market_replay-000530.SZ,market_replay,000530.SZ,UNKNOWN,[]
market_replay-000531.SZ,market_replay,000531.SZ,UNKNOWN,[]
market_replay-000532.SZ,market_replay,000532.SZ,UNKNOWN,[]
market_replay-000533.SZ,market_replay,000533.SZ,UNKNOWN,[]
market_replay-000534.SZ,market_replay,000534.SZ,UNKNOWN,[]
market_replay-000536.SZ,market_replay,000536.SZ,UNKNOWN,[]
market_replay-000537.SZ,market_replay,000537.SZ,UNKNOWN,[]
market_replay-000538.SZ,market_replay,000538.SZ,UNKNOWN,[]
market_replay-000539.SZ,market_replay,000539.SZ,UNKNOWN,[]
market_replay-000540.SZ,market_replay,000540.SZ,UNKNOWN,[]
market_replay-000541.SZ,market_replay,000541.SZ,UNKNOWN,[]
market_replay-000543.SZ,market_replay,000543.SZ,UNKNOWN,[]
market_replay-000544.SZ,market_replay,000544.SZ,UNKNOWN,[]
market_replay-000545.SZ,market_replay,000545.SZ,UNKNOWN,[]
market_replay-000546.SZ,market_replay,000546.SZ,UNKNOWN,[]
market_replay-000547.SZ,market_replay,000547.SZ,UNKNOWN,[]
market_replay-000548.SZ,market_replay,000548.SZ,UNKNOWN,[]
market_replay-000550.SZ,market_replay,000550.SZ,UNKNOWN,[]
market_replay-000551.SZ,market_replay,000551.SZ,UNKNOWN,[]
market_replay-000552.SZ,market_replay,000552.SZ,UNKNOWN,[]
market_replay-000553.SZ,market_replay,000553.SZ,UNKNOWN,[]
market_replay-000554.SZ,market_replay,000554.SZ,UNKNOWN,[]
market_replay-000555.SZ,market_replay,000555.SZ,UNKNOWN,[]
market_replay-000557.SZ,market_replay,000557.SZ,UNKNOWN,[]
market_replay-000558.SZ,market_replay,000558.SZ,UNKNOWN,[]
market_replay-000559.SZ,market_replay,000559.SZ,UNKNOWN,[]
market_replay-000560.SZ,market_replay,000560.SZ,UNKNOWN,[]
market_replay-000561.SZ,market_replay,000561.SZ,UNKNOWN,[]
market_replay-000562.SZ,market_replay,000562.SZ,UNKNOWN,[]
market_replay-000563.SZ,market_replay,000563.SZ,UNKNOWN,[]
market_replay-000564.SZ,market_replay,000564.SZ,UNKNOWN,[]
market_replay-000565.SZ,market_replay,000565.SZ,UNKNOWN,[]
market_replay-000566.SZ,market_replay,000566.SZ,UNKNOWN,[]
market_replay-000567.SZ,market_replay,000567.SZ,UNKNOWN,[]
market_replay-000568.SZ,market_replay,000568.SZ,UNKNOWN,[]
market_replay-000570.SZ,market_replay,000570.SZ,UNKNOWN,[]
market_replay-000571.SZ,market_replay,000571.SZ,UNKNOWN,[]
market_replay-000572.SZ,market_replay,000572.SZ,UNKNOWN,[]
market_replay-000573.SZ,market_replay,000573.SZ,UNKNOWN,[]
market_replay-000576.SZ,market_replay,000576.SZ,UNKNOWN,[]
market_replay-000581.SZ,market_replay,000581.SZ,UNKNOWN,[]
market_replay-000582.SZ,market_replay,000582.SZ,UNKNOWN,[]
market_replay-000584.SZ,market_replay,000584.SZ,UNKNOWN,[]
market_replay-000585.SZ,market_replay,000585.SZ,UNKNOWN,[]
market_replay-000587.SZ,market_replay,000587.SZ,UNKNOWN,[]
market_replay-000589.SZ,market_replay,000589.SZ,UNKNOWN,[]
market_replay-000590.SZ,market_replay,000590.SZ,UNKNOWN,[]
market_replay-000591.SZ,market_replay,000591.SZ,UNKNOWN,[]
market_replay-000592.SZ,market_replay,000592.SZ,UNKNOWN,[]
market_replay-000594.SZ,market_replay,000594.SZ,UNKNOWN,[]
market_replay-000596.SZ,market_replay,000596.SZ,UNKNOWN,[]
market_replay-000597.SZ,market_replay,000597.SZ,UNKNOWN,[]
market_replay-000598.SZ,market_replay,000598.SZ,UNKNOWN,[]
market_replay-000599.SZ,market_replay,000599.SZ,UNKNOWN,[]
market_replay-000600.SZ,market_replay,000600.SZ,UNKNOWN,[]
market_replay-000601.SZ,market_replay,000601.SZ,UNKNOWN,[]
market_replay-000603.SZ,market_replay,000603.SZ,UNKNOWN,[]
market_replay-000606.SZ,market_replay,000606.SZ,UNKNOWN,[]
market_replay-000607.SZ,market_replay,000607.SZ,UNKNOWN,[]
market_replay-000608.SZ,market_replay,000608.SZ,UNKNOWN,[]
market_replay-000609.SZ,market_replay,000609.SZ,UNKNOWN,[]
market_replay-000612.SZ,market_replay,000612.SZ,UNKNOWN,[]
market_replay-000615.SZ,market_replay,000615.SZ,UNKNOWN,[]
market_replay-000616.SZ,market_replay,000616.SZ,UNKNOWN,[]
market_replay-000617.SZ,market_replay,000617.SZ,UNKNOWN,[]
market_replay-000619.SZ,market_replay,000619.SZ,UNKNOWN,[]
market_replay-000620.SZ,market_replay,000620.SZ,UNKNOWN,[]
market_replay-000622.SZ,market_replay,000622.SZ,UNKNOWN,[]
market_replay-000623.SZ,market_replay,000623.SZ,UNKNOWN,[]
market_replay-000625.SZ,market_replay,000625.SZ,UNKNOWN,[]
market_replay-000626.SZ,market_replay,000626.SZ,UNKNOWN,[]
market_replay-000627.SZ,market_replay,000627.SZ,UNKNOWN,[]
market_replay-000628.SZ,market_replay,000628.SZ,UNKNOWN,[]
market_replay-000629.SZ,market_replay,000629.SZ,UNKNOWN,[]
market_replay-000630.SZ,market_replay,000630.SZ,UNKNOWN,[]
market_replay-000631.SZ,market_replay,000631.SZ,UNKNOWN,[]
market_replay-000635.SZ,market_replay,000635.SZ,UNKNOWN,[]
market_replay-000636.SZ,market_replay,000636.SZ,UNKNOWN,[]
market_replay-000637.SZ,market_replay,000637.SZ,UNKNOWN,[]
market_replay-000639.SZ,market_replay,000639.SZ,UNKNOWN,[]
market_replay-000650.SZ,market_replay,000650.SZ,UNKNOWN,[]
market_replay-000651.SZ,market_replay,000651.SZ,UNKNOWN,[]
market_replay-000652.SZ,market_replay,000652.SZ,UNKNOWN,[]
market_replay-000655.SZ,market_replay,000655.SZ,UNKNOWN,[]
market_replay-000656.SZ,market_replay,000656.SZ,UNKNOWN,[]
market_replay-000657.SZ,market_replay,000657.SZ,UNKNOWN,[]
market_replay-000659.SZ,market_replay,000659.SZ,UNKNOWN,[]
market_replay-000661.SZ,market_replay,000661.SZ,UNKNOWN,[]
market_replay-000662.SZ,market_replay,000662.SZ,UNKNOWN,[]
market_replay-000663.SZ,market_replay,000663.SZ,UNKNOWN,[]
market_replay-000665.SZ,market_replay,000665.SZ,UNKNOWN,[]
market_replay-000666.SZ,market_replay,000666.SZ,UNKNOWN,[]
market_replay-000667.SZ,market_replay,000667.SZ,UNKNOWN,[]
market_replay-000668.SZ,market_replay,000668.SZ,UNKNOWN,[]
market_replay-000669.SZ,market_replay,000669.SZ,UNKNOWN,[]
market_replay-000670.SZ,market_replay,000670.SZ,UNKNOWN,[]
market_replay-000671.SZ,market_replay,000671.SZ,UNKNOWN,[]
market_replay-000672.SZ,market_replay,000672.SZ,UNKNOWN,[]
market_replay-000673.SZ,market_replay,000673.SZ,UNKNOWN,[]
market_replay-000676.SZ,market_replay,000676.SZ,UNKNOWN,[]
market_replay-000677.SZ,market_replay,000677.SZ,UNKNOWN,[]
market_replay-000679.SZ,market_replay,000679.SZ,UNKNOWN,[]
market_replay-000680.SZ,market_replay,000680.SZ,UNKNOWN,[]
market_replay-000681.SZ,market_replay,000681.SZ,UNKNOWN,[]
market_replay-000682.SZ,market_replay,000682.SZ,UNKNOWN,[]
market_replay-000683.SZ,market_replay,000683.SZ,UNKNOWN,[]
market_replay-000685.SZ,market_replay,000685.SZ,UNKNOWN,[]
market_replay-000686.SZ,market_replay,000686.SZ,UNKNOWN,[]
market_replay-000687.SZ,market_replay,000687.SZ,UNKNOWN,[]
market_replay-000688.SZ,market_replay,000688.SZ,UNKNOWN,[]
market_replay-000690.SZ,market_replay,000690.SZ,UNKNOWN,[]
market_replay-000693.SZ,market_replay,000693.SZ,UNKNOWN,[]
market_replay-000695.SZ,market_replay,000695.SZ,UNKNOWN,[]
market_replay-000697.SZ,market_replay,000697.SZ,UNKNOWN,[]
market_replay-000698.SZ,market_replay,000698.SZ,UNKNOWN,[]
market_replay-000700.SZ,market_replay,000700.SZ,UNKNOWN,[]
market_replay-000701.SZ,market_replay,000701.SZ,UNKNOWN,[]
market_replay-000702.SZ,market_replay,000702.SZ,UNKNOWN,[]
market_replay-000703.SZ,market_replay,000703.SZ,UNKNOWN,[]
market_replay-000705.SZ,market_replay,000705.SZ,UNKNOWN,[]
market_replay-000707.SZ,market_replay,000707.SZ,UNKNOWN,[]
market_replay-000708.SZ,market_replay,000708.SZ,UNKNOWN,[]
market_replay-000709.SZ,market_replay,000709.SZ,UNKNOWN,[]
market_replay-000710.SZ,market_replay,000710.SZ,UNKNOWN,[]
market_replay-000711.SZ,market_replay,000711.SZ,UNKNOWN,[]
market_replay-000712.SZ,market_replay,000712.SZ,UNKNOWN,[]
market_replay-000713.SZ,market_replay,000713.SZ,UNKNOWN,[]
market_replay-000715.SZ,market_replay,000715.SZ,UNKNOWN,[]
market_replay-000716.SZ,market_replay,000716.SZ,UNKNOWN,[]
market_replay-000717.SZ,market_replay,000717.SZ,UNKNOWN,[]
market_replay-000718.SZ,market_replay,000718.SZ,UNKNOWN,[]
market_replay-000719.SZ,market_replay,000719.SZ,UNKNOWN,[]
market_replay-000720.SZ,market_replay,000720.SZ,UNKNOWN,[]
market_replay-000722.SZ,market_replay,000722.SZ,UNKNOWN,[]
market_replay-000723.SZ,market_replay,000723.SZ,UNKNOWN,[]
market_replay-000725.SZ,market_replay,000725.SZ,UNKNOWN,[]
market_replay-000726.SZ,market_replay,000726.SZ,UNKNOWN,[]
market_replay-000727.SZ,market_replay,000727.SZ,UNKNOWN,[]
market_replay-000728.SZ,market_replay,000728.SZ,UNKNOWN,[]
market_replay-000729.SZ,market_replay,000729.SZ,UNKNOWN,[]
market_replay-000731.SZ,market_replay,000731.SZ,UNKNOWN,[]
market_replay-000732.SZ,market_replay,000732.SZ,UNKNOWN,[]
market_replay-000733.SZ,market_replay,000733.SZ,UNKNOWN,[]
market_replay-000735.SZ,market_replay,000735.SZ,UNKNOWN,[]
market_replay-000736.SZ,market_replay,000736.SZ,UNKNOWN,[]
market_replay-000737.SZ,market_replay,000737.SZ,UNKNOWN,[]
market_replay-000738.SZ,market_replay,000738.SZ,UNKNOWN,[]
market_replay-000739.SZ,market_replay,000739.SZ,UNKNOWN,[]
market_replay-000748.SZ,market_replay,000748.SZ,UNKNOWN,[]
market_replay-000750.SZ,market_replay,000750.SZ,UNKNOWN,[]
market_replay-000751.SZ,market_replay,000751.SZ,UNKNOWN,[]
market_replay-000752.SZ,market_replay,000752.SZ,UNKNOWN,[]
market_replay-000753.SZ,market_replay,000753.SZ,UNKNOWN,[]
market_replay-000755.SZ,market_replay,000755.SZ,UNKNOWN,[]
market_replay-000756.SZ,market_replay,000756.SZ,UNKNOWN,[]
market_replay-000757.SZ,market_replay,000757.SZ,UNKNOWN,[]
market_replay-000758.SZ,market_replay,000758.SZ,UNKNOWN,[]
market_replay-000759.SZ,market_replay,000759.SZ,UNKNOWN,[]
market_replay-000760.SZ,market_replay,000760.SZ,UNKNOWN,[]
market_replay-000761.SZ,market_replay,000761.SZ,UNKNOWN,[]
market_replay-000762.SZ,market_replay,000762.SZ,UNKNOWN,[]
market_replay-000766.SZ,market_replay,000766.SZ,UNKNOWN,[]
market_replay-000767.SZ,market_replay,000767.SZ,UNKNOWN,[]
market_replay-000768.SZ,market_replay,000768.SZ,UNKNOWN,[]
market_replay-000776.SZ,market_replay,000776.SZ,UNKNOWN,[]
market_replay-000777.SZ,market_replay,000777.SZ,UNKNOWN,[]
market_replay-000778.SZ,market_replay,000778.SZ,UNKNOWN,[]
market_replay-000780.SZ,market_replay,000780.SZ,UNKNOWN,[]
market_replay-000782.SZ,market_replay,000782.SZ,UNKNOWN,[]
market_replay-000783.SZ,market_replay,000783.SZ,UNKNOWN,[]
market_replay-000785.SZ,market_replay,000785.SZ,UNKNOWN,[]
market_replay-000786.SZ,market_replay,000786.SZ,UNKNOWN,[]
market_replay-000788.SZ,market_replay,000788.SZ,UNKNOWN,[]
market_replay-000789.SZ,market_replay,000789.SZ,UNKNOWN,[]
market_replay-000790.SZ,market_replay,000790.SZ,UNKNOWN,[]
market_replay-000791.SZ,market_replay,000791.SZ,UNKNOWN,[]
market_replay-000792.SZ,market_replay,000792.SZ,UNKNOWN,[]
market_replay-000793.SZ,market_replay,000793.SZ,UNKNOWN,[]
market_replay-000795.SZ,market_replay,000795.SZ,UNKNOWN,[]
market_replay-000796.SZ,market_replay,000796.SZ,UNKNOWN,[]
market_replay-000797.SZ,market_replay,000797.SZ,UNKNOWN,[]
market_replay-000799.SZ,market_replay,000799.SZ,UNKNOWN,[]
market_replay-000800.SZ,market_replay,000800.SZ,UNKNOWN,[]
market_replay-000801.SZ,market_replay,000801.SZ,UNKNOWN,[]
market_replay-000802.SZ,market_replay,000802.SZ,UNKNOWN,[]
market_replay-000806.SZ,market_replay,000806.SZ,UNKNOWN,[]
market_replay-000807.SZ,market_replay,000807.SZ,UNKNOWN,[]
market_replay-000809.SZ,market_replay,000809.SZ,UNKNOWN,[]
market_replay-000810.SZ,market_replay,000810.SZ,UNKNOWN,[]
market_replay-000811.SZ,market_replay,000811.SZ,UNKNOWN,[]
market_replay-000812.SZ,market_replay,000812.SZ,UNKNOWN,[]
market_replay-000813.SZ,market_replay,000813.SZ,UNKNOWN,[]
market_replay-000815.SZ,market_replay,000815.SZ,UNKNOWN,[]
market_replay-000816.SZ,market_replay,000816.SZ,UNKNOWN,[]
market_replay-000818.SZ,market_replay,000818.SZ,UNKNOWN,[]
market_replay-000819.SZ,market_replay,000819.SZ,UNKNOWN,[]
market_replay-000820.SZ,market_replay,000820.SZ,UNKNOWN,[]
market_replay-000821.SZ,market_replay,000821.SZ,UNKNOWN,[]
market_replay-000822.SZ,market_replay,000822.SZ,UNKNOWN,[]
market_replay-000823.SZ,market_replay,000823.SZ,UNKNOWN,[]
market_replay-000825.SZ,market_replay,000825.SZ,UNKNOWN,[]
market_replay-000826.SZ,market_replay,000826.SZ,UNKNOWN,[]
market_replay-000828.SZ,market_replay,000828.SZ,UNKNOWN,[]
market_replay-000829.SZ,market_replay,000829.SZ,UNKNOWN,[]
market_replay-000830.SZ,market_replay,000830.SZ,UNKNOWN,[]
market_replay-000831.SZ,market_replay,000831.SZ,UNKNOWN,[]
market_replay-000833.SZ,market_replay,000833.SZ,UNKNOWN,[]
market_replay-000836.SZ,market_replay,000836.SZ,UNKNOWN,[]
market_replay-000837.SZ,market_replay,000837.SZ,UNKNOWN,[]
market_replay-000838.SZ,market_replay,000838.SZ,UNKNOWN,[]
market_replay-000839.SZ,market_replay,000839.SZ,UNKNOWN,[]
market_replay-000848.SZ,market_replay,000848.SZ,UNKNOWN,[]
market_replay-000850.SZ,market_replay,000850.SZ,UNKNOWN,[]
market_replay-000851.SZ,market_replay,000851.SZ,UNKNOWN,[]
market_replay-000852.SZ,market_replay,000852.SZ,UNKNOWN,[]
market_replay-000858.SZ,market_replay,000858.SZ,UNKNOWN,[]
market_replay-000859.SZ,market_replay,000859.SZ,UNKNOWN,[]
market_replay-000860.SZ,market_replay,000860.SZ,UNKNOWN,[]
market_replay-000861.SZ,market_replay,000861.SZ,UNKNOWN,[]
market_replay-000863.SZ,market_replay,000863.SZ,UNKNOWN,[]
market_replay-000868.SZ,market_replay,000868.SZ,UNKNOWN,[]
market_replay-000869.SZ,market_replay,000869.SZ,UNKNOWN,[]
market_replay-000875.SZ,market_replay,000875.SZ,UNKNOWN,[]
market_replay-000876.SZ,market_replay,000876.SZ,UNKNOWN,[]
market_replay-000877.SZ,market_replay,000877.SZ,UNKNOWN,[]
market_replay-000878.SZ,market_replay,000878.SZ,UNKNOWN,[]
market_replay-000880.SZ,market_replay,000880.SZ,UNKNOWN,[]
market_replay-000881.SZ,market_replay,000881.SZ,UNKNOWN,[]
market_replay-000882.SZ,market_replay,000882.SZ,UNKNOWN,[]
market_replay-000883.SZ,market_replay,000883.SZ,UNKNOWN,[]
market_replay-000885.SZ,market_replay,000885.SZ,UNKNOWN,[]
market_replay-000886.SZ,market_replay,000886.SZ,UNKNOWN,[]
market_replay-000887.SZ,market_replay,000887.SZ,UNKNOWN,[]
market_replay-000888.SZ,market_replay,000888.SZ,UNKNOWN,[]
market_replay-000889.SZ,market_replay,000889.SZ,UNKNOWN,[]
market_replay-000890.SZ,market_replay,000890.SZ,UNKNOWN,[]
market_replay-000892.SZ,market_replay,000892.SZ,UNKNOWN,[]
market_replay-000893.SZ,market_replay,000893.SZ,UNKNOWN,[]
market_replay-000895.SZ,market_replay,000895.SZ,UNKNOWN,[]
market_replay-000897.SZ,market_replay,000897.SZ,UNKNOWN,[]
market_replay-000898.SZ,market_replay,000898.SZ,UNKNOWN,[]
market_replay-000899.SZ,market_replay,000899.SZ,UNKNOWN,[]
market_replay-000900.SZ,market_replay,000900.SZ,UNKNOWN,[]
market_replay-000901.SZ,market_replay,000901.SZ,UNKNOWN,[]
market_replay-000902.SZ,market_replay,000902.SZ,UNKNOWN,[]
market_replay-000903.SZ,market_replay,000903.SZ,UNKNOWN,[]
market_replay-000905.SZ,market_replay,000905.SZ,UNKNOWN,[]
market_replay-000906.SZ,market_replay,000906.SZ,UNKNOWN,[]
market_replay-000909.SZ,market_replay,000909.SZ,UNKNOWN,[]
market_replay-000910.SZ,market_replay,000910.SZ,UNKNOWN,[]
market_replay-000911.SZ,market_replay,000911.SZ,UNKNOWN,[]
market_replay-000912.SZ,market_replay,000912.SZ,UNKNOWN,[]
market_replay-000913.SZ,market_replay,000913.SZ,UNKNOWN,[]
market_replay-000915.SZ,market_replay,000915.SZ,UNKNOWN,[]
market_replay-000916.SZ,market_replay,000916.SZ,UNKNOWN,[]
market_replay-000917.SZ,market_replay,000917.SZ,UNKNOWN,[]
market_replay-000918.SZ,market_replay,000918.SZ,UNKNOWN,[]
market_replay-000919.SZ,market_replay,000919.SZ,UNKNOWN,[]
market_replay-000920.SZ,market_replay,000920.SZ,UNKNOWN,[]
market_replay-000921.SZ,market_replay,000921.SZ,UNKNOWN,[]
market_replay-000922.SZ,market_replay,000922.SZ,UNKNOWN,[]
market_replay-000923.SZ,market_replay,000923.SZ,UNKNOWN,[]
market_replay-000925.SZ,market_replay,000925.SZ,UNKNOWN,[]
market_replay-000926.SZ,market_replay,000926.SZ,UNKNOWN,[]
market_replay-000927.SZ,market_replay,000927.SZ,UNKNOWN,[]
market_replay-000928.SZ,market_replay,000928.SZ,UNKNOWN,[]
market_replay-000930.SZ,market_replay,000930.SZ,UNKNOWN,[]
market_replay-000931.SZ,market_replay,000931.SZ,UNKNOWN,[]
market_replay-000932.SZ,market_replay,000932.SZ,UNKNOWN,[]
market_replay-000933.SZ,market_replay,000933.SZ,UNKNOWN,[]
market_replay-000935.SZ,market_replay,000935.SZ,UNKNOWN,[]
market_replay-000936.SZ,market_replay,000936.SZ,UNKNOWN,[]
market_replay-000937.SZ,market_replay,000937.SZ,UNKNOWN,[]
market_replay-000938.SZ,market_replay,000938.SZ,UNKNOWN,[]
market_replay-000939.SZ,market_replay,000939.SZ,UNKNOWN,[]
market_replay-000948.SZ,market_replay,000948.SZ,UNKNOWN,[]
market_replay-000949.SZ,market_replay,000949.SZ,UNKNOWN,[]
market_replay-000950.SZ,market_replay,000950.SZ,UNKNOWN,[]
market_replay-000951.SZ,market_replay,000951.SZ,UNKNOWN,[]
market_replay-000952.SZ,market_replay,000952.SZ,UNKNOWN,[]
market_replay-000957.SZ,market_replay,000957.SZ,UNKNOWN,[]
market_replay-000958.SZ,market_replay,000958.SZ,UNKNOWN,[]
market_replay-000959.SZ,market_replay,000959.SZ,UNKNOWN,[]
market_replay-000960.SZ,market_replay,000960.SZ,UNKNOWN,[]
market_replay-000961.SZ,market_replay,000961.SZ,UNKNOWN,[]
market_replay-000962.SZ,market_replay,000962.SZ,UNKNOWN,[]
market_replay-000963.SZ,market_replay,000963.SZ,UNKNOWN,[]
market_replay-000965.SZ,market_replay,000965.SZ,UNKNOWN,[]
market_replay-000966.SZ,market_replay,000966.SZ,UNKNOWN,[]
market_replay-000967.SZ,market_replay,000967.SZ,UNKNOWN,[]
market_replay-000968.SZ,market_replay,000968.SZ,UNKNOWN,[]
market_replay-000969.SZ,market_replay,000969.SZ,UNKNOWN,[]
market_replay-000970.SZ,market_replay,000970.SZ,UNKNOWN,[]
market_replay-000971.SZ,market_replay,000971.SZ,UNKNOWN,[]
market_replay-000972.SZ,market_replay,000972.SZ,UNKNOWN,[]
market_replay-000973.SZ,market_replay,000973.SZ,UNKNOWN,[]
market_replay-000975.SZ,market_replay,000975.SZ,UNKNOWN,[]
market_replay-000976.SZ,market_replay,000976.SZ,UNKNOWN,[]
market_replay-000977.SZ,market_replay,000977.SZ,UNKNOWN,[]
market_replay-000978.SZ,market_replay,000978.SZ,UNKNOWN,[]
market_replay-000979.SZ,market_replay,000979.SZ,UNKNOWN,[]
market_replay-000980.SZ,market_replay,000980.SZ,UNKNOWN,[]
market_replay-000981.SZ,market_replay,000981.SZ,UNKNOWN,[]
market_replay-000982.SZ,market_replay,000982.SZ,UNKNOWN,[]
market_replay-000983.SZ,market_replay,000983.SZ,UNKNOWN,[]
market_replay-000987.SZ,market_replay,000987.SZ,UNKNOWN,[]
market_replay-000988.SZ,market_replay,000988.SZ,UNKNOWN,[]
market_replay-000989.SZ,market_replay,000989.SZ,UNKNOWN,[]
market_replay-000990.SZ,market_replay,000990.SZ,UNKNOWN,[]
market_replay-000993.SZ,market_replay,000993.SZ,UNKNOWN,[]
market_replay-000996.SZ,market_replay,000996.SZ,UNKNOWN,[]
market_replay-000997.SZ,market_replay,000997.SZ,UNKNOWN,[]
market_replay-000998.SZ,market_replay,000998.SZ,UNKNOWN,[]
market_replay-000999.SZ,market_replay,000999.SZ,UNKNOWN,[]
market_replay-001203.SZ,market_replay,001203.SZ,UNKNOWN,[]
market_replay-001213.SZ,market_replay,001213.SZ,UNKNOWN,[]
market_replay-001221.SZ,market_replay,001221.SZ,UNKNOWN,[]
market_replay-001227.SZ,market_replay,001227.SZ,UNKNOWN,[]
market_replay-001233.SZ,market_replay,001233.SZ,UNKNOWN,[]
market_replay-001236.SZ,market_replay,001236.SZ,UNKNOWN,[]
market_replay-001258.SZ,market_replay,001258.SZ,UNKNOWN,[]
market_replay-001267.SZ,market_replay,001267.SZ,UNKNOWN,[]
market_replay-001269.SZ,market_replay,001269.SZ,UNKNOWN,[]
market_replay-001270.SZ,market_replay,001270.SZ,UNKNOWN,[]
market_replay-001280.SZ,market_replay,001280.SZ,UNKNOWN,[]
market_replay-001286.SZ,market_replay,001286.SZ,UNKNOWN,[]
market_replay-001287.SZ,market_replay,001287.SZ,UNKNOWN,[]
market_replay-001289.SZ,market_replay,001289.SZ,UNKNOWN,[]
market_replay-001301.SZ,market_replay,001301.SZ,UNKNOWN,[]
market_replay-001308.SZ,market_replay,001308.SZ,UNKNOWN,[]
market_replay-001309.SZ,market_replay,001309.SZ,UNKNOWN,[]
market_replay-001311.SZ,market_replay,001311.SZ,UNKNOWN,[]
market_replay-001322.SZ,market_replay,001322.SZ,UNKNOWN,[]
market_replay-001323.SZ,market_replay,001323.SZ,UNKNOWN,[]
market_replay-001337.SZ,market_replay,001337.SZ,UNKNOWN,[]
market_replay-001338.SZ,market_replay,001338.SZ,UNKNOWN,[]
market_replay-001339.SZ,market_replay,001339.SZ,UNKNOWN,[]
market_replay-001356.SZ,market_replay,001356.SZ,UNKNOWN,[]
market_replay-001359.SZ,market_replay,001359.SZ,UNKNOWN,[]
market_replay-001369.SZ,market_replay,001369.SZ,UNKNOWN,[]
market_replay-001376.SZ,market_replay,001376.SZ,UNKNOWN,[]
market_replay-001382.SZ,market_replay,001382.SZ,UNKNOWN,[]
market_replay-001386.SZ,market_replay,001386.SZ,UNKNOWN,[]
market_replay-001389.SZ,market_replay,001389.SZ,UNKNOWN,[]
market_replay-001391.SZ,market_replay,001391.SZ,UNKNOWN,[]
market_replay-001696.SZ,market_replay,001696.SZ,UNKNOWN,[]
market_replay-001872.SZ,market_replay,001872.SZ,UNKNOWN,[]
market_replay-001896.SZ,market_replay,001896.SZ,UNKNOWN,[]
market_replay-001914.SZ,market_replay,001914.SZ,UNKNOWN,[]
market_replay-001965.SZ,market_replay,001965.SZ,UNKNOWN,[]
market_replay-001979.SZ,market_replay,001979.SZ,UNKNOWN,[]
market_replay-002001.SZ,market_replay,002001.SZ,UNKNOWN,[]
market_replay-002002.SZ,market_replay,002002.SZ,UNKNOWN,[]
market_replay-002003.SZ,market_replay,002003.SZ,UNKNOWN,[]
market_replay-002004.SZ,market_replay,002004.SZ,UNKNOWN,[]
market_replay-002005.SZ,market_replay,002005.SZ,UNKNOWN,[]
market_replay-002006.SZ,market_replay,002006.SZ,UNKNOWN,[]
market_replay-002007.SZ,market_replay,002007.SZ,UNKNOWN,[]
market_replay-002008.SZ,market_replay,002008.SZ,UNKNOWN,[]
market_replay-002009.SZ,market_replay,002009.SZ,UNKNOWN,[]
market_replay-002010.SZ,market_replay,002010.SZ,UNKNOWN,[]
market_replay-002011.SZ,market_replay,002011.SZ,UNKNOWN,[]
market_replay-002012.SZ,market_replay,002012.SZ,UNKNOWN,[]
market_replay-002013.SZ,market_replay,002013.SZ,UNKNOWN,[]
market_replay-002014.SZ,market_replay,002014.SZ,UNKNOWN,[]
market_replay-002015.SZ,market_replay,002015.SZ,UNKNOWN,[]
market_replay-002016.SZ,market_replay,002016.SZ,UNKNOWN,[]
market_replay-002017.SZ,market_replay,002017.SZ,UNKNOWN,[]
market_replay-002018.SZ,market_replay,002018.SZ,UNKNOWN,[]
market_replay-002019.SZ,market_replay,002019.SZ,UNKNOWN,[]
market_replay-002020.SZ,market_replay,002020.SZ,UNKNOWN,[]
market_replay-002021.SZ,market_replay,002021.SZ,UNKNOWN,[]
market_replay-002022.SZ,market_replay,002022.SZ,UNKNOWN,[]
market_replay-002023.SZ,market_replay,002023.SZ,UNKNOWN,[]
market_replay-002024.SZ,market_replay,002024.SZ,UNKNOWN,[]
market_replay-002025.SZ,market_replay,002025.SZ,UNKNOWN,[]
market_replay-002027.SZ,market_replay,002027.SZ,UNKNOWN,[]
market_replay-002028.SZ,market_replay,002028.SZ,UNKNOWN,[]
market_replay-002029.SZ,market_replay,002029.SZ,UNKNOWN,[]
market_replay-002030.SZ,market_replay,002030.SZ,UNKNOWN,[]
market_replay-002031.SZ,market_replay,002031.SZ,UNKNOWN,[]
market_replay-002032.SZ,market_replay,002032.SZ,UNKNOWN,[]
market_replay-002033.SZ,market_replay,002033.SZ,UNKNOWN,[]
market_replay-002034.SZ,market_replay,002034.SZ,UNKNOWN,[]
market_replay-002035.SZ,market_replay,002035.SZ,UNKNOWN,[]
market_replay-002036.SZ,market_replay,002036.SZ,UNKNOWN,[]
market_replay-002037.SZ,market_replay,002037.SZ,UNKNOWN,[]
market_replay-002038.SZ,market_replay,002038.SZ,UNKNOWN,[]
market_replay-002039.SZ,market_replay,002039.SZ,UNKNOWN,[]
market_replay-002040.SZ,market_replay,002040.SZ,UNKNOWN,[]
market_replay-002041.SZ,market_replay,002041.SZ,UNKNOWN,[]
market_replay-002042.SZ,market_replay,002042.SZ,UNKNOWN,[]
market_replay-002043.SZ,market_replay,002043.SZ,UNKNOWN,[]
market_replay-002044.SZ,market_replay,002044.SZ,UNKNOWN,[]
market_replay-002045.SZ,market_replay,002045.SZ,UNKNOWN,[]
market_replay-002046.SZ,market_replay,002046.SZ,UNKNOWN,[]
market_replay-002047.SZ,market_replay,002047.SZ,UNKNOWN,[]
market_replay-002048.SZ,market_replay,002048.SZ,UNKNOWN,[]
market_replay-002049.SZ,market_replay,002049.SZ,UNKNOWN,[]
market_replay-002050.SZ,market_replay,002050.SZ,UNKNOWN,[]
market_replay-002051.SZ,market_replay,002051.SZ,UNKNOWN,[]
market_replay-002052.SZ,market_replay,002052.SZ,UNKNOWN,[]
market_replay-002053.SZ,market_replay,002053.SZ,UNKNOWN,[]
market_replay-002054.SZ,market_replay,002054.SZ,UNKNOWN,[]
market_replay-002055.SZ,market_replay,002055.SZ,UNKNOWN,[]
market_replay-002056.SZ,market_replay,002056.SZ,UNKNOWN,[]
market_replay-002059.SZ,market_replay,002059.SZ,UNKNOWN,[]
market_replay-002060.SZ,market_replay,002060.SZ,UNKNOWN,[]
market_replay-002061.SZ,market_replay,002061.SZ,UNKNOWN,[]
market_replay-002062.SZ,market_replay,002062.SZ,UNKNOWN,[]
market_replay-002063.SZ,market_replay,002063.SZ,UNKNOWN,[]
market_replay-002064.SZ,market_replay,002064.SZ,UNKNOWN,[]
market_replay-002065.SZ,market_replay,002065.SZ,UNKNOWN,[]
market_replay-002067.SZ,market_replay,002067.SZ,UNKNOWN,[]
market_replay-002068.SZ,market_replay,002068.SZ,UNKNOWN,[]
market_replay-002069.SZ,market_replay,002069.SZ,UNKNOWN,[]
market_replay-002070.SZ,market_replay,002070.SZ,UNKNOWN,[]
market_replay-002071.SZ,market_replay,002071.SZ,UNKNOWN,[]
market_replay-002073.SZ,market_replay,002073.SZ,UNKNOWN,[]
market_replay-002074.SZ,market_replay,002074.SZ,UNKNOWN,[]
market_replay-002075.SZ,market_replay,002075.SZ,UNKNOWN,[]
market_replay-002076.SZ,market_replay,002076.SZ,UNKNOWN,[]
market_replay-002077.SZ,market_replay,002077.SZ,UNKNOWN,[]
market_replay-002078.SZ,market_replay,002078.SZ,UNKNOWN,[]
market_replay-002079.SZ,market_replay,002079.SZ,UNKNOWN,[]
market_replay-002080.SZ,market_replay,002080.SZ,UNKNOWN,[]
market_replay-002081.SZ,market_replay,002081.SZ,UNKNOWN,[]
market_replay-002083.SZ,market_replay,002083.SZ,UNKNOWN,[]
market_replay-002084.SZ,market_replay,002084.SZ,UNKNOWN,[]
market_replay-002085.SZ,market_replay,002085.SZ,UNKNOWN,[]
market_replay-002086.SZ,market_replay,002086.SZ,UNKNOWN,[]
market_replay-002088.SZ,market_replay,002088.SZ,UNKNOWN,[]
market_replay-002089.SZ,market_replay,002089.SZ,UNKNOWN,[]
market_replay-002090.SZ,market_replay,002090.SZ,UNKNOWN,[]
market_replay-002091.SZ,market_replay,002091.SZ,UNKNOWN,[]
market_replay-002092.SZ,market_replay,002092.SZ,UNKNOWN,[]
market_replay-002093.SZ,market_replay,002093.SZ,UNKNOWN,[]
market_replay-002094.SZ,market_replay,002094.SZ,UNKNOWN,[]
market_replay-002095.SZ,market_replay,002095.SZ,UNKNOWN,[]
market_replay-002096.SZ,market_replay,002096.SZ,UNKNOWN,[]
market_replay-002097.SZ,market_replay,002097.SZ,UNKNOWN,[]
market_replay-002098.SZ,market_replay,002098.SZ,UNKNOWN,[]
market_replay-002099.SZ,market_replay,002099.SZ,UNKNOWN,[]
market_replay-002100.SZ,market_replay,002100.SZ,UNKNOWN,[]
market_replay-002101.SZ,market_replay,002101.SZ,UNKNOWN,[]
market_replay-002102.SZ,market_replay,002102.SZ,UNKNOWN,[]
market_replay-002103.SZ,market_replay,002103.SZ,UNKNOWN,[]
market_replay-002104.SZ,market_replay,002104.SZ,UNKNOWN,[]
market_replay-002105.SZ,market_replay,002105.SZ,UNKNOWN,[]
market_replay-002106.SZ,market_replay,002106.SZ,UNKNOWN,[]
market_replay-002107.SZ,market_replay,002107.SZ,UNKNOWN,[]
market_replay-002108.SZ,market_replay,002108.SZ,UNKNOWN,[]
market_replay-002109.SZ,market_replay,002109.SZ,UNKNOWN,[]
market_replay-002110.SZ,market_replay,002110.SZ,UNKNOWN,[]
market_replay-002111.SZ,market_replay,002111.SZ,UNKNOWN,[]
market_replay-002113.SZ,market_replay,002113.SZ,UNKNOWN,[]
market_replay-002114.SZ,market_replay,002114.SZ,UNKNOWN,[]
market_replay-002115.SZ,market_replay,002115.SZ,UNKNOWN,[]
market_replay-002116.SZ,market_replay,002116.SZ,UNKNOWN,[]
market_replay-002117.SZ,market_replay,002117.SZ,UNKNOWN,[]
market_replay-002118.SZ,market_replay,002118.SZ,UNKNOWN,[]
market_replay-002120.SZ,market_replay,002120.SZ,UNKNOWN,[]
market_replay-002121.SZ,market_replay,002121.SZ,UNKNOWN,[]
market_replay-002122.SZ,market_replay,002122.SZ,UNKNOWN,[]
market_replay-002123.SZ,market_replay,002123.SZ,UNKNOWN,[]
market_replay-002124.SZ,market_replay,002124.SZ,UNKNOWN,[]
market_replay-002125.SZ,market_replay,002125.SZ,UNKNOWN,[]
market_replay-002126.SZ,market_replay,002126.SZ,UNKNOWN,[]
market_replay-002127.SZ,market_replay,002127.SZ,UNKNOWN,[]
market_replay-002128.SZ,market_replay,002128.SZ,UNKNOWN,[]
market_replay-002129.SZ,market_replay,002129.SZ,UNKNOWN,[]
market_replay-002130.SZ,market_replay,002130.SZ,UNKNOWN,[]
market_replay-002131.SZ,market_replay,002131.SZ,UNKNOWN,[]
market_replay-002133.SZ,market_replay,002133.SZ,UNKNOWN,[]
market_replay-002135.SZ,market_replay,002135.SZ,UNKNOWN,[]
market_replay-002137.SZ,market_replay,002137.SZ,UNKNOWN,[]
market_replay-002138.SZ,market_replay,002138.SZ,UNKNOWN,[]
market_replay-002139.SZ,market_replay,002139.SZ,UNKNOWN,[]
market_replay-002140.SZ,market_replay,002140.SZ,UNKNOWN,[]
market_replay-002141.SZ,market_replay,002141.SZ,UNKNOWN,[]
market_replay-002142.SZ,market_replay,002142.SZ,UNKNOWN,[]
market_replay-002143.SZ,market_replay,002143.SZ,UNKNOWN,[]
market_replay-002144.SZ,market_replay,002144.SZ,UNKNOWN,[]
market_replay-002145.SZ,market_replay,002145.SZ,UNKNOWN,[]
market_replay-002146.SZ,market_replay,002146.SZ,UNKNOWN,[]
market_replay-002147.SZ,market_replay,002147.SZ,UNKNOWN,[]
market_replay-002148.SZ,market_replay,002148.SZ,UNKNOWN,[]
market_replay-002149.SZ,market_replay,002149.SZ,UNKNOWN,[]
market_replay-002151.SZ,market_replay,002151.SZ,UNKNOWN,[]
market_replay-002152.SZ,market_replay,002152.SZ,UNKNOWN,[]
market_replay-002153.SZ,market_replay,002153.SZ,UNKNOWN,[]
market_replay-002154.SZ,market_replay,002154.SZ,UNKNOWN,[]
market_replay-002155.SZ,market_replay,002155.SZ,UNKNOWN,[]
market_replay-002156.SZ,market_replay,002156.SZ,UNKNOWN,[]
market_replay-002157.SZ,market_replay,002157.SZ,UNKNOWN,[]
market_replay-002158.SZ,market_replay,002158.SZ,UNKNOWN,[]
market_replay-002161.SZ,market_replay,002161.SZ,UNKNOWN,[]
market_replay-002162.SZ,market_replay,002162.SZ,UNKNOWN,[]
market_replay-002163.SZ,market_replay,002163.SZ,UNKNOWN,[]
market_replay-002165.SZ,market_replay,002165.SZ,UNKNOWN,[]
market_replay-002166.SZ,market_replay,002166.SZ,UNKNOWN,[]
market_replay-002167.SZ,market_replay,002167.SZ,UNKNOWN,[]
market_replay-002168.SZ,market_replay,002168.SZ,UNKNOWN,[]
market_replay-002170.SZ,market_replay,002170.SZ,UNKNOWN,[]
market_replay-002171.SZ,market_replay,002171.SZ,UNKNOWN,[]
market_replay-002172.SZ,market_replay,002172.SZ,UNKNOWN,[]
market_replay-002174.SZ,market_replay,002174.SZ,UNKNOWN,[]
market_replay-002175.SZ,market_replay,002175.SZ,UNKNOWN,[]
market_replay-002176.SZ,market_replay,002176.SZ,UNKNOWN,[]
market_replay-002177.SZ,market_replay,002177.SZ,UNKNOWN,[]
market_replay-002178.SZ,market_replay,002178.SZ,UNKNOWN,[]
market_replay-002179.SZ,market_replay,002179.SZ,UNKNOWN,[]
market_replay-002180.SZ,market_replay,002180.SZ,UNKNOWN,[]
market_replay-002181.SZ,market_replay,002181.SZ,UNKNOWN,[]
market_replay-002182.SZ,market_replay,002182.SZ,UNKNOWN,[]
market_replay-002183.SZ,market_replay,002183.SZ,UNKNOWN,[]
market_replay-002184.SZ,market_replay,002184.SZ,UNKNOWN,[]
market_replay-002185.SZ,market_replay,002185.SZ,UNKNOWN,[]
market_replay-002186.SZ,market_replay,002186.SZ,UNKNOWN,[]
market_replay-002187.SZ,market_replay,002187.SZ,UNKNOWN,[]
market_replay-002188.SZ,market_replay,002188.SZ,UNKNOWN,[]
market_replay-002190.SZ,market_replay,002190.SZ,UNKNOWN,[]
market_replay-002191.SZ,market_replay,002191.SZ,UNKNOWN,[]
market_replay-002192.SZ,market_replay,002192.SZ,UNKNOWN,[]
market_replay-002194.SZ,market_replay,002194.SZ,UNKNOWN,[]
market_replay-002195.SZ,market_replay,002195.SZ,UNKNOWN,[]
market_replay-002196.SZ,market_replay,002196.SZ,UNKNOWN,[]
market_replay-002197.SZ,market_replay,002197.SZ,UNKNOWN,[]
market_replay-002198.SZ,market_replay,002198.SZ,UNKNOWN,[]
market_replay-002199.SZ,market_replay,002199.SZ,UNKNOWN,[]
market_replay-002200.SZ,market_replay,002200.SZ,UNKNOWN,[]
market_replay-002201.SZ,market_replay,002201.SZ,UNKNOWN,[]
market_replay-002202.SZ,market_replay,002202.SZ,UNKNOWN,[]
market_replay-002203.SZ,market_replay,002203.SZ,UNKNOWN,[]
market_replay-002204.SZ,market_replay,002204.SZ,UNKNOWN,[]
market_replay-002206.SZ,market_replay,002206.SZ,UNKNOWN,[]
market_replay-002207.SZ,market_replay,002207.SZ,UNKNOWN,[]
market_replay-002210.SZ,market_replay,002210.SZ,UNKNOWN,[]
market_replay-002211.SZ,market_replay,002211.SZ,UNKNOWN,[]
market_replay-002212.SZ,market_replay,002212.SZ,UNKNOWN,[]
market_replay-002213.SZ,market_replay,002213.SZ,UNKNOWN,[]
market_replay-002214.SZ,market_replay,002214.SZ,UNKNOWN,[]
market_replay-002215.SZ,market_replay,002215.SZ,UNKNOWN,[]
market_replay-002216.SZ,market_replay,002216.SZ,UNKNOWN,[]
market_replay-002217.SZ,market_replay,002217.SZ,UNKNOWN,[]
market_replay-002218.SZ,market_replay,002218.SZ,UNKNOWN,[]
market_replay-002219.SZ,market_replay,002219.SZ,UNKNOWN,[]
market_replay-002221.SZ,market_replay,002221.SZ,UNKNOWN,[]
market_replay-002222.SZ,market_replay,002222.SZ,UNKNOWN,[]
market_replay-002223.SZ,market_replay,002223.SZ,UNKNOWN,[]
market_replay-002224.SZ,market_replay,002224.SZ,UNKNOWN,[]
market_replay-002225.SZ,market_replay,002225.SZ,UNKNOWN,[]
market_replay-002226.SZ,market_replay,002226.SZ,UNKNOWN,[]
market_replay-002227.SZ,market_replay,002227.SZ,UNKNOWN,[]
market_replay-002228.SZ,market_replay,002228.SZ,UNKNOWN,[]
market_replay-002229.SZ,market_replay,002229.SZ,UNKNOWN,[]
market_replay-002230.SZ,market_replay,002230.SZ,UNKNOWN,[]
market_replay-002231.SZ,market_replay,002231.SZ,UNKNOWN,[]
market_replay-002232.SZ,market_replay,002232.SZ,UNKNOWN,[]
market_replay-002233.SZ,market_replay,002233.SZ,UNKNOWN,[]
market_replay-002234.SZ,market_replay,002234.SZ,UNKNOWN,[]
market_replay-002235.SZ,market_replay,002235.SZ,UNKNOWN,[]
market_replay-002236.SZ,market_replay,002236.SZ,UNKNOWN,[]
market_replay-002237.SZ,market_replay,002237.SZ,UNKNOWN,[]
market_replay-002238.SZ,market_replay,002238.SZ,UNKNOWN,[]
market_replay-002239.SZ,market_replay,002239.SZ,UNKNOWN,[]
market_replay-002240.SZ,market_replay,002240.SZ,UNKNOWN,[]
market_replay-002241.SZ,market_replay,002241.SZ,UNKNOWN,[]
market_replay-002242.SZ,market_replay,002242.SZ,UNKNOWN,[]
market_replay-002243.SZ,market_replay,002243.SZ,UNKNOWN,[]
market_replay-002244.SZ,market_replay,002244.SZ,UNKNOWN,[]
market_replay-002245.SZ,market_replay,002245.SZ,UNKNOWN,[]
market_replay-002246.SZ,market_replay,002246.SZ,UNKNOWN,[]
market_replay-002247.SZ,market_replay,002247.SZ,UNKNOWN,[]
market_replay-002249.SZ,market_replay,002249.SZ,UNKNOWN,[]
market_replay-002250.SZ,market_replay,002250.SZ,UNKNOWN,[]
market_replay-002251.SZ,market_replay,002251.SZ,UNKNOWN,[]
market_replay-002252.SZ,market_replay,002252.SZ,UNKNOWN,[]
market_replay-002253.SZ,market_replay,002253.SZ,UNKNOWN,[]
market_replay-002254.SZ,market_replay,002254.SZ,UNKNOWN,[]
market_replay-002255.SZ,market_replay,002255.SZ,UNKNOWN,[]
market_replay-002256.SZ,market_replay,002256.SZ,UNKNOWN,[]
market_replay-002258.SZ,market_replay,002258.SZ,UNKNOWN,[]
market_replay-002259.SZ,market_replay,002259.SZ,UNKNOWN,[]
market_replay-002260.SZ,market_replay,002260.SZ,UNKNOWN,[]
market_replay-002261.SZ,market_replay,002261.SZ,UNKNOWN,[]
market_replay-002262.SZ,market_replay,002262.SZ,UNKNOWN,[]
market_replay-002263.SZ,market_replay,002263.SZ,UNKNOWN,[]
market_replay-002264.SZ,market_replay,002264.SZ,UNKNOWN,[]
market_replay-002265.SZ,market_replay,002265.SZ,UNKNOWN,[]
market_replay-002266.SZ,market_replay,002266.SZ,UNKNOWN,[]
market_replay-002267.SZ,market_replay,002267.SZ,UNKNOWN,[]
market_replay-002268.SZ,market_replay,002268.SZ,UNKNOWN,[]
market_replay-002269.SZ,market_replay,002269.SZ,UNKNOWN,[]
market_replay-002270.SZ,market_replay,002270.SZ,UNKNOWN,[]
market_replay-002271.SZ,market_replay,002271.SZ,UNKNOWN,[]
market_replay-002272.SZ,market_replay,002272.SZ,UNKNOWN,[]
market_replay-002273.SZ,market_replay,002273.SZ,UNKNOWN,[]
market_replay-002274.SZ,market_replay,002274.SZ,UNKNOWN,[]
market_replay-002275.SZ,market_replay,002275.SZ,UNKNOWN,[]
market_replay-002276.SZ,market_replay,002276.SZ,UNKNOWN,[]
market_replay-002277.SZ,market_replay,002277.SZ,UNKNOWN,[]
market_replay-002278.SZ,market_replay,002278.SZ,UNKNOWN,[]
market_replay-002279.SZ,market_replay,002279.SZ,UNKNOWN,[]
market_replay-002280.SZ,market_replay,002280.SZ,UNKNOWN,[]
market_replay-002281.SZ,market_replay,002281.SZ,UNKNOWN,[]
market_replay-002283.SZ,market_replay,002283.SZ,UNKNOWN,[]
market_replay-002284.SZ,market_replay,002284.SZ,UNKNOWN,[]
market_replay-002285.SZ,market_replay,002285.SZ,UNKNOWN,[]
market_replay-002286.SZ,market_replay,002286.SZ,UNKNOWN,[]
market_replay-002287.SZ,market_replay,002287.SZ,UNKNOWN,[]
market_replay-002288.SZ,market_replay,002288.SZ,UNKNOWN,[]
market_replay-002289.SZ,market_replay,002289.SZ,UNKNOWN,[]
market_replay-002290.SZ,market_replay,002290.SZ,UNKNOWN,[]
market_replay-002291.SZ,market_replay,002291.SZ,UNKNOWN,[]
market_replay-002292.SZ,market_replay,002292.SZ,UNKNOWN,[]
market_replay-002293.SZ,market_replay,002293.SZ,UNKNOWN,[]
market_replay-002294.SZ,market_replay,002294.SZ,UNKNOWN,[]
market_replay-002296.SZ,market_replay,002296.SZ,UNKNOWN,[]
market_replay-002297.SZ,market_replay,002297.SZ,UNKNOWN,[]
market_replay-002298.SZ,market_replay,002298.SZ,UNKNOWN,[]
market_replay-002299.SZ,market_replay,002299.SZ,UNKNOWN,[]
market_replay-002300.SZ,market_replay,002300.SZ,UNKNOWN,[]
market_replay-002301.SZ,market_replay,002301.SZ,UNKNOWN,[]
market_replay-002302.SZ,market_replay,002302.SZ,UNKNOWN,[]
market_replay-002303.SZ,market_replay,002303.SZ,UNKNOWN,[]
market_replay-002304.SZ,market_replay,002304.SZ,UNKNOWN,[]
market_replay-002305.SZ,market_replay,002305.SZ,UNKNOWN,[]
market_replay-002306.SZ,market_replay,002306.SZ,UNKNOWN,[]
market_replay-002307.SZ,market_replay,002307.SZ,UNKNOWN,[]
market_replay-002308.SZ,market_replay,002308.SZ,UNKNOWN,[]
market_replay-002309.SZ,market_replay,002309.SZ,UNKNOWN,[]
market_replay-002310.SZ,market_replay,002310.SZ,UNKNOWN,[]
market_replay-002311.SZ,market_replay,002311.SZ,UNKNOWN,[]
market_replay-002312.SZ,market_replay,002312.SZ,UNKNOWN,[]
market_replay-002313.SZ,market_replay,002313.SZ,UNKNOWN,[]
market_replay-002314.SZ,market_replay,002314.SZ,UNKNOWN,[]
market_replay-002315.SZ,market_replay,002315.SZ,UNKNOWN,[]
market_replay-002316.SZ,market_replay,002316.SZ,UNKNOWN,[]
market_replay-002317.SZ,market_replay,002317.SZ,UNKNOWN,[]
market_replay-002318.SZ,market_replay,002318.SZ,UNKNOWN,[]
market_replay-002320.SZ,market_replay,002320.SZ,UNKNOWN,[]
market_replay-002321.SZ,market_replay,002321.SZ,UNKNOWN,[]
market_replay-002322.SZ,market_replay,002322.SZ,UNKNOWN,[]
market_replay-002323.SZ,market_replay,002323.SZ,UNKNOWN,[]
market_replay-002324.SZ,market_replay,002324.SZ,UNKNOWN,[]
market_replay-002325.SZ,market_replay,002325.SZ,UNKNOWN,[]
market_replay-002326.SZ,market_replay,002326.SZ,UNKNOWN,[]
market_replay-002327.SZ,market_replay,002327.SZ,UNKNOWN,[]
market_replay-002328.SZ,market_replay,002328.SZ,UNKNOWN,[]
market_replay-002329.SZ,market_replay,002329.SZ,UNKNOWN,[]
market_replay-002330.SZ,market_replay,002330.SZ,UNKNOWN,[]
market_replay-002331.SZ,market_replay,002331.SZ,UNKNOWN,[]
market_replay-002332.SZ,market_replay,002332.SZ,UNKNOWN,[]
market_replay-002334.SZ,market_replay,002334.SZ,UNKNOWN,[]
market_replay-002335.SZ,market_replay,002335.SZ,UNKNOWN,[]
market_replay-002336.SZ,market_replay,002336.SZ,UNKNOWN,[]
market_replay-002337.SZ,market_replay,002337.SZ,UNKNOWN,[]
market_replay-002338.SZ,market_replay,002338.SZ,UNKNOWN,[]
market_replay-002339.SZ,market_replay,002339.SZ,UNKNOWN,[]
market_replay-002340.SZ,market_replay,002340.SZ,UNKNOWN,[]
market_replay-002341.SZ,market_replay,002341.SZ,UNKNOWN,[]
market_replay-002342.SZ,market_replay,002342.SZ,UNKNOWN,[]
market_replay-002343.SZ,market_replay,002343.SZ,UNKNOWN,[]
market_replay-002344.SZ,market_replay,002344.SZ,UNKNOWN,[]
market_replay-002345.SZ,market_replay,002345.SZ,UNKNOWN,[]
market_replay-002346.SZ,market_replay,002346.SZ,UNKNOWN,[]
market_replay-002348.SZ,market_replay,002348.SZ,UNKNOWN,[]
market_replay-002349.SZ,market_replay,002349.SZ,UNKNOWN,[]
market_replay-002350.SZ,market_replay,002350.SZ,UNKNOWN,[]
market_replay-002351.SZ,market_replay,002351.SZ,UNKNOWN,[]
market_replay-002352.SZ,market_replay,002352.SZ,UNKNOWN,[]
market_replay-002353.SZ,market_replay,002353.SZ,UNKNOWN,[]
market_replay-002354.SZ,market_replay,002354.SZ,UNKNOWN,[]
market_replay-002355.SZ,market_replay,002355.SZ,UNKNOWN,[]
market_replay-002356.SZ,market_replay,002356.SZ,UNKNOWN,[]
market_replay-002358.SZ,market_replay,002358.SZ,UNKNOWN,[]
market_replay-002359.SZ,market_replay,002359.SZ,UNKNOWN,[]
market_replay-002360.SZ,market_replay,002360.SZ,UNKNOWN,[]
market_replay-002361.SZ,market_replay,002361.SZ,UNKNOWN,[]
market_replay-002362.SZ,market_replay,002362.SZ,UNKNOWN,[]
market_replay-002363.SZ,market_replay,002363.SZ,UNKNOWN,[]
market_replay-002364.SZ,market_replay,002364.SZ,UNKNOWN,[]
market_replay-002366.SZ,market_replay,002366.SZ,UNKNOWN,[]
market_replay-002367.SZ,market_replay,002367.SZ,UNKNOWN,[]
market_replay-002368.SZ,market_replay,002368.SZ,UNKNOWN,[]
market_replay-002369.SZ,market_replay,002369.SZ,UNKNOWN,[]
market_replay-002370.SZ,market_replay,002370.SZ,UNKNOWN,[]
market_replay-002371.SZ,market_replay,002371.SZ,UNKNOWN,[]
market_replay-002372.SZ,market_replay,002372.SZ,UNKNOWN,[]
market_replay-002373.SZ,market_replay,002373.SZ,UNKNOWN,[]
market_replay-002375.SZ,market_replay,002375.SZ,UNKNOWN,[]
market_replay-002376.SZ,market_replay,002376.SZ,UNKNOWN,[]
market_replay-002377.SZ,market_replay,002377.SZ,UNKNOWN,[]
market_replay-002378.SZ,market_replay,002378.SZ,UNKNOWN,[]
market_replay-002379.SZ,market_replay,002379.SZ,UNKNOWN,[]
market_replay-002380.SZ,market_replay,002380.SZ,UNKNOWN,[]
market_replay-002381.SZ,market_replay,002381.SZ,UNKNOWN,[]
market_replay-002382.SZ,market_replay,002382.SZ,UNKNOWN,[]
market_replay-002383.SZ,market_replay,002383.SZ,UNKNOWN,[]
market_replay-002384.SZ,market_replay,002384.SZ,UNKNOWN,[]
market_replay-002385.SZ,market_replay,002385.SZ,UNKNOWN,[]
market_replay-002386.SZ,market_replay,002386.SZ,UNKNOWN,[]
market_replay-002387.SZ,market_replay,002387.SZ,UNKNOWN,[]
market_replay-002388.SZ,market_replay,002388.SZ,UNKNOWN,[]
market_replay-002389.SZ,market_replay,002389.SZ,UNKNOWN,[]
market_replay-002390.SZ,market_replay,002390.SZ,UNKNOWN,[]
market_replay-002391.SZ,market_replay,002391.SZ,UNKNOWN,[]
market_replay-002392.SZ,market_replay,002392.SZ,UNKNOWN,[]
market_replay-002393.SZ,market_replay,002393.SZ,UNKNOWN,[]
market_replay-002394.SZ,market_replay,002394.SZ,UNKNOWN,[]
market_replay-002396.SZ,market_replay,002396.SZ,UNKNOWN,[]
market_replay-002398.SZ,market_replay,002398.SZ,UNKNOWN,[]
market_replay-002399.SZ,market_replay,002399.SZ,UNKNOWN,[]
market_replay-002400.SZ,market_replay,002400.SZ,UNKNOWN,[]
market_replay-002401.SZ,market_replay,002401.SZ,UNKNOWN,[]
market_replay-002402.SZ,market_replay,002402.SZ,UNKNOWN,[]
market_replay-002405.SZ,market_replay,002405.SZ,UNKNOWN,[]
market_replay-002406.SZ,market_replay,002406.SZ,UNKNOWN,[]
market_replay-002407.SZ,market_replay,002407.SZ,UNKNOWN,[]
market_replay-002408.SZ,market_replay,002408.SZ,UNKNOWN,[]
market_replay-002409.SZ,market_replay,002409.SZ,UNKNOWN,[]
market_replay-002410.SZ,market_replay,002410.SZ,UNKNOWN,[]
market_replay-002411.SZ,market_replay,002411.SZ,UNKNOWN,[]
market_replay-002412.SZ,market_replay,002412.SZ,UNKNOWN,[]
market_replay-002413.SZ,market_replay,002413.SZ,UNKNOWN,[]
market_replay-002414.SZ,market_replay,002414.SZ,UNKNOWN,[]
market_replay-002415.SZ,market_replay,002415.SZ,UNKNOWN,[]
market_replay-002416.SZ,market_replay,002416.SZ,UNKNOWN,[]
market_replay-002417.SZ,market_replay,002417.SZ,UNKNOWN,[]
market_replay-002418.SZ,market_replay,002418.SZ,UNKNOWN,[]
market_replay-002419.SZ,market_replay,002419.SZ,UNKNOWN,[]
market_replay-002421.SZ,market_replay,002421.SZ,UNKNOWN,[]
market_replay-002422.SZ,market_replay,002422.SZ,UNKNOWN,[]
market_replay-002423.SZ,market_replay,002423.SZ,UNKNOWN,[]
market_replay-002424.SZ,market_replay,002424.SZ,UNKNOWN,[]
market_replay-002425.SZ,market_replay,002425.SZ,UNKNOWN,[]
market_replay-002426.SZ,market_replay,002426.SZ,UNKNOWN,[]
market_replay-002427.SZ,market_replay,002427.SZ,UNKNOWN,[]
market_replay-002428.SZ,market_replay,002428.SZ,UNKNOWN,[]
market_replay-002429.SZ,market_replay,002429.SZ,UNKNOWN,[]
market_replay-002430.SZ,market_replay,002430.SZ,UNKNOWN,[]
market_replay-002431.SZ,market_replay,002431.SZ,UNKNOWN,[]
market_replay-002432.SZ,market_replay,002432.SZ,UNKNOWN,[]
market_replay-002433.SZ,market_replay,002433.SZ,UNKNOWN,[]
market_replay-002434.SZ,market_replay,002434.SZ,UNKNOWN,[]
market_replay-002435.SZ,market_replay,002435.SZ,UNKNOWN,[]
market_replay-002436.SZ,market_replay,002436.SZ,UNKNOWN,[]
market_replay-002437.SZ,market_replay,002437.SZ,UNKNOWN,[]
market_replay-002438.SZ,market_replay,002438.SZ,UNKNOWN,[]
market_replay-002439.SZ,market_replay,002439.SZ,UNKNOWN,[]
market_replay-002440.SZ,market_replay,002440.SZ,UNKNOWN,[]
market_replay-002441.SZ,market_replay,002441.SZ,UNKNOWN,[]
market_replay-002443.SZ,market_replay,002443.SZ,UNKNOWN,[]
market_replay-002444.SZ,market_replay,002444.SZ,UNKNOWN,[]
market_replay-002445.SZ,market_replay,002445.SZ,UNKNOWN,[]
market_replay-002446.SZ,market_replay,002446.SZ,UNKNOWN,[]
market_replay-002447.SZ,market_replay,002447.SZ,UNKNOWN,[]
market_replay-002448.SZ,market_replay,002448.SZ,UNKNOWN,[]
market_replay-002449.SZ,market_replay,002449.SZ,UNKNOWN,[]
market_replay-002450.SZ,market_replay,002450.SZ,UNKNOWN,[]
market_replay-002451.SZ,market_replay,002451.SZ,UNKNOWN,[]
market_replay-002452.SZ,market_replay,002452.SZ,UNKNOWN,[]
market_replay-002453.SZ,market_replay,002453.SZ,UNKNOWN,[]
market_replay-002454.SZ,market_replay,002454.SZ,UNKNOWN,[]
market_replay-002456.SZ,market_replay,002456.SZ,UNKNOWN,[]
market_replay-002457.SZ,market_replay,002457.SZ,UNKNOWN,[]
market_replay-002458.SZ,market_replay,002458.SZ,UNKNOWN,[]
market_replay-002459.SZ,market_replay,002459.SZ,UNKNOWN,[]
market_replay-002460.SZ,market_replay,002460.SZ,UNKNOWN,[]
market_replay-002461.SZ,market_replay,002461.SZ,UNKNOWN,[]
market_replay-002462.SZ,market_replay,002462.SZ,UNKNOWN,[]
market_replay-002463.SZ,market_replay,002463.SZ,UNKNOWN,[]
market_replay-002464.SZ,market_replay,002464.SZ,UNKNOWN,[]
market_replay-002465.SZ,market_replay,002465.SZ,UNKNOWN,[]
market_replay-002466.SZ,market_replay,002466.SZ,UNKNOWN,[]
market_replay-002467.SZ,market_replay,002467.SZ,UNKNOWN,[]
market_replay-002468.SZ,market_replay,002468.SZ,UNKNOWN,[]
market_replay-002469.SZ,market_replay,002469.SZ,UNKNOWN,[]
market_replay-002470.SZ,market_replay,002470.SZ,UNKNOWN,[]
market_replay-002471.SZ,market_replay,002471.SZ,UNKNOWN,[]
market_replay-002472.SZ,market_replay,002472.SZ,UNKNOWN,[]
market_replay-002473.SZ,market_replay,002473.SZ,UNKNOWN,[]
market_replay-002474.SZ,market_replay,002474.SZ,UNKNOWN,[]
market_replay-002475.SZ,market_replay,002475.SZ,UNKNOWN,[]
market_replay-002476.SZ,market_replay,002476.SZ,UNKNOWN,[]
market_replay-002477.SZ,market_replay,002477.SZ,UNKNOWN,[]
market_replay-002478.SZ,market_replay,002478.SZ,UNKNOWN,[]
market_replay-002479.SZ,market_replay,002479.SZ,UNKNOWN,[]
market_replay-002480.SZ,market_replay,002480.SZ,UNKNOWN,[]
market_replay-002481.SZ,market_replay,002481.SZ,UNKNOWN,[]
market_replay-002482.SZ,market_replay,002482.SZ,UNKNOWN,[]
market_replay-002483.SZ,market_replay,002483.SZ,UNKNOWN,[]
market_replay-002484.SZ,market_replay,002484.SZ,UNKNOWN,[]
market_replay-002485.SZ,market_replay,002485.SZ,UNKNOWN,[]
market_replay-002486.SZ,market_replay,002486.SZ,UNKNOWN,[]
market_replay-002487.SZ,market_replay,002487.SZ,UNKNOWN,[]
market_replay-002488.SZ,market_replay,002488.SZ,UNKNOWN,[]
market_replay-002489.SZ,market_replay,002489.SZ,UNKNOWN,[]
market_replay-002490.SZ,market_replay,002490.SZ,UNKNOWN,[]
market_replay-002491.SZ,market_replay,002491.SZ,UNKNOWN,[]
market_replay-002492.SZ,market_replay,002492.SZ,UNKNOWN,[]
market_replay-002493.SZ,market_replay,002493.SZ,UNKNOWN,[]
market_replay-002494.SZ,market_replay,002494.SZ,UNKNOWN,[]
market_replay-002496.SZ,market_replay,002496.SZ,UNKNOWN,[]
market_replay-002497.SZ,market_replay,002497.SZ,UNKNOWN,[]
market_replay-002498.SZ,market_replay,002498.SZ,UNKNOWN,[]
market_replay-002499.SZ,market_replay,002499.SZ,UNKNOWN,[]
market_replay-002500.SZ,market_replay,002500.SZ,UNKNOWN,[]
market_replay-002501.SZ,market_replay,002501.SZ,UNKNOWN,[]
market_replay-002502.SZ,market_replay,002502.SZ,UNKNOWN,[]
market_replay-002503.SZ,market_replay,002503.SZ,UNKNOWN,[]
market_replay-002504.SZ,market_replay,002504.SZ,UNKNOWN,[]
market_replay-002505.SZ,market_replay,002505.SZ,UNKNOWN,[]
market_replay-002506.SZ,market_replay,002506.SZ,UNKNOWN,[]
market_replay-002507.SZ,market_replay,002507.SZ,UNKNOWN,[]
market_replay-002508.SZ,market_replay,002508.SZ,UNKNOWN,[]
market_replay-002509.SZ,market_replay,002509.SZ,UNKNOWN,[]
market_replay-002510.SZ,market_replay,002510.SZ,UNKNOWN,[]
market_replay-002511.SZ,market_replay,002511.SZ,UNKNOWN,[]
market_replay-002512.SZ,market_replay,002512.SZ,UNKNOWN,[]
market_replay-002514.SZ,market_replay,002514.SZ,UNKNOWN,[]
market_replay-002515.SZ,market_replay,002515.SZ,UNKNOWN,[]
market_replay-002516.SZ,market_replay,002516.SZ,UNKNOWN,[]
market_replay-002517.SZ,market_replay,002517.SZ,UNKNOWN,[]
market_replay-002518.SZ,market_replay,002518.SZ,UNKNOWN,[]
market_replay-002519.SZ,market_replay,002519.SZ,UNKNOWN,[]
market_replay-002520.SZ,market_replay,002520.SZ,UNKNOWN,[]
market_replay-002521.SZ,market_replay,002521.SZ,UNKNOWN,[]
market_replay-002522.SZ,market_replay,002522.SZ,UNKNOWN,[]
market_replay-002524.SZ,market_replay,002524.SZ,UNKNOWN,[]
market_replay-002526.SZ,market_replay,002526.SZ,UNKNOWN,[]
market_replay-002527.SZ,market_replay,002527.SZ,UNKNOWN,[]
market_replay-002528.SZ,market_replay,002528.SZ,UNKNOWN,[]
market_replay-002529.SZ,market_replay,002529.SZ,UNKNOWN,[]
market_replay-002530.SZ,market_replay,002530.SZ,UNKNOWN,[]
market_replay-002531.SZ,market_replay,002531.SZ,UNKNOWN,[]
market_replay-002532.SZ,market_replay,002532.SZ,UNKNOWN,[]
market_replay-002534.SZ,market_replay,002534.SZ,UNKNOWN,[]
market_replay-002535.SZ,market_replay,002535.SZ,UNKNOWN,[]
market_replay-002536.SZ,market_replay,002536.SZ,UNKNOWN,[]
market_replay-002537.SZ,market_replay,002537.SZ,UNKNOWN,[]
market_replay-002538.SZ,market_replay,002538.SZ,UNKNOWN,[]
market_replay-002539.SZ,market_replay,002539.SZ,UNKNOWN,[]
market_replay-002540.SZ,market_replay,002540.SZ,UNKNOWN,[]
market_replay-002541.SZ,market_replay,002541.SZ,UNKNOWN,[]
market_replay-002542.SZ,market_replay,002542.SZ,UNKNOWN,[]
market_replay-002543.SZ,market_replay,002543.SZ,UNKNOWN,[]
market_replay-002544.SZ,market_replay,002544.SZ,UNKNOWN,[]
market_replay-002545.SZ,market_replay,002545.SZ,UNKNOWN,[]
market_replay-002546.SZ,market_replay,002546.SZ,UNKNOWN,[]
market_replay-002547.SZ,market_replay,002547.SZ,UNKNOWN,[]
market_replay-002549.SZ,market_replay,002549.SZ,UNKNOWN,[]
market_replay-002550.SZ,market_replay,002550.SZ,UNKNOWN,[]
market_replay-002551.SZ,market_replay,002551.SZ,UNKNOWN,[]
market_replay-002554.SZ,market_replay,002554.SZ,UNKNOWN,[]
market_replay-002555.SZ,market_replay,002555.SZ,UNKNOWN,[]
market_replay-002556.SZ,market_replay,002556.SZ,UNKNOWN,[]
market_replay-002557.SZ,market_replay,002557.SZ,UNKNOWN,[]
market_replay-002558.SZ,market_replay,002558.SZ,UNKNOWN,[]
market_replay-002559.SZ,market_replay,002559.SZ,UNKNOWN,[]
market_replay-002561.SZ,market_replay,002561.SZ,UNKNOWN,[]
market_replay-002562.SZ,market_replay,002562.SZ,UNKNOWN,[]
market_replay-002563.SZ,market_replay,002563.SZ,UNKNOWN,[]
market_replay-002564.SZ,market_replay,002564.SZ,UNKNOWN,[]
market_replay-002565.SZ,market_replay,002565.SZ,UNKNOWN,[]
market_replay-002566.SZ,market_replay,002566.SZ,UNKNOWN,[]
market_replay-002567.SZ,market_replay,002567.SZ,UNKNOWN,[]
market_replay-002568.SZ,market_replay,002568.SZ,UNKNOWN,[]
market_replay-002570.SZ,market_replay,002570.SZ,UNKNOWN,[]
market_replay-002571.SZ,market_replay,002571.SZ,UNKNOWN,[]
market_replay-002572.SZ,market_replay,002572.SZ,UNKNOWN,[]
market_replay-002573.SZ,market_replay,002573.SZ,UNKNOWN,[]
market_replay-002574.SZ,market_replay,002574.SZ,UNKNOWN,[]
market_replay-002575.SZ,market_replay,002575.SZ,UNKNOWN,[]
market_replay-002577.SZ,market_replay,002577.SZ,UNKNOWN,[]
market_replay-002579.SZ,market_replay,002579.SZ,UNKNOWN,[]
market_replay-002581.SZ,market_replay,002581.SZ,UNKNOWN,[]
market_replay-002582.SZ,market_replay,002582.SZ,UNKNOWN,[]
market_replay-002583.SZ,market_replay,002583.SZ,UNKNOWN,[]
market_replay-002584.SZ,market_replay,002584.SZ,UNKNOWN,[]
market_replay-002585.SZ,market_replay,002585.SZ,UNKNOWN,[]
market_replay-002586.SZ,market_replay,002586.SZ,UNKNOWN,[]
market_replay-002587.SZ,market_replay,002587.SZ,UNKNOWN,[]
market_replay-002588.SZ,market_replay,002588.SZ,UNKNOWN,[]
market_replay-002589.SZ,market_replay,002589.SZ,UNKNOWN,[]
market_replay-002590.SZ,market_replay,002590.SZ,UNKNOWN,[]
market_replay-002592.SZ,market_replay,002592.SZ,UNKNOWN,[]
market_replay-002594.SZ,market_replay,002594.SZ,UNKNOWN,[]
market_replay-002595.SZ,market_replay,002595.SZ,UNKNOWN,[]
market_replay-002596.SZ,market_replay,002596.SZ,UNKNOWN,[]
market_replay-002597.SZ,market_replay,002597.SZ,UNKNOWN,[]
market_replay-002598.SZ,market_replay,002598.SZ,UNKNOWN,[]
market_replay-002600.SZ,market_replay,002600.SZ,UNKNOWN,[]
market_replay-002601.SZ,market_replay,002601.SZ,UNKNOWN,[]
market_replay-002602.SZ,market_replay,002602.SZ,UNKNOWN,[]
market_replay-002603.SZ,market_replay,002603.SZ,UNKNOWN,[]
market_replay-002604.SZ,market_replay,002604.SZ,UNKNOWN,[]
market_replay-002605.SZ,market_replay,002605.SZ,UNKNOWN,[]
market_replay-002606.SZ,market_replay,002606.SZ,UNKNOWN,[]
market_replay-002607.SZ,market_replay,002607.SZ,UNKNOWN,[]
market_replay-002608.SZ,market_replay,002608.SZ,UNKNOWN,[]
market_replay-002609.SZ,market_replay,002609.SZ,UNKNOWN,[]
market_replay-002610.SZ,market_replay,002610.SZ,UNKNOWN,[]
market_replay-002611.SZ,market_replay,002611.SZ,UNKNOWN,[]
market_replay-002612.SZ,market_replay,002612.SZ,UNKNOWN,[]
market_replay-002613.SZ,market_replay,002613.SZ,UNKNOWN,[]
market_replay-002614.SZ,market_replay,002614.SZ,UNKNOWN,[]
market_replay-002616.SZ,market_replay,002616.SZ,UNKNOWN,[]
market_replay-002617.SZ,market_replay,002617.SZ,UNKNOWN,[]
market_replay-002618.SZ,market_replay,002618.SZ,UNKNOWN,[]
market_replay-002619.SZ,market_replay,002619.SZ,UNKNOWN,[]
market_replay-002620.SZ,market_replay,002620.SZ,UNKNOWN,[]
market_replay-002621.SZ,market_replay,002621.SZ,UNKNOWN,[]
market_replay-002622.SZ,market_replay,002622.SZ,UNKNOWN,[]
market_replay-002623.SZ,market_replay,002623.SZ,UNKNOWN,[]
market_replay-002624.SZ,market_replay,002624.SZ,UNKNOWN,[]
market_replay-002625.SZ,market_replay,002625.SZ,UNKNOWN,[]
market_replay-002626.SZ,market_replay,002626.SZ,UNKNOWN,[]
market_replay-002628.SZ,market_replay,002628.SZ,UNKNOWN,[]
market_replay-002629.SZ,market_replay,002629.SZ,UNKNOWN,[]
market_replay-002630.SZ,market_replay,002630.SZ,UNKNOWN,[]
market_replay-002631.SZ,market_replay,002631.SZ,UNKNOWN,[]
market_replay-002635.SZ,market_replay,002635.SZ,UNKNOWN,[]
market_replay-002636.SZ,market_replay,002636.SZ,UNKNOWN,[]
market_replay-002637.SZ,market_replay,002637.SZ,UNKNOWN,[]
market_replay-002638.SZ,market_replay,002638.SZ,UNKNOWN,[]
market_replay-002639.SZ,market_replay,002639.SZ,UNKNOWN,[]
market_replay-002640.SZ,market_replay,002640.SZ,UNKNOWN,[]
market_replay-002641.SZ,market_replay,002641.SZ,UNKNOWN,[]
market_replay-002642.SZ,market_replay,002642.SZ,UNKNOWN,[]
market_replay-002643.SZ,market_replay,002643.SZ,UNKNOWN,[]
market_replay-002644.SZ,market_replay,002644.SZ,UNKNOWN,[]
market_replay-002645.SZ,market_replay,002645.SZ,UNKNOWN,[]
market_replay-002646.SZ,market_replay,002646.SZ,UNKNOWN,[]
market_replay-002647.SZ,market_replay,002647.SZ,UNKNOWN,[]
market_replay-002648.SZ,market_replay,002648.SZ,UNKNOWN,[]
market_replay-002649.SZ,market_replay,002649.SZ,UNKNOWN,[]
market_replay-002650.SZ,market_replay,002650.SZ,UNKNOWN,[]
market_replay-002651.SZ,market_replay,002651.SZ,UNKNOWN,[]
market_replay-002653.SZ,market_replay,002653.SZ,UNKNOWN,[]
market_replay-002654.SZ,market_replay,002654.SZ,UNKNOWN,[]
market_replay-002655.SZ,market_replay,002655.SZ,UNKNOWN,[]
market_replay-002656.SZ,market_replay,002656.SZ,UNKNOWN,[]
market_replay-002657.SZ,market_replay,002657.SZ,UNKNOWN,[]
market_replay-002658.SZ,market_replay,002658.SZ,UNKNOWN,[]
market_replay-002660.SZ,market_replay,002660.SZ,UNKNOWN,[]
market_replay-002661.SZ,market_replay,002661.SZ,UNKNOWN,[]
market_replay-002662.SZ,market_replay,002662.SZ,UNKNOWN,[]
market_replay-002663.SZ,market_replay,002663.SZ,UNKNOWN,[]
market_replay-002664.SZ,market_replay,002664.SZ,UNKNOWN,[]
market_replay-002665.SZ,market_replay,002665.SZ,UNKNOWN,[]
market_replay-002666.SZ,market_replay,002666.SZ,UNKNOWN,[]
market_replay-002667.SZ,market_replay,002667.SZ,UNKNOWN,[]
market_replay-002668.SZ,market_replay,002668.SZ,UNKNOWN,[]
market_replay-002670.SZ,market_replay,002670.SZ,UNKNOWN,[]
market_replay-002671.SZ,market_replay,002671.SZ,UNKNOWN,[]
market_replay-002672.SZ,market_replay,002672.SZ,UNKNOWN,[]
market_replay-002673.SZ,market_replay,002673.SZ,UNKNOWN,[]
market_replay-002674.SZ,market_replay,002674.SZ,UNKNOWN,[]
market_replay-002675.SZ,market_replay,002675.SZ,UNKNOWN,[]
market_replay-002677.SZ,market_replay,002677.SZ,UNKNOWN,[]
market_replay-002678.SZ,market_replay,002678.SZ,UNKNOWN,[]
market_replay-002679.SZ,market_replay,002679.SZ,UNKNOWN,[]
market_replay-002680.SZ,market_replay,002680.SZ,UNKNOWN,[]
market_replay-002681.SZ,market_replay,002681.SZ,UNKNOWN,[]
market_replay-002683.SZ,market_replay,002683.SZ,UNKNOWN,[]
market_replay-002684.SZ,market_replay,002684.SZ,UNKNOWN,[]
market_replay-002685.SZ,market_replay,002685.SZ,UNKNOWN,[]
market_replay-002686.SZ,market_replay,002686.SZ,UNKNOWN,[]
market_replay-002688.SZ,market_replay,002688.SZ,UNKNOWN,[]
market_replay-002689.SZ,market_replay,002689.SZ,UNKNOWN,[]
market_replay-002690.SZ,market_replay,002690.SZ,UNKNOWN,[]
market_replay-002691.SZ,market_replay,002691.SZ,UNKNOWN,[]
market_replay-002692.SZ,market_replay,002692.SZ,UNKNOWN,[]
market_replay-002693.SZ,market_replay,002693.SZ,UNKNOWN,[]
market_replay-002694.SZ,market_replay,002694.SZ,UNKNOWN,[]
market_replay-002695.SZ,market_replay,002695.SZ,UNKNOWN,[]
market_replay-002697.SZ,market_replay,002697.SZ,UNKNOWN,[]
market_replay-002698.SZ,market_replay,002698.SZ,UNKNOWN,[]
market_replay-002699.SZ,market_replay,002699.SZ,UNKNOWN,[]
market_replay-002700.SZ,market_replay,002700.SZ,UNKNOWN,[]
market_replay-002701.SZ,market_replay,002701.SZ,UNKNOWN,[]
market_replay-002702.SZ,market_replay,002702.SZ,UNKNOWN,[]
market_replay-002703.SZ,market_replay,002703.SZ,UNKNOWN,[]
market_replay-002705.SZ,market_replay,002705.SZ,UNKNOWN,[]
market_replay-002706.SZ,market_replay,002706.SZ,UNKNOWN,[]
market_replay-002707.SZ,market_replay,002707.SZ,UNKNOWN,[]
market_replay-002708.SZ,market_replay,002708.SZ,UNKNOWN,[]
market_replay-002709.SZ,market_replay,002709.SZ,UNKNOWN,[]
market_replay-002711.SZ,market_replay,002711.SZ,UNKNOWN,[]
market_replay-002712.SZ,market_replay,002712.SZ,UNKNOWN,[]
market_replay-002713.SZ,market_replay,002713.SZ,UNKNOWN,[]
market_replay-002714.SZ,market_replay,002714.SZ,UNKNOWN,[]
market_replay-002715.SZ,market_replay,002715.SZ,UNKNOWN,[]
market_replay-002716.SZ,market_replay,002716.SZ,UNKNOWN,[]
market_replay-002717.SZ,market_replay,002717.SZ,UNKNOWN,[]
market_replay-002718.SZ,market_replay,002718.SZ,UNKNOWN,[]
market_replay-002719.SZ,market_replay,002719.SZ,UNKNOWN,[]
market_replay-002721.SZ,market_replay,002721.SZ,UNKNOWN,[]
market_replay-002722.SZ,market_replay,002722.SZ,UNKNOWN,[]
market_replay-002723.SZ,market_replay,002723.SZ,UNKNOWN,[]
market_replay-002724.SZ,market_replay,002724.SZ,UNKNOWN,[]
market_replay-002725.SZ,market_replay,002725.SZ,UNKNOWN,[]
market_replay-002726.SZ,market_replay,002726.SZ,UNKNOWN,[]
market_replay-002727.SZ,market_replay,002727.SZ,UNKNOWN,[]
market_replay-002731.SZ,market_replay,002731.SZ,UNKNOWN,[]
market_replay-002733.SZ,market_replay,002733.SZ,UNKNOWN,[]
market_replay-002736.SZ,market_replay,002736.SZ,UNKNOWN,[]
market_replay-002737.SZ,market_replay,002737.SZ,UNKNOWN,[]
market_replay-002738.SZ,market_replay,002738.SZ,UNKNOWN,[]
market_replay-002739.SZ,market_replay,002739.SZ,UNKNOWN,[]
market_replay-002741.SZ,market_replay,002741.SZ,UNKNOWN,[]
market_replay-002742.SZ,market_replay,002742.SZ,UNKNOWN,[]
market_replay-002745.SZ,market_replay,002745.SZ,UNKNOWN,[]
market_replay-002746.SZ,market_replay,002746.SZ,UNKNOWN,[]
market_replay-002747.SZ,market_replay,002747.SZ,UNKNOWN,[]
market_replay-002750.SZ,market_replay,002750.SZ,UNKNOWN,[]
market_replay-002751.SZ,market_replay,002751.SZ,UNKNOWN,[]
market_replay-002752.SZ,market_replay,002752.SZ,UNKNOWN,[]
market_replay-002755.SZ,market_replay,002755.SZ,UNKNOWN,[]
market_replay-002756.SZ,market_replay,002756.SZ,UNKNOWN,[]
market_replay-002759.SZ,market_replay,002759.SZ,UNKNOWN,[]
market_replay-002761.SZ,market_replay,002761.SZ,UNKNOWN,[]
market_replay-002762.SZ,market_replay,002762.SZ,UNKNOWN,[]
market_replay-002763.SZ,market_replay,002763.SZ,UNKNOWN,[]
market_replay-002766.SZ,market_replay,002766.SZ,UNKNOWN,[]
market_replay-002768.SZ,market_replay,002768.SZ,UNKNOWN,[]
market_replay-002769.SZ,market_replay,002769.SZ,UNKNOWN,[]
market_replay-002771.SZ,market_replay,002771.SZ,UNKNOWN,[]
market_replay-002772.SZ,market_replay,002772.SZ,UNKNOWN,[]
market_replay-002773.SZ,market_replay,002773.SZ,UNKNOWN,[]
market_replay-002776.SZ,market_replay,002776.SZ,UNKNOWN,[]
market_replay-002777.SZ,market_replay,002777.SZ,UNKNOWN,[]
market_replay-002779.SZ,market_replay,002779.SZ,UNKNOWN,[]
market_replay-002781.SZ,market_replay,002781.SZ,UNKNOWN,[]
market_replay-002782.SZ,market_replay,002782.SZ,UNKNOWN,[]
market_replay-002783.SZ,market_replay,002783.SZ,UNKNOWN,[]
market_replay-002786.SZ,market_replay,002786.SZ,UNKNOWN,[]
market_replay-002788.SZ,market_replay,002788.SZ,UNKNOWN,[]
market_replay-002790.SZ,market_replay,002790.SZ,UNKNOWN,[]
market_replay-002791.SZ,market_replay,002791.SZ,UNKNOWN,[]
market_replay-002792.SZ,market_replay,002792.SZ,UNKNOWN,[]
market_replay-002793.SZ,market_replay,002793.SZ,UNKNOWN,[]
market_replay-002796.SZ,market_replay,002796.SZ,UNKNOWN,[]
market_replay-002797.SZ,market_replay,002797.SZ,UNKNOWN,[]
market_replay-002798.SZ,market_replay,002798.SZ,UNKNOWN,[]
market_replay-002801.SZ,market_replay,002801.SZ,UNKNOWN,[]
market_replay-002802.SZ,market_replay,002802.SZ,UNKNOWN,[]
market_replay-002803.SZ,market_replay,002803.SZ,UNKNOWN,[]
market_replay-002807.SZ,market_replay,002807.SZ,UNKNOWN,[]
market_replay-002810.SZ,market_replay,002810.SZ,UNKNOWN,[]
market_replay-002812.SZ,market_replay,002812.SZ,UNKNOWN,[]
market_replay-002815.SZ,market_replay,002815.SZ,UNKNOWN,[]
market_replay-002818.SZ,market_replay,002818.SZ,UNKNOWN,[]
market_replay-002821.SZ,market_replay,002821.SZ,UNKNOWN,[]
market_replay-002822.SZ,market_replay,002822.SZ,UNKNOWN,[]
market_replay-002827.SZ,market_replay,002827.SZ,UNKNOWN,[]
market_replay-002831.SZ,market_replay,002831.SZ,UNKNOWN,[]
market_replay-002832.SZ,market_replay,002832.SZ,UNKNOWN,[]
market_replay-002833.SZ,market_replay,002833.SZ,UNKNOWN,[]
market_replay-002837.SZ,market_replay,002837.SZ,UNKNOWN,[]
market_replay-002838.SZ,market_replay,002838.SZ,UNKNOWN,[]
market_replay-002839.SZ,market_replay,002839.SZ,UNKNOWN,[]
market_replay-002840.SZ,market_replay,002840.SZ,UNKNOWN,[]
market_replay-002841.SZ,market_replay,002841.SZ,UNKNOWN,[]
market_replay-002847.SZ,market_replay,002847.SZ,UNKNOWN,[]
market_replay-002850.SZ,market_replay,002850.SZ,UNKNOWN,[]
market_replay-002851.SZ,market_replay,002851.SZ,UNKNOWN,[]
market_replay-002852.SZ,market_replay,002852.SZ,UNKNOWN,[]
market_replay-002859.SZ,market_replay,002859.SZ,UNKNOWN,[]
market_replay-002865.SZ,market_replay,002865.SZ,UNKNOWN,[]
market_replay-002866.SZ,market_replay,002866.SZ,UNKNOWN,[]
market_replay-002867.SZ,market_replay,002867.SZ,UNKNOWN,[]
market_replay-002869.SZ,market_replay,002869.SZ,UNKNOWN,[]
market_replay-002872.SZ,market_replay,002872.SZ,UNKNOWN,[]
market_replay-002880.SZ,market_replay,002880.SZ,UNKNOWN,[]
market_replay-002881.SZ,market_replay,002881.SZ,UNKNOWN,[]
market_replay-002882.SZ,market_replay,002882.SZ,UNKNOWN,[]
market_replay-002891.SZ,market_replay,002891.SZ,UNKNOWN,[]
market_replay-002892.SZ,market_replay,002892.SZ,UNKNOWN,[]
market_replay-002895.SZ,market_replay,002895.SZ,UNKNOWN,[]
market_replay-002896.SZ,market_replay,002896.SZ,UNKNOWN,[]
market_replay-002897.SZ,market_replay,002897.SZ,UNKNOWN,[]
market_replay-002901.SZ,market_replay,002901.SZ,UNKNOWN,[]
market_replay-002906.SZ,market_replay,002906.SZ,UNKNOWN,[]
market_replay-002907.SZ,market_replay,002907.SZ,UNKNOWN,[]
market_replay-002911.SZ,market_replay,002911.SZ,UNKNOWN,[]
market_replay-002912.SZ,market_replay,002912.SZ,UNKNOWN,[]
market_replay-002913.SZ,market_replay,002913.SZ,UNKNOWN,[]
market_replay-002916.SZ,market_replay,002916.SZ,UNKNOWN,[]
market_replay-002918.SZ,market_replay,002918.SZ,UNKNOWN,[]
market_replay-002920.SZ,market_replay,002920.SZ,UNKNOWN,[]
market_replay-002922.SZ,market_replay,002922.SZ,UNKNOWN,[]
market_replay-002925.SZ,market_replay,002925.SZ,UNKNOWN,[]
market_replay-002926.SZ,market_replay,002926.SZ,UNKNOWN,[]
market_replay-002928.SZ,market_replay,002928.SZ,UNKNOWN,[]
market_replay-002929.SZ,market_replay,002929.SZ,UNKNOWN,[]
market_replay-002930.SZ,market_replay,002930.SZ,UNKNOWN,[]
market_replay-002932.SZ,market_replay,002932.SZ,UNKNOWN,[]
market_replay-002933.SZ,market_replay,002933.SZ,UNKNOWN,[]
market_replay-002936.SZ,market_replay,002936.SZ,UNKNOWN,[]
market_replay-002938.SZ,market_replay,002938.SZ,UNKNOWN,[]
market_replay-002939.SZ,market_replay,002939.SZ,UNKNOWN,[]
market_replay-002941.SZ,market_replay,002941.SZ,UNKNOWN,[]
market_replay-002945.SZ,market_replay,002945.SZ,UNKNOWN,[]
market_replay-002946.SZ,market_replay,002946.SZ,UNKNOWN,[]
market_replay-002947.SZ,market_replay,002947.SZ,UNKNOWN,[]
market_replay-002948.SZ,market_replay,002948.SZ,UNKNOWN,[]
market_replay-002950.SZ,market_replay,002950.SZ,UNKNOWN,[]
market_replay-002951.SZ,market_replay,002951.SZ,UNKNOWN,[]
market_replay-002955.SZ,market_replay,002955.SZ,UNKNOWN,[]
market_replay-002957.SZ,market_replay,002957.SZ,UNKNOWN,[]
market_replay-002958.SZ,market_replay,002958.SZ,UNKNOWN,[]
market_replay-002959.SZ,market_replay,002959.SZ,UNKNOWN,[]
market_replay-002960.SZ,market_replay,002960.SZ,UNKNOWN,[]
market_replay-002961.SZ,market_replay,002961.SZ,UNKNOWN,[]
market_replay-002962.SZ,market_replay,002962.SZ,UNKNOWN,[]
market_replay-002965.SZ,market_replay,002965.SZ,UNKNOWN,[]
market_replay-002966.SZ,market_replay,002966.SZ,UNKNOWN,[]
market_replay-002967.SZ,market_replay,002967.SZ,UNKNOWN,[]
market_replay-002969.SZ,market_replay,002969.SZ,UNKNOWN,[]
market_replay-002970.SZ,market_replay,002970.SZ,UNKNOWN,[]
market_replay-002973.SZ,market_replay,002973.SZ,UNKNOWN,[]
market_replay-002975.SZ,market_replay,002975.SZ,UNKNOWN,[]
market_replay-002977.SZ,market_replay,002977.SZ,UNKNOWN,[]
market_replay-002978.SZ,market_replay,002978.SZ,UNKNOWN,[]
market_replay-002979.SZ,market_replay,002979.SZ,UNKNOWN,[]
market_replay-002980.SZ,market_replay,002980.SZ,UNKNOWN,[]
market_replay-002982.SZ,market_replay,002982.SZ,UNKNOWN,[]
market_replay-002984.SZ,market_replay,002984.SZ,UNKNOWN,[]
market_replay-002985.SZ,market_replay,002985.SZ,UNKNOWN,[]
market_replay-002987.SZ,market_replay,002987.SZ,UNKNOWN,[]
market_replay-002989.SZ,market_replay,002989.SZ,UNKNOWN,[]
market_replay-002990.SZ,market_replay,002990.SZ,UNKNOWN,[]
market_replay-002991.SZ,market_replay,002991.SZ,UNKNOWN,[]
market_replay-002993.SZ,market_replay,002993.SZ,UNKNOWN,[]
market_replay-003006.SZ,market_replay,003006.SZ,UNKNOWN,[]
market_replay-003009.SZ,market_replay,003009.SZ,UNKNOWN,[]
market_replay-003010.SZ,market_replay,003010.SZ,UNKNOWN,[]
market_replay-003012.SZ,market_replay,003012.SZ,UNKNOWN,[]
market_replay-003021.SZ,market_replay,003021.SZ,UNKNOWN,[]
market_replay-003022.SZ,market_replay,003022.SZ,UNKNOWN,[]
market_replay-003031.SZ,market_replay,003031.SZ,UNKNOWN,[]
market_replay-003032.SZ,market_replay,003032.SZ,UNKNOWN,[]
market_replay-003035.SZ,market_replay,003035.SZ,UNKNOWN,[]
market_replay-003039.SZ,market_replay,003039.SZ,UNKNOWN,[]
market_replay-003040.SZ,market_replay,003040.SZ,UNKNOWN,[]
market_replay-003816.SZ,market_replay,003816.SZ,UNKNOWN,[]
market_replay-300001.SZ,market_replay,300001.SZ,UNKNOWN,[]
market_replay-300002.SZ,market_replay,300002.SZ,UNKNOWN,[]
market_replay-300003.SZ,market_replay,300003.SZ,UNKNOWN,[]
market_replay-300004.SZ,market_replay,300004.SZ,UNKNOWN,[]
market_replay-300005.SZ,market_replay,300005.SZ,UNKNOWN,[]
market_replay-300006.SZ,market_replay,300006.SZ,UNKNOWN,[]
market_replay-300007.SZ,market_replay,300007.SZ,UNKNOWN,[]
market_replay-300008.SZ,market_replay,300008.SZ,UNKNOWN,[]
market_replay-300009.SZ,market_replay,300009.SZ,UNKNOWN,[]
market_replay-300010.SZ,market_replay,300010.SZ,UNKNOWN,[]
market_replay-300011.SZ,market_replay,300011.SZ,UNKNOWN,[]
market_replay-300012.SZ,market_replay,300012.SZ,UNKNOWN,[]
market_replay-300014.SZ,market_replay,300014.SZ,UNKNOWN,[]
market_replay-300015.SZ,market_replay,300015.SZ,UNKNOWN,[]
market_replay-300016.SZ,market_replay,300016.SZ,UNKNOWN,[]
market_replay-300017.SZ,market_replay,300017.SZ,UNKNOWN,[]
market_replay-300018.SZ,market_replay,300018.SZ,UNKNOWN,[]
market_replay-300020.SZ,market_replay,300020.SZ,UNKNOWN,[]
market_replay-300021.SZ,market_replay,300021.SZ,UNKNOWN,[]
market_replay-300022.SZ,market_replay,300022.SZ,UNKNOWN,[]
market_replay-300024.SZ,market_replay,300024.SZ,UNKNOWN,[]
market_replay-300025.SZ,market_replay,300025.SZ,UNKNOWN,[]
market_replay-300026.SZ,market_replay,300026.SZ,UNKNOWN,[]
market_replay-300027.SZ,market_replay,300027.SZ,UNKNOWN,[]
market_replay-300028.SZ,market_replay,300028.SZ,UNKNOWN,[]
market_replay-300030.SZ,market_replay,300030.SZ,UNKNOWN,[]
market_replay-300031.SZ,market_replay,300031.SZ,UNKNOWN,[]
market_replay-300032.SZ,market_replay,300032.SZ,UNKNOWN,[]
market_replay-300033.SZ,market_replay,300033.SZ,UNKNOWN,[]
market_replay-300034.SZ,market_replay,300034.SZ,UNKNOWN,[]
market_replay-300035.SZ,market_replay,300035.SZ,UNKNOWN,[]
market_replay-300036.SZ,market_replay,300036.SZ,UNKNOWN,[]
market_replay-300037.SZ,market_replay,300037.SZ,UNKNOWN,[]
market_replay-300038.SZ,market_replay,300038.SZ,UNKNOWN,[]
market_replay-300039.SZ,market_replay,300039.SZ,UNKNOWN,[]
market_replay-300041.SZ,market_replay,300041.SZ,UNKNOWN,[]
market_replay-300043.SZ,market_replay,300043.SZ,UNKNOWN,[]
market_replay-300044.SZ,market_replay,300044.SZ,UNKNOWN,[]
market_replay-300045.SZ,market_replay,300045.SZ,UNKNOWN,[]
market_replay-300047.SZ,market_replay,300047.SZ,UNKNOWN,[]
market_replay-300048.SZ,market_replay,300048.SZ,UNKNOWN,[]
market_replay-300049.SZ,market_replay,300049.SZ,UNKNOWN,[]
market_replay-300050.SZ,market_replay,300050.SZ,UNKNOWN,[]
market_replay-300051.SZ,market_replay,300051.SZ,UNKNOWN,[]
market_replay-300052.SZ,market_replay,300052.SZ,UNKNOWN,[]
market_replay-300053.SZ,market_replay,300053.SZ,UNKNOWN,[]
market_replay-300054.SZ,market_replay,300054.SZ,UNKNOWN,[]
market_replay-300055.SZ,market_replay,300055.SZ,UNKNOWN,[]
market_replay-300056.SZ,market_replay,300056.SZ,UNKNOWN,[]
market_replay-300057.SZ,market_replay,300057.SZ,UNKNOWN,[]
market_replay-300058.SZ,market_replay,300058.SZ,UNKNOWN,[]
market_replay-300059.SZ,market_replay,300059.SZ,UNKNOWN,[]
market_replay-300061.SZ,market_replay,300061.SZ,UNKNOWN,[]
market_replay-300063.SZ,market_replay,300063.SZ,UNKNOWN,[]
market_replay-300064.SZ,market_replay,300064.SZ,UNKNOWN,[]
market_replay-300065.SZ,market_replay,300065.SZ,UNKNOWN,[]
market_replay-300066.SZ,market_replay,300066.SZ,UNKNOWN,[]
market_replay-300067.SZ,market_replay,300067.SZ,UNKNOWN,[]
market_replay-300068.SZ,market_replay,300068.SZ,UNKNOWN,[]
market_replay-300070.SZ,market_replay,300070.SZ,UNKNOWN,[]
market_replay-300071.SZ,market_replay,300071.SZ,UNKNOWN,[]
market_replay-300072.SZ,market_replay,300072.SZ,UNKNOWN,[]
market_replay-300073.SZ,market_replay,300073.SZ,UNKNOWN,[]
market_replay-300074.SZ,market_replay,300074.SZ,UNKNOWN,[]
market_replay-300075.SZ,market_replay,300075.SZ,UNKNOWN,[]
market_replay-300076.SZ,market_replay,300076.SZ,UNKNOWN,[]
market_replay-300077.SZ,market_replay,300077.SZ,UNKNOWN,[]
market_replay-300078.SZ,market_replay,300078.SZ,UNKNOWN,[]
market_replay-300079.SZ,market_replay,300079.SZ,UNKNOWN,[]
market_replay-300080.SZ,market_replay,300080.SZ,UNKNOWN,[]
market_replay-300081.SZ,market_replay,300081.SZ,UNKNOWN,[]
market_replay-300082.SZ,market_replay,300082.SZ,UNKNOWN,[]
market_replay-300083.SZ,market_replay,300083.SZ,UNKNOWN,[]
market_replay-300084.SZ,market_replay,300084.SZ,UNKNOWN,[]
market_replay-300085.SZ,market_replay,300085.SZ,UNKNOWN,[]
market_replay-300086.SZ,market_replay,300086.SZ,UNKNOWN,[]
market_replay-300087.SZ,market_replay,300087.SZ,UNKNOWN,[]
market_replay-300088.SZ,market_replay,300088.SZ,UNKNOWN,[]
market_replay-300090.SZ,market_replay,300090.SZ,UNKNOWN,[]
market_replay-300091.SZ,market_replay,300091.SZ,UNKNOWN,[]
market_replay-300094.SZ,market_replay,300094.SZ,UNKNOWN,[]
market_replay-300096.SZ,market_replay,300096.SZ,UNKNOWN,[]
market_replay-300097.SZ,market_replay,300097.SZ,UNKNOWN,[]
market_replay-300098.SZ,market_replay,300098.SZ,UNKNOWN,[]
market_replay-300099.SZ,market_replay,300099.SZ,UNKNOWN,[]
market_replay-300100.SZ,market_replay,300100.SZ,UNKNOWN,[]
market_replay-300101.SZ,market_replay,300101.SZ,UNKNOWN,[]
market_replay-300102.SZ,market_replay,300102.SZ,UNKNOWN,[]
market_replay-300103.SZ,market_replay,300103.SZ,UNKNOWN,[]
market_replay-300104.SZ,market_replay,300104.SZ,UNKNOWN,[]
market_replay-300105.SZ,market_replay,300105.SZ,UNKNOWN,[]
market_replay-300106.SZ,market_replay,300106.SZ,UNKNOWN,[]
market_replay-300107.SZ,market_replay,300107.SZ,UNKNOWN,[]
market_replay-300109.SZ,market_replay,300109.SZ,UNKNOWN,[]
market_replay-300110.SZ,market_replay,300110.SZ,UNKNOWN,[]
market_replay-300111.SZ,market_replay,300111.SZ,UNKNOWN,[]
market_replay-300113.SZ,market_replay,300113.SZ,UNKNOWN,[]
market_replay-300115.SZ,market_replay,300115.SZ,UNKNOWN,[]
market_replay-300116.SZ,market_replay,300116.SZ,UNKNOWN,[]
market_replay-300118.SZ,market_replay,300118.SZ,UNKNOWN,[]
market_replay-300119.SZ,market_replay,300119.SZ,UNKNOWN,[]
market_replay-300122.SZ,market_replay,300122.SZ,UNKNOWN,[]
market_replay-300123.SZ,market_replay,300123.SZ,UNKNOWN,[]
market_replay-300124.SZ,market_replay,300124.SZ,UNKNOWN,[]
market_replay-300127.SZ,market_replay,300127.SZ,UNKNOWN,[]
market_replay-300128.SZ,market_replay,300128.SZ,UNKNOWN,[]
market_replay-300129.SZ,market_replay,300129.SZ,UNKNOWN,[]
market_replay-300130.SZ,market_replay,300130.SZ,UNKNOWN,[]
market_replay-300131.SZ,market_replay,300131.SZ,UNKNOWN,[]
market_replay-300132.SZ,market_replay,300132.SZ,UNKNOWN,[]
market_replay-300133.SZ,market_replay,300133.SZ,UNKNOWN,[]
market_replay-300134.SZ,market_replay,300134.SZ,UNKNOWN,[]
market_replay-300135.SZ,market_replay,300135.SZ,UNKNOWN,[]
market_replay-300136.SZ,market_replay,300136.SZ,UNKNOWN,[]
market_replay-300137.SZ,market_replay,300137.SZ,UNKNOWN,[]
market_replay-300139.SZ,market_replay,300139.SZ,UNKNOWN,[]
market_replay-300140.SZ,market_replay,300140.SZ,UNKNOWN,[]
market_replay-300142.SZ,market_replay,300142.SZ,UNKNOWN,[]
market_replay-300143.SZ,market_replay,300143.SZ,UNKNOWN,[]
market_replay-300144.SZ,market_replay,300144.SZ,UNKNOWN,[]
market_replay-300145.SZ,market_replay,300145.SZ,UNKNOWN,[]
market_replay-300146.SZ,market_replay,300146.SZ,UNKNOWN,[]
market_replay-300147.SZ,market_replay,300147.SZ,UNKNOWN,[]
market_replay-300148.SZ,market_replay,300148.SZ,UNKNOWN,[]
market_replay-300149.SZ,market_replay,300149.SZ,UNKNOWN,[]
market_replay-300150.SZ,market_replay,300150.SZ,UNKNOWN,[]
market_replay-300151.SZ,market_replay,300151.SZ,UNKNOWN,[]
market_replay-300152.SZ,market_replay,300152.SZ,UNKNOWN,[]
market_replay-300153.SZ,market_replay,300153.SZ,UNKNOWN,[]
market_replay-300154.SZ,market_replay,300154.SZ,UNKNOWN,[]
market_replay-300155.SZ,market_replay,300155.SZ,UNKNOWN,[]
market_replay-300156.SZ,market_replay,300156.SZ,UNKNOWN,[]
market_replay-300157.SZ,market_replay,300157.SZ,UNKNOWN,[]
market_replay-300158.SZ,market_replay,300158.SZ,UNKNOWN,[]
market_replay-300159.SZ,market_replay,300159.SZ,UNKNOWN,[]
market_replay-300160.SZ,market_replay,300160.SZ,UNKNOWN,[]
market_replay-300161.SZ,market_replay,300161.SZ,UNKNOWN,[]
market_replay-300162.SZ,market_replay,300162.SZ,UNKNOWN,[]
market_replay-300164.SZ,market_replay,300164.SZ,UNKNOWN,[]
market_replay-300165.SZ,market_replay,300165.SZ,UNKNOWN,[]
market_replay-300166.SZ,market_replay,300166.SZ,UNKNOWN,[]
market_replay-300167.SZ,market_replay,300167.SZ,UNKNOWN,[]
market_replay-300168.SZ,market_replay,300168.SZ,UNKNOWN,[]
market_replay-300169.SZ,market_replay,300169.SZ,UNKNOWN,[]
market_replay-300170.SZ,market_replay,300170.SZ,UNKNOWN,[]
market_replay-300171.SZ,market_replay,300171.SZ,UNKNOWN,[]
market_replay-300172.SZ,market_replay,300172.SZ,UNKNOWN,[]
market_replay-300173.SZ,market_replay,300173.SZ,UNKNOWN,[]
market_replay-300175.SZ,market_replay,300175.SZ,UNKNOWN,[]
market_replay-300176.SZ,market_replay,300176.SZ,UNKNOWN,[]
market_replay-300177.SZ,market_replay,300177.SZ,UNKNOWN,[]
market_replay-300178.SZ,market_replay,300178.SZ,UNKNOWN,[]
market_replay-300180.SZ,market_replay,300180.SZ,UNKNOWN,[]
market_replay-300181.SZ,market_replay,300181.SZ,UNKNOWN,[]
market_replay-300182.SZ,market_replay,300182.SZ,UNKNOWN,[]
market_replay-300183.SZ,market_replay,300183.SZ,UNKNOWN,[]
market_replay-300184.SZ,market_replay,300184.SZ,UNKNOWN,[]
market_replay-300185.SZ,market_replay,300185.SZ,UNKNOWN,[]
market_replay-300186.SZ,market_replay,300186.SZ,UNKNOWN,[]
market_replay-300187.SZ,market_replay,300187.SZ,UNKNOWN,[]
market_replay-300188.SZ,market_replay,300188.SZ,UNKNOWN,[]
market_replay-300189.SZ,market_replay,300189.SZ,UNKNOWN,[]
market_replay-300190.SZ,market_replay,300190.SZ,UNKNOWN,[]
market_replay-300191.SZ,market_replay,300191.SZ,UNKNOWN,[]
market_replay-300193.SZ,market_replay,300193.SZ,UNKNOWN,[]
market_replay-300194.SZ,market_replay,300194.SZ,UNKNOWN,[]
market_replay-300195.SZ,market_replay,300195.SZ,UNKNOWN,[]
market_replay-300196.SZ,market_replay,300196.SZ,UNKNOWN,[]
market_replay-300197.SZ,market_replay,300197.SZ,UNKNOWN,[]
market_replay-300198.SZ,market_replay,300198.SZ,UNKNOWN,[]
market_replay-300199.SZ,market_replay,300199.SZ,UNKNOWN,[]
market_replay-300200.SZ,market_replay,300200.SZ,UNKNOWN,[]
market_replay-300202.SZ,market_replay,300202.SZ,UNKNOWN,[]
market_replay-300203.SZ,market_replay,300203.SZ,UNKNOWN,[]
market_replay-300204.SZ,market_replay,300204.SZ,UNKNOWN,[]
market_replay-300205.SZ,market_replay,300205.SZ,UNKNOWN,[]
market_replay-300206.SZ,market_replay,300206.SZ,UNKNOWN,[]
market_replay-300207.SZ,market_replay,300207.SZ,UNKNOWN,[]
market_replay-300208.SZ,market_replay,300208.SZ,UNKNOWN,[]
market_replay-300209.SZ,market_replay,300209.SZ,UNKNOWN,[]
market_replay-300212.SZ,market_replay,300212.SZ,UNKNOWN,[]
market_replay-300213.SZ,market_replay,300213.SZ,UNKNOWN,[]
market_replay-300215.SZ,market_replay,300215.SZ,UNKNOWN,[]
market_replay-300216.SZ,market_replay,300216.SZ,UNKNOWN,[]
market_replay-300217.SZ,market_replay,300217.SZ,UNKNOWN,[]
market_replay-300219.SZ,market_replay,300219.SZ,UNKNOWN,[]
market_replay-300221.SZ,market_replay,300221.SZ,UNKNOWN,[]
market_replay-300222.SZ,market_replay,300222.SZ,UNKNOWN,[]
market_replay-300223.SZ,market_replay,300223.SZ,UNKNOWN,[]
market_replay-300224.SZ,market_replay,300224.SZ,UNKNOWN,[]
market_replay-300226.SZ,market_replay,300226.SZ,UNKNOWN,[]
market_replay-300227.SZ,market_replay,300227.SZ,UNKNOWN,[]
market_replay-300228.SZ,market_replay,300228.SZ,UNKNOWN,[]
market_replay-300229.SZ,market_replay,300229.SZ,UNKNOWN,[]
market_replay-300231.SZ,market_replay,300231.SZ,UNKNOWN,[]
market_replay-300232.SZ,market_replay,300232.SZ,UNKNOWN,[]
market_replay-300233.SZ,market_replay,300233.SZ,UNKNOWN,[]
market_replay-300234.SZ,market_replay,300234.SZ,UNKNOWN,[]
market_replay-300236.SZ,market_replay,300236.SZ,UNKNOWN,[]
market_replay-300237.SZ,market_replay,300237.SZ,UNKNOWN,[]
market_replay-300238.SZ,market_replay,300238.SZ,UNKNOWN,[]
market_replay-300239.SZ,market_replay,300239.SZ,UNKNOWN,[]
market_replay-300240.SZ,market_replay,300240.SZ,UNKNOWN,[]
market_replay-300241.SZ,market_replay,300241.SZ,UNKNOWN,[]
market_replay-300242.SZ,market_replay,300242.SZ,UNKNOWN,[]
market_replay-300244.SZ,market_replay,300244.SZ,UNKNOWN,[]
market_replay-300245.SZ,market_replay,300245.SZ,UNKNOWN,[]
market_replay-300246.SZ,market_replay,300246.SZ,UNKNOWN,[]
market_replay-300248.SZ,market_replay,300248.SZ,UNKNOWN,[]
market_replay-300251.SZ,market_replay,300251.SZ,UNKNOWN,[]
market_replay-300252.SZ,market_replay,300252.SZ,UNKNOWN,[]
market_replay-300253.SZ,market_replay,300253.SZ,UNKNOWN,[]
market_replay-300254.SZ,market_replay,300254.SZ,UNKNOWN,[]
market_replay-300255.SZ,market_replay,300255.SZ,UNKNOWN,[]
market_replay-300256.SZ,market_replay,300256.SZ,UNKNOWN,[]
market_replay-300257.SZ,market_replay,300257.SZ,UNKNOWN,[]
market_replay-300259.SZ,market_replay,300259.SZ,UNKNOWN,[]
market_replay-300260.SZ,market_replay,300260.SZ,UNKNOWN,[]
market_replay-300261.SZ,market_replay,300261.SZ,UNKNOWN,[]
market_replay-300262.SZ,market_replay,300262.SZ,UNKNOWN,[]
market_replay-300263.SZ,market_replay,300263.SZ,UNKNOWN,[]
market_replay-300266.SZ,market_replay,300266.SZ,UNKNOWN,[]
market_replay-300267.SZ,market_replay,300267.SZ,UNKNOWN,[]
market_replay-300269.SZ,market_replay,300269.SZ,UNKNOWN,[]
market_replay-300270.SZ,market_replay,300270.SZ,UNKNOWN,[]
market_replay-300271.SZ,market_replay,300271.SZ,UNKNOWN,[]
market_replay-300272.SZ,market_replay,300272.SZ,UNKNOWN,[]
market_replay-300273.SZ,market_replay,300273.SZ,UNKNOWN,[]
market_replay-300274.SZ,market_replay,300274.SZ,UNKNOWN,[]
market_replay-300275.SZ,market_replay,300275.SZ,UNKNOWN,[]
market_replay-300276.SZ,market_replay,300276.SZ,UNKNOWN,[]
market_replay-300278.SZ,market_replay,300278.SZ,UNKNOWN,[]
market_replay-300284.SZ,market_replay,300284.SZ,UNKNOWN,[]
market_replay-300285.SZ,market_replay,300285.SZ,UNKNOWN,[]
market_replay-300286.SZ,market_replay,300286.SZ,UNKNOWN,[]
market_replay-300287.SZ,market_replay,300287.SZ,UNKNOWN,[]
market_replay-300288.SZ,market_replay,300288.SZ,UNKNOWN,[]
market_replay-300289.SZ,market_replay,300289.SZ,UNKNOWN,[]
market_replay-300291.SZ,market_replay,300291.SZ,UNKNOWN,[]
market_replay-300292.SZ,market_replay,300292.SZ,UNKNOWN,[]
market_replay-300293.SZ,market_replay,300293.SZ,UNKNOWN,[]
market_replay-300294.SZ,market_replay,300294.SZ,UNKNOWN,[]
market_replay-300295.SZ,market_replay,300295.SZ,UNKNOWN,[]
market_replay-300296.SZ,market_replay,300296.SZ,UNKNOWN,[]
market_replay-300297.SZ,market_replay,300297.SZ,UNKNOWN,[]
market_replay-300298.SZ,market_replay,300298.SZ,UNKNOWN,[]
market_replay-300299.SZ,market_replay,300299.SZ,UNKNOWN,[]
market_replay-300300.SZ,market_replay,300300.SZ,UNKNOWN,[]
market_replay-300301.SZ,market_replay,300301.SZ,UNKNOWN,[]
market_replay-300302.SZ,market_replay,300302.SZ,UNKNOWN,[]
market_replay-300303.SZ,market_replay,300303.SZ,UNKNOWN,[]
market_replay-300304.SZ,market_replay,300304.SZ,UNKNOWN,[]
market_replay-300306.SZ,market_replay,300306.SZ,UNKNOWN,[]
market_replay-300307.SZ,market_replay,300307.SZ,UNKNOWN,[]
market_replay-300308.SZ,market_replay,300308.SZ,UNKNOWN,[]
market_replay-300309.SZ,market_replay,300309.SZ,UNKNOWN,[]
market_replay-300310.SZ,market_replay,300310.SZ,UNKNOWN,[]
market_replay-300311.SZ,market_replay,300311.SZ,UNKNOWN,[]
market_replay-300312.SZ,market_replay,300312.SZ,UNKNOWN,[]
market_replay-300314.SZ,market_replay,300314.SZ,UNKNOWN,[]
market_replay-300315.SZ,market_replay,300315.SZ,UNKNOWN,[]
market_replay-300316.SZ,market_replay,300316.SZ,UNKNOWN,[]
market_replay-300317.SZ,market_replay,300317.SZ,UNKNOWN,[]
market_replay-300318.SZ,market_replay,300318.SZ,UNKNOWN,[]
market_replay-300319.SZ,market_replay,300319.SZ,UNKNOWN,[]
market_replay-300322.SZ,market_replay,300322.SZ,UNKNOWN,[]
market_replay-300323.SZ,market_replay,300323.SZ,UNKNOWN,[]
market_replay-300324.SZ,market_replay,300324.SZ,UNKNOWN,[]
market_replay-300326.SZ,market_replay,300326.SZ,UNKNOWN,[]
market_replay-300327.SZ,market_replay,300327.SZ,UNKNOWN,[]
market_replay-300328.SZ,market_replay,300328.SZ,UNKNOWN,[]
market_replay-300331.SZ,market_replay,300331.SZ,UNKNOWN,[]
market_replay-300332.SZ,market_replay,300332.SZ,UNKNOWN,[]
market_replay-300333.SZ,market_replay,300333.SZ,UNKNOWN,[]
market_replay-300334.SZ,market_replay,300334.SZ,UNKNOWN,[]
market_replay-300335.SZ,market_replay,300335.SZ,UNKNOWN,[]
market_replay-300336.SZ,market_replay,300336.SZ,UNKNOWN,[]
market_replay-300337.SZ,market_replay,300337.SZ,UNKNOWN,[]
market_replay-300339.SZ,market_replay,300339.SZ,UNKNOWN,[]
market_replay-300341.SZ,market_replay,300341.SZ,UNKNOWN,[]
market_replay-300342.SZ,market_replay,300342.SZ,UNKNOWN,[]
market_replay-300343.SZ,market_replay,300343.SZ,UNKNOWN,[]
market_replay-300346.SZ,market_replay,300346.SZ,UNKNOWN,[]
market_replay-300347.SZ,market_replay,300347.SZ,UNKNOWN,[]
market_replay-300348.SZ,market_replay,300348.SZ,UNKNOWN,[]
market_replay-300349.SZ,market_replay,300349.SZ,UNKNOWN,[]
market_replay-300350.SZ,market_replay,300350.SZ,UNKNOWN,[]
market_replay-300351.SZ,market_replay,300351.SZ,UNKNOWN,[]
market_replay-300352.SZ,market_replay,300352.SZ,UNKNOWN,[]
market_replay-300353.SZ,market_replay,300353.SZ,UNKNOWN,[]
market_replay-300355.SZ,market_replay,300355.SZ,UNKNOWN,[]
market_replay-300356.SZ,market_replay,300356.SZ,UNKNOWN,[]
market_replay-300357.SZ,market_replay,300357.SZ,UNKNOWN,[]
market_replay-300358.SZ,market_replay,300358.SZ,UNKNOWN,[]
market_replay-300359.SZ,market_replay,300359.SZ,UNKNOWN,[]
market_replay-300360.SZ,market_replay,300360.SZ,UNKNOWN,[]
market_replay-300362.SZ,market_replay,300362.SZ,UNKNOWN,[]
market_replay-300363.SZ,market_replay,300363.SZ,UNKNOWN,[]
market_replay-300364.SZ,market_replay,300364.SZ,UNKNOWN,[]
market_replay-300365.SZ,market_replay,300365.SZ,UNKNOWN,[]
market_replay-300366.SZ,market_replay,300366.SZ,UNKNOWN,[]
market_replay-300367.SZ,market_replay,300367.SZ,UNKNOWN,[]
market_replay-300368.SZ,market_replay,300368.SZ,UNKNOWN,[]
market_replay-300369.SZ,market_replay,300369.SZ,UNKNOWN,[]
market_replay-300370.SZ,market_replay,300370.SZ,UNKNOWN,[]
market_replay-300371.SZ,market_replay,300371.SZ,UNKNOWN,[]
market_replay-300372.SZ,market_replay,300372.SZ,UNKNOWN,[]
market_replay-300373.SZ,market_replay,300373.SZ,UNKNOWN,[]
market_replay-300375.SZ,market_replay,300375.SZ,UNKNOWN,[]
market_replay-300376.SZ,market_replay,300376.SZ,UNKNOWN,[]
market_replay-300377.SZ,market_replay,300377.SZ,UNKNOWN,[]
market_replay-300378.SZ,market_replay,300378.SZ,UNKNOWN,[]
market_replay-300379.SZ,market_replay,300379.SZ,UNKNOWN,[]
market_replay-300380.SZ,market_replay,300380.SZ,UNKNOWN,[]
market_replay-300381.SZ,market_replay,300381.SZ,UNKNOWN,[]
market_replay-300382.SZ,market_replay,300382.SZ,UNKNOWN,[]
market_replay-300383.SZ,market_replay,300383.SZ,UNKNOWN,[]
market_replay-300384.SZ,market_replay,300384.SZ,UNKNOWN,[]
market_replay-300385.SZ,market_replay,300385.SZ,UNKNOWN,[]
market_replay-300386.SZ,market_replay,300386.SZ,UNKNOWN,[]
market_replay-300387.SZ,market_replay,300387.SZ,UNKNOWN,[]
market_replay-300388.SZ,market_replay,300388.SZ,UNKNOWN,[]
market_replay-300389.SZ,market_replay,300389.SZ,UNKNOWN,[]
market_replay-300390.SZ,market_replay,300390.SZ,UNKNOWN,[]
market_replay-300392.SZ,market_replay,300392.SZ,UNKNOWN,[]
market_replay-300393.SZ,market_replay,300393.SZ,UNKNOWN,[]
market_replay-300394.SZ,market_replay,300394.SZ,UNKNOWN,[]
market_replay-300395.SZ,market_replay,300395.SZ,UNKNOWN,[]
market_replay-300397.SZ,market_replay,300397.SZ,UNKNOWN,[]
market_replay-300398.SZ,market_replay,300398.SZ,UNKNOWN,[]
market_replay-300399.SZ,market_replay,300399.SZ,UNKNOWN,[]
market_replay-300401.SZ,market_replay,300401.SZ,UNKNOWN,[]
market_replay-300403.SZ,market_replay,300403.SZ,UNKNOWN,[]
market_replay-300406.SZ,market_replay,300406.SZ,UNKNOWN,[]
market_replay-300408.SZ,market_replay,300408.SZ,UNKNOWN,[]
market_replay-300409.SZ,market_replay,300409.SZ,UNKNOWN,[]
market_replay-300410.SZ,market_replay,300410.SZ,UNKNOWN,[]
market_replay-300413.SZ,market_replay,300413.SZ,UNKNOWN,[]
market_replay-300415.SZ,market_replay,300415.SZ,UNKNOWN,[]
market_replay-300416.SZ,market_replay,300416.SZ,UNKNOWN,[]
market_replay-300418.SZ,market_replay,300418.SZ,UNKNOWN,[]
market_replay-300419.SZ,market_replay,300419.SZ,UNKNOWN,[]
market_replay-300423.SZ,market_replay,300423.SZ,UNKNOWN,[]
market_replay-300424.SZ,market_replay,300424.SZ,UNKNOWN,[]
market_replay-300426.SZ,market_replay,300426.SZ,UNKNOWN,[]
market_replay-300428.SZ,market_replay,300428.SZ,UNKNOWN,[]
market_replay-300429.SZ,market_replay,300429.SZ,UNKNOWN,[]
market_replay-300431.SZ,market_replay,300431.SZ,UNKNOWN,[]
market_replay-300432.SZ,market_replay,300432.SZ,UNKNOWN,[]
market_replay-300433.SZ,market_replay,300433.SZ,UNKNOWN,[]
market_replay-300436.SZ,market_replay,300436.SZ,UNKNOWN,[]
market_replay-300438.SZ,market_replay,300438.SZ,UNKNOWN,[]
market_replay-300439.SZ,market_replay,300439.SZ,UNKNOWN,[]
market_replay-300440.SZ,market_replay,300440.SZ,UNKNOWN,[]
market_replay-300441.SZ,market_replay,300441.SZ,UNKNOWN,[]
market_replay-300442.SZ,market_replay,300442.SZ,UNKNOWN,[]
market_replay-300443.SZ,market_replay,300443.SZ,UNKNOWN,[]
market_replay-300444.SZ,market_replay,300444.SZ,UNKNOWN,[]
market_replay-300446.SZ,market_replay,300446.SZ,UNKNOWN,[]
market_replay-300447.SZ,market_replay,300447.SZ,UNKNOWN,[]
market_replay-300448.SZ,market_replay,300448.SZ,UNKNOWN,[]
market_replay-300449.SZ,market_replay,300449.SZ,UNKNOWN,[]
market_replay-300450.SZ,market_replay,300450.SZ,UNKNOWN,[]
market_replay-300451.SZ,market_replay,300451.SZ,UNKNOWN,[]
market_replay-300454.SZ,market_replay,300454.SZ,UNKNOWN,[]
market_replay-300455.SZ,market_replay,300455.SZ,UNKNOWN,[]
market_replay-300456.SZ,market_replay,300456.SZ,UNKNOWN,[]
market_replay-300457.SZ,market_replay,300457.SZ,UNKNOWN,[]
market_replay-300458.SZ,market_replay,300458.SZ,UNKNOWN,[]
market_replay-300459.SZ,market_replay,300459.SZ,UNKNOWN,[]
market_replay-300463.SZ,market_replay,300463.SZ,UNKNOWN,[]
market_replay-300465.SZ,market_replay,300465.SZ,UNKNOWN,[]
market_replay-300467.SZ,market_replay,300467.SZ,UNKNOWN,[]
market_replay-300468.SZ,market_replay,300468.SZ,UNKNOWN,[]
market_replay-300470.SZ,market_replay,300470.SZ,UNKNOWN,[]
market_replay-300471.SZ,market_replay,300471.SZ,UNKNOWN,[]
market_replay-300473.SZ,market_replay,300473.SZ,UNKNOWN,[]
market_replay-300474.SZ,market_replay,300474.SZ,UNKNOWN,[]
market_replay-300475.SZ,market_replay,300475.SZ,UNKNOWN,[]
market_replay-300476.SZ,market_replay,300476.SZ,UNKNOWN,[]
market_replay-300477.SZ,market_replay,300477.SZ,UNKNOWN,[]
market_replay-300482.SZ,market_replay,300482.SZ,UNKNOWN,[]
market_replay-300484.SZ,market_replay,300484.SZ,UNKNOWN,[]
market_replay-300485.SZ,market_replay,300485.SZ,UNKNOWN,[]
market_replay-300487.SZ,market_replay,300487.SZ,UNKNOWN,[]
market_replay-300492.SZ,market_replay,300492.SZ,UNKNOWN,[]
market_replay-300493.SZ,market_replay,300493.SZ,UNKNOWN,[]
market_replay-300494.SZ,market_replay,300494.SZ,UNKNOWN,[]
market_replay-300495.SZ,market_replay,300495.SZ,UNKNOWN,[]
market_replay-300496.SZ,market_replay,300496.SZ,UNKNOWN,[]
market_replay-300497.SZ,market_replay,300497.SZ,UNKNOWN,[]
market_replay-300498.SZ,market_replay,300498.SZ,UNKNOWN,[]
market_replay-300502.SZ,market_replay,300502.SZ,UNKNOWN,[]
market_replay-300503.SZ,market_replay,300503.SZ,UNKNOWN,[]
market_replay-300504.SZ,market_replay,300504.SZ,UNKNOWN,[]
market_replay-300506.SZ,market_replay,300506.SZ,UNKNOWN,[]
market_replay-300507.SZ,market_replay,300507.SZ,UNKNOWN,[]
market_replay-300508.SZ,market_replay,300508.SZ,UNKNOWN,[]
market_replay-300510.SZ,market_replay,300510.SZ,UNKNOWN,[]
market_replay-300511.SZ,market_replay,300511.SZ,UNKNOWN,[]
market_replay-300512.SZ,market_replay,300512.SZ,UNKNOWN,[]
market_replay-300516.SZ,market_replay,300516.SZ,UNKNOWN,[]
market_replay-300518.SZ,market_replay,300518.SZ,UNKNOWN,[]
market_replay-300519.SZ,market_replay,300519.SZ,UNKNOWN,[]
market_replay-300520.SZ,market_replay,300520.SZ,UNKNOWN,[]
market_replay-300522.SZ,market_replay,300522.SZ,UNKNOWN,[]
market_replay-300523.SZ,market_replay,300523.SZ,UNKNOWN,[]
market_replay-300525.SZ,market_replay,300525.SZ,UNKNOWN,[]
market_replay-300526.SZ,market_replay,300526.SZ,UNKNOWN,[]
market_replay-300527.SZ,market_replay,300527.SZ,UNKNOWN,[]
market_replay-300528.SZ,market_replay,300528.SZ,UNKNOWN,[]
market_replay-300529.SZ,market_replay,300529.SZ,UNKNOWN,[]
market_replay-300531.SZ,market_replay,300531.SZ,UNKNOWN,[]
market_replay-300533.SZ,market_replay,300533.SZ,UNKNOWN,[]
market_replay-300548.SZ,market_replay,300548.SZ,UNKNOWN,[]
market_replay-300552.SZ,market_replay,300552.SZ,UNKNOWN,[]
market_replay-300558.SZ,market_replay,300558.SZ,UNKNOWN,[]
market_replay-300559.SZ,market_replay,300559.SZ,UNKNOWN,[]
market_replay-300567.SZ,market_replay,300567.SZ,UNKNOWN,[]
market_replay-300568.SZ,market_replay,300568.SZ,UNKNOWN,[]
market_replay-300570.SZ,market_replay,300570.SZ,UNKNOWN,[]
market_replay-300571.SZ,market_replay,300571.SZ,UNKNOWN,[]
market_replay-300572.SZ,market_replay,300572.SZ,UNKNOWN,[]
market_replay-300573.SZ,market_replay,300573.SZ,UNKNOWN,[]
market_replay-300576.SZ,market_replay,300576.SZ,UNKNOWN,[]
market_replay-300579.SZ,market_replay,300579.SZ,UNKNOWN,[]
market_replay-300580.SZ,market_replay,300580.SZ,UNKNOWN,[]
market_replay-300587.SZ,market_replay,300587.SZ,UNKNOWN,[]
market_replay-300590.SZ,market_replay,300590.SZ,UNKNOWN,[]
market_replay-300593.SZ,market_replay,300593.SZ,UNKNOWN,[]
market_replay-300595.SZ,market_replay,300595.SZ,UNKNOWN,[]
market_replay-300596.SZ,market_replay,300596.SZ,UNKNOWN,[]
market_replay-300598.SZ,market_replay,300598.SZ,UNKNOWN,[]
market_replay-300601.SZ,market_replay,300601.SZ,UNKNOWN,[]
market_replay-300602.SZ,market_replay,300602.SZ,UNKNOWN,[]
market_replay-300603.SZ,market_replay,300603.SZ,UNKNOWN,[]
market_replay-300604.SZ,market_replay,300604.SZ,UNKNOWN,[]
market_replay-300607.SZ,market_replay,300607.SZ,UNKNOWN,[]
market_replay-300613.SZ,market_replay,300613.SZ,UNKNOWN,[]
market_replay-300616.SZ,market_replay,300616.SZ,UNKNOWN,[]
market_replay-300618.SZ,market_replay,300618.SZ,UNKNOWN,[]
market_replay-300620.SZ,market_replay,300620.SZ,UNKNOWN,[]
market_replay-300623.SZ,market_replay,300623.SZ,UNKNOWN,[]
market_replay-300624.SZ,market_replay,300624.SZ,UNKNOWN,[]
market_replay-300625.SZ,market_replay,300625.SZ,UNKNOWN,[]
market_replay-300627.SZ,market_replay,300627.SZ,UNKNOWN,[]
market_replay-300628.SZ,market_replay,300628.SZ,UNKNOWN,[]
market_replay-300630.SZ,market_replay,300630.SZ,UNKNOWN,[]
market_replay-300633.SZ,market_replay,300633.SZ,UNKNOWN,[]
market_replay-300634.SZ,market_replay,300634.SZ,UNKNOWN,[]
market_replay-300638.SZ,market_replay,300638.SZ,UNKNOWN,[]
market_replay-300639.SZ,market_replay,300639.SZ,UNKNOWN,[]
market_replay-300641.SZ,market_replay,300641.SZ,UNKNOWN,[]
market_replay-300653.SZ,market_replay,300653.SZ,UNKNOWN,[]
market_replay-300655.SZ,market_replay,300655.SZ,UNKNOWN,[]
market_replay-300657.SZ,market_replay,300657.SZ,UNKNOWN,[]
market_replay-300659.SZ,market_replay,300659.SZ,UNKNOWN,[]
market_replay-300660.SZ,market_replay,300660.SZ,UNKNOWN,[]
market_replay-300661.SZ,market_replay,300661.SZ,UNKNOWN,[]
market_replay-300662.SZ,market_replay,300662.SZ,UNKNOWN,[]
market_replay-300663.SZ,market_replay,300663.SZ,UNKNOWN,[]
market_replay-300664.SZ,market_replay,300664.SZ,UNKNOWN,[]
market_replay-300666.SZ,market_replay,300666.SZ,UNKNOWN,[]
market_replay-300671.SZ,market_replay,300671.SZ,UNKNOWN,[]
market_replay-300672.SZ,market_replay,300672.SZ,UNKNOWN,[]
market_replay-300673.SZ,market_replay,300673.SZ,UNKNOWN,[]
market_replay-300674.SZ,market_replay,300674.SZ,UNKNOWN,[]
market_replay-300676.SZ,market_replay,300676.SZ,UNKNOWN,[]
market_replay-300677.SZ,market_replay,300677.SZ,UNKNOWN,[]
market_replay-300678.SZ,market_replay,300678.SZ,UNKNOWN,[]
market_replay-300679.SZ,market_replay,300679.SZ,UNKNOWN,[]
market_replay-300680.SZ,market_replay,300680.SZ,UNKNOWN,[]
market_replay-300682.SZ,market_replay,300682.SZ,UNKNOWN,[]
market_replay-300684.SZ,market_replay,300684.SZ,UNKNOWN,[]
market_replay-300685.SZ,market_replay,300685.SZ,UNKNOWN,[]
market_replay-300687.SZ,market_replay,300687.SZ,UNKNOWN,[]
market_replay-300693.SZ,market_replay,300693.SZ,UNKNOWN,[]
market_replay-300696.SZ,market_replay,300696.SZ,UNKNOWN,[]
market_replay-300699.SZ,market_replay,300699.SZ,UNKNOWN,[]
market_replay-300702.SZ,market_replay,300702.SZ,UNKNOWN,[]
market_replay-300705.SZ,market_replay,300705.SZ,UNKNOWN,[]
market_replay-300709.SZ,market_replay,300709.SZ,UNKNOWN,[]
market_replay-300718.SZ,market_replay,300718.SZ,UNKNOWN,[]
market_replay-300723.SZ,market_replay,300723.SZ,UNKNOWN,[]
market_replay-300724.SZ,market_replay,300724.SZ,UNKNOWN,[]
market_replay-300725.SZ,market_replay,300725.SZ,UNKNOWN,[]
market_replay-300726.SZ,market_replay,300726.SZ,UNKNOWN,[]
market_replay-300735.SZ,market_replay,300735.SZ,UNKNOWN,[]
market_replay-300737.SZ,market_replay,300737.SZ,UNKNOWN,[]
market_replay-300738.SZ,market_replay,300738.SZ,UNKNOWN,[]
market_replay-300740.SZ,market_replay,300740.SZ,UNKNOWN,[]
market_replay-300741.SZ,market_replay,300741.SZ,UNKNOWN,[]
market_replay-300747.SZ,market_replay,300747.SZ,UNKNOWN,[]
market_replay-300748.SZ,market_replay,300748.SZ,UNKNOWN,[]
market_replay-300750.SZ,market_replay,300750.SZ,UNKNOWN,[]
market_replay-300751.SZ,market_replay,300751.SZ,UNKNOWN,[]
market_replay-300755.SZ,market_replay,300755.SZ,UNKNOWN,[]
market_replay-300757.SZ,market_replay,300757.SZ,UNKNOWN,[]
market_replay-300759.SZ,market_replay,300759.SZ,UNKNOWN,[]
market_replay-300760.SZ,market_replay,300760.SZ,UNKNOWN,[]
market_replay-300761.SZ,market_replay,300761.SZ,UNKNOWN,[]
market_replay-300762.SZ,market_replay,300762.SZ,UNKNOWN,[]
market_replay-300763.SZ,market_replay,300763.SZ,UNKNOWN,[]
market_replay-300765.SZ,market_replay,300765.SZ,UNKNOWN,[]
market_replay-300766.SZ,market_replay,300766.SZ,UNKNOWN,[]
market_replay-300767.SZ,market_replay,300767.SZ,UNKNOWN,[]
market_replay-300768.SZ,market_replay,300768.SZ,UNKNOWN,[]
market_replay-300769.SZ,market_replay,300769.SZ,UNKNOWN,[]
market_replay-300770.SZ,market_replay,300770.SZ,UNKNOWN,[]
market_replay-300771.SZ,market_replay,300771.SZ,UNKNOWN,[]
market_replay-300772.SZ,market_replay,300772.SZ,UNKNOWN,[]
market_replay-300773.SZ,market_replay,300773.SZ,UNKNOWN,[]
market_replay-300775.SZ,market_replay,300775.SZ,UNKNOWN,[]
market_replay-300776.SZ,market_replay,300776.SZ,UNKNOWN,[]
market_replay-300777.SZ,market_replay,300777.SZ,UNKNOWN,[]
market_replay-300779.SZ,market_replay,300779.SZ,UNKNOWN,[]
market_replay-300782.SZ,market_replay,300782.SZ,UNKNOWN,[]
market_replay-300783.SZ,market_replay,300783.SZ,UNKNOWN,[]
market_replay-300785.SZ,market_replay,300785.SZ,UNKNOWN,[]
market_replay-300788.SZ,market_replay,300788.SZ,UNKNOWN,[]
market_replay-300791.SZ,market_replay,300791.SZ,UNKNOWN,[]
market_replay-300792.SZ,market_replay,300792.SZ,UNKNOWN,[]
market_replay-300793.SZ,market_replay,300793.SZ,UNKNOWN,[]
market_replay-300798.SZ,market_replay,300798.SZ,UNKNOWN,[]
market_replay-300799.SZ,market_replay,300799.SZ,UNKNOWN,[]
market_replay-300800.SZ,market_replay,300800.SZ,UNKNOWN,[]
market_replay-300803.SZ,market_replay,300803.SZ,UNKNOWN,[]
market_replay-300805.SZ,market_replay,300805.SZ,UNKNOWN,[]
market_replay-300806.SZ,market_replay,300806.SZ,UNKNOWN,[]
market_replay-300809.SZ,market_replay,300809.SZ,UNKNOWN,[]
market_replay-300811.SZ,market_replay,300811.SZ,UNKNOWN,[]
market_replay-300814.SZ,market_replay,300814.SZ,UNKNOWN,[]
market_replay-300815.SZ,market_replay,300815.SZ,UNKNOWN,[]
market_replay-300820.SZ,market_replay,300820.SZ,UNKNOWN,[]
market_replay-300821.SZ,market_replay,300821.SZ,UNKNOWN,[]
market_replay-300827.SZ,market_replay,300827.SZ,UNKNOWN,[]
market_replay-300829.SZ,market_replay,300829.SZ,UNKNOWN,[]
market_replay-300831.SZ,market_replay,300831.SZ,UNKNOWN,[]
market_replay-300832.SZ,market_replay,300832.SZ,UNKNOWN,[]
market_replay-300841.SZ,market_replay,300841.SZ,UNKNOWN,[]
market_replay-300842.SZ,market_replay,300842.SZ,UNKNOWN,[]
market_replay-300846.SZ,market_replay,300846.SZ,UNKNOWN,[]
market_replay-300850.SZ,market_replay,300850.SZ,UNKNOWN,[]
market_replay-300855.SZ,market_replay,300855.SZ,UNKNOWN,[]
market_replay-300856.SZ,market_replay,300856.SZ,UNKNOWN,[]
market_replay-300857.SZ,market_replay,300857.SZ,UNKNOWN,[]
market_replay-300860.SZ,market_replay,300860.SZ,UNKNOWN,[]
market_replay-300861.SZ,market_replay,300861.SZ,UNKNOWN,[]
market_replay-300866.SZ,market_replay,300866.SZ,UNKNOWN,[]
market_replay-300867.SZ,market_replay,300867.SZ,UNKNOWN,[]
market_replay-300869.SZ,market_replay,300869.SZ,UNKNOWN,[]
market_replay-300870.SZ,market_replay,300870.SZ,UNKNOWN,[]
market_replay-300872.SZ,market_replay,300872.SZ,UNKNOWN,[]
market_replay-300887.SZ,market_replay,300887.SZ,UNKNOWN,[]
market_replay-300888.SZ,market_replay,300888.SZ,UNKNOWN,[]
market_replay-300894.SZ,market_replay,300894.SZ,UNKNOWN,[]
market_replay-300896.SZ,market_replay,300896.SZ,UNKNOWN,[]
market_replay-300900.SZ,market_replay,300900.SZ,UNKNOWN,[]
market_replay-300910.SZ,market_replay,300910.SZ,UNKNOWN,[]
market_replay-300913.SZ,market_replay,300913.SZ,UNKNOWN,[]
market_replay-300917.SZ,market_replay,300917.SZ,UNKNOWN,[]
market_replay-300919.SZ,market_replay,300919.SZ,UNKNOWN,[]
market_replay-300925.SZ,market_replay,300925.SZ,UNKNOWN,[]
market_replay-300926.SZ,market_replay,300926.SZ,UNKNOWN,[]
market_replay-300942.SZ,market_replay,300942.SZ,UNKNOWN,[]
market_replay-300953.SZ,market_replay,300953.SZ,UNKNOWN,[]
market_replay-300957.SZ,market_replay,300957.SZ,UNKNOWN,[]
market_replay-300969.SZ,market_replay,300969.SZ,UNKNOWN,[]
market_replay-300972.SZ,market_replay,300972.SZ,UNKNOWN,[]
market_replay-300973.SZ,market_replay,300973.SZ,UNKNOWN,[]
market_replay-300979.SZ,market_replay,300979.SZ,UNKNOWN,[]
market_replay-300981.SZ,market_replay,300981.SZ,UNKNOWN,[]
market_replay-300990.SZ,market_replay,300990.SZ,UNKNOWN,[]
market_replay-300999.SZ,market_replay,300999.SZ,UNKNOWN,[]
market_replay-301000.SZ,market_replay,301000.SZ,UNKNOWN,[]
market_replay-301004.SZ,market_replay,301004.SZ,UNKNOWN,[]
market_replay-301005.SZ,market_replay,301005.SZ,UNKNOWN,[]
market_replay-301015.SZ,market_replay,301015.SZ,UNKNOWN,[]
market_replay-301018.SZ,market_replay,301018.SZ,UNKNOWN,[]
market_replay-301029.SZ,market_replay,301029.SZ,UNKNOWN,[]
market_replay-301031.SZ,market_replay,301031.SZ,UNKNOWN,[]
market_replay-301035.SZ,market_replay,301035.SZ,UNKNOWN,[]
market_replay-301039.SZ,market_replay,301039.SZ,UNKNOWN,[]
market_replay-301047.SZ,market_replay,301047.SZ,UNKNOWN,[]
market_replay-301050.SZ,market_replay,301050.SZ,UNKNOWN,[]
market_replay-301060.SZ,market_replay,301060.SZ,UNKNOWN,[]
market_replay-301061.SZ,market_replay,301061.SZ,UNKNOWN,[]
market_replay-301069.SZ,market_replay,301069.SZ,UNKNOWN,[]
market_replay-301071.SZ,market_replay,301071.SZ,UNKNOWN,[]
market_replay-301078.SZ,market_replay,301078.SZ,UNKNOWN,[]
market_replay-301080.SZ,market_replay,301080.SZ,UNKNOWN,[]
market_replay-301087.SZ,market_replay,301087.SZ,UNKNOWN,[]
market_replay-301089.SZ,market_replay,301089.SZ,UNKNOWN,[]
market_replay-301090.SZ,market_replay,301090.SZ,UNKNOWN,[]
market_replay-301091.SZ,market_replay,301091.SZ,UNKNOWN,[]
market_replay-301095.SZ,market_replay,301095.SZ,UNKNOWN,[]
market_replay-301101.SZ,market_replay,301101.SZ,UNKNOWN,[]
market_replay-301109.SZ,market_replay,301109.SZ,UNKNOWN,[]
market_replay-301127.SZ,market_replay,301127.SZ,UNKNOWN,[]
market_replay-301153.SZ,market_replay,301153.SZ,UNKNOWN,[]
market_replay-301155.SZ,market_replay,301155.SZ,UNKNOWN,[]
market_replay-301165.SZ,market_replay,301165.SZ,UNKNOWN,[]
market_replay-301171.SZ,market_replay,301171.SZ,UNKNOWN,[]
market_replay-301175.SZ,market_replay,301175.SZ,UNKNOWN,[]
market_replay-301177.SZ,market_replay,301177.SZ,UNKNOWN,[]
market_replay-301180.SZ,market_replay,301180.SZ,UNKNOWN,[]
market_replay-301196.SZ,market_replay,301196.SZ,UNKNOWN,[]
market_replay-301200.SZ,market_replay,301200.SZ,UNKNOWN,[]
market_replay-301205.SZ,market_replay,301205.SZ,UNKNOWN,[]
market_replay-301206.SZ,market_replay,301206.SZ,UNKNOWN,[]
market_replay-301207.SZ,market_replay,301207.SZ,UNKNOWN,[]
market_replay-301215.SZ,market_replay,301215.SZ,UNKNOWN,[]
market_replay-301216.SZ,market_replay,301216.SZ,UNKNOWN,[]
market_replay-301217.SZ,market_replay,301217.SZ,UNKNOWN,[]
market_replay-301219.SZ,market_replay,301219.SZ,UNKNOWN,[]
market_replay-301225.SZ,market_replay,301225.SZ,UNKNOWN,[]
market_replay-301236.SZ,market_replay,301236.SZ,UNKNOWN,[]
market_replay-301238.SZ,market_replay,301238.SZ,UNKNOWN,[]
market_replay-301239.SZ,market_replay,301239.SZ,UNKNOWN,[]
market_replay-301246.SZ,market_replay,301246.SZ,UNKNOWN,[]
market_replay-301262.SZ,market_replay,301262.SZ,UNKNOWN,[]
market_replay-301263.SZ,market_replay,301263.SZ,UNKNOWN,[]
market_replay-301267.SZ,market_replay,301267.SZ,UNKNOWN,[]
market_replay-301268.SZ,market_replay,301268.SZ,UNKNOWN,[]
market_replay-301269.SZ,market_replay,301269.SZ,UNKNOWN,[]
market_replay-301275.SZ,market_replay,301275.SZ,UNKNOWN,[]
market_replay-301286.SZ,market_replay,301286.SZ,UNKNOWN,[]
market_replay-301291.SZ,market_replay,301291.SZ,UNKNOWN,[]
market_replay-301293.SZ,market_replay,301293.SZ,UNKNOWN,[]
market_replay-301297.SZ,market_replay,301297.SZ,UNKNOWN,[]
market_replay-301301.SZ,market_replay,301301.SZ,UNKNOWN,[]
market_replay-301308.SZ,market_replay,301308.SZ,UNKNOWN,[]
market_replay-301316.SZ,market_replay,301316.SZ,UNKNOWN,[]
market_replay-301325.SZ,market_replay,301325.SZ,UNKNOWN,[]
market_replay-301327.SZ,market_replay,301327.SZ,UNKNOWN,[]
market_replay-301339.SZ,market_replay,301339.SZ,UNKNOWN,[]
market_replay-301345.SZ,market_replay,301345.SZ,UNKNOWN,[]
market_replay-301348.SZ,market_replay,301348.SZ,UNKNOWN,[]
market_replay-301358.SZ,market_replay,301358.SZ,UNKNOWN,[]
market_replay-301363.SZ,market_replay,301363.SZ,UNKNOWN,[]
market_replay-301367.SZ,market_replay,301367.SZ,UNKNOWN,[]
market_replay-301371.SZ,market_replay,301371.SZ,UNKNOWN,[]
market_replay-301376.SZ,market_replay,301376.SZ,UNKNOWN,[]
market_replay-301377.SZ,market_replay,301377.SZ,UNKNOWN,[]
market_replay-301381.SZ,market_replay,301381.SZ,UNKNOWN,[]
market_replay-301389.SZ,market_replay,301389.SZ,UNKNOWN,[]
market_replay-301392.SZ,market_replay,301392.SZ,UNKNOWN,[]
market_replay-301396.SZ,market_replay,301396.SZ,UNKNOWN,[]
market_replay-301413.SZ,market_replay,301413.SZ,UNKNOWN,[]
market_replay-301421.SZ,market_replay,301421.SZ,UNKNOWN,[]
market_replay-301458.SZ,market_replay,301458.SZ,UNKNOWN,[]
market_replay-301487.SZ,market_replay,301487.SZ,UNKNOWN,[]
market_replay-301488.SZ,market_replay,301488.SZ,UNKNOWN,[]
market_replay-301489.SZ,market_replay,301489.SZ,UNKNOWN,[]
market_replay-301498.SZ,market_replay,301498.SZ,UNKNOWN,[]
market_replay-301500.SZ,market_replay,301500.SZ,UNKNOWN,[]
market_replay-301508.SZ,market_replay,301508.SZ,UNKNOWN,[]
market_replay-301510.SZ,market_replay,301510.SZ,UNKNOWN,[]
market_replay-301511.SZ,market_replay,301511.SZ,UNKNOWN,[]
market_replay-301522.SZ,market_replay,301522.SZ,UNKNOWN,[]
market_replay-301526.SZ,market_replay,301526.SZ,UNKNOWN,[]
market_replay-301536.SZ,market_replay,301536.SZ,UNKNOWN,[]
market_replay-301550.SZ,market_replay,301550.SZ,UNKNOWN,[]
market_replay-301551.SZ,market_replay,301551.SZ,UNKNOWN,[]
market_replay-301556.SZ,market_replay,301556.SZ,UNKNOWN,[]
market_replay-301558.SZ,market_replay,301558.SZ,UNKNOWN,[]
market_replay-301559.SZ,market_replay,301559.SZ,UNKNOWN,[]
market_replay-301563.SZ,market_replay,301563.SZ,UNKNOWN,[]
market_replay-301565.SZ,market_replay,301565.SZ,UNKNOWN,[]
market_replay-301571.SZ,market_replay,301571.SZ,UNKNOWN,[]
market_replay-301584.SZ,market_replay,301584.SZ,UNKNOWN,[]
market_replay-301589.SZ,market_replay,301589.SZ,UNKNOWN,[]
market_replay-301592.SZ,market_replay,301592.SZ,UNKNOWN,[]
market_replay-301600.SZ,market_replay,301600.SZ,UNKNOWN,[]
market_replay-301602.SZ,market_replay,301602.SZ,UNKNOWN,[]
market_replay-301606.SZ,market_replay,301606.SZ,UNKNOWN,[]
market_replay-301611.SZ,market_replay,301611.SZ,UNKNOWN,[]
market_replay-301622.SZ,market_replay,301622.SZ,UNKNOWN,[]
market_replay-301626.SZ,market_replay,301626.SZ,UNKNOWN,[]
market_replay-301631.SZ,market_replay,301631.SZ,UNKNOWN,[]
market_replay-301632.SZ,market_replay,301632.SZ,UNKNOWN,[]
market_replay-301658.SZ,market_replay,301658.SZ,UNKNOWN,[]
market_replay-301662.SZ,market_replay,301662.SZ,UNKNOWN,[]
market_replay-301665.SZ,market_replay,301665.SZ,UNKNOWN,[]
market_replay-301678.SZ,market_replay,301678.SZ,UNKNOWN,[]
market_replay-302132.SZ,market_replay,302132.SZ,UNKNOWN,[]
market_replay-600000.SH,market_replay,600000.SH,UNKNOWN,[]
market_replay-600004.SH,market_replay,600004.SH,UNKNOWN,[]
market_replay-600005.SH,market_replay,600005.SH,UNKNOWN,[]
market_replay-600006.SH,market_replay,600006.SH,UNKNOWN,[]
market_replay-600007.SH,market_replay,600007.SH,UNKNOWN,[]
market_replay-600008.SH,market_replay,600008.SH,UNKNOWN,[]
market_replay-600009.SH,market_replay,600009.SH,UNKNOWN,[]
market_replay-600010.SH,market_replay,600010.SH,UNKNOWN,[]
market_replay-600011.SH,market_replay,600011.SH,UNKNOWN,[]
market_replay-600012.SH,market_replay,600012.SH,UNKNOWN,[]
market_replay-600015.SH,market_replay,600015.SH,UNKNOWN,[]
market_replay-600016.SH,market_replay,600016.SH,UNKNOWN,[]
market_replay-600017.SH,market_replay,600017.SH,UNKNOWN,[]
market_replay-600018.SH,market_replay,600018.SH,UNKNOWN,[]
market_replay-600019.SH,market_replay,600019.SH,UNKNOWN,[]
market_replay-600020.SH,market_replay,600020.SH,UNKNOWN,[]
market_replay-600021.SH,market_replay,600021.SH,UNKNOWN,[]
market_replay-600022.SH,market_replay,600022.SH,UNKNOWN,[]
market_replay-600023.SH,market_replay,600023.SH,UNKNOWN,[]
market_replay-600025.SH,market_replay,600025.SH,UNKNOWN,[]
market_replay-600026.SH,market_replay,600026.SH,UNKNOWN,[]
market_replay-600027.SH,market_replay,600027.SH,UNKNOWN,[]
market_replay-600028.SH,market_replay,600028.SH,UNKNOWN,[]
market_replay-600029.SH,market_replay,600029.SH,UNKNOWN,[]
market_replay-600030.SH,market_replay,600030.SH,UNKNOWN,[]
market_replay-600031.SH,market_replay,600031.SH,UNKNOWN,[]
market_replay-600032.SH,market_replay,600032.SH,UNKNOWN,[]
market_replay-600033.SH,market_replay,600033.SH,UNKNOWN,[]
market_replay-600035.SH,market_replay,600035.SH,UNKNOWN,[]
market_replay-600036.SH,market_replay,600036.SH,UNKNOWN,[]
market_replay-600037.SH,market_replay,600037.SH,UNKNOWN,[]
market_replay-600038.SH,market_replay,600038.SH,UNKNOWN,[]
market_replay-600039.SH,market_replay,600039.SH,UNKNOWN,[]
market_replay-600048.SH,market_replay,600048.SH,UNKNOWN,[]
market_replay-600050.SH,market_replay,600050.SH,UNKNOWN,[]
market_replay-600051.SH,market_replay,600051.SH,UNKNOWN,[]
market_replay-600052.SH,market_replay,600052.SH,UNKNOWN,[]
market_replay-600053.SH,market_replay,600053.SH,UNKNOWN,[]
market_replay-600054.SH,market_replay,600054.SH,UNKNOWN,[]
market_replay-600055.SH,market_replay,600055.SH,UNKNOWN,[]
market_replay-600056.SH,market_replay,600056.SH,UNKNOWN,[]
market_replay-600057.SH,market_replay,600057.SH,UNKNOWN,[]
market_replay-600058.SH,market_replay,600058.SH,UNKNOWN,[]
market_replay-600059.SH,market_replay,600059.SH,UNKNOWN,[]
market_replay-600060.SH,market_replay,600060.SH,UNKNOWN,[]
market_replay-600061.SH,market_replay,600061.SH,UNKNOWN,[]
market_replay-600062.SH,market_replay,600062.SH,UNKNOWN,[]
market_replay-600063.SH,market_replay,600063.SH,UNKNOWN,[]
market_replay-600064.SH,market_replay,600064.SH,UNKNOWN,[]
market_replay-600066.SH,market_replay,600066.SH,UNKNOWN,[]
market_replay-600067.SH,market_replay,600067.SH,UNKNOWN,[]
market_replay-600068.SH,market_replay,600068.SH,UNKNOWN,[]
market_replay-600069.SH,market_replay,600069.SH,UNKNOWN,[]
market_replay-600071.SH,market_replay,600071.SH,UNKNOWN,[]
market_replay-600072.SH,market_replay,600072.SH,UNKNOWN,[]
market_replay-600073.SH,market_replay,600073.SH,UNKNOWN,[]
market_replay-600074.SH,market_replay,600074.SH,UNKNOWN,[]
market_replay-600075.SH,market_replay,600075.SH,UNKNOWN,[]
market_replay-600076.SH,market_replay,600076.SH,UNKNOWN,[]
market_replay-600077.SH,market_replay,600077.SH,UNKNOWN,[]
market_replay-600078.SH,market_replay,600078.SH,UNKNOWN,[]
market_replay-600079.SH,market_replay,600079.SH,UNKNOWN,[]
market_replay-600080.SH,market_replay,600080.SH,UNKNOWN,[]
market_replay-600081.SH,market_replay,600081.SH,UNKNOWN,[]
market_replay-600082.SH,market_replay,600082.SH,UNKNOWN,[]
market_replay-600084.SH,market_replay,600084.SH,UNKNOWN,[]
market_replay-600085.SH,market_replay,600085.SH,UNKNOWN,[]
market_replay-600086.SH,market_replay,600086.SH,UNKNOWN,[]
market_replay-600088.SH,market_replay,600088.SH,UNKNOWN,[]
market_replay-600089.SH,market_replay,600089.SH,UNKNOWN,[]
market_replay-600090.SH,market_replay,600090.SH,UNKNOWN,[]
market_replay-600091.SH,market_replay,600091.SH,UNKNOWN,[]
market_replay-600093.SH,market_replay,600093.SH,UNKNOWN,[]
market_replay-600094.SH,market_replay,600094.SH,UNKNOWN,[]
market_replay-600095.SH,market_replay,600095.SH,UNKNOWN,[]
market_replay-600096.SH,market_replay,600096.SH,UNKNOWN,[]
market_replay-600097.SH,market_replay,600097.SH,UNKNOWN,[]
market_replay-600098.SH,market_replay,600098.SH,UNKNOWN,[]
market_replay-600100.SH,market_replay,600100.SH,UNKNOWN,[]
market_replay-600101.SH,market_replay,600101.SH,UNKNOWN,[]
market_replay-600103.SH,market_replay,600103.SH,UNKNOWN,[]
market_replay-600104.SH,market_replay,600104.SH,UNKNOWN,[]
market_replay-600105.SH,market_replay,600105.SH,UNKNOWN,[]
market_replay-600106.SH,market_replay,600106.SH,UNKNOWN,[]
market_replay-600107.SH,market_replay,600107.SH,UNKNOWN,[]
market_replay-600108.SH,market_replay,600108.SH,UNKNOWN,[]
market_replay-600109.SH,market_replay,600109.SH,UNKNOWN,[]
market_replay-600110.SH,market_replay,600110.SH,UNKNOWN,[]
market_replay-600111.SH,market_replay,600111.SH,UNKNOWN,[]
market_replay-600112.SH,market_replay,600112.SH,UNKNOWN,[]
market_replay-600113.SH,market_replay,600113.SH,UNKNOWN,[]
market_replay-600114.SH,market_replay,600114.SH,UNKNOWN,[]
market_replay-600115.SH,market_replay,600115.SH,UNKNOWN,[]
market_replay-600116.SH,market_replay,600116.SH,UNKNOWN,[]
market_replay-600117.SH,market_replay,600117.SH,UNKNOWN,[]
market_replay-600118.SH,market_replay,600118.SH,UNKNOWN,[]
market_replay-600119.SH,market_replay,600119.SH,UNKNOWN,[]
market_replay-600120.SH,market_replay,600120.SH,UNKNOWN,[]
market_replay-600121.SH,market_replay,600121.SH,UNKNOWN,[]
market_replay-600122.SH,market_replay,600122.SH,UNKNOWN,[]
market_replay-600123.SH,market_replay,600123.SH,UNKNOWN,[]
market_replay-600125.SH,market_replay,600125.SH,UNKNOWN,[]
market_replay-600126.SH,market_replay,600126.SH,UNKNOWN,[]
market_replay-600127.SH,market_replay,600127.SH,UNKNOWN,[]
market_replay-600128.SH,market_replay,600128.SH,UNKNOWN,[]
market_replay-600129.SH,market_replay,600129.SH,UNKNOWN,[]
market_replay-600130.SH,market_replay,600130.SH,UNKNOWN,[]
market_replay-600131.SH,market_replay,600131.SH,UNKNOWN,[]
market_replay-600132.SH,market_replay,600132.SH,UNKNOWN,[]
market_replay-600133.SH,market_replay,600133.SH,UNKNOWN,[]
market_replay-600135.SH,market_replay,600135.SH,UNKNOWN,[]
market_replay-600136.SH,market_replay,600136.SH,UNKNOWN,[]
market_replay-600138.SH,market_replay,600138.SH,UNKNOWN,[]
market_replay-600139.SH,market_replay,600139.SH,UNKNOWN,[]
market_replay-600141.SH,market_replay,600141.SH,UNKNOWN,[]
market_replay-600143.SH,market_replay,600143.SH,UNKNOWN,[]
market_replay-600146.SH,market_replay,600146.SH,UNKNOWN,[]
market_replay-600149.SH,market_replay,600149.SH,UNKNOWN,[]
market_replay-600150.SH,market_replay,600150.SH,UNKNOWN,[]
market_replay-600151.SH,market_replay,600151.SH,UNKNOWN,[]
market_replay-600152.SH,market_replay,600152.SH,UNKNOWN,[]
market_replay-600153.SH,market_replay,600153.SH,UNKNOWN,[]
market_replay-600155.SH,market_replay,600155.SH,UNKNOWN,[]
market_replay-600156.SH,market_replay,600156.SH,UNKNOWN,[]
market_replay-600157.SH,market_replay,600157.SH,UNKNOWN,[]
market_replay-600158.SH,market_replay,600158.SH,UNKNOWN,[]
market_replay-600159.SH,market_replay,600159.SH,UNKNOWN,[]
market_replay-600160.SH,market_replay,600160.SH,UNKNOWN,[]
market_replay-600161.SH,market_replay,600161.SH,UNKNOWN,[]
market_replay-600162.SH,market_replay,600162.SH,UNKNOWN,[]
market_replay-600163.SH,market_replay,600163.SH,UNKNOWN,[]
market_replay-600165.SH,market_replay,600165.SH,UNKNOWN,[]
market_replay-600166.SH,market_replay,600166.SH,UNKNOWN,[]
market_replay-600167.SH,market_replay,600167.SH,UNKNOWN,[]
market_replay-600168.SH,market_replay,600168.SH,UNKNOWN,[]
market_replay-600169.SH,market_replay,600169.SH,UNKNOWN,[]
market_replay-600170.SH,market_replay,600170.SH,UNKNOWN,[]
market_replay-600171.SH,market_replay,600171.SH,UNKNOWN,[]
market_replay-600172.SH,market_replay,600172.SH,UNKNOWN,[]
market_replay-600173.SH,market_replay,600173.SH,UNKNOWN,[]
market_replay-600175.SH,market_replay,600175.SH,UNKNOWN,[]
market_replay-600176.SH,market_replay,600176.SH,UNKNOWN,[]
market_replay-600177.SH,market_replay,600177.SH,UNKNOWN,[]
market_replay-600178.SH,market_replay,600178.SH,UNKNOWN,[]
market_replay-600179.SH,market_replay,600179.SH,UNKNOWN,[]
market_replay-600180.SH,market_replay,600180.SH,UNKNOWN,[]
market_replay-600182.SH,market_replay,600182.SH,UNKNOWN,[]
market_replay-600183.SH,market_replay,600183.SH,UNKNOWN,[]
market_replay-600184.SH,market_replay,600184.SH,UNKNOWN,[]
market_replay-600185.SH,market_replay,600185.SH,UNKNOWN,[]
market_replay-600186.SH,market_replay,600186.SH,UNKNOWN,[]
market_replay-600187.SH,market_replay,600187.SH,UNKNOWN,[]
market_replay-600188.SH,market_replay,600188.SH,UNKNOWN,[]
market_replay-600189.SH,market_replay,600189.SH,UNKNOWN,[]
market_replay-600190.SH,market_replay,600190.SH,UNKNOWN,[]
market_replay-600191.SH,market_replay,600191.SH,UNKNOWN,[]
market_replay-600192.SH,market_replay,600192.SH,UNKNOWN,[]
market_replay-600193.SH,market_replay,600193.SH,UNKNOWN,[]
market_replay-600195.SH,market_replay,600195.SH,UNKNOWN,[]
market_replay-600196.SH,market_replay,600196.SH,UNKNOWN,[]
market_replay-600197.SH,market_replay,600197.SH,UNKNOWN,[]
market_replay-600198.SH,market_replay,600198.SH,UNKNOWN,[]
market_replay-600199.SH,market_replay,600199.SH,UNKNOWN,[]
market_replay-600200.SH,market_replay,600200.SH,UNKNOWN,[]
market_replay-600201.SH,market_replay,600201.SH,UNKNOWN,[]
market_replay-600202.SH,market_replay,600202.SH,UNKNOWN,[]
market_replay-600203.SH,market_replay,600203.SH,UNKNOWN,[]
market_replay-600206.SH,market_replay,600206.SH,UNKNOWN,[]
market_replay-600207.SH,market_replay,600207.SH,UNKNOWN,[]
market_replay-600208.SH,market_replay,600208.SH,UNKNOWN,[]
market_replay-600209.SH,market_replay,600209.SH,UNKNOWN,[]
market_replay-600210.SH,market_replay,600210.SH,UNKNOWN,[]
market_replay-600211.SH,market_replay,600211.SH,UNKNOWN,[]
market_replay-600212.SH,market_replay,600212.SH,UNKNOWN,[]
market_replay-600215.SH,market_replay,600215.SH,UNKNOWN,[]
market_replay-600216.SH,market_replay,600216.SH,UNKNOWN,[]
market_replay-600217.SH,market_replay,600217.SH,UNKNOWN,[]
market_replay-600218.SH,market_replay,600218.SH,UNKNOWN,[]
market_replay-600219.SH,market_replay,600219.SH,UNKNOWN,[]
market_replay-600220.SH,market_replay,600220.SH,UNKNOWN,[]
market_replay-600221.SH,market_replay,600221.SH,UNKNOWN,[]
market_replay-600222.SH,market_replay,600222.SH,UNKNOWN,[]
market_replay-600223.SH,market_replay,600223.SH,UNKNOWN,[]
market_replay-600225.SH,market_replay,600225.SH,UNKNOWN,[]
market_replay-600226.SH,market_replay,600226.SH,UNKNOWN,[]
market_replay-600227.SH,market_replay,600227.SH,UNKNOWN,[]
market_replay-600228.SH,market_replay,600228.SH,UNKNOWN,[]
market_replay-600229.SH,market_replay,600229.SH,UNKNOWN,[]
market_replay-600230.SH,market_replay,600230.SH,UNKNOWN,[]
market_replay-600231.SH,market_replay,600231.SH,UNKNOWN,[]
market_replay-600232.SH,market_replay,600232.SH,UNKNOWN,[]
market_replay-600233.SH,market_replay,600233.SH,UNKNOWN,[]
market_replay-600235.SH,market_replay,600235.SH,UNKNOWN,[]
market_replay-600236.SH,market_replay,600236.SH,UNKNOWN,[]
market_replay-600237.SH,market_replay,600237.SH,UNKNOWN,[]
market_replay-600238.SH,market_replay,600238.SH,UNKNOWN,[]
market_replay-600239.SH,market_replay,600239.SH,UNKNOWN,[]
market_replay-600240.SH,market_replay,600240.SH,UNKNOWN,[]
market_replay-600242.SH,market_replay,600242.SH,UNKNOWN,[]
market_replay-600246.SH,market_replay,600246.SH,UNKNOWN,[]
market_replay-600247.SH,market_replay,600247.SH,UNKNOWN,[]
market_replay-600248.SH,market_replay,600248.SH,UNKNOWN,[]
market_replay-600249.SH,market_replay,600249.SH,UNKNOWN,[]
market_replay-600251.SH,market_replay,600251.SH,UNKNOWN,[]
market_replay-600252.SH,market_replay,600252.SH,UNKNOWN,[]
market_replay-600255.SH,market_replay,600255.SH,UNKNOWN,[]
market_replay-600256.SH,market_replay,600256.SH,UNKNOWN,[]
market_replay-600257.SH,market_replay,600257.SH,UNKNOWN,[]
market_replay-600258.SH,market_replay,600258.SH,UNKNOWN,[]
market_replay-600259.SH,market_replay,600259.SH,UNKNOWN,[]
market_replay-600260.SH,market_replay,600260.SH,UNKNOWN,[]
market_replay-600261.SH,market_replay,600261.SH,UNKNOWN,[]
market_replay-600262.SH,market_replay,600262.SH,UNKNOWN,[]
market_replay-600266.SH,market_replay,600266.SH,UNKNOWN,[]
market_replay-600267.SH,market_replay,600267.SH,UNKNOWN,[]
market_replay-600268.SH,market_replay,600268.SH,UNKNOWN,[]
market_replay-600269.SH,market_replay,600269.SH,UNKNOWN,[]
market_replay-600270.SH,market_replay,600270.SH,UNKNOWN,[]
market_replay-600271.SH,market_replay,600271.SH,UNKNOWN,[]
market_replay-600273.SH,market_replay,600273.SH,UNKNOWN,[]
market_replay-600275.SH,market_replay,600275.SH,UNKNOWN,[]
market_replay-600276.SH,market_replay,600276.SH,UNKNOWN,[]
market_replay-600277.SH,market_replay,600277.SH,UNKNOWN,[]
market_replay-600278.SH,market_replay,600278.SH,UNKNOWN,[]
market_replay-600279.SH,market_replay,600279.SH,UNKNOWN,[]
market_replay-600280.SH,market_replay,600280.SH,UNKNOWN,[]
market_replay-600281.SH,market_replay,600281.SH,UNKNOWN,[]
market_replay-600282.SH,market_replay,600282.SH,UNKNOWN,[]
market_replay-600283.SH,market_replay,600283.SH,UNKNOWN,[]
market_replay-600284.SH,market_replay,600284.SH,UNKNOWN,[]
market_replay-600285.SH,market_replay,600285.SH,UNKNOWN,[]
market_replay-600287.SH,market_replay,600287.SH,UNKNOWN,[]
market_replay-600288.SH,market_replay,600288.SH,UNKNOWN,[]
market_replay-600289.SH,market_replay,600289.SH,UNKNOWN,[]
market_replay-600290.SH,market_replay,600290.SH,UNKNOWN,[]
market_replay-600291.SH,market_replay,600291.SH,UNKNOWN,[]
market_replay-600292.SH,market_replay,600292.SH,UNKNOWN,[]
market_replay-600293.SH,market_replay,600293.SH,UNKNOWN,[]
market_replay-600295.SH,market_replay,600295.SH,UNKNOWN,[]
market_replay-600297.SH,market_replay,600297.SH,UNKNOWN,[]
market_replay-600298.SH,market_replay,600298.SH,UNKNOWN,[]
market_replay-600299.SH,market_replay,600299.SH,UNKNOWN,[]
market_replay-600300.SH,market_replay,600300.SH,UNKNOWN,[]
market_replay-600301.SH,market_replay,600301.SH,UNKNOWN,[]
market_replay-600302.SH,market_replay,600302.SH,UNKNOWN,[]
market_replay-600303.SH,market_replay,600303.SH,UNKNOWN,[]
market_replay-600305.SH,market_replay,600305.SH,UNKNOWN,[]
market_replay-600306.SH,market_replay,600306.SH,UNKNOWN,[]
market_replay-600307.SH,market_replay,600307.SH,UNKNOWN,[]
market_replay-600308.SH,market_replay,600308.SH,UNKNOWN,[]
market_replay-600309.SH,market_replay,600309.SH,UNKNOWN,[]
market_replay-600310.SH,market_replay,600310.SH,UNKNOWN,[]
market_replay-600311.SH,market_replay,600311.SH,UNKNOWN,[]
market_replay-600312.SH,market_replay,600312.SH,UNKNOWN,[]
market_replay-600313.SH,market_replay,600313.SH,UNKNOWN,[]
market_replay-600315.SH,market_replay,600315.SH,UNKNOWN,[]
market_replay-600316.SH,market_replay,600316.SH,UNKNOWN,[]
market_replay-600317.SH,market_replay,600317.SH,UNKNOWN,[]
market_replay-600318.SH,market_replay,600318.SH,UNKNOWN,[]
market_replay-600319.SH,market_replay,600319.SH,UNKNOWN,[]
market_replay-600320.SH,market_replay,600320.SH,UNKNOWN,[]
market_replay-600321.SH,market_replay,600321.SH,UNKNOWN,[]
market_replay-600322.SH,market_replay,600322.SH,UNKNOWN,[]
market_replay-600323.SH,market_replay,600323.SH,UNKNOWN,[]
market_replay-600325.SH,market_replay,600325.SH,UNKNOWN,[]
market_replay-600326.SH,market_replay,600326.SH,UNKNOWN,[]
market_replay-600327.SH,market_replay,600327.SH,UNKNOWN,[]
market_replay-600328.SH,market_replay,600328.SH,UNKNOWN,[]
market_replay-600329.SH,market_replay,600329.SH,UNKNOWN,[]
market_replay-600330.SH,market_replay,600330.SH,UNKNOWN,[]
market_replay-600331.SH,market_replay,600331.SH,UNKNOWN,[]
market_replay-600332.SH,market_replay,600332.SH,UNKNOWN,[]
market_replay-600333.SH,market_replay,600333.SH,UNKNOWN,[]
market_replay-600335.SH,market_replay,600335.SH,UNKNOWN,[]
market_replay-600336.SH,market_replay,600336.SH,UNKNOWN,[]
market_replay-600337.SH,market_replay,600337.SH,UNKNOWN,[]
market_replay-600338.SH,market_replay,600338.SH,UNKNOWN,[]
market_replay-600339.SH,market_replay,600339.SH,UNKNOWN,[]
market_replay-600340.SH,market_replay,600340.SH,UNKNOWN,[]
market_replay-600343.SH,market_replay,600343.SH,UNKNOWN,[]
market_replay-600345.SH,market_replay,600345.SH,UNKNOWN,[]
market_replay-600346.SH,market_replay,600346.SH,UNKNOWN,[]
market_replay-600348.SH,market_replay,600348.SH,UNKNOWN,[]
market_replay-600350.SH,market_replay,600350.SH,UNKNOWN,[]
market_replay-600351.SH,market_replay,600351.SH,UNKNOWN,[]
market_replay-600352.SH,market_replay,600352.SH,UNKNOWN,[]
market_replay-600353.SH,market_replay,600353.SH,UNKNOWN,[]
market_replay-600354.SH,market_replay,600354.SH,UNKNOWN,[]
market_replay-600356.SH,market_replay,600356.SH,UNKNOWN,[]
market_replay-600358.SH,market_replay,600358.SH,UNKNOWN,[]
market_replay-600359.SH,market_replay,600359.SH,UNKNOWN,[]
market_replay-600360.SH,market_replay,600360.SH,UNKNOWN,[]
market_replay-600361.SH,market_replay,600361.SH,UNKNOWN,[]
market_replay-600362.SH,market_replay,600362.SH,UNKNOWN,[]
market_replay-600363.SH,market_replay,600363.SH,UNKNOWN,[]
market_replay-600365.SH,market_replay,600365.SH,UNKNOWN,[]
market_replay-600366.SH,market_replay,600366.SH,UNKNOWN,[]
market_replay-600367.SH,market_replay,600367.SH,UNKNOWN,[]
market_replay-600368.SH,market_replay,600368.SH,UNKNOWN,[]
market_replay-600369.SH,market_replay,600369.SH,UNKNOWN,[]
market_replay-600370.SH,market_replay,600370.SH,UNKNOWN,[]
market_replay-600371.SH,market_replay,600371.SH,UNKNOWN,[]
market_replay-600372.SH,market_replay,600372.SH,UNKNOWN,[]
market_replay-600373.SH,market_replay,600373.SH,UNKNOWN,[]
market_replay-600375.SH,market_replay,600375.SH,UNKNOWN,[]
market_replay-600376.SH,market_replay,600376.SH,UNKNOWN,[]
market_replay-600377.SH,market_replay,600377.SH,UNKNOWN,[]
market_replay-600378.SH,market_replay,600378.SH,UNKNOWN,[]
market_replay-600380.SH,market_replay,600380.SH,UNKNOWN,[]
market_replay-600381.SH,market_replay,600381.SH,UNKNOWN,[]
market_replay-600382.SH,market_replay,600382.SH,UNKNOWN,[]
market_replay-600383.SH,market_replay,600383.SH,UNKNOWN,[]
market_replay-600386.SH,market_replay,600386.SH,UNKNOWN,[]
market_replay-600387.SH,market_replay,600387.SH,UNKNOWN,[]
market_replay-600388.SH,market_replay,600388.SH,UNKNOWN,[]
market_replay-600389.SH,market_replay,600389.SH,UNKNOWN,[]
market_replay-600390.SH,market_replay,600390.SH,UNKNOWN,[]
market_replay-600391.SH,market_replay,600391.SH,UNKNOWN,[]
market_replay-600392.SH,market_replay,600392.SH,UNKNOWN,[]
market_replay-600393.SH,market_replay,600393.SH,UNKNOWN,[]
market_replay-600395.SH,market_replay,600395.SH,UNKNOWN,[]
market_replay-600396.SH,market_replay,600396.SH,UNKNOWN,[]
market_replay-600397.SH,market_replay,600397.SH,UNKNOWN,[]
market_replay-600398.SH,market_replay,600398.SH,UNKNOWN,[]
market_replay-600399.SH,market_replay,600399.SH,UNKNOWN,[]
market_replay-600400.SH,market_replay,600400.SH,UNKNOWN,[]
market_replay-600401.SH,market_replay,600401.SH,UNKNOWN,[]
market_replay-600403.SH,market_replay,600403.SH,UNKNOWN,[]
market_replay-600405.SH,market_replay,600405.SH,UNKNOWN,[]
market_replay-600406.SH,market_replay,600406.SH,UNKNOWN,[]
market_replay-600408.SH,market_replay,600408.SH,UNKNOWN,[]
market_replay-600409.SH,market_replay,600409.SH,UNKNOWN,[]
market_replay-600410.SH,market_replay,600410.SH,UNKNOWN,[]
market_replay-600415.SH,market_replay,600415.SH,UNKNOWN,[]
market_replay-600416.SH,market_replay,600416.SH,UNKNOWN,[]
market_replay-600418.SH,market_replay,600418.SH,UNKNOWN,[]
market_replay-600420.SH,market_replay,600420.SH,UNKNOWN,[]
market_replay-600422.SH,market_replay,600422.SH,UNKNOWN,[]
market_replay-600423.SH,market_replay,600423.SH,UNKNOWN,[]
market_replay-600425.SH,market_replay,600425.SH,UNKNOWN,[]
market_replay-600426.SH,market_replay,600426.SH,UNKNOWN,[]
market_replay-600428.SH,market_replay,600428.SH,UNKNOWN,[]
market_replay-600429.SH,market_replay,600429.SH,UNKNOWN,[]
market_replay-600432.SH,market_replay,600432.SH,UNKNOWN,[]
market_replay-600433.SH,market_replay,600433.SH,UNKNOWN,[]
market_replay-600435.SH,market_replay,600435.SH,UNKNOWN,[]
market_replay-600436.SH,market_replay,600436.SH,UNKNOWN,[]
market_replay-600438.SH,market_replay,600438.SH,UNKNOWN,[]
market_replay-600439.SH,market_replay,600439.SH,UNKNOWN,[]
market_replay-600446.SH,market_replay,600446.SH,UNKNOWN,[]
market_replay-600449.SH,market_replay,600449.SH,UNKNOWN,[]
market_replay-600452.SH,market_replay,600452.SH,UNKNOWN,[]
market_replay-600456.SH,market_replay,600456.SH,UNKNOWN,[]
market_replay-600458.SH,market_replay,600458.SH,UNKNOWN,[]
market_replay-600459.SH,market_replay,600459.SH,UNKNOWN,[]
market_replay-600460.SH,market_replay,600460.SH,UNKNOWN,[]
market_replay-600461.SH,market_replay,600461.SH,UNKNOWN,[]
market_replay-600463.SH,market_replay,600463.SH,UNKNOWN,[]
market_replay-600466.SH,market_replay,600466.SH,UNKNOWN,[]
market_replay-600467.SH,market_replay,600467.SH,UNKNOWN,[]
market_replay-600468.SH,market_replay,600468.SH,UNKNOWN,[]
market_replay-600469.SH,market_replay,600469.SH,UNKNOWN,[]
market_replay-600470.SH,market_replay,600470.SH,UNKNOWN,[]
market_replay-600475.SH,market_replay,600475.SH,UNKNOWN,[]
market_replay-600477.SH,market_replay,600477.SH,UNKNOWN,[]
market_replay-600478.SH,market_replay,600478.SH,UNKNOWN,[]
market_replay-600479.SH,market_replay,600479.SH,UNKNOWN,[]
market_replay-600480.SH,market_replay,600480.SH,UNKNOWN,[]
market_replay-600481.SH,market_replay,600481.SH,UNKNOWN,[]
market_replay-600482.SH,market_replay,600482.SH,UNKNOWN,[]
market_replay-600483.SH,market_replay,600483.SH,UNKNOWN,[]
market_replay-600485.SH,market_replay,600485.SH,UNKNOWN,[]
market_replay-600486.SH,market_replay,600486.SH,UNKNOWN,[]
market_replay-600487.SH,market_replay,600487.SH,UNKNOWN,[]
market_replay-600488.SH,market_replay,600488.SH,UNKNOWN,[]
market_replay-600489.SH,market_replay,600489.SH,UNKNOWN,[]
market_replay-600490.SH,market_replay,600490.SH,UNKNOWN,[]
market_replay-600491.SH,market_replay,600491.SH,UNKNOWN,[]
market_replay-600495.SH,market_replay,600495.SH,UNKNOWN,[]
market_replay-600496.SH,market_replay,600496.SH,UNKNOWN,[]
market_replay-600497.SH,market_replay,600497.SH,UNKNOWN,[]
market_replay-600498.SH,market_replay,600498.SH,UNKNOWN,[]
market_replay-600499.SH,market_replay,600499.SH,UNKNOWN,[]
market_replay-600500.SH,market_replay,600500.SH,UNKNOWN,[]
market_replay-600501.SH,market_replay,600501.SH,UNKNOWN,[]
market_replay-600502.SH,market_replay,600502.SH,UNKNOWN,[]
market_replay-600503.SH,market_replay,600503.SH,UNKNOWN,[]
market_replay-600507.SH,market_replay,600507.SH,UNKNOWN,[]
market_replay-600508.SH,market_replay,600508.SH,UNKNOWN,[]
market_replay-600509.SH,market_replay,600509.SH,UNKNOWN,[]
market_replay-600510.SH,market_replay,600510.SH,UNKNOWN,[]
market_replay-600511.SH,market_replay,600511.SH,UNKNOWN,[]
market_replay-600512.SH,market_replay,600512.SH,UNKNOWN,[]
market_replay-600515.SH,market_replay,600515.SH,UNKNOWN,[]
market_replay-600516.SH,market_replay,600516.SH,UNKNOWN,[]
market_replay-600517.SH,market_replay,600517.SH,UNKNOWN,[]
market_replay-600518.SH,market_replay,600518.SH,UNKNOWN,[]
market_replay-600519.SH,market_replay,600519.SH,UNKNOWN,[]
market_replay-600521.SH,market_replay,600521.SH,UNKNOWN,[]
market_replay-600522.SH,market_replay,600522.SH,UNKNOWN,[]
market_replay-600523.SH,market_replay,600523.SH,UNKNOWN,[]
market_replay-600525.SH,market_replay,600525.SH,UNKNOWN,[]
market_replay-600526.SH,market_replay,600526.SH,UNKNOWN,[]
market_replay-600527.SH,market_replay,600527.SH,UNKNOWN,[]
market_replay-600528.SH,market_replay,600528.SH,UNKNOWN,[]
market_replay-600529.SH,market_replay,600529.SH,UNKNOWN,[]
market_replay-600530.SH,market_replay,600530.SH,UNKNOWN,[]
market_replay-600531.SH,market_replay,600531.SH,UNKNOWN,[]
market_replay-600533.SH,market_replay,600533.SH,UNKNOWN,[]
market_replay-600535.SH,market_replay,600535.SH,UNKNOWN,[]
market_replay-600536.SH,market_replay,600536.SH,UNKNOWN,[]
market_replay-600537.SH,market_replay,600537.SH,UNKNOWN,[]
market_replay-600540.SH,market_replay,600540.SH,UNKNOWN,[]
market_replay-600543.SH,market_replay,600543.SH,UNKNOWN,[]
market_replay-600545.SH,market_replay,600545.SH,UNKNOWN,[]
market_replay-600546.SH,market_replay,600546.SH,UNKNOWN,[]
market_replay-600547.SH,market_replay,600547.SH,UNKNOWN,[]
market_replay-600548.SH,market_replay,600548.SH,UNKNOWN,[]
market_replay-600549.SH,market_replay,600549.SH,UNKNOWN,[]
market_replay-600550.SH,market_replay,600550.SH,UNKNOWN,[]
market_replay-600551.SH,market_replay,600551.SH,UNKNOWN,[]
market_replay-600552.SH,market_replay,600552.SH,UNKNOWN,[]
market_replay-600555.SH,market_replay,600555.SH,UNKNOWN,[]
market_replay-600556.SH,market_replay,600556.SH,UNKNOWN,[]
market_replay-600557.SH,market_replay,600557.SH,UNKNOWN,[]
market_replay-600559.SH,market_replay,600559.SH,UNKNOWN,[]
market_replay-600560.SH,market_replay,600560.SH,UNKNOWN,[]
market_replay-600561.SH,market_replay,600561.SH,UNKNOWN,[]
market_replay-600562.SH,market_replay,600562.SH,UNKNOWN,[]
market_replay-600563.SH,market_replay,600563.SH,UNKNOWN,[]
market_replay-600565.SH,market_replay,600565.SH,UNKNOWN,[]
market_replay-600566.SH,market_replay,600566.SH,UNKNOWN,[]
market_replay-600567.SH,market_replay,600567.SH,UNKNOWN,[]
market_replay-600568.SH,market_replay,600568.SH,UNKNOWN,[]
market_replay-600569.SH,market_replay,600569.SH,UNKNOWN,[]
market_replay-600570.SH,market_replay,600570.SH,UNKNOWN,[]
market_replay-600571.SH,market_replay,600571.SH,UNKNOWN,[]
market_replay-600572.SH,market_replay,600572.SH,UNKNOWN,[]
market_replay-600573.SH,market_replay,600573.SH,UNKNOWN,[]
market_replay-600575.SH,market_replay,600575.SH,UNKNOWN,[]
market_replay-600577.SH,market_replay,600577.SH,UNKNOWN,[]
market_replay-600578.SH,market_replay,600578.SH,UNKNOWN,[]
market_replay-600580.SH,market_replay,600580.SH,UNKNOWN,[]
market_replay-600581.SH,market_replay,600581.SH,UNKNOWN,[]
market_replay-600582.SH,market_replay,600582.SH,UNKNOWN,[]
market_replay-600583.SH,market_replay,600583.SH,UNKNOWN,[]
market_replay-600584.SH,market_replay,600584.SH,UNKNOWN,[]
market_replay-600585.SH,market_replay,600585.SH,UNKNOWN,[]
market_replay-600586.SH,market_replay,600586.SH,UNKNOWN,[]
market_replay-600587.SH,market_replay,600587.SH,UNKNOWN,[]
market_replay-600588.SH,market_replay,600588.SH,UNKNOWN,[]
market_replay-600589.SH,market_replay,600589.SH,UNKNOWN,[]
market_replay-600590.SH,market_replay,600590.SH,UNKNOWN,[]
market_replay-600592.SH,market_replay,600592.SH,UNKNOWN,[]
market_replay-600594.SH,market_replay,600594.SH,UNKNOWN,[]
market_replay-600595.SH,market_replay,600595.SH,UNKNOWN,[]
market_replay-600596.SH,market_replay,600596.SH,UNKNOWN,[]
market_replay-600597.SH,market_replay,600597.SH,UNKNOWN,[]
market_replay-600598.SH,market_replay,600598.SH,UNKNOWN,[]
market_replay-600600.SH,market_replay,600600.SH,UNKNOWN,[]
market_replay-600601.SH,market_replay,600601.SH,UNKNOWN,[]
market_replay-600602.SH,market_replay,600602.SH,UNKNOWN,[]
market_replay-600603.SH,market_replay,600603.SH,UNKNOWN,[]
market_replay-600604.SH,market_replay,600604.SH,UNKNOWN,[]
market_replay-600605.SH,market_replay,600605.SH,UNKNOWN,[]
market_replay-600606.SH,market_replay,600606.SH,UNKNOWN,[]
market_replay-600608.SH,market_replay,600608.SH,UNKNOWN,[]
market_replay-600609.SH,market_replay,600609.SH,UNKNOWN,[]
market_replay-600610.SH,market_replay,600610.SH,UNKNOWN,[]
market_replay-600611.SH,market_replay,600611.SH,UNKNOWN,[]
market_replay-600612.SH,market_replay,600612.SH,UNKNOWN,[]
market_replay-600613.SH,market_replay,600613.SH,UNKNOWN,[]
market_replay-600614.SH,market_replay,600614.SH,UNKNOWN,[]
market_replay-600615.SH,market_replay,600615.SH,UNKNOWN,[]
market_replay-600616.SH,market_replay,600616.SH,UNKNOWN,[]
market_replay-600617.SH,market_replay,600617.SH,UNKNOWN,[]
market_replay-600618.SH,market_replay,600618.SH,UNKNOWN,[]
market_replay-600619.SH,market_replay,600619.SH,UNKNOWN,[]
market_replay-600620.SH,market_replay,600620.SH,UNKNOWN,[]
market_replay-600621.SH,market_replay,600621.SH,UNKNOWN,[]
market_replay-600622.SH,market_replay,600622.SH,UNKNOWN,[]
market_replay-600623.SH,market_replay,600623.SH,UNKNOWN,[]
market_replay-600624.SH,market_replay,600624.SH,UNKNOWN,[]
market_replay-600626.SH,market_replay,600626.SH,UNKNOWN,[]
market_replay-600628.SH,market_replay,600628.SH,UNKNOWN,[]
market_replay-600629.SH,market_replay,600629.SH,UNKNOWN,[]
market_replay-600630.SH,market_replay,600630.SH,UNKNOWN,[]
market_replay-600633.SH,market_replay,600633.SH,UNKNOWN,[]
market_replay-600634.SH,market_replay,600634.SH,UNKNOWN,[]
market_replay-600635.SH,market_replay,600635.SH,UNKNOWN,[]
market_replay-600636.SH,market_replay,600636.SH,UNKNOWN,[]
market_replay-600637.SH,market_replay,600637.SH,UNKNOWN,[]
market_replay-600638.SH,market_replay,600638.SH,UNKNOWN,[]
market_replay-600639.SH,market_replay,600639.SH,UNKNOWN,[]
market_replay-600640.SH,market_replay,600640.SH,UNKNOWN,[]
market_replay-600641.SH,market_replay,600641.SH,UNKNOWN,[]
market_replay-600642.SH,market_replay,600642.SH,UNKNOWN,[]
market_replay-600643.SH,market_replay,600643.SH,UNKNOWN,[]
market_replay-600644.SH,market_replay,600644.SH,UNKNOWN,[]
market_replay-600645.SH,market_replay,600645.SH,UNKNOWN,[]
market_replay-600648.SH,market_replay,600648.SH,UNKNOWN,[]
market_replay-600649.SH,market_replay,600649.SH,UNKNOWN,[]
market_replay-600650.SH,market_replay,600650.SH,UNKNOWN,[]
market_replay-600651.SH,market_replay,600651.SH,UNKNOWN,[]
market_replay-600652.SH,market_replay,600652.SH,UNKNOWN,[]
market_replay-600653.SH,market_replay,600653.SH,UNKNOWN,[]
market_replay-600654.SH,market_replay,600654.SH,UNKNOWN,[]
market_replay-600655.SH,market_replay,600655.SH,UNKNOWN,[]
market_replay-600657.SH,market_replay,600657.SH,UNKNOWN,[]
market_replay-600658.SH,market_replay,600658.SH,UNKNOWN,[]
market_replay-600660.SH,market_replay,600660.SH,UNKNOWN,[]
market_replay-600661.SH,market_replay,600661.SH,UNKNOWN,[]
market_replay-600662.SH,market_replay,600662.SH,UNKNOWN,[]
market_replay-600663.SH,market_replay,600663.SH,UNKNOWN,[]
market_replay-600664.SH,market_replay,600664.SH,UNKNOWN,[]
market_replay-600665.SH,market_replay,600665.SH,UNKNOWN,[]
market_replay-600666.SH,market_replay,600666.SH,UNKNOWN,[]
market_replay-600667.SH,market_replay,600667.SH,UNKNOWN,[]
market_replay-600668.SH,market_replay,600668.SH,UNKNOWN,[]
market_replay-600673.SH,market_replay,600673.SH,UNKNOWN,[]
market_replay-600674.SH,market_replay,600674.SH,UNKNOWN,[]
market_replay-600675.SH,market_replay,600675.SH,UNKNOWN,[]
market_replay-600676.SH,market_replay,600676.SH,UNKNOWN,[]
market_replay-600677.SH,market_replay,600677.SH,UNKNOWN,[]
market_replay-600678.SH,market_replay,600678.SH,UNKNOWN,[]
market_replay-600679.SH,market_replay,600679.SH,UNKNOWN,[]
market_replay-600680.SH,market_replay,600680.SH,UNKNOWN,[]
market_replay-600681.SH,market_replay,600681.SH,UNKNOWN,[]
market_replay-600682.SH,market_replay,600682.SH,UNKNOWN,[]
market_replay-600683.SH,market_replay,600683.SH,UNKNOWN,[]
market_replay-600684.SH,market_replay,600684.SH,UNKNOWN,[]
market_replay-600685.SH,market_replay,600685.SH,UNKNOWN,[]
market_replay-600686.SH,market_replay,600686.SH,UNKNOWN,[]
market_replay-600687.SH,market_replay,600687.SH,UNKNOWN,[]
market_replay-600688.SH,market_replay,600688.SH,UNKNOWN,[]
market_replay-600690.SH,market_replay,600690.SH,UNKNOWN,[]
market_replay-600691.SH,market_replay,600691.SH,UNKNOWN,[]
market_replay-600692.SH,market_replay,600692.SH,UNKNOWN,[]
market_replay-600693.SH,market_replay,600693.SH,UNKNOWN,[]
market_replay-600694.SH,market_replay,600694.SH,UNKNOWN,[]
market_replay-600695.SH,market_replay,600695.SH,UNKNOWN,[]
market_replay-600696.SH,market_replay,600696.SH,UNKNOWN,[]
market_replay-600697.SH,market_replay,600697.SH,UNKNOWN,[]
market_replay-600698.SH,market_replay,600698.SH,UNKNOWN,[]
market_replay-600699.SH,market_replay,600699.SH,UNKNOWN,[]
market_replay-600701.SH,market_replay,600701.SH,UNKNOWN,[]
market_replay-600702.SH,market_replay,600702.SH,UNKNOWN,[]
market_replay-600703.SH,market_replay,600703.SH,UNKNOWN,[]
market_replay-600704.SH,market_replay,600704.SH,UNKNOWN,[]
market_replay-600705.SH,market_replay,600705.SH,UNKNOWN,[]
market_replay-600706.SH,market_replay,600706.SH,UNKNOWN,[]
market_replay-600707.SH,market_replay,600707.SH,UNKNOWN,[]
market_replay-600708.SH,market_replay,600708.SH,UNKNOWN,[]
market_replay-600710.SH,market_replay,600710.SH,UNKNOWN,[]
market_replay-600711.SH,market_replay,600711.SH,UNKNOWN,[]
market_replay-600713.SH,market_replay,600713.SH,UNKNOWN,[]
market_replay-600714.SH,market_replay,600714.SH,UNKNOWN,[]
market_replay-600715.SH,market_replay,600715.SH,UNKNOWN,[]
market_replay-600716.SH,market_replay,600716.SH,UNKNOWN,[]
market_replay-600717.SH,market_replay,600717.SH,UNKNOWN,[]
market_replay-600718.SH,market_replay,600718.SH,UNKNOWN,[]
market_replay-600720.SH,market_replay,600720.SH,UNKNOWN,[]
market_replay-600722.SH,market_replay,600722.SH,UNKNOWN,[]
market_replay-600723.SH,market_replay,600723.SH,UNKNOWN,[]
market_replay-600724.SH,market_replay,600724.SH,UNKNOWN,[]
market_replay-600725.SH,market_replay,600725.SH,UNKNOWN,[]
market_replay-600726.SH,market_replay,600726.SH,UNKNOWN,[]
market_replay-600727.SH,market_replay,600727.SH,UNKNOWN,[]
market_replay-600728.SH,market_replay,600728.SH,UNKNOWN,[]
market_replay-600729.SH,market_replay,600729.SH,UNKNOWN,[]
market_replay-600730.SH,market_replay,600730.SH,UNKNOWN,[]
market_replay-600732.SH,market_replay,600732.SH,UNKNOWN,[]
market_replay-600733.SH,market_replay,600733.SH,UNKNOWN,[]
market_replay-600734.SH,market_replay,600734.SH,UNKNOWN,[]
market_replay-600735.SH,market_replay,600735.SH,UNKNOWN,[]
market_replay-600736.SH,market_replay,600736.SH,UNKNOWN,[]
market_replay-600737.SH,market_replay,600737.SH,UNKNOWN,[]
market_replay-600738.SH,market_replay,600738.SH,UNKNOWN,[]
market_replay-600739.SH,market_replay,600739.SH,UNKNOWN,[]
market_replay-600740.SH,market_replay,600740.SH,UNKNOWN,[]
market_replay-600741.SH,market_replay,600741.SH,UNKNOWN,[]
market_replay-600742.SH,market_replay,600742.SH,UNKNOWN,[]
market_replay-600743.SH,market_replay,600743.SH,UNKNOWN,[]
market_replay-600744.SH,market_replay,600744.SH,UNKNOWN,[]
market_replay-600745.SH,market_replay,600745.SH,UNKNOWN,[]
market_replay-600746.SH,market_replay,600746.SH,UNKNOWN,[]
market_replay-600747.SH,market_replay,600747.SH,UNKNOWN,[]
market_replay-600748.SH,market_replay,600748.SH,UNKNOWN,[]
market_replay-600750.SH,market_replay,600750.SH,UNKNOWN,[]
market_replay-600751.SH,market_replay,600751.SH,UNKNOWN,[]
market_replay-600754.SH,market_replay,600754.SH,UNKNOWN,[]
market_replay-600755.SH,market_replay,600755.SH,UNKNOWN,[]
market_replay-600756.SH,market_replay,600756.SH,UNKNOWN,[]
market_replay-600757.SH,market_replay,600757.SH,UNKNOWN,[]
market_replay-600758.SH,market_replay,600758.SH,UNKNOWN,[]
market_replay-600759.SH,market_replay,600759.SH,UNKNOWN,[]
market_replay-600760.SH,market_replay,600760.SH,UNKNOWN,[]
market_replay-600761.SH,market_replay,600761.SH,UNKNOWN,[]
market_replay-600763.SH,market_replay,600763.SH,UNKNOWN,[]
market_replay-600764.SH,market_replay,600764.SH,UNKNOWN,[]
market_replay-600765.SH,market_replay,600765.SH,UNKNOWN,[]
market_replay-600767.SH,market_replay,600767.SH,UNKNOWN,[]
market_replay-600768.SH,market_replay,600768.SH,UNKNOWN,[]
market_replay-600769.SH,market_replay,600769.SH,UNKNOWN,[]
market_replay-600770.SH,market_replay,600770.SH,UNKNOWN,[]
market_replay-600771.SH,market_replay,600771.SH,UNKNOWN,[]
market_replay-600773.SH,market_replay,600773.SH,UNKNOWN,[]
market_replay-600775.SH,market_replay,600775.SH,UNKNOWN,[]
market_replay-600776.SH,market_replay,600776.SH,UNKNOWN,[]
market_replay-600777.SH,market_replay,600777.SH,UNKNOWN,[]
market_replay-600778.SH,market_replay,600778.SH,UNKNOWN,[]
market_replay-600779.SH,market_replay,600779.SH,UNKNOWN,[]
market_replay-600780.SH,market_replay,600780.SH,UNKNOWN,[]
market_replay-600781.SH,market_replay,600781.SH,UNKNOWN,[]
market_replay-600782.SH,market_replay,600782.SH,UNKNOWN,[]
market_replay-600783.SH,market_replay,600783.SH,UNKNOWN,[]
market_replay-600784.SH,market_replay,600784.SH,UNKNOWN,[]
market_replay-600785.SH,market_replay,600785.SH,UNKNOWN,[]
market_replay-600787.SH,market_replay,600787.SH,UNKNOWN,[]
market_replay-600789.SH,market_replay,600789.SH,UNKNOWN,[]
market_replay-600790.SH,market_replay,600790.SH,UNKNOWN,[]
market_replay-600791.SH,market_replay,600791.SH,UNKNOWN,[]
market_replay-600792.SH,market_replay,600792.SH,UNKNOWN,[]
market_replay-600794.SH,market_replay,600794.SH,UNKNOWN,[]
market_replay-600795.SH,market_replay,600795.SH,UNKNOWN,[]
market_replay-600796.SH,market_replay,600796.SH,UNKNOWN,[]
market_replay-600797.SH,market_replay,600797.SH,UNKNOWN,[]
market_replay-600798.SH,market_replay,600798.SH,UNKNOWN,[]
market_replay-600800.SH,market_replay,600800.SH,UNKNOWN,[]
market_replay-600801.SH,market_replay,600801.SH,UNKNOWN,[]
market_replay-600802.SH,market_replay,600802.SH,UNKNOWN,[]
market_replay-600803.SH,market_replay,600803.SH,UNKNOWN,[]
market_replay-600804.SH,market_replay,600804.SH,UNKNOWN,[]
market_replay-600805.SH,market_replay,600805.SH,UNKNOWN,[]
market_replay-600806.SH,market_replay,600806.SH,UNKNOWN,[]
market_replay-600807.SH,market_replay,600807.SH,UNKNOWN,[]
market_replay-600808.SH,market_replay,600808.SH,UNKNOWN,[]
market_replay-600809.SH,market_replay,600809.SH,UNKNOWN,[]
market_replay-600810.SH,market_replay,600810.SH,UNKNOWN,[]
market_replay-600811.SH,market_replay,600811.SH,UNKNOWN,[]
market_replay-600812.SH,market_replay,600812.SH,UNKNOWN,[]
market_replay-600814.SH,market_replay,600814.SH,UNKNOWN,[]
market_replay-600815.SH,market_replay,600815.SH,UNKNOWN,[]
market_replay-600816.SH,market_replay,600816.SH,UNKNOWN,[]
market_replay-600817.SH,market_replay,600817.SH,UNKNOWN,[]
market_replay-600818.SH,market_replay,600818.SH,UNKNOWN,[]
market_replay-600819.SH,market_replay,600819.SH,UNKNOWN,[]
market_replay-600820.SH,market_replay,600820.SH,UNKNOWN,[]
market_replay-600821.SH,market_replay,600821.SH,UNKNOWN,[]
market_replay-600822.SH,market_replay,600822.SH,UNKNOWN,[]
market_replay-600823.SH,market_replay,600823.SH,UNKNOWN,[]
market_replay-600824.SH,market_replay,600824.SH,UNKNOWN,[]
market_replay-600825.SH,market_replay,600825.SH,UNKNOWN,[]
market_replay-600826.SH,market_replay,600826.SH,UNKNOWN,[]
market_replay-600827.SH,market_replay,600827.SH,UNKNOWN,[]
market_replay-600828.SH,market_replay,600828.SH,UNKNOWN,[]
market_replay-600829.SH,market_replay,600829.SH,UNKNOWN,[]
market_replay-600830.SH,market_replay,600830.SH,UNKNOWN,[]
market_replay-600831.SH,market_replay,600831.SH,UNKNOWN,[]
market_replay-600832.SH,market_replay,600832.SH,UNKNOWN,[]
market_replay-600833.SH,market_replay,600833.SH,UNKNOWN,[]
market_replay-600834.SH,market_replay,600834.SH,UNKNOWN,[]
market_replay-600835.SH,market_replay,600835.SH,UNKNOWN,[]
market_replay-600836.SH,market_replay,600836.SH,UNKNOWN,[]
market_replay-600837.SH,market_replay,600837.SH,UNKNOWN,[]
market_replay-600838.SH,market_replay,600838.SH,UNKNOWN,[]
market_replay-600839.SH,market_replay,600839.SH,UNKNOWN,[]
market_replay-600841.SH,market_replay,600841.SH,UNKNOWN,[]
market_replay-600843.SH,market_replay,600843.SH,UNKNOWN,[]
market_replay-600844.SH,market_replay,600844.SH,UNKNOWN,[]
market_replay-600845.SH,market_replay,600845.SH,UNKNOWN,[]
market_replay-600846.SH,market_replay,600846.SH,UNKNOWN,[]
market_replay-600848.SH,market_replay,600848.SH,UNKNOWN,[]
market_replay-600850.SH,market_replay,600850.SH,UNKNOWN,[]
market_replay-600851.SH,market_replay,600851.SH,UNKNOWN,[]
market_replay-600854.SH,market_replay,600854.SH,UNKNOWN,[]
market_replay-600855.SH,market_replay,600855.SH,UNKNOWN,[]
market_replay-600856.SH,market_replay,600856.SH,UNKNOWN,[]
market_replay-600857.SH,market_replay,600857.SH,UNKNOWN,[]
market_replay-600858.SH,market_replay,600858.SH,UNKNOWN,[]
market_replay-600859.SH,market_replay,600859.SH,UNKNOWN,[]
market_replay-600860.SH,market_replay,600860.SH,UNKNOWN,[]
market_replay-600861.SH,market_replay,600861.SH,UNKNOWN,[]
market_replay-600862.SH,market_replay,600862.SH,UNKNOWN,[]
market_replay-600863.SH,market_replay,600863.SH,UNKNOWN,[]
market_replay-600864.SH,market_replay,600864.SH,UNKNOWN,[]
market_replay-600865.SH,market_replay,600865.SH,UNKNOWN,[]
market_replay-600866.SH,market_replay,600866.SH,UNKNOWN,[]
market_replay-600867.SH,market_replay,600867.SH,UNKNOWN,[]
market_replay-600868.SH,market_replay,600868.SH,UNKNOWN,[]
market_replay-600869.SH,market_replay,600869.SH,UNKNOWN,[]
market_replay-600870.SH,market_replay,600870.SH,UNKNOWN,[]
market_replay-600871.SH,market_replay,600871.SH,UNKNOWN,[]
market_replay-600872.SH,market_replay,600872.SH,UNKNOWN,[]
market_replay-600873.SH,market_replay,600873.SH,UNKNOWN,[]
market_replay-600874.SH,market_replay,600874.SH,UNKNOWN,[]
market_replay-600875.SH,market_replay,600875.SH,UNKNOWN,[]
market_replay-600876.SH,market_replay,600876.SH,UNKNOWN,[]
market_replay-600877.SH,market_replay,600877.SH,UNKNOWN,[]
market_replay-600879.SH,market_replay,600879.SH,UNKNOWN,[]
market_replay-600880.SH,market_replay,600880.SH,UNKNOWN,[]
market_replay-600881.SH,market_replay,600881.SH,UNKNOWN,[]
market_replay-600882.SH,market_replay,600882.SH,UNKNOWN,[]
market_replay-600883.SH,market_replay,600883.SH,UNKNOWN,[]
market_replay-600884.SH,market_replay,600884.SH,UNKNOWN,[]
market_replay-600885.SH,market_replay,600885.SH,UNKNOWN,[]
market_replay-600886.SH,market_replay,600886.SH,UNKNOWN,[]
market_replay-600887.SH,market_replay,600887.SH,UNKNOWN,[]
market_replay-600888.SH,market_replay,600888.SH,UNKNOWN,[]
market_replay-600890.SH,market_replay,600890.SH,UNKNOWN,[]
market_replay-600891.SH,market_replay,600891.SH,UNKNOWN,[]
market_replay-600893.SH,market_replay,600893.SH,UNKNOWN,[]
market_replay-600894.SH,market_replay,600894.SH,UNKNOWN,[]
market_replay-600895.SH,market_replay,600895.SH,UNKNOWN,[]
market_replay-600896.SH,market_replay,600896.SH,UNKNOWN,[]
market_replay-600897.SH,market_replay,600897.SH,UNKNOWN,[]
market_replay-600900.SH,market_replay,600900.SH,UNKNOWN,[]
market_replay-600901.SH,market_replay,600901.SH,UNKNOWN,[]
market_replay-600903.SH,market_replay,600903.SH,UNKNOWN,[]
market_replay-600905.SH,market_replay,600905.SH,UNKNOWN,[]
market_replay-600906.SH,market_replay,600906.SH,UNKNOWN,[]
market_replay-600908.SH,market_replay,600908.SH,UNKNOWN,[]
market_replay-600909.SH,market_replay,600909.SH,UNKNOWN,[]
market_replay-600916.SH,market_replay,600916.SH,UNKNOWN,[]
market_replay-600917.SH,market_replay,600917.SH,UNKNOWN,[]
market_replay-600918.SH,market_replay,600918.SH,UNKNOWN,[]
market_replay-600919.SH,market_replay,600919.SH,UNKNOWN,[]
market_replay-600925.SH,market_replay,600925.SH,UNKNOWN,[]
market_replay-600926.SH,market_replay,600926.SH,UNKNOWN,[]
market_replay-600927.SH,market_replay,600927.SH,UNKNOWN,[]
market_replay-600928.SH,market_replay,600928.SH,UNKNOWN,[]
market_replay-600929.SH,market_replay,600929.SH,UNKNOWN,[]
market_replay-600930.SH,market_replay,600930.SH,UNKNOWN,[]
market_replay-600933.SH,market_replay,600933.SH,UNKNOWN,[]
market_replay-600935.SH,market_replay,600935.SH,UNKNOWN,[]
market_replay-600936.SH,market_replay,600936.SH,UNKNOWN,[]
market_replay-600938.SH,market_replay,600938.SH,UNKNOWN,[]
market_replay-600939.SH,market_replay,600939.SH,UNKNOWN,[]
market_replay-600941.SH,market_replay,600941.SH,UNKNOWN,[]
market_replay-600955.SH,market_replay,600955.SH,UNKNOWN,[]
market_replay-600956.SH,market_replay,600956.SH,UNKNOWN,[]
market_replay-600958.SH,market_replay,600958.SH,UNKNOWN,[]
market_replay-600959.SH,market_replay,600959.SH,UNKNOWN,[]
market_replay-600961.SH,market_replay,600961.SH,UNKNOWN,[]
market_replay-600962.SH,market_replay,600962.SH,UNKNOWN,[]
market_replay-600963.SH,market_replay,600963.SH,UNKNOWN,[]
market_replay-600965.SH,market_replay,600965.SH,UNKNOWN,[]
market_replay-600966.SH,market_replay,600966.SH,UNKNOWN,[]
market_replay-600967.SH,market_replay,600967.SH,UNKNOWN,[]
market_replay-600968.SH,market_replay,600968.SH,UNKNOWN,[]
market_replay-600969.SH,market_replay,600969.SH,UNKNOWN,[]
market_replay-600970.SH,market_replay,600970.SH,UNKNOWN,[]
market_replay-600971.SH,market_replay,600971.SH,UNKNOWN,[]
market_replay-600973.SH,market_replay,600973.SH,UNKNOWN,[]
market_replay-600975.SH,market_replay,600975.SH,UNKNOWN,[]
market_replay-600976.SH,market_replay,600976.SH,UNKNOWN,[]
market_replay-600977.SH,market_replay,600977.SH,UNKNOWN,[]
market_replay-600978.SH,market_replay,600978.SH,UNKNOWN,[]
market_replay-600979.SH,market_replay,600979.SH,UNKNOWN,[]
market_replay-600981.SH,market_replay,600981.SH,UNKNOWN,[]
market_replay-600982.SH,market_replay,600982.SH,UNKNOWN,[]
market_replay-600983.SH,market_replay,600983.SH,UNKNOWN,[]
market_replay-600984.SH,market_replay,600984.SH,UNKNOWN,[]
market_replay-600985.SH,market_replay,600985.SH,UNKNOWN,[]
market_replay-600986.SH,market_replay,600986.SH,UNKNOWN,[]
market_replay-600987.SH,market_replay,600987.SH,UNKNOWN,[]
market_replay-600988.SH,market_replay,600988.SH,UNKNOWN,[]
market_replay-600989.SH,market_replay,600989.SH,UNKNOWN,[]
market_replay-600990.SH,market_replay,600990.SH,UNKNOWN,[]
market_replay-600993.SH,market_replay,600993.SH,UNKNOWN,[]
market_replay-600995.SH,market_replay,600995.SH,UNKNOWN,[]
market_replay-600996.SH,market_replay,600996.SH,UNKNOWN,[]
market_replay-600997.SH,market_replay,600997.SH,UNKNOWN,[]
market_replay-600998.SH,market_replay,600998.SH,UNKNOWN,[]
market_replay-600999.SH,market_replay,600999.SH,UNKNOWN,[]
market_replay-601000.SH,market_replay,601000.SH,UNKNOWN,[]
market_replay-601001.SH,market_replay,601001.SH,UNKNOWN,[]
market_replay-601002.SH,market_replay,601002.SH,UNKNOWN,[]
market_replay-601003.SH,market_replay,601003.SH,UNKNOWN,[]
market_replay-601005.SH,market_replay,601005.SH,UNKNOWN,[]
market_replay-601006.SH,market_replay,601006.SH,UNKNOWN,[]
market_replay-601007.SH,market_replay,601007.SH,UNKNOWN,[]
market_replay-601008.SH,market_replay,601008.SH,UNKNOWN,[]
market_replay-601009.SH,market_replay,601009.SH,UNKNOWN,[]
market_replay-601010.SH,market_replay,601010.SH,UNKNOWN,[]
market_replay-601011.SH,market_replay,601011.SH,UNKNOWN,[]
market_replay-601012.SH,market_replay,601012.SH,UNKNOWN,[]
market_replay-601015.SH,market_replay,601015.SH,UNKNOWN,[]
market_replay-601016.SH,market_replay,601016.SH,UNKNOWN,[]
market_replay-601018.SH,market_replay,601018.SH,UNKNOWN,[]
market_replay-601019.SH,market_replay,601019.SH,UNKNOWN,[]
market_replay-601020.SH,market_replay,601020.SH,UNKNOWN,[]
market_replay-601021.SH,market_replay,601021.SH,UNKNOWN,[]
market_replay-601022.SH,market_replay,601022.SH,UNKNOWN,[]
market_replay-601026.SH,market_replay,601026.SH,UNKNOWN,[]
market_replay-601028.SH,market_replay,601028.SH,UNKNOWN,[]
market_replay-601033.SH,market_replay,601033.SH,UNKNOWN,[]
market_replay-601038.SH,market_replay,601038.SH,UNKNOWN,[]
market_replay-601058.SH,market_replay,601058.SH,UNKNOWN,[]
market_replay-601059.SH,market_replay,601059.SH,UNKNOWN,[]
market_replay-601061.SH,market_replay,601061.SH,UNKNOWN,[]
market_replay-601066.SH,market_replay,601066.SH,UNKNOWN,[]
market_replay-601068.SH,market_replay,601068.SH,UNKNOWN,[]
market_replay-601069.SH,market_replay,601069.SH,UNKNOWN,[]
market_replay-601077.SH,market_replay,601077.SH,UNKNOWN,[]
market_replay-601083.SH,market_replay,601083.SH,UNKNOWN,[]
market_replay-601088.SH,market_replay,601088.SH,UNKNOWN,[]
market_replay-601089.SH,market_replay,601089.SH,UNKNOWN,[]
market_replay-601096.SH,market_replay,601096.SH,UNKNOWN,[]
market_replay-601098.SH,market_replay,601098.SH,UNKNOWN,[]
market_replay-601099.SH,market_replay,601099.SH,UNKNOWN,[]
market_replay-601100.SH,market_replay,601100.SH,UNKNOWN,[]
market_replay-601101.SH,market_replay,601101.SH,UNKNOWN,[]
market_replay-601106.SH,market_replay,601106.SH,UNKNOWN,[]
market_replay-601107.SH,market_replay,601107.SH,UNKNOWN,[]
market_replay-601108.SH,market_replay,601108.SH,UNKNOWN,[]
market_replay-601111.SH,market_replay,601111.SH,UNKNOWN,[]
market_replay-601112.SH,market_replay,601112.SH,UNKNOWN,[]
market_replay-601113.SH,market_replay,601113.SH,UNKNOWN,[]
market_replay-601116.SH,market_replay,601116.SH,UNKNOWN,[]
market_replay-601117.SH,market_replay,601117.SH,UNKNOWN,[]
market_replay-601118.SH,market_replay,601118.SH,UNKNOWN,[]
market_replay-601126.SH,market_replay,601126.SH,UNKNOWN,[]
market_replay-601127.SH,market_replay,601127.SH,UNKNOWN,[]
market_replay-601128.SH,market_replay,601128.SH,UNKNOWN,[]
market_replay-601136.SH,market_replay,601136.SH,UNKNOWN,[]
market_replay-601137.SH,market_replay,601137.SH,UNKNOWN,[]
market_replay-601138.SH,market_replay,601138.SH,UNKNOWN,[]
market_replay-601139.SH,market_replay,601139.SH,UNKNOWN,[]
market_replay-601155.SH,market_replay,601155.SH,UNKNOWN,[]
market_replay-601156.SH,market_replay,601156.SH,UNKNOWN,[]
market_replay-601158.SH,market_replay,601158.SH,UNKNOWN,[]
market_replay-601162.SH,market_replay,601162.SH,UNKNOWN,[]
market_replay-601163.SH,market_replay,601163.SH,UNKNOWN,[]
market_replay-601166.SH,market_replay,601166.SH,UNKNOWN,[]
market_replay-601168.SH,market_replay,601168.SH,UNKNOWN,[]
market_replay-601169.SH,market_replay,601169.SH,UNKNOWN,[]
market_replay-601179.SH,market_replay,601179.SH,UNKNOWN,[]
market_replay-601186.SH,market_replay,601186.SH,UNKNOWN,[]
market_replay-601187.SH,market_replay,601187.SH,UNKNOWN,[]
market_replay-601188.SH,market_replay,601188.SH,UNKNOWN,[]
market_replay-601198.SH,market_replay,601198.SH,UNKNOWN,[]
market_replay-601199.SH,market_replay,601199.SH,UNKNOWN,[]
market_replay-601200.SH,market_replay,601200.SH,UNKNOWN,[]
market_replay-601208.SH,market_replay,601208.SH,UNKNOWN,[]
market_replay-601211.SH,market_replay,601211.SH,UNKNOWN,[]
market_replay-601212.SH,market_replay,601212.SH,UNKNOWN,[]
market_replay-601216.SH,market_replay,601216.SH,UNKNOWN,[]
market_replay-601218.SH,market_replay,601218.SH,UNKNOWN,[]
market_replay-601222.SH,market_replay,601222.SH,UNKNOWN,[]
market_replay-601225.SH,market_replay,601225.SH,UNKNOWN,[]
market_replay-601226.SH,market_replay,601226.SH,UNKNOWN,[]
market_replay-601228.SH,market_replay,601228.SH,UNKNOWN,[]
market_replay-601229.SH,market_replay,601229.SH,UNKNOWN,[]
market_replay-601231.SH,market_replay,601231.SH,UNKNOWN,[]
market_replay-601233.SH,market_replay,601233.SH,UNKNOWN,[]
market_replay-601236.SH,market_replay,601236.SH,UNKNOWN,[]
market_replay-601238.SH,market_replay,601238.SH,UNKNOWN,[]
market_replay-601258.SH,market_replay,601258.SH,UNKNOWN,[]
market_replay-601268.SH,market_replay,601268.SH,UNKNOWN,[]
market_replay-601279.SH,market_replay,601279.SH,UNKNOWN,[]
market_replay-601288.SH,market_replay,601288.SH,UNKNOWN,[]
market_replay-601298.SH,market_replay,601298.SH,UNKNOWN,[]
market_replay-601299.SH,market_replay,601299.SH,UNKNOWN,[]
market_replay-601311.SH,market_replay,601311.SH,UNKNOWN,[]
market_replay-601318.SH,market_replay,601318.SH,UNKNOWN,[]
market_replay-601319.SH,market_replay,601319.SH,UNKNOWN,[]
market_replay-601326.SH,market_replay,601326.SH,UNKNOWN,[]
market_replay-601328.SH,market_replay,601328.SH,UNKNOWN,[]
market_replay-601330.SH,market_replay,601330.SH,UNKNOWN,[]
market_replay-601333.SH,market_replay,601333.SH,UNKNOWN,[]
market_replay-601336.SH,market_replay,601336.SH,UNKNOWN,[]
market_replay-601339.SH,market_replay,601339.SH,UNKNOWN,[]
market_replay-601360.SH,market_replay,601360.SH,UNKNOWN,[]
market_replay-601366.SH,market_replay,601366.SH,UNKNOWN,[]
market_replay-601368.SH,market_replay,601368.SH,UNKNOWN,[]
market_replay-601369.SH,market_replay,601369.SH,UNKNOWN,[]
market_replay-601375.SH,market_replay,601375.SH,UNKNOWN,[]
market_replay-601377.SH,market_replay,601377.SH,UNKNOWN,[]
market_replay-601388.SH,market_replay,601388.SH,UNKNOWN,[]
market_replay-601390.SH,market_replay,601390.SH,UNKNOWN,[]
market_replay-601398.SH,market_replay,601398.SH,UNKNOWN,[]
market_replay-601399.SH,market_replay,601399.SH,UNKNOWN,[]
market_replay-601456.SH,market_replay,601456.SH,UNKNOWN,[]
market_replay-601500.SH,market_replay,601500.SH,UNKNOWN,[]
market_replay-601512.SH,market_replay,601512.SH,UNKNOWN,[]
market_replay-601515.SH,market_replay,601515.SH,UNKNOWN,[]
market_replay-601519.SH,market_replay,601519.SH,UNKNOWN,[]
market_replay-601528.SH,market_replay,601528.SH,UNKNOWN,[]
market_replay-601555.SH,market_replay,601555.SH,UNKNOWN,[]
market_replay-601558.SH,market_replay,601558.SH,UNKNOWN,[]
market_replay-601566.SH,market_replay,601566.SH,UNKNOWN,[]
market_replay-601567.SH,market_replay,601567.SH,UNKNOWN,[]
market_replay-601568.SH,market_replay,601568.SH,UNKNOWN,[]
market_replay-601577.SH,market_replay,601577.SH,UNKNOWN,[]
market_replay-601588.SH,market_replay,601588.SH,UNKNOWN,[]
market_replay-601595.SH,market_replay,601595.SH,UNKNOWN,[]
market_replay-601598.SH,market_replay,601598.SH,UNKNOWN,[]
market_replay-601599.SH,market_replay,601599.SH,UNKNOWN,[]
market_replay-601600.SH,market_replay,601600.SH,UNKNOWN,[]
market_replay-601601.SH,market_replay,601601.SH,UNKNOWN,[]
market_replay-601606.SH,market_replay,601606.SH,UNKNOWN,[]
market_replay-601607.SH,market_replay,601607.SH,UNKNOWN,[]
market_replay-601608.SH,market_replay,601608.SH,UNKNOWN,[]
market_replay-601609.SH,market_replay,601609.SH,UNKNOWN,[]
market_replay-601611.SH,market_replay,601611.SH,UNKNOWN,[]
market_replay-601615.SH,market_replay,601615.SH,UNKNOWN,[]
market_replay-601616.SH,market_replay,601616.SH,UNKNOWN,[]
market_replay-601618.SH,market_replay,601618.SH,UNKNOWN,[]
market_replay-601619.SH,market_replay,601619.SH,UNKNOWN,[]
market_replay-601628.SH,market_replay,601628.SH,UNKNOWN,[]
market_replay-601633.SH,market_replay,601633.SH,UNKNOWN,[]
market_replay-601636.SH,market_replay,601636.SH,UNKNOWN,[]
market_replay-601658.SH,market_replay,601658.SH,UNKNOWN,[]
market_replay-601665.SH,market_replay,601665.SH,UNKNOWN,[]
market_replay-601666.SH,market_replay,601666.SH,UNKNOWN,[]
market_replay-601668.SH,market_replay,601668.SH,UNKNOWN,[]
market_replay-601669.SH,market_replay,601669.SH,UNKNOWN,[]
market_replay-601677.SH,market_replay,601677.SH,UNKNOWN,[]
market_replay-601678.SH,market_replay,601678.SH,UNKNOWN,[]
market_replay-601686.SH,market_replay,601686.SH,UNKNOWN,[]
market_replay-601688.SH,market_replay,601688.SH,UNKNOWN,[]
market_replay-601689.SH,market_replay,601689.SH,UNKNOWN,[]
market_replay-601696.SH,market_replay,601696.SH,UNKNOWN,[]
market_replay-601698.SH,market_replay,601698.SH,UNKNOWN,[]
market_replay-601699.SH,market_replay,601699.SH,UNKNOWN,[]
market_replay-601700.SH,market_replay,601700.SH,UNKNOWN,[]
market_replay-601702.SH,market_replay,601702.SH,UNKNOWN,[]
market_replay-601717.SH,market_replay,601717.SH,UNKNOWN,[]
market_replay-601718.SH,market_replay,601718.SH,UNKNOWN,[]
market_replay-601727.SH,market_replay,601727.SH,UNKNOWN,[]
market_replay-601728.SH,market_replay,601728.SH,UNKNOWN,[]
market_replay-601766.SH,market_replay,601766.SH,UNKNOWN,[]
market_replay-601777.SH,market_replay,601777.SH,UNKNOWN,[]
market_replay-601778.SH,market_replay,601778.SH,UNKNOWN,[]
market_replay-601788.SH,market_replay,601788.SH,UNKNOWN,[]
market_replay-601789.SH,market_replay,601789.SH,UNKNOWN,[]
market_replay-601798.SH,market_replay,601798.SH,UNKNOWN,[]
market_replay-601799.SH,market_replay,601799.SH,UNKNOWN,[]
market_replay-601800.SH,market_replay,601800.SH,UNKNOWN,[]
market_replay-601801.SH,market_replay,601801.SH,UNKNOWN,[]
market_replay-601808.SH,market_replay,601808.SH,UNKNOWN,[]
market_replay-601811.SH,market_replay,601811.SH,UNKNOWN,[]
market_replay-601816.SH,market_replay,601816.SH,UNKNOWN,[]
market_replay-601818.SH,market_replay,601818.SH,UNKNOWN,[]
market_replay-601825.SH,market_replay,601825.SH,UNKNOWN,[]
market_replay-601827.SH,market_replay,601827.SH,UNKNOWN,[]
market_replay-601828.SH,market_replay,601828.SH,UNKNOWN,[]
market_replay-601838.SH,market_replay,601838.SH,UNKNOWN,[]
market_replay-601857.SH,market_replay,601857.SH,UNKNOWN,[]
market_replay-601858.SH,market_replay,601858.SH,UNKNOWN,[]
market_replay-601860.SH,market_replay,601860.SH,UNKNOWN,[]
market_replay-601865.SH,market_replay,601865.SH,UNKNOWN,[]
market_replay-601866.SH,market_replay,601866.SH,UNKNOWN,[]
market_replay-601868.SH,market_replay,601868.SH,UNKNOWN,[]
market_replay-601869.SH,market_replay,601869.SH,UNKNOWN,[]
market_replay-601872.SH,market_replay,601872.SH,UNKNOWN,[]
market_replay-601877.SH,market_replay,601877.SH,UNKNOWN,[]
market_replay-601878.SH,market_replay,601878.SH,UNKNOWN,[]
market_replay-601880.SH,market_replay,601880.SH,UNKNOWN,[]
market_replay-601881.SH,market_replay,601881.SH,UNKNOWN,[]
market_replay-601882.SH,market_replay,601882.SH,UNKNOWN,[]
market_replay-601886.SH,market_replay,601886.SH,UNKNOWN,[]
market_replay-601888.SH,market_replay,601888.SH,UNKNOWN,[]
market_replay-601890.SH,market_replay,601890.SH,UNKNOWN,[]
market_replay-601898.SH,market_replay,601898.SH,UNKNOWN,[]
market_replay-601899.SH,market_replay,601899.SH,UNKNOWN,[]
market_replay-601900.SH,market_replay,601900.SH,UNKNOWN,[]
market_replay-601901.SH,market_replay,601901.SH,UNKNOWN,[]
market_replay-601908.SH,market_replay,601908.SH,UNKNOWN,[]
market_replay-601916.SH,market_replay,601916.SH,UNKNOWN,[]
market_replay-601918.SH,market_replay,601918.SH,UNKNOWN,[]
market_replay-601919.SH,market_replay,601919.SH,UNKNOWN,[]
market_replay-601921.SH,market_replay,601921.SH,UNKNOWN,[]
market_replay-601928.SH,market_replay,601928.SH,UNKNOWN,[]
market_replay-601929.SH,market_replay,601929.SH,UNKNOWN,[]
market_replay-601933.SH,market_replay,601933.SH,UNKNOWN,[]
market_replay-601939.SH,market_replay,601939.SH,UNKNOWN,[]
market_replay-601949.SH,market_replay,601949.SH,UNKNOWN,[]
market_replay-601952.SH,market_replay,601952.SH,UNKNOWN,[]
market_replay-601958.SH,market_replay,601958.SH,UNKNOWN,[]
market_replay-601963.SH,market_replay,601963.SH,UNKNOWN,[]
market_replay-601965.SH,market_replay,601965.SH,UNKNOWN,[]
market_replay-601966.SH,market_replay,601966.SH,UNKNOWN,[]
market_replay-601968.SH,market_replay,601968.SH,UNKNOWN,[]
market_replay-601969.SH,market_replay,601969.SH,UNKNOWN,[]
market_replay-601975.SH,market_replay,601975.SH,UNKNOWN,[]
market_replay-601985.SH,market_replay,601985.SH,UNKNOWN,[]
market_replay-601988.SH,market_replay,601988.SH,UNKNOWN,[]
market_replay-601989.SH,market_replay,601989.SH,UNKNOWN,[]
market_replay-601990.SH,market_replay,601990.SH,UNKNOWN,[]
market_replay-601991.SH,market_replay,601991.SH,UNKNOWN,[]
market_replay-601992.SH,market_replay,601992.SH,UNKNOWN,[]
market_replay-601995.SH,market_replay,601995.SH,UNKNOWN,[]
market_replay-601996.SH,market_replay,601996.SH,UNKNOWN,[]
market_replay-601997.SH,market_replay,601997.SH,UNKNOWN,[]
market_replay-601998.SH,market_replay,601998.SH,UNKNOWN,[]
market_replay-601999.SH,market_replay,601999.SH,UNKNOWN,[]
market_replay-603000.SH,market_replay,603000.SH,UNKNOWN,[]
market_replay-603001.SH,market_replay,603001.SH,UNKNOWN,[]
market_replay-603002.SH,market_replay,603002.SH,UNKNOWN,[]
market_replay-603003.SH,market_replay,603003.SH,UNKNOWN,[]
market_replay-603005.SH,market_replay,603005.SH,UNKNOWN,[]
market_replay-603008.SH,market_replay,603008.SH,UNKNOWN,[]
market_replay-603009.SH,market_replay,603009.SH,UNKNOWN,[]
market_replay-603010.SH,market_replay,603010.SH,UNKNOWN,[]
market_replay-603012.SH,market_replay,603012.SH,UNKNOWN,[]
market_replay-603013.SH,market_replay,603013.SH,UNKNOWN,[]
market_replay-603014.SH,market_replay,603014.SH,UNKNOWN,[]
market_replay-603018.SH,market_replay,603018.SH,UNKNOWN,[]
market_replay-603019.SH,market_replay,603019.SH,UNKNOWN,[]
market_replay-603020.SH,market_replay,603020.SH,UNKNOWN,[]
market_replay-603025.SH,market_replay,603025.SH,UNKNOWN,[]
market_replay-603026.SH,market_replay,603026.SH,UNKNOWN,[]
market_replay-603027.SH,market_replay,603027.SH,UNKNOWN,[]
market_replay-603032.SH,market_replay,603032.SH,UNKNOWN,[]
market_replay-603033.SH,market_replay,603033.SH,UNKNOWN,[]
market_replay-603039.SH,market_replay,603039.SH,UNKNOWN,[]
market_replay-603043.SH,market_replay,603043.SH,UNKNOWN,[]
market_replay-603049.SH,market_replay,603049.SH,UNKNOWN,[]
market_replay-603053.SH,market_replay,603053.SH,UNKNOWN,[]
market_replay-603055.SH,market_replay,603055.SH,UNKNOWN,[]
market_replay-603056.SH,market_replay,603056.SH,UNKNOWN,[]
market_replay-603057.SH,market_replay,603057.SH,UNKNOWN,[]
market_replay-603058.SH,market_replay,603058.SH,UNKNOWN,[]
market_replay-603060.SH,market_replay,603060.SH,UNKNOWN,[]
market_replay-603063.SH,market_replay,603063.SH,UNKNOWN,[]
market_replay-603068.SH,market_replay,603068.SH,UNKNOWN,[]
market_replay-603071.SH,market_replay,603071.SH,UNKNOWN,[]
market_replay-603072.SH,market_replay,603072.SH,UNKNOWN,[]
market_replay-603075.SH,market_replay,603075.SH,UNKNOWN,[]
market_replay-603077.SH,market_replay,603077.SH,UNKNOWN,[]
market_replay-603081.SH,market_replay,603081.SH,UNKNOWN,[]
market_replay-603083.SH,market_replay,603083.SH,UNKNOWN,[]
market_replay-603087.SH,market_replay,603087.SH,UNKNOWN,[]
market_replay-603092.SH,market_replay,603092.SH,UNKNOWN,[]
market_replay-603093.SH,market_replay,603093.SH,UNKNOWN,[]
market_replay-603096.SH,market_replay,603096.SH,UNKNOWN,[]
market_replay-603098.SH,market_replay,603098.SH,UNKNOWN,[]
market_replay-603099.SH,market_replay,603099.SH,UNKNOWN,[]
market_replay-603100.SH,market_replay,603100.SH,UNKNOWN,[]
market_replay-603103.SH,market_replay,603103.SH,UNKNOWN,[]
market_replay-603105.SH,market_replay,603105.SH,UNKNOWN,[]
market_replay-603108.SH,market_replay,603108.SH,UNKNOWN,[]
market_replay-603111.SH,market_replay,603111.SH,UNKNOWN,[]
market_replay-603113.SH,market_replay,603113.SH,UNKNOWN,[]
market_replay-603116.SH,market_replay,603116.SH,UNKNOWN,[]
market_replay-603117.SH,market_replay,603117.SH,UNKNOWN,[]
market_replay-603118.SH,market_replay,603118.SH,UNKNOWN,[]
market_replay-603119.SH,market_replay,603119.SH,UNKNOWN,[]
market_replay-603123.SH,market_replay,603123.SH,UNKNOWN,[]
market_replay-603124.SH,market_replay,603124.SH,UNKNOWN,[]
market_replay-603126.SH,market_replay,603126.SH,UNKNOWN,[]
market_replay-603127.SH,market_replay,603127.SH,UNKNOWN,[]
market_replay-603128.SH,market_replay,603128.SH,UNKNOWN,[]
market_replay-603129.SH,market_replay,603129.SH,UNKNOWN,[]
market_replay-603132.SH,market_replay,603132.SH,UNKNOWN,[]
market_replay-603156.SH,market_replay,603156.SH,UNKNOWN,[]
market_replay-603160.SH,market_replay,603160.SH,UNKNOWN,[]
market_replay-603162.SH,market_replay,603162.SH,UNKNOWN,[]
market_replay-603165.SH,market_replay,603165.SH,UNKNOWN,[]
market_replay-603166.SH,market_replay,603166.SH,UNKNOWN,[]
market_replay-603167.SH,market_replay,603167.SH,UNKNOWN,[]
market_replay-603168.SH,market_replay,603168.SH,UNKNOWN,[]
market_replay-603169.SH,market_replay,603169.SH,UNKNOWN,[]
market_replay-603170.SH,market_replay,603170.SH,UNKNOWN,[]
market_replay-603171.SH,market_replay,603171.SH,UNKNOWN,[]
market_replay-603175.SH,market_replay,603175.SH,UNKNOWN,[]
market_replay-603179.SH,market_replay,603179.SH,UNKNOWN,[]
market_replay-603180.SH,market_replay,603180.SH,UNKNOWN,[]
market_replay-603185.SH,market_replay,603185.SH,UNKNOWN,[]
market_replay-603187.SH,market_replay,603187.SH,UNKNOWN,[]
market_replay-603188.SH,market_replay,603188.SH,UNKNOWN,[]
market_replay-603193.SH,market_replay,603193.SH,UNKNOWN,[]
market_replay-603194.SH,market_replay,603194.SH,UNKNOWN,[]
market_replay-603195.SH,market_replay,603195.SH,UNKNOWN,[]
market_replay-603197.SH,market_replay,603197.SH,UNKNOWN,[]
market_replay-603198.SH,market_replay,603198.SH,UNKNOWN,[]
market_replay-603202.SH,market_replay,603202.SH,UNKNOWN,[]
market_replay-603208.SH,market_replay,603208.SH,UNKNOWN,[]
market_replay-603212.SH,market_replay,603212.SH,UNKNOWN,[]
market_replay-603218.SH,market_replay,603218.SH,UNKNOWN,[]
market_replay-603219.SH,market_replay,603219.SH,UNKNOWN,[]
market_replay-603220.SH,market_replay,603220.SH,UNKNOWN,[]
market_replay-603222.SH,market_replay,603222.SH,UNKNOWN,[]
market_replay-603225.SH,market_replay,603225.SH,UNKNOWN,[]
market_replay-603227.SH,market_replay,603227.SH,UNKNOWN,[]
market_replay-603228.SH,market_replay,603228.SH,UNKNOWN,[]
market_replay-603229.SH,market_replay,603229.SH,UNKNOWN,[]
market_replay-603233.SH,market_replay,603233.SH,UNKNOWN,[]
market_replay-603235.SH,market_replay,603235.SH,UNKNOWN,[]
market_replay-603236.SH,market_replay,603236.SH,UNKNOWN,[]
market_replay-603248.SH,market_replay,603248.SH,UNKNOWN,[]
market_replay-603256.SH,market_replay,603256.SH,UNKNOWN,[]
market_replay-603258.SH,market_replay,603258.SH,UNKNOWN,[]
market_replay-603259.SH,market_replay,603259.SH,UNKNOWN,[]
market_replay-603260.SH,market_replay,603260.SH,UNKNOWN,[]
market_replay-603262.SH,market_replay,603262.SH,UNKNOWN,[]
market_replay-603267.SH,market_replay,603267.SH,UNKNOWN,[]
market_replay-603277.SH,market_replay,603277.SH,UNKNOWN,[]
market_replay-603279.SH,market_replay,603279.SH,UNKNOWN,[]
market_replay-603281.SH,market_replay,603281.SH,UNKNOWN,[]
market_replay-603283.SH,market_replay,603283.SH,UNKNOWN,[]
market_replay-603288.SH,market_replay,603288.SH,UNKNOWN,[]
market_replay-603290.SH,market_replay,603290.SH,UNKNOWN,[]
market_replay-603296.SH,market_replay,603296.SH,UNKNOWN,[]
market_replay-603297.SH,market_replay,603297.SH,UNKNOWN,[]
market_replay-603298.SH,market_replay,603298.SH,UNKNOWN,[]
market_replay-603299.SH,market_replay,603299.SH,UNKNOWN,[]
market_replay-603300.SH,market_replay,603300.SH,UNKNOWN,[]
market_replay-603301.SH,market_replay,603301.SH,UNKNOWN,[]
market_replay-603303.SH,market_replay,603303.SH,UNKNOWN,[]
market_replay-603305.SH,market_replay,603305.SH,UNKNOWN,[]
market_replay-603306.SH,market_replay,603306.SH,UNKNOWN,[]
market_replay-603308.SH,market_replay,603308.SH,UNKNOWN,[]
market_replay-603309.SH,market_replay,603309.SH,UNKNOWN,[]
market_replay-603313.SH,market_replay,603313.SH,UNKNOWN,[]
market_replay-603317.SH,market_replay,603317.SH,UNKNOWN,[]
market_replay-603318.SH,market_replay,603318.SH,UNKNOWN,[]
market_replay-603319.SH,market_replay,603319.SH,UNKNOWN,[]
market_replay-603323.SH,market_replay,603323.SH,UNKNOWN,[]
market_replay-603327.SH,market_replay,603327.SH,UNKNOWN,[]
market_replay-603328.SH,market_replay,603328.SH,UNKNOWN,[]
market_replay-603337.SH,market_replay,603337.SH,UNKNOWN,[]
market_replay-603338.SH,market_replay,603338.SH,UNKNOWN,[]
market_replay-603339.SH,market_replay,603339.SH,UNKNOWN,[]
market_replay-603341.SH,market_replay,603341.SH,UNKNOWN,[]
market_replay-603345.SH,market_replay,603345.SH,UNKNOWN,[]
market_replay-603348.SH,market_replay,603348.SH,UNKNOWN,[]
market_replay-603355.SH,market_replay,603355.SH,UNKNOWN,[]
market_replay-603357.SH,market_replay,603357.SH,UNKNOWN,[]
market_replay-603358.SH,market_replay,603358.SH,UNKNOWN,[]
market_replay-603359.SH,market_replay,603359.SH,UNKNOWN,[]
market_replay-603360.SH,market_replay,603360.SH,UNKNOWN,[]
market_replay-603363.SH,market_replay,603363.SH,UNKNOWN,[]
market_replay-603366.SH,market_replay,603366.SH,UNKNOWN,[]
market_replay-603367.SH,market_replay,603367.SH,UNKNOWN,[]
market_replay-603368.SH,market_replay,603368.SH,UNKNOWN,[]
market_replay-603369.SH,market_replay,603369.SH,UNKNOWN,[]
market_replay-603376.SH,market_replay,603376.SH,UNKNOWN,[]
market_replay-603377.SH,market_replay,603377.SH,UNKNOWN,[]
market_replay-603378.SH,market_replay,603378.SH,UNKNOWN,[]
market_replay-603379.SH,market_replay,603379.SH,UNKNOWN,[]
market_replay-603383.SH,market_replay,603383.SH,UNKNOWN,[]
market_replay-603385.SH,market_replay,603385.SH,UNKNOWN,[]
market_replay-603387.SH,market_replay,603387.SH,UNKNOWN,[]
market_replay-603390.SH,market_replay,603390.SH,UNKNOWN,[]
market_replay-603392.SH,market_replay,603392.SH,UNKNOWN,[]
market_replay-603393.SH,market_replay,603393.SH,UNKNOWN,[]
market_replay-603395.SH,market_replay,603395.SH,UNKNOWN,[]
market_replay-603396.SH,market_replay,603396.SH,UNKNOWN,[]
market_replay-603398.SH,market_replay,603398.SH,UNKNOWN,[]
market_replay-603399.SH,market_replay,603399.SH,UNKNOWN,[]
market_replay-603402.SH,market_replay,603402.SH,UNKNOWN,[]
market_replay-603406.SH,market_replay,603406.SH,UNKNOWN,[]
market_replay-603408.SH,market_replay,603408.SH,UNKNOWN,[]
market_replay-603416.SH,market_replay,603416.SH,UNKNOWN,[]
market_replay-603418.SH,market_replay,603418.SH,UNKNOWN,[]
market_replay-603421.SH,market_replay,603421.SH,UNKNOWN,[]
market_replay-603429.SH,market_replay,603429.SH,UNKNOWN,[]
market_replay-603439.SH,market_replay,603439.SH,UNKNOWN,[]
market_replay-603444.SH,market_replay,603444.SH,UNKNOWN,[]
market_replay-603456.SH,market_replay,603456.SH,UNKNOWN,[]
market_replay-603458.SH,market_replay,603458.SH,UNKNOWN,[]
market_replay-603466.SH,market_replay,603466.SH,UNKNOWN,[]
market_replay-603477.SH,market_replay,603477.SH,UNKNOWN,[]
market_replay-603486.SH,market_replay,603486.SH,UNKNOWN,[]
market_replay-603489.SH,market_replay,603489.SH,UNKNOWN,[]
market_replay-603496.SH,market_replay,603496.SH,UNKNOWN,[]
market_replay-603501.SH,market_replay,603501.SH,UNKNOWN,[]
market_replay-603505.SH,market_replay,603505.SH,UNKNOWN,[]
market_replay-603508.SH,market_replay,603508.SH,UNKNOWN,[]
market_replay-603511.SH,market_replay,603511.SH,UNKNOWN,[]
market_replay-603515.SH,market_replay,603515.SH,UNKNOWN,[]
market_replay-603516.SH,market_replay,603516.SH,UNKNOWN,[]
market_replay-603517.SH,market_replay,603517.SH,UNKNOWN,[]
market_replay-603520.SH,market_replay,603520.SH,UNKNOWN,[]
market_replay-603528.SH,market_replay,603528.SH,UNKNOWN,[]
market_replay-603529.SH,market_replay,603529.SH,UNKNOWN,[]
market_replay-603530.SH,market_replay,603530.SH,UNKNOWN,[]
market_replay-603533.SH,market_replay,603533.SH,UNKNOWN,[]
market_replay-603551.SH,market_replay,603551.SH,UNKNOWN,[]
market_replay-603555.SH,market_replay,603555.SH,UNKNOWN,[]
market_replay-603556.SH,market_replay,603556.SH,UNKNOWN,[]
market_replay-603557.SH,market_replay,603557.SH,UNKNOWN,[]
market_replay-603565.SH,market_replay,603565.SH,UNKNOWN,[]
market_replay-603566.SH,market_replay,603566.SH,UNKNOWN,[]
market_replay-603567.SH,market_replay,603567.SH,UNKNOWN,[]
market_replay-603568.SH,market_replay,603568.SH,UNKNOWN,[]
market_replay-603569.SH,market_replay,603569.SH,UNKNOWN,[]
market_replay-603579.SH,market_replay,603579.SH,UNKNOWN,[]
market_replay-603583.SH,market_replay,603583.SH,UNKNOWN,[]
market_replay-603587.SH,market_replay,603587.SH,UNKNOWN,[]
market_replay-603588.SH,market_replay,603588.SH,UNKNOWN,[]
market_replay-603589.SH,market_replay,603589.SH,UNKNOWN,[]
market_replay-603590.SH,market_replay,603590.SH,UNKNOWN,[]
market_replay-603595.SH,market_replay,603595.SH,UNKNOWN,[]
market_replay-603596.SH,market_replay,603596.SH,UNKNOWN,[]
market_replay-603599.SH,market_replay,603599.SH,UNKNOWN,[]
market_replay-603600.SH,market_replay,603600.SH,UNKNOWN,[]
market_replay-603601.SH,market_replay,603601.SH,UNKNOWN,[]
market_replay-603603.SH,market_replay,603603.SH,UNKNOWN,[]
market_replay-603605.SH,market_replay,603605.SH,UNKNOWN,[]
market_replay-603606.SH,market_replay,603606.SH,UNKNOWN,[]
market_replay-603609.SH,market_replay,603609.SH,UNKNOWN,[]
market_replay-603610.SH,market_replay,603610.SH,UNKNOWN,[]
market_replay-603612.SH,market_replay,603612.SH,UNKNOWN,[]
market_replay-603613.SH,market_replay,603613.SH,UNKNOWN,[]
market_replay-603618.SH,market_replay,603618.SH,UNKNOWN,[]
market_replay-603619.SH,market_replay,603619.SH,UNKNOWN,[]
market_replay-603626.SH,market_replay,603626.SH,UNKNOWN,[]
market_replay-603636.SH,market_replay,603636.SH,UNKNOWN,[]
market_replay-603638.SH,market_replay,603638.SH,UNKNOWN,[]
market_replay-603648.SH,market_replay,603648.SH,UNKNOWN,[]
market_replay-603650.SH,market_replay,603650.SH,UNKNOWN,[]
market_replay-603658.SH,market_replay,603658.SH,UNKNOWN,[]
market_replay-603659.SH,market_replay,603659.SH,UNKNOWN,[]
market_replay-603660.SH,market_replay,603660.SH,UNKNOWN,[]
market_replay-603662.SH,market_replay,603662.SH,UNKNOWN,[]
market_replay-603663.SH,market_replay,603663.SH,UNKNOWN,[]
market_replay-603666.SH,market_replay,603666.SH,UNKNOWN,[]
market_replay-603667.SH,market_replay,603667.SH,UNKNOWN,[]
market_replay-603669.SH,market_replay,603669.SH,UNKNOWN,[]
market_replay-603676.SH,market_replay,603676.SH,UNKNOWN,[]
market_replay-603678.SH,market_replay,603678.SH,UNKNOWN,[]
market_replay-603680.SH,market_replay,603680.SH,UNKNOWN,[]
market_replay-603686.SH,market_replay,603686.SH,UNKNOWN,[]
market_replay-603687.SH,market_replay,603687.SH,UNKNOWN,[]
market_replay-603688.SH,market_replay,603688.SH,UNKNOWN,[]
market_replay-603690.SH,market_replay,603690.SH,UNKNOWN,[]
market_replay-603693.SH,market_replay,603693.SH,UNKNOWN,[]
market_replay-603698.SH,market_replay,603698.SH,UNKNOWN,[]
market_replay-603699.SH,market_replay,603699.SH,UNKNOWN,[]
market_replay-603707.SH,market_replay,603707.SH,UNKNOWN,[]
market_replay-603708.SH,market_replay,603708.SH,UNKNOWN,[]
market_replay-603711.SH,market_replay,603711.SH,UNKNOWN,[]
market_replay-603712.SH,market_replay,603712.SH,UNKNOWN,[]
market_replay-603713.SH,market_replay,603713.SH,UNKNOWN,[]
market_replay-603718.SH,market_replay,603718.SH,UNKNOWN,[]
market_replay-603719.SH,market_replay,603719.SH,UNKNOWN,[]
market_replay-603727.SH,market_replay,603727.SH,UNKNOWN,[]
market_replay-603728.SH,market_replay,603728.SH,UNKNOWN,[]
market_replay-603730.SH,market_replay,603730.SH,UNKNOWN,[]
market_replay-603733.SH,market_replay,603733.SH,UNKNOWN,[]
market_replay-603737.SH,market_replay,603737.SH,UNKNOWN,[]
market_replay-603758.SH,market_replay,603758.SH,UNKNOWN,[]
market_replay-603766.SH,market_replay,603766.SH,UNKNOWN,[]
market_replay-603773.SH,market_replay,603773.SH,UNKNOWN,[]
market_replay-603777.SH,market_replay,603777.SH,UNKNOWN,[]
market_replay-603779.SH,market_replay,603779.SH,UNKNOWN,[]
market_replay-603786.SH,market_replay,603786.SH,UNKNOWN,[]
market_replay-603789.SH,market_replay,603789.SH,UNKNOWN,[]
market_replay-603799.SH,market_replay,603799.SH,UNKNOWN,[]
market_replay-603800.SH,market_replay,603800.SH,UNKNOWN,[]
market_replay-603801.SH,market_replay,603801.SH,UNKNOWN,[]
market_replay-603803.SH,market_replay,603803.SH,UNKNOWN,[]
market_replay-603806.SH,market_replay,603806.SH,UNKNOWN,[]
market_replay-603808.SH,market_replay,603808.SH,UNKNOWN,[]
market_replay-603809.SH,market_replay,603809.SH,UNKNOWN,[]
market_replay-603815.SH,market_replay,603815.SH,UNKNOWN,[]
market_replay-603816.SH,market_replay,603816.SH,UNKNOWN,[]
market_replay-603817.SH,market_replay,603817.SH,UNKNOWN,[]
market_replay-603818.SH,market_replay,603818.SH,UNKNOWN,[]
market_replay-603826.SH,market_replay,603826.SH,UNKNOWN,[]
market_replay-603833.SH,market_replay,603833.SH,UNKNOWN,[]
market_replay-603839.SH,market_replay,603839.SH,UNKNOWN,[]
market_replay-603843.SH,market_replay,603843.SH,UNKNOWN,[]
market_replay-603848.SH,market_replay,603848.SH,UNKNOWN,[]
market_replay-603858.SH,market_replay,603858.SH,UNKNOWN,[]
market_replay-603861.SH,market_replay,603861.SH,UNKNOWN,[]
market_replay-603866.SH,market_replay,603866.SH,UNKNOWN,[]
market_replay-603868.SH,market_replay,603868.SH,UNKNOWN,[]
market_replay-603869.SH,market_replay,603869.SH,UNKNOWN,[]
market_replay-603871.SH,market_replay,603871.SH,UNKNOWN,[]
market_replay-603876.SH,market_replay,603876.SH,UNKNOWN,[]
market_replay-603877.SH,market_replay,603877.SH,UNKNOWN,[]
market_replay-603881.SH,market_replay,603881.SH,UNKNOWN,[]
market_replay-603882.SH,market_replay,603882.SH,UNKNOWN,[]
market_replay-603883.SH,market_replay,603883.SH,UNKNOWN,[]
market_replay-603885.SH,market_replay,603885.SH,UNKNOWN,[]
market_replay-603887.SH,market_replay,603887.SH,UNKNOWN,[]
market_replay-603888.SH,market_replay,603888.SH,UNKNOWN,[]
market_replay-603893.SH,market_replay,603893.SH,UNKNOWN,[]
market_replay-603896.SH,market_replay,603896.SH,UNKNOWN,[]
market_replay-603898.SH,market_replay,603898.SH,UNKNOWN,[]
market_replay-603899.SH,market_replay,603899.SH,UNKNOWN,[]
market_replay-603900.SH,market_replay,603900.SH,UNKNOWN,[]
market_replay-603906.SH,market_replay,603906.SH,UNKNOWN,[]
market_replay-603915.SH,market_replay,603915.SH,UNKNOWN,[]
market_replay-603916.SH,market_replay,603916.SH,UNKNOWN,[]
market_replay-603919.SH,market_replay,603919.SH,UNKNOWN,[]
market_replay-603920.SH,market_replay,603920.SH,UNKNOWN,[]
market_replay-603927.SH,market_replay,603927.SH,UNKNOWN,[]
market_replay-603929.SH,market_replay,603929.SH,UNKNOWN,[]
market_replay-603936.SH,market_replay,603936.SH,UNKNOWN,[]
market_replay-603938.SH,market_replay,603938.SH,UNKNOWN,[]
market_replay-603939.SH,market_replay,603939.SH,UNKNOWN,[]
market_replay-603950.SH,market_replay,603950.SH,UNKNOWN,[]
market_replay-603956.SH,market_replay,603956.SH,UNKNOWN,[]
market_replay-603958.SH,market_replay,603958.SH,UNKNOWN,[]
market_replay-603959.SH,market_replay,603959.SH,UNKNOWN,[]
market_replay-603960.SH,market_replay,603960.SH,UNKNOWN,[]
market_replay-603969.SH,market_replay,603969.SH,UNKNOWN,[]
market_replay-603976.SH,market_replay,603976.SH,UNKNOWN,[]
market_replay-603979.SH,market_replay,603979.SH,UNKNOWN,[]
market_replay-603980.SH,market_replay,603980.SH,UNKNOWN,[]
market_replay-603983.SH,market_replay,603983.SH,UNKNOWN,[]
market_replay-603985.SH,market_replay,603985.SH,UNKNOWN,[]
market_replay-603986.SH,market_replay,603986.SH,UNKNOWN,[]
market_replay-603989.SH,market_replay,603989.SH,UNKNOWN,[]
market_replay-603992.SH,market_replay,603992.SH,UNKNOWN,[]
market_replay-603993.SH,market_replay,603993.SH,UNKNOWN,[]
market_replay-603995.SH,market_replay,603995.SH,UNKNOWN,[]
market_replay-603996.SH,market_replay,603996.SH,UNKNOWN,[]
market_replay-603997.SH,market_replay,603997.SH,UNKNOWN,[]
market_replay-603999.SH,market_replay,603999.SH,UNKNOWN,[]
market_replay-605007.SH,market_replay,605007.SH,UNKNOWN,[]
market_replay-605008.SH,market_replay,605008.SH,UNKNOWN,[]
market_replay-605009.SH,market_replay,605009.SH,UNKNOWN,[]
market_replay-605011.SH,market_replay,605011.SH,UNKNOWN,[]
market_replay-605020.SH,market_replay,605020.SH,UNKNOWN,[]
market_replay-605090.SH,market_replay,605090.SH,UNKNOWN,[]
market_replay-605099.SH,market_replay,605099.SH,UNKNOWN,[]
market_replay-605111.SH,market_replay,605111.SH,UNKNOWN,[]
market_replay-605116.SH,market_replay,605116.SH,UNKNOWN,[]
market_replay-605117.SH,market_replay,605117.SH,UNKNOWN,[]
market_replay-605118.SH,market_replay,605118.SH,UNKNOWN,[]
market_replay-605123.SH,market_replay,605123.SH,UNKNOWN,[]
market_replay-605136.SH,market_replay,605136.SH,UNKNOWN,[]
market_replay-605168.SH,market_replay,605168.SH,UNKNOWN,[]
market_replay-605196.SH,market_replay,605196.SH,UNKNOWN,[]
market_replay-605198.SH,market_replay,605198.SH,UNKNOWN,[]
market_replay-605199.SH,market_replay,605199.SH,UNKNOWN,[]
market_replay-605222.SH,market_replay,605222.SH,UNKNOWN,[]
market_replay-605296.SH,market_replay,605296.SH,UNKNOWN,[]
market_replay-605333.SH,market_replay,605333.SH,UNKNOWN,[]
market_replay-605338.SH,market_replay,605338.SH,UNKNOWN,[]
market_replay-605339.SH,market_replay,605339.SH,UNKNOWN,[]
market_replay-605358.SH,market_replay,605358.SH,UNKNOWN,[]
market_replay-605365.SH,market_replay,605365.SH,UNKNOWN,[]
market_replay-605368.SH,market_replay,605368.SH,UNKNOWN,[]
market_replay-605369.SH,market_replay,605369.SH,UNKNOWN,[]
market_replay-605376.SH,market_replay,605376.SH,UNKNOWN,[]
market_replay-605388.SH,market_replay,605388.SH,UNKNOWN,[]
market_replay-605499.SH,market_replay,605499.SH,UNKNOWN,[]
market_replay-605507.SH,market_replay,605507.SH,UNKNOWN,[]
market_replay-605555.SH,market_replay,605555.SH,UNKNOWN,[]
market_replay-605577.SH,market_replay,605577.SH,UNKNOWN,[]
market_replay-605589.SH,market_replay,605589.SH,UNKNOWN,[]
market_replay-605599.SH,market_replay,605599.SH,UNKNOWN,[]
market_replay-688001.SH,market_replay,688001.SH,UNKNOWN,[]
market_replay-688002.SH,market_replay,688002.SH,UNKNOWN,[]
market_replay-688003.SH,market_replay,688003.SH,UNKNOWN,[]
market_replay-688005.SH,market_replay,688005.SH,UNKNOWN,[]
market_replay-688006.SH,market_replay,688006.SH,UNKNOWN,[]
market_replay-688007.SH,market_replay,688007.SH,UNKNOWN,[]
market_replay-688008.SH,market_replay,688008.SH,UNKNOWN,[]
market_replay-688009.SH,market_replay,688009.SH,UNKNOWN,[]
market_replay-688012.SH,market_replay,688012.SH,UNKNOWN,[]
market_replay-688016.SH,market_replay,688016.SH,UNKNOWN,[]
market_replay-688017.SH,market_replay,688017.SH,UNKNOWN,[]
market_replay-688018.SH,market_replay,688018.SH,UNKNOWN,[]
market_replay-688019.SH,market_replay,688019.SH,UNKNOWN,[]
market_replay-688020.SH,market_replay,688020.SH,UNKNOWN,[]
market_replay-688023.SH,market_replay,688023.SH,UNKNOWN,[]
market_replay-688025.SH,market_replay,688025.SH,UNKNOWN,[]
market_replay-688027.SH,market_replay,688027.SH,UNKNOWN,[]
market_replay-688029.SH,market_replay,688029.SH,UNKNOWN,[]
market_replay-688030.SH,market_replay,688030.SH,UNKNOWN,[]
market_replay-688031.SH,market_replay,688031.SH,UNKNOWN,[]
market_replay-688032.SH,market_replay,688032.SH,UNKNOWN,[]
market_replay-688033.SH,market_replay,688033.SH,UNKNOWN,[]
market_replay-688036.SH,market_replay,688036.SH,UNKNOWN,[]
market_replay-688037.SH,market_replay,688037.SH,UNKNOWN,[]
market_replay-688041.SH,market_replay,688041.SH,UNKNOWN,[]
market_replay-688046.SH,market_replay,688046.SH,UNKNOWN,[]
market_replay-688047.SH,market_replay,688047.SH,UNKNOWN,[]
market_replay-688048.SH,market_replay,688048.SH,UNKNOWN,[]
market_replay-688050.SH,market_replay,688050.SH,UNKNOWN,[]
market_replay-688052.SH,market_replay,688052.SH,UNKNOWN,[]
market_replay-688055.SH,market_replay,688055.SH,UNKNOWN,[]
market_replay-688062.SH,market_replay,688062.SH,UNKNOWN,[]
market_replay-688063.SH,market_replay,688063.SH,UNKNOWN,[]
market_replay-688065.SH,market_replay,688065.SH,UNKNOWN,[]
market_replay-688066.SH,market_replay,688066.SH,UNKNOWN,[]
market_replay-688068.SH,market_replay,688068.SH,UNKNOWN,[]
market_replay-688072.SH,market_replay,688072.SH,UNKNOWN,[]
market_replay-688076.SH,market_replay,688076.SH,UNKNOWN,[]
market_replay-688082.SH,market_replay,688082.SH,UNKNOWN,[]
market_replay-688083.SH,market_replay,688083.SH,UNKNOWN,[]
market_replay-688085.SH,market_replay,688085.SH,UNKNOWN,[]
market_replay-688086.SH,market_replay,688086.SH,UNKNOWN,[]
market_replay-688088.SH,market_replay,688088.SH,UNKNOWN,[]
market_replay-688091.SH,market_replay,688091.SH,UNKNOWN,[]
market_replay-688095.SH,market_replay,688095.SH,UNKNOWN,[]
market_replay-688097.SH,market_replay,688097.SH,UNKNOWN,[]
market_replay-688098.SH,market_replay,688098.SH,UNKNOWN,[]
market_replay-688099.SH,market_replay,688099.SH,UNKNOWN,[]
market_replay-688100.SH,market_replay,688100.SH,UNKNOWN,[]
market_replay-688102.SH,market_replay,688102.SH,UNKNOWN,[]
market_replay-688105.SH,market_replay,688105.SH,UNKNOWN,[]
market_replay-688106.SH,market_replay,688106.SH,UNKNOWN,[]
market_replay-688107.SH,market_replay,688107.SH,UNKNOWN,[]
market_replay-688108.SH,market_replay,688108.SH,UNKNOWN,[]
market_replay-688110.SH,market_replay,688110.SH,UNKNOWN,[]
market_replay-688111.SH,market_replay,688111.SH,UNKNOWN,[]
market_replay-688114.SH,market_replay,688114.SH,UNKNOWN,[]
market_replay-688116.SH,market_replay,688116.SH,UNKNOWN,[]
market_replay-688120.SH,market_replay,688120.SH,UNKNOWN,[]
market_replay-688122.SH,market_replay,688122.SH,UNKNOWN,[]
market_replay-688123.SH,market_replay,688123.SH,UNKNOWN,[]
market_replay-688126.SH,market_replay,688126.SH,UNKNOWN,[]
market_replay-688127.SH,market_replay,688127.SH,UNKNOWN,[]
market_replay-688128.SH,market_replay,688128.SH,UNKNOWN,[]
market_replay-688131.SH,market_replay,688131.SH,UNKNOWN,[]
market_replay-688133.SH,market_replay,688133.SH,UNKNOWN,[]
market_replay-688139.SH,market_replay,688139.SH,UNKNOWN,[]
market_replay-688141.SH,market_replay,688141.SH,UNKNOWN,[]
market_replay-688146.SH,market_replay,688146.SH,UNKNOWN,[]
market_replay-688147.SH,market_replay,688147.SH,UNKNOWN,[]
market_replay-688148.SH,market_replay,688148.SH,UNKNOWN,[]
market_replay-688150.SH,market_replay,688150.SH,UNKNOWN,[]
market_replay-688152.SH,market_replay,688152.SH,UNKNOWN,[]
market_replay-688153.SH,market_replay,688153.SH,UNKNOWN,[]
market_replay-688158.SH,market_replay,688158.SH,UNKNOWN,[]
market_replay-688161.SH,market_replay,688161.SH,UNKNOWN,[]
market_replay-688165.SH,market_replay,688165.SH,UNKNOWN,[]
market_replay-688166.SH,market_replay,688166.SH,UNKNOWN,[]
market_replay-688167.SH,market_replay,688167.SH,UNKNOWN,[]
market_replay-688169.SH,market_replay,688169.SH,UNKNOWN,[]
market_replay-688172.SH,market_replay,688172.SH,UNKNOWN,[]
market_replay-688173.SH,market_replay,688173.SH,UNKNOWN,[]
market_replay-688177.SH,market_replay,688177.SH,UNKNOWN,[]
market_replay-688180.SH,market_replay,688180.SH,UNKNOWN,[]
market_replay-688182.SH,market_replay,688182.SH,UNKNOWN,[]
market_replay-688183.SH,market_replay,688183.SH,UNKNOWN,[]
market_replay-688185.SH,market_replay,688185.SH,UNKNOWN,[]
market_replay-688187.SH,market_replay,688187.SH,UNKNOWN,[]
market_replay-688188.SH,market_replay,688188.SH,UNKNOWN,[]
market_replay-688190.SH,market_replay,688190.SH,UNKNOWN,[]
market_replay-688192.SH,market_replay,688192.SH,UNKNOWN,[]
market_replay-688195.SH,market_replay,688195.SH,UNKNOWN,[]
market_replay-688198.SH,market_replay,688198.SH,UNKNOWN,[]
market_replay-688200.SH,market_replay,688200.SH,UNKNOWN,[]
market_replay-688202.SH,market_replay,688202.SH,UNKNOWN,[]
market_replay-688205.SH,market_replay,688205.SH,UNKNOWN,[]
market_replay-688206.SH,market_replay,688206.SH,UNKNOWN,[]
market_replay-688208.SH,market_replay,688208.SH,UNKNOWN,[]
market_replay-688209.SH,market_replay,688209.SH,UNKNOWN,[]
market_replay-688213.SH,market_replay,688213.SH,UNKNOWN,[]
market_replay-688220.SH,market_replay,688220.SH,UNKNOWN,[]
market_replay-688222.SH,market_replay,688222.SH,UNKNOWN,[]
market_replay-688223.SH,market_replay,688223.SH,UNKNOWN,[]
market_replay-688232.SH,market_replay,688232.SH,UNKNOWN,[]
market_replay-688233.SH,market_replay,688233.SH,UNKNOWN,[]
market_replay-688234.SH,market_replay,688234.SH,UNKNOWN,[]
market_replay-688235.SH,market_replay,688235.SH,UNKNOWN,[]
market_replay-688238.SH,market_replay,688238.SH,UNKNOWN,[]
market_replay-688239.SH,market_replay,688239.SH,UNKNOWN,[]
market_replay-688248.SH,market_replay,688248.SH,UNKNOWN,[]
market_replay-688249.SH,market_replay,688249.SH,UNKNOWN,[]
market_replay-688252.SH,market_replay,688252.SH,UNKNOWN,[]
market_replay-688256.SH,market_replay,688256.SH,UNKNOWN,[]
market_replay-688261.SH,market_replay,688261.SH,UNKNOWN,[]
market_replay-688262.SH,market_replay,688262.SH,UNKNOWN,[]
market_replay-688266.SH,market_replay,688266.SH,UNKNOWN,[]
market_replay-688268.SH,market_replay,688268.SH,UNKNOWN,[]
market_replay-688270.SH,market_replay,688270.SH,UNKNOWN,[]
market_replay-688271.SH,market_replay,688271.SH,UNKNOWN,[]
market_replay-688275.SH,market_replay,688275.SH,UNKNOWN,[]
market_replay-688276.SH,market_replay,688276.SH,UNKNOWN,[]
market_replay-688277.SH,market_replay,688277.SH,UNKNOWN,[]
market_replay-688278.SH,market_replay,688278.SH,UNKNOWN,[]
market_replay-688279.SH,market_replay,688279.SH,UNKNOWN,[]
market_replay-688281.SH,market_replay,688281.SH,UNKNOWN,[]
market_replay-688289.SH,market_replay,688289.SH,UNKNOWN,[]
market_replay-688295.SH,market_replay,688295.SH,UNKNOWN,[]
market_replay-688297.SH,market_replay,688297.SH,UNKNOWN,[]
market_replay-688298.SH,market_replay,688298.SH,UNKNOWN,[]
market_replay-688300.SH,market_replay,688300.SH,UNKNOWN,[]
market_replay-688301.SH,market_replay,688301.SH,UNKNOWN,[]
market_replay-688303.SH,market_replay,688303.SH,UNKNOWN,[]
market_replay-688306.SH,market_replay,688306.SH,UNKNOWN,[]
market_replay-688313.SH,market_replay,688313.SH,UNKNOWN,[]
market_replay-688315.SH,market_replay,688315.SH,UNKNOWN,[]
market_replay-688318.SH,market_replay,688318.SH,UNKNOWN,[]
market_replay-688321.SH,market_replay,688321.SH,UNKNOWN,[]
market_replay-688322.SH,market_replay,688322.SH,UNKNOWN,[]
market_replay-688326.SH,market_replay,688326.SH,UNKNOWN,[]
market_replay-688327.SH,market_replay,688327.SH,UNKNOWN,[]
market_replay-688330.SH,market_replay,688330.SH,UNKNOWN,[]
market_replay-688331.SH,market_replay,688331.SH,UNKNOWN,[]
market_replay-688332.SH,market_replay,688332.SH,UNKNOWN,[]
market_replay-688333.SH,market_replay,688333.SH,UNKNOWN,[]
market_replay-688336.SH,market_replay,688336.SH,UNKNOWN,[]
market_replay-688337.SH,market_replay,688337.SH,UNKNOWN,[]
market_replay-688339.SH,market_replay,688339.SH,UNKNOWN,[]
market_replay-688343.SH,market_replay,688343.SH,UNKNOWN,[]
market_replay-688347.SH,market_replay,688347.SH,UNKNOWN,[]
market_replay-688348.SH,market_replay,688348.SH,UNKNOWN,[]
market_replay-688349.SH,market_replay,688349.SH,UNKNOWN,[]
market_replay-688351.SH,market_replay,688351.SH,UNKNOWN,[]
market_replay-688352.SH,market_replay,688352.SH,UNKNOWN,[]
market_replay-688353.SH,market_replay,688353.SH,UNKNOWN,[]
market_replay-688356.SH,market_replay,688356.SH,UNKNOWN,[]
market_replay-688361.SH,market_replay,688361.SH,UNKNOWN,[]
market_replay-688362.SH,market_replay,688362.SH,UNKNOWN,[]
market_replay-688363.SH,market_replay,688363.SH,UNKNOWN,[]
market_replay-688365.SH,market_replay,688365.SH,UNKNOWN,[]
market_replay-688366.SH,market_replay,688366.SH,UNKNOWN,[]
market_replay-688368.SH,market_replay,688368.SH,UNKNOWN,[]
market_replay-688372.SH,market_replay,688372.SH,UNKNOWN,[]
market_replay-688375.SH,market_replay,688375.SH,UNKNOWN,[]
market_replay-688380.SH,market_replay,688380.SH,UNKNOWN,[]
market_replay-688381.SH,market_replay,688381.SH,UNKNOWN,[]
market_replay-688382.SH,market_replay,688382.SH,UNKNOWN,[]
market_replay-688383.SH,market_replay,688383.SH,UNKNOWN,[]
market_replay-688385.SH,market_replay,688385.SH,UNKNOWN,[]
market_replay-688387.SH,market_replay,688387.SH,UNKNOWN,[]
market_replay-688388.SH,market_replay,688388.SH,UNKNOWN,[]
market_replay-688389.SH,market_replay,688389.SH,UNKNOWN,[]
market_replay-688390.SH,market_replay,688390.SH,UNKNOWN,[]
market_replay-688392.SH,market_replay,688392.SH,UNKNOWN,[]
market_replay-688396.SH,market_replay,688396.SH,UNKNOWN,[]
market_replay-688399.SH,market_replay,688399.SH,UNKNOWN,[]
market_replay-688400.SH,market_replay,688400.SH,UNKNOWN,[]
market_replay-688403.SH,market_replay,688403.SH,UNKNOWN,[]
market_replay-688408.SH,market_replay,688408.SH,UNKNOWN,[]
market_replay-688409.SH,market_replay,688409.SH,UNKNOWN,[]
market_replay-688411.SH,market_replay,688411.SH,UNKNOWN,[]
market_replay-688425.SH,market_replay,688425.SH,UNKNOWN,[]
market_replay-688432.SH,market_replay,688432.SH,UNKNOWN,[]
market_replay-688433.SH,market_replay,688433.SH,UNKNOWN,[]
market_replay-688439.SH,market_replay,688439.SH,UNKNOWN,[]
market_replay-688443.SH,market_replay,688443.SH,UNKNOWN,[]
market_replay-688449.SH,market_replay,688449.SH,UNKNOWN,[]
market_replay-688469.SH,market_replay,688469.SH,UNKNOWN,[]
market_replay-688472.SH,market_replay,688472.SH,UNKNOWN,[]
market_replay-688475.SH,market_replay,688475.SH,UNKNOWN,[]
market_replay-688484.SH,market_replay,688484.SH,UNKNOWN,[]
market_replay-688486.SH,market_replay,688486.SH,UNKNOWN,[]
market_replay-688498.SH,market_replay,688498.SH,UNKNOWN,[]
market_replay-688499.SH,market_replay,688499.SH,UNKNOWN,[]
market_replay-688502.SH,market_replay,688502.SH,UNKNOWN,[]
market_replay-688503.SH,market_replay,688503.SH,UNKNOWN,[]
market_replay-688505.SH,market_replay,688505.SH,UNKNOWN,[]
market_replay-688506.SH,market_replay,688506.SH,UNKNOWN,[]
market_replay-688508.SH,market_replay,688508.SH,UNKNOWN,[]
market_replay-688515.SH,market_replay,688515.SH,UNKNOWN,[]
market_replay-688516.SH,market_replay,688516.SH,UNKNOWN,[]
market_replay-688518.SH,market_replay,688518.SH,UNKNOWN,[]
market_replay-688519.SH,market_replay,688519.SH,UNKNOWN,[]
market_replay-688520.SH,market_replay,688520.SH,UNKNOWN,[]
market_replay-688521.SH,market_replay,688521.SH,UNKNOWN,[]
market_replay-688522.SH,market_replay,688522.SH,UNKNOWN,[]
market_replay-688523.SH,market_replay,688523.SH,UNKNOWN,[]
market_replay-688525.SH,market_replay,688525.SH,UNKNOWN,[]
market_replay-688526.SH,market_replay,688526.SH,UNKNOWN,[]
market_replay-688531.SH,market_replay,688531.SH,UNKNOWN,[]
market_replay-688536.SH,market_replay,688536.SH,UNKNOWN,[]
market_replay-688538.SH,market_replay,688538.SH,UNKNOWN,[]
market_replay-688543.SH,market_replay,688543.SH,UNKNOWN,[]
market_replay-688545.SH,market_replay,688545.SH,UNKNOWN,[]
market_replay-688548.SH,market_replay,688548.SH,UNKNOWN,[]
market_replay-688549.SH,market_replay,688549.SH,UNKNOWN,[]
market_replay-688552.SH,market_replay,688552.SH,UNKNOWN,[]
market_replay-688556.SH,market_replay,688556.SH,UNKNOWN,[]
market_replay-688559.SH,market_replay,688559.SH,UNKNOWN,[]
market_replay-688561.SH,market_replay,688561.SH,UNKNOWN,[]
market_replay-688563.SH,market_replay,688563.SH,UNKNOWN,[]
market_replay-688567.SH,market_replay,688567.SH,UNKNOWN,[]
market_replay-688568.SH,market_replay,688568.SH,UNKNOWN,[]
market_replay-688575.SH,market_replay,688575.SH,UNKNOWN,[]
market_replay-688578.SH,market_replay,688578.SH,UNKNOWN,[]
market_replay-688582.SH,market_replay,688582.SH,UNKNOWN,[]
market_replay-688584.SH,market_replay,688584.SH,UNKNOWN,[]
market_replay-688586.SH,market_replay,688586.SH,UNKNOWN,[]
market_replay-688591.SH,market_replay,688591.SH,UNKNOWN,[]
market_replay-688593.SH,market_replay,688593.SH,UNKNOWN,[]
market_replay-688596.SH,market_replay,688596.SH,UNKNOWN,[]
market_replay-688598.SH,market_replay,688598.SH,UNKNOWN,[]
market_replay-688599.SH,market_replay,688599.SH,UNKNOWN,[]
market_replay-688605.SH,market_replay,688605.SH,UNKNOWN,[]
market_replay-688608.SH,market_replay,688608.SH,UNKNOWN,[]
market_replay-688612.SH,market_replay,688612.SH,UNKNOWN,[]
market_replay-688615.SH,market_replay,688615.SH,UNKNOWN,[]
market_replay-688617.SH,market_replay,688617.SH,UNKNOWN,[]
market_replay-688627.SH,market_replay,688627.SH,UNKNOWN,[]
market_replay-688629.SH,market_replay,688629.SH,UNKNOWN,[]
market_replay-688630.SH,market_replay,688630.SH,UNKNOWN,[]
market_replay-688631.SH,market_replay,688631.SH,UNKNOWN,[]
market_replay-688639.SH,market_replay,688639.SH,UNKNOWN,[]
market_replay-688652.SH,market_replay,688652.SH,UNKNOWN,[]
market_replay-688658.SH,market_replay,688658.SH,UNKNOWN,[]
market_replay-688660.SH,market_replay,688660.SH,UNKNOWN,[]
market_replay-688668.SH,market_replay,688668.SH,UNKNOWN,[]
market_replay-688676.SH,market_replay,688676.SH,UNKNOWN,[]
market_replay-688680.SH,market_replay,688680.SH,UNKNOWN,[]
market_replay-688686.SH,market_replay,688686.SH,UNKNOWN,[]
market_replay-688690.SH,market_replay,688690.SH,UNKNOWN,[]
market_replay-688691.SH,market_replay,688691.SH,UNKNOWN,[]
market_replay-688692.SH,market_replay,688692.SH,UNKNOWN,[]
market_replay-688696.SH,market_replay,688696.SH,UNKNOWN,[]
market_replay-688698.SH,market_replay,688698.SH,UNKNOWN,[]
market_replay-688699.SH,market_replay,688699.SH,UNKNOWN,[]
market_replay-688700.SH,market_replay,688700.SH,UNKNOWN,[]
market_replay-688702.SH,market_replay,688702.SH,UNKNOWN,[]
market_replay-688707.SH,market_replay,688707.SH,UNKNOWN,[]
market_replay-688708.SH,market_replay,688708.SH,UNKNOWN,[]
market_replay-688709.SH,market_replay,688709.SH,UNKNOWN,[]
market_replay-688711.SH,market_replay,688711.SH,UNKNOWN,[]
market_replay-688717.SH,market_replay,688717.SH,UNKNOWN,[]
market_replay-688726.SH,market_replay,688726.SH,UNKNOWN,[]
market_replay-688728.SH,market_replay,688728.SH,UNKNOWN,[]
market_replay-688733.SH,market_replay,688733.SH,UNKNOWN,[]
market_replay-688739.SH,market_replay,688739.SH,UNKNOWN,[]
market_replay-688766.SH,market_replay,688766.SH,UNKNOWN,[]
market_replay-688772.SH,market_replay,688772.SH,UNKNOWN,[]
market_replay-688776.SH,market_replay,688776.SH,UNKNOWN,[]
market_replay-688777.SH,market_replay,688777.SH,UNKNOWN,[]
market_replay-688778.SH,market_replay,688778.SH,UNKNOWN,[]
market_replay-688779.SH,market_replay,688779.SH,UNKNOWN,[]
market_replay-688788.SH,market_replay,688788.SH,UNKNOWN,[]
market_replay-688789.SH,market_replay,688789.SH,UNKNOWN,[]
market_replay-688798.SH,market_replay,688798.SH,UNKNOWN,[]
market_replay-688800.SH,market_replay,688800.SH,UNKNOWN,[]
market_replay-688819.SH,market_replay,688819.SH,UNKNOWN,[]
market_replay-688981.SH,market_replay,688981.SH,UNKNOWN,[]
market_replay-689009.SH,market_replay,689009.SH,UNKNOWN,[]
pr6_fact-000001.SZ,pr6_fact,000001.SZ,UNKNOWN,[]
pr6_fact-000002.SZ,pr6_fact,000002.SZ,UNKNOWN,[]
pr6_fact-000005.SZ,pr6_fact,000005.SZ,UNKNOWN,[]
pr6_fact-000006.SZ,pr6_fact,000006.SZ,UNKNOWN,[]
pr6_fact-000007.SZ,pr6_fact,000007.SZ,UNKNOWN,[]
pr6_fact-000008.SZ,pr6_fact,000008.SZ,UNKNOWN,[]
pr6_fact-000009.SZ,pr6_fact,000009.SZ,UNKNOWN,[]
pr6_fact-000010.SZ,pr6_fact,000010.SZ,UNKNOWN,[]
pr6_fact-000011.SZ,pr6_fact,000011.SZ,UNKNOWN,[]
pr6_fact-000012.SZ,pr6_fact,000012.SZ,UNKNOWN,[]
pr6_fact-000014.SZ,pr6_fact,000014.SZ,UNKNOWN,[]
pr6_fact-000016.SZ,pr6_fact,000016.SZ,UNKNOWN,[]
pr6_fact-000018.SZ,pr6_fact,000018.SZ,UNKNOWN,[]
pr6_fact-000019.SZ,pr6_fact,000019.SZ,UNKNOWN,[]
pr6_fact-000021.SZ,pr6_fact,000021.SZ,UNKNOWN,[]
pr6_fact-000024.SZ,pr6_fact,000024.SZ,UNKNOWN,[]
pr6_fact-000025.SZ,pr6_fact,000025.SZ,UNKNOWN,[]
pr6_fact-000026.SZ,pr6_fact,000026.SZ,UNKNOWN,[]
pr6_fact-000027.SZ,pr6_fact,000027.SZ,UNKNOWN,[]
pr6_fact-000028.SZ,pr6_fact,000028.SZ,UNKNOWN,[]
pr6_fact-000029.SZ,pr6_fact,000029.SZ,UNKNOWN,[]
pr6_fact-000030.SZ,pr6_fact,000030.SZ,UNKNOWN,[]
pr6_fact-000031.SZ,pr6_fact,000031.SZ,UNKNOWN,[]
pr6_fact-000032.SZ,pr6_fact,000032.SZ,UNKNOWN,[]
pr6_fact-000033.SZ,pr6_fact,000033.SZ,UNKNOWN,[]
pr6_fact-000034.SZ,pr6_fact,000034.SZ,UNKNOWN,[]
pr6_fact-000035.SZ,pr6_fact,000035.SZ,UNKNOWN,[]
pr6_fact-000036.SZ,pr6_fact,000036.SZ,UNKNOWN,[]
pr6_fact-000037.SZ,pr6_fact,000037.SZ,UNKNOWN,[]
pr6_fact-000038.SZ,pr6_fact,000038.SZ,UNKNOWN,[]
pr6_fact-000039.SZ,pr6_fact,000039.SZ,UNKNOWN,[]
pr6_fact-000040.SZ,pr6_fact,000040.SZ,UNKNOWN,[]
pr6_fact-000042.SZ,pr6_fact,000042.SZ,UNKNOWN,[]
pr6_fact-000046.SZ,pr6_fact,000046.SZ,UNKNOWN,[]
pr6_fact-000048.SZ,pr6_fact,000048.SZ,UNKNOWN,[]
pr6_fact-000049.SZ,pr6_fact,000049.SZ,UNKNOWN,[]
pr6_fact-000050.SZ,pr6_fact,000050.SZ,UNKNOWN,[]
pr6_fact-000055.SZ,pr6_fact,000055.SZ,UNKNOWN,[]
pr6_fact-000056.SZ,pr6_fact,000056.SZ,UNKNOWN,[]
pr6_fact-000058.SZ,pr6_fact,000058.SZ,UNKNOWN,[]
pr6_fact-000059.SZ,pr6_fact,000059.SZ,UNKNOWN,[]
pr6_fact-000060.SZ,pr6_fact,000060.SZ,UNKNOWN,[]
pr6_fact-000061.SZ,pr6_fact,000061.SZ,UNKNOWN,[]
pr6_fact-000062.SZ,pr6_fact,000062.SZ,UNKNOWN,[]
pr6_fact-000063.SZ,pr6_fact,000063.SZ,UNKNOWN,[]
pr6_fact-000065.SZ,pr6_fact,000065.SZ,UNKNOWN,[]
pr6_fact-000066.SZ,pr6_fact,000066.SZ,UNKNOWN,[]
pr6_fact-000068.SZ,pr6_fact,000068.SZ,UNKNOWN,[]
pr6_fact-000069.SZ,pr6_fact,000069.SZ,UNKNOWN,[]
pr6_fact-000070.SZ,pr6_fact,000070.SZ,UNKNOWN,[]
pr6_fact-000078.SZ,pr6_fact,000078.SZ,UNKNOWN,[]
pr6_fact-000088.SZ,pr6_fact,000088.SZ,UNKNOWN,[]
pr6_fact-000089.SZ,pr6_fact,000089.SZ,UNKNOWN,[]
pr6_fact-000090.SZ,pr6_fact,000090.SZ,UNKNOWN,[]
pr6_fact-000096.SZ,pr6_fact,000096.SZ,UNKNOWN,[]
pr6_fact-000099.SZ,pr6_fact,000099.SZ,UNKNOWN,[]
pr6_fact-000100.SZ,pr6_fact,000100.SZ,UNKNOWN,[]
pr6_fact-000150.SZ,pr6_fact,000150.SZ,UNKNOWN,[]
pr6_fact-000151.SZ,pr6_fact,000151.SZ,UNKNOWN,[]
pr6_fact-000153.SZ,pr6_fact,000153.SZ,UNKNOWN,[]
pr6_fact-000155.SZ,pr6_fact,000155.SZ,UNKNOWN,[]
pr6_fact-000156.SZ,pr6_fact,000156.SZ,UNKNOWN,[]
pr6_fact-000157.SZ,pr6_fact,000157.SZ,UNKNOWN,[]
pr6_fact-000158.SZ,pr6_fact,000158.SZ,UNKNOWN,[]
pr6_fact-000159.SZ,pr6_fact,000159.SZ,UNKNOWN,[]
pr6_fact-000166.SZ,pr6_fact,000166.SZ,UNKNOWN,[]
pr6_fact-000301.SZ,pr6_fact,000301.SZ,UNKNOWN,[]
pr6_fact-000333.SZ,pr6_fact,000333.SZ,UNKNOWN,[]
pr6_fact-000338.SZ,pr6_fact,000338.SZ,UNKNOWN,[]
pr6_fact-000400.SZ,pr6_fact,000400.SZ,UNKNOWN,[]
pr6_fact-000401.SZ,pr6_fact,000401.SZ,UNKNOWN,[]
pr6_fact-000402.SZ,pr6_fact,000402.SZ,UNKNOWN,[]
pr6_fact-000403.SZ,pr6_fact,000403.SZ,UNKNOWN,[]
pr6_fact-000404.SZ,pr6_fact,000404.SZ,UNKNOWN,[]
pr6_fact-000407.SZ,pr6_fact,000407.SZ,UNKNOWN,[]
pr6_fact-000408.SZ,pr6_fact,000408.SZ,UNKNOWN,[]
pr6_fact-000409.SZ,pr6_fact,000409.SZ,UNKNOWN,[]
pr6_fact-000410.SZ,pr6_fact,000410.SZ,UNKNOWN,[]
pr6_fact-000413.SZ,pr6_fact,000413.SZ,UNKNOWN,[]
pr6_fact-000415.SZ,pr6_fact,000415.SZ,UNKNOWN,[]
pr6_fact-000416.SZ,pr6_fact,000416.SZ,UNKNOWN,[]
pr6_fact-000417.SZ,pr6_fact,000417.SZ,UNKNOWN,[]
pr6_fact-000418.SZ,pr6_fact,000418.SZ,UNKNOWN,[]
pr6_fact-000419.SZ,pr6_fact,000419.SZ,UNKNOWN,[]
pr6_fact-000420.SZ,pr6_fact,000420.SZ,UNKNOWN,[]
pr6_fact-000421.SZ,pr6_fact,000421.SZ,UNKNOWN,[]
pr6_fact-000422.SZ,pr6_fact,000422.SZ,UNKNOWN,[]
pr6_fact-000423.SZ,pr6_fact,000423.SZ,UNKNOWN,[]
pr6_fact-000425.SZ,pr6_fact,000425.SZ,UNKNOWN,[]
pr6_fact-000426.SZ,pr6_fact,000426.SZ,UNKNOWN,[]
pr6_fact-000428.SZ,pr6_fact,000428.SZ,UNKNOWN,[]
pr6_fact-000429.SZ,pr6_fact,000429.SZ,UNKNOWN,[]
pr6_fact-000488.SZ,pr6_fact,000488.SZ,UNKNOWN,[]
pr6_fact-000498.SZ,pr6_fact,000498.SZ,UNKNOWN,[]
pr6_fact-000501.SZ,pr6_fact,000501.SZ,UNKNOWN,[]
pr6_fact-000503.SZ,pr6_fact,000503.SZ,UNKNOWN,[]
pr6_fact-000504.SZ,pr6_fact,000504.SZ,UNKNOWN,[]
pr6_fact-000506.SZ,pr6_fact,000506.SZ,UNKNOWN,[]
pr6_fact-000507.SZ,pr6_fact,000507.SZ,UNKNOWN,[]
pr6_fact-000510.SZ,pr6_fact,000510.SZ,UNKNOWN,[]
pr6_fact-000511.SZ,pr6_fact,000511.SZ,UNKNOWN,[]
pr6_fact-000513.SZ,pr6_fact,000513.SZ,UNKNOWN,[]
pr6_fact-000514.SZ,pr6_fact,000514.SZ,UNKNOWN,[]
pr6_fact-000516.SZ,pr6_fact,000516.SZ,UNKNOWN,[]
pr6_fact-000517.SZ,pr6_fact,000517.SZ,UNKNOWN,[]
pr6_fact-000518.SZ,pr6_fact,000518.SZ,UNKNOWN,[]
pr6_fact-000519.SZ,pr6_fact,000519.SZ,UNKNOWN,[]
pr6_fact-000520.SZ,pr6_fact,000520.SZ,UNKNOWN,[]
pr6_fact-000521.SZ,pr6_fact,000521.SZ,UNKNOWN,[]
pr6_fact-000523.SZ,pr6_fact,000523.SZ,UNKNOWN,[]
pr6_fact-000524.SZ,pr6_fact,000524.SZ,UNKNOWN,[]
pr6_fact-000525.SZ,pr6_fact,000525.SZ,UNKNOWN,[]
pr6_fact-000526.SZ,pr6_fact,000526.SZ,UNKNOWN,[]
pr6_fact-000528.SZ,pr6_fact,000528.SZ,UNKNOWN,[]
pr6_fact-000529.SZ,pr6_fact,000529.SZ,UNKNOWN,[]
pr6_fact-000530.SZ,pr6_fact,000530.SZ,UNKNOWN,[]
pr6_fact-000531.SZ,pr6_fact,000531.SZ,UNKNOWN,[]
pr6_fact-000532.SZ,pr6_fact,000532.SZ,UNKNOWN,[]
pr6_fact-000533.SZ,pr6_fact,000533.SZ,UNKNOWN,[]
pr6_fact-000534.SZ,pr6_fact,000534.SZ,UNKNOWN,[]
pr6_fact-000536.SZ,pr6_fact,000536.SZ,UNKNOWN,[]
pr6_fact-000537.SZ,pr6_fact,000537.SZ,UNKNOWN,[]
pr6_fact-000538.SZ,pr6_fact,000538.SZ,UNKNOWN,[]
pr6_fact-000539.SZ,pr6_fact,000539.SZ,UNKNOWN,[]
pr6_fact-000540.SZ,pr6_fact,000540.SZ,UNKNOWN,[]
pr6_fact-000541.SZ,pr6_fact,000541.SZ,UNKNOWN,[]
pr6_fact-000543.SZ,pr6_fact,000543.SZ,UNKNOWN,[]
pr6_fact-000544.SZ,pr6_fact,000544.SZ,UNKNOWN,[]
pr6_fact-000545.SZ,pr6_fact,000545.SZ,UNKNOWN,[]
pr6_fact-000546.SZ,pr6_fact,000546.SZ,UNKNOWN,[]
pr6_fact-000547.SZ,pr6_fact,000547.SZ,UNKNOWN,[]
pr6_fact-000548.SZ,pr6_fact,000548.SZ,UNKNOWN,[]
pr6_fact-000550.SZ,pr6_fact,000550.SZ,UNKNOWN,[]
pr6_fact-000551.SZ,pr6_fact,000551.SZ,UNKNOWN,[]
pr6_fact-000552.SZ,pr6_fact,000552.SZ,UNKNOWN,[]
pr6_fact-000553.SZ,pr6_fact,000553.SZ,UNKNOWN,[]
pr6_fact-000554.SZ,pr6_fact,000554.SZ,UNKNOWN,[]
pr6_fact-000555.SZ,pr6_fact,000555.SZ,UNKNOWN,[]
pr6_fact-000557.SZ,pr6_fact,000557.SZ,UNKNOWN,[]
pr6_fact-000558.SZ,pr6_fact,000558.SZ,UNKNOWN,[]
pr6_fact-000559.SZ,pr6_fact,000559.SZ,UNKNOWN,[]
pr6_fact-000560.SZ,pr6_fact,000560.SZ,UNKNOWN,[]
pr6_fact-000561.SZ,pr6_fact,000561.SZ,UNKNOWN,[]
pr6_fact-000562.SZ,pr6_fact,000562.SZ,UNKNOWN,[]
pr6_fact-000563.SZ,pr6_fact,000563.SZ,UNKNOWN,[]
pr6_fact-000564.SZ,pr6_fact,000564.SZ,UNKNOWN,[]
pr6_fact-000565.SZ,pr6_fact,000565.SZ,UNKNOWN,[]
pr6_fact-000566.SZ,pr6_fact,000566.SZ,UNKNOWN,[]
pr6_fact-000567.SZ,pr6_fact,000567.SZ,UNKNOWN,[]
pr6_fact-000568.SZ,pr6_fact,000568.SZ,UNKNOWN,[]
pr6_fact-000570.SZ,pr6_fact,000570.SZ,UNKNOWN,[]
pr6_fact-000571.SZ,pr6_fact,000571.SZ,UNKNOWN,[]
pr6_fact-000572.SZ,pr6_fact,000572.SZ,UNKNOWN,[]
pr6_fact-000573.SZ,pr6_fact,000573.SZ,UNKNOWN,[]
pr6_fact-000576.SZ,pr6_fact,000576.SZ,UNKNOWN,[]
pr6_fact-000581.SZ,pr6_fact,000581.SZ,UNKNOWN,[]
pr6_fact-000582.SZ,pr6_fact,000582.SZ,UNKNOWN,[]
pr6_fact-000584.SZ,pr6_fact,000584.SZ,UNKNOWN,[]
pr6_fact-000585.SZ,pr6_fact,000585.SZ,UNKNOWN,[]
pr6_fact-000587.SZ,pr6_fact,000587.SZ,UNKNOWN,[]
pr6_fact-000589.SZ,pr6_fact,000589.SZ,UNKNOWN,[]
pr6_fact-000590.SZ,pr6_fact,000590.SZ,UNKNOWN,[]
pr6_fact-000591.SZ,pr6_fact,000591.SZ,UNKNOWN,[]
pr6_fact-000592.SZ,pr6_fact,000592.SZ,UNKNOWN,[]
pr6_fact-000594.SZ,pr6_fact,000594.SZ,UNKNOWN,[]
pr6_fact-000596.SZ,pr6_fact,000596.SZ,UNKNOWN,[]
pr6_fact-000597.SZ,pr6_fact,000597.SZ,UNKNOWN,[]
pr6_fact-000598.SZ,pr6_fact,000598.SZ,UNKNOWN,[]
pr6_fact-000599.SZ,pr6_fact,000599.SZ,UNKNOWN,[]
pr6_fact-000600.SZ,pr6_fact,000600.SZ,UNKNOWN,[]
pr6_fact-000601.SZ,pr6_fact,000601.SZ,UNKNOWN,[]
pr6_fact-000603.SZ,pr6_fact,000603.SZ,UNKNOWN,[]
pr6_fact-000606.SZ,pr6_fact,000606.SZ,UNKNOWN,[]
pr6_fact-000607.SZ,pr6_fact,000607.SZ,UNKNOWN,[]
pr6_fact-000608.SZ,pr6_fact,000608.SZ,UNKNOWN,[]
pr6_fact-000609.SZ,pr6_fact,000609.SZ,UNKNOWN,[]
pr6_fact-000612.SZ,pr6_fact,000612.SZ,UNKNOWN,[]
pr6_fact-000615.SZ,pr6_fact,000615.SZ,UNKNOWN,[]
pr6_fact-000616.SZ,pr6_fact,000616.SZ,UNKNOWN,[]
pr6_fact-000617.SZ,pr6_fact,000617.SZ,UNKNOWN,[]
pr6_fact-000619.SZ,pr6_fact,000619.SZ,UNKNOWN,[]
pr6_fact-000620.SZ,pr6_fact,000620.SZ,UNKNOWN,[]
pr6_fact-000622.SZ,pr6_fact,000622.SZ,UNKNOWN,[]
pr6_fact-000623.SZ,pr6_fact,000623.SZ,UNKNOWN,[]
pr6_fact-000625.SZ,pr6_fact,000625.SZ,UNKNOWN,[]
pr6_fact-000626.SZ,pr6_fact,000626.SZ,UNKNOWN,[]
pr6_fact-000627.SZ,pr6_fact,000627.SZ,UNKNOWN,[]
pr6_fact-000628.SZ,pr6_fact,000628.SZ,UNKNOWN,[]
pr6_fact-000629.SZ,pr6_fact,000629.SZ,UNKNOWN,[]
pr6_fact-000630.SZ,pr6_fact,000630.SZ,UNKNOWN,[]
pr6_fact-000631.SZ,pr6_fact,000631.SZ,UNKNOWN,[]
pr6_fact-000635.SZ,pr6_fact,000635.SZ,UNKNOWN,[]
pr6_fact-000636.SZ,pr6_fact,000636.SZ,UNKNOWN,[]
pr6_fact-000637.SZ,pr6_fact,000637.SZ,UNKNOWN,[]
pr6_fact-000639.SZ,pr6_fact,000639.SZ,UNKNOWN,[]
pr6_fact-000650.SZ,pr6_fact,000650.SZ,UNKNOWN,[]
pr6_fact-000651.SZ,pr6_fact,000651.SZ,UNKNOWN,[]
pr6_fact-000652.SZ,pr6_fact,000652.SZ,UNKNOWN,[]
pr6_fact-000655.SZ,pr6_fact,000655.SZ,UNKNOWN,[]
pr6_fact-000656.SZ,pr6_fact,000656.SZ,UNKNOWN,[]
pr6_fact-000657.SZ,pr6_fact,000657.SZ,UNKNOWN,[]
pr6_fact-000659.SZ,pr6_fact,000659.SZ,UNKNOWN,[]
pr6_fact-000661.SZ,pr6_fact,000661.SZ,UNKNOWN,[]
pr6_fact-000662.SZ,pr6_fact,000662.SZ,UNKNOWN,[]
pr6_fact-000663.SZ,pr6_fact,000663.SZ,UNKNOWN,[]
pr6_fact-000665.SZ,pr6_fact,000665.SZ,UNKNOWN,[]
pr6_fact-000666.SZ,pr6_fact,000666.SZ,UNKNOWN,[]
pr6_fact-000667.SZ,pr6_fact,000667.SZ,UNKNOWN,[]
pr6_fact-000668.SZ,pr6_fact,000668.SZ,UNKNOWN,[]
pr6_fact-000669.SZ,pr6_fact,000669.SZ,UNKNOWN,[]
pr6_fact-000670.SZ,pr6_fact,000670.SZ,UNKNOWN,[]
pr6_fact-000671.SZ,pr6_fact,000671.SZ,UNKNOWN,[]
pr6_fact-000672.SZ,pr6_fact,000672.SZ,UNKNOWN,[]
pr6_fact-000673.SZ,pr6_fact,000673.SZ,UNKNOWN,[]
pr6_fact-000676.SZ,pr6_fact,000676.SZ,UNKNOWN,[]
pr6_fact-000677.SZ,pr6_fact,000677.SZ,UNKNOWN,[]
pr6_fact-000679.SZ,pr6_fact,000679.SZ,UNKNOWN,[]
pr6_fact-000680.SZ,pr6_fact,000680.SZ,UNKNOWN,[]
pr6_fact-000681.SZ,pr6_fact,000681.SZ,UNKNOWN,[]
pr6_fact-000682.SZ,pr6_fact,000682.SZ,UNKNOWN,[]
pr6_fact-000683.SZ,pr6_fact,000683.SZ,UNKNOWN,[]
pr6_fact-000685.SZ,pr6_fact,000685.SZ,UNKNOWN,[]
pr6_fact-000686.SZ,pr6_fact,000686.SZ,UNKNOWN,[]
pr6_fact-000687.SZ,pr6_fact,000687.SZ,UNKNOWN,[]
pr6_fact-000688.SZ,pr6_fact,000688.SZ,UNKNOWN,[]
pr6_fact-000690.SZ,pr6_fact,000690.SZ,UNKNOWN,[]
pr6_fact-000693.SZ,pr6_fact,000693.SZ,UNKNOWN,[]
pr6_fact-000695.SZ,pr6_fact,000695.SZ,UNKNOWN,[]
pr6_fact-000697.SZ,pr6_fact,000697.SZ,UNKNOWN,[]
pr6_fact-000698.SZ,pr6_fact,000698.SZ,UNKNOWN,[]
pr6_fact-000700.SZ,pr6_fact,000700.SZ,UNKNOWN,[]
pr6_fact-000701.SZ,pr6_fact,000701.SZ,UNKNOWN,[]
pr6_fact-000702.SZ,pr6_fact,000702.SZ,UNKNOWN,[]
pr6_fact-000703.SZ,pr6_fact,000703.SZ,UNKNOWN,[]
pr6_fact-000705.SZ,pr6_fact,000705.SZ,UNKNOWN,[]
pr6_fact-000707.SZ,pr6_fact,000707.SZ,UNKNOWN,[]
pr6_fact-000708.SZ,pr6_fact,000708.SZ,UNKNOWN,[]
pr6_fact-000709.SZ,pr6_fact,000709.SZ,UNKNOWN,[]
pr6_fact-000710.SZ,pr6_fact,000710.SZ,UNKNOWN,[]
pr6_fact-000711.SZ,pr6_fact,000711.SZ,UNKNOWN,[]
pr6_fact-000712.SZ,pr6_fact,000712.SZ,UNKNOWN,[]
pr6_fact-000713.SZ,pr6_fact,000713.SZ,UNKNOWN,[]
pr6_fact-000715.SZ,pr6_fact,000715.SZ,UNKNOWN,[]
pr6_fact-000716.SZ,pr6_fact,000716.SZ,UNKNOWN,[]
pr6_fact-000717.SZ,pr6_fact,000717.SZ,UNKNOWN,[]
pr6_fact-000718.SZ,pr6_fact,000718.SZ,UNKNOWN,[]
pr6_fact-000719.SZ,pr6_fact,000719.SZ,UNKNOWN,[]
pr6_fact-000720.SZ,pr6_fact,000720.SZ,UNKNOWN,[]
pr6_fact-000722.SZ,pr6_fact,000722.SZ,UNKNOWN,[]
pr6_fact-000723.SZ,pr6_fact,000723.SZ,UNKNOWN,[]
pr6_fact-000725.SZ,pr6_fact,000725.SZ,UNKNOWN,[]
pr6_fact-000726.SZ,pr6_fact,000726.SZ,UNKNOWN,[]
pr6_fact-000727.SZ,pr6_fact,000727.SZ,UNKNOWN,[]
pr6_fact-000728.SZ,pr6_fact,000728.SZ,UNKNOWN,[]
pr6_fact-000729.SZ,pr6_fact,000729.SZ,UNKNOWN,[]
pr6_fact-000731.SZ,pr6_fact,000731.SZ,UNKNOWN,[]
pr6_fact-000732.SZ,pr6_fact,000732.SZ,UNKNOWN,[]
pr6_fact-000733.SZ,pr6_fact,000733.SZ,UNKNOWN,[]
pr6_fact-000735.SZ,pr6_fact,000735.SZ,UNKNOWN,[]
pr6_fact-000736.SZ,pr6_fact,000736.SZ,UNKNOWN,[]
pr6_fact-000737.SZ,pr6_fact,000737.SZ,UNKNOWN,[]
pr6_fact-000738.SZ,pr6_fact,000738.SZ,UNKNOWN,[]
pr6_fact-000739.SZ,pr6_fact,000739.SZ,UNKNOWN,[]
pr6_fact-000748.SZ,pr6_fact,000748.SZ,UNKNOWN,[]
pr6_fact-000750.SZ,pr6_fact,000750.SZ,UNKNOWN,[]
pr6_fact-000751.SZ,pr6_fact,000751.SZ,UNKNOWN,[]
pr6_fact-000752.SZ,pr6_fact,000752.SZ,UNKNOWN,[]
pr6_fact-000753.SZ,pr6_fact,000753.SZ,UNKNOWN,[]
pr6_fact-000755.SZ,pr6_fact,000755.SZ,UNKNOWN,[]
pr6_fact-000756.SZ,pr6_fact,000756.SZ,UNKNOWN,[]
pr6_fact-000757.SZ,pr6_fact,000757.SZ,UNKNOWN,[]
pr6_fact-000758.SZ,pr6_fact,000758.SZ,UNKNOWN,[]
pr6_fact-000759.SZ,pr6_fact,000759.SZ,UNKNOWN,[]
pr6_fact-000760.SZ,pr6_fact,000760.SZ,UNKNOWN,[]
pr6_fact-000761.SZ,pr6_fact,000761.SZ,UNKNOWN,[]
pr6_fact-000762.SZ,pr6_fact,000762.SZ,UNKNOWN,[]
pr6_fact-000766.SZ,pr6_fact,000766.SZ,UNKNOWN,[]
pr6_fact-000767.SZ,pr6_fact,000767.SZ,UNKNOWN,[]
pr6_fact-000768.SZ,pr6_fact,000768.SZ,UNKNOWN,[]
pr6_fact-000776.SZ,pr6_fact,000776.SZ,UNKNOWN,[]
pr6_fact-000777.SZ,pr6_fact,000777.SZ,UNKNOWN,[]
pr6_fact-000778.SZ,pr6_fact,000778.SZ,UNKNOWN,[]
pr6_fact-000780.SZ,pr6_fact,000780.SZ,UNKNOWN,[]
pr6_fact-000782.SZ,pr6_fact,000782.SZ,UNKNOWN,[]
pr6_fact-000783.SZ,pr6_fact,000783.SZ,UNKNOWN,[]
pr6_fact-000785.SZ,pr6_fact,000785.SZ,UNKNOWN,[]
pr6_fact-000786.SZ,pr6_fact,000786.SZ,UNKNOWN,[]
pr6_fact-000788.SZ,pr6_fact,000788.SZ,UNKNOWN,[]
pr6_fact-000789.SZ,pr6_fact,000789.SZ,UNKNOWN,[]
pr6_fact-000790.SZ,pr6_fact,000790.SZ,UNKNOWN,[]
pr6_fact-000791.SZ,pr6_fact,000791.SZ,UNKNOWN,[]
pr6_fact-000792.SZ,pr6_fact,000792.SZ,UNKNOWN,[]
pr6_fact-000793.SZ,pr6_fact,000793.SZ,UNKNOWN,[]
pr6_fact-000795.SZ,pr6_fact,000795.SZ,UNKNOWN,[]
pr6_fact-000796.SZ,pr6_fact,000796.SZ,UNKNOWN,[]
pr6_fact-000797.SZ,pr6_fact,000797.SZ,UNKNOWN,[]
pr6_fact-000799.SZ,pr6_fact,000799.SZ,UNKNOWN,[]
pr6_fact-000800.SZ,pr6_fact,000800.SZ,UNKNOWN,[]
pr6_fact-000801.SZ,pr6_fact,000801.SZ,UNKNOWN,[]
pr6_fact-000802.SZ,pr6_fact,000802.SZ,UNKNOWN,[]
pr6_fact-000806.SZ,pr6_fact,000806.SZ,UNKNOWN,[]
pr6_fact-000807.SZ,pr6_fact,000807.SZ,UNKNOWN,[]
pr6_fact-000809.SZ,pr6_fact,000809.SZ,UNKNOWN,[]
pr6_fact-000810.SZ,pr6_fact,000810.SZ,UNKNOWN,[]
pr6_fact-000811.SZ,pr6_fact,000811.SZ,UNKNOWN,[]
pr6_fact-000812.SZ,pr6_fact,000812.SZ,UNKNOWN,[]
pr6_fact-000813.SZ,pr6_fact,000813.SZ,UNKNOWN,[]
pr6_fact-000815.SZ,pr6_fact,000815.SZ,UNKNOWN,[]
pr6_fact-000816.SZ,pr6_fact,000816.SZ,UNKNOWN,[]
pr6_fact-000818.SZ,pr6_fact,000818.SZ,UNKNOWN,[]
pr6_fact-000819.SZ,pr6_fact,000819.SZ,UNKNOWN,[]
pr6_fact-000820.SZ,pr6_fact,000820.SZ,UNKNOWN,[]
pr6_fact-000821.SZ,pr6_fact,000821.SZ,UNKNOWN,[]
pr6_fact-000822.SZ,pr6_fact,000822.SZ,UNKNOWN,[]
pr6_fact-000823.SZ,pr6_fact,000823.SZ,UNKNOWN,[]
pr6_fact-000825.SZ,pr6_fact,000825.SZ,UNKNOWN,[]
pr6_fact-000826.SZ,pr6_fact,000826.SZ,UNKNOWN,[]
pr6_fact-000828.SZ,pr6_fact,000828.SZ,UNKNOWN,[]
pr6_fact-000829.SZ,pr6_fact,000829.SZ,UNKNOWN,[]
pr6_fact-000830.SZ,pr6_fact,000830.SZ,UNKNOWN,[]
pr6_fact-000831.SZ,pr6_fact,000831.SZ,UNKNOWN,[]
pr6_fact-000833.SZ,pr6_fact,000833.SZ,UNKNOWN,[]
pr6_fact-000836.SZ,pr6_fact,000836.SZ,UNKNOWN,[]
pr6_fact-000837.SZ,pr6_fact,000837.SZ,UNKNOWN,[]
pr6_fact-000838.SZ,pr6_fact,000838.SZ,UNKNOWN,[]
pr6_fact-000839.SZ,pr6_fact,000839.SZ,UNKNOWN,[]
pr6_fact-000848.SZ,pr6_fact,000848.SZ,UNKNOWN,[]
pr6_fact-000850.SZ,pr6_fact,000850.SZ,UNKNOWN,[]
pr6_fact-000851.SZ,pr6_fact,000851.SZ,UNKNOWN,[]
pr6_fact-000852.SZ,pr6_fact,000852.SZ,UNKNOWN,[]
pr6_fact-000858.SZ,pr6_fact,000858.SZ,UNKNOWN,[]
pr6_fact-000859.SZ,pr6_fact,000859.SZ,UNKNOWN,[]
pr6_fact-000860.SZ,pr6_fact,000860.SZ,UNKNOWN,[]
pr6_fact-000861.SZ,pr6_fact,000861.SZ,UNKNOWN,[]
pr6_fact-000863.SZ,pr6_fact,000863.SZ,UNKNOWN,[]
pr6_fact-000868.SZ,pr6_fact,000868.SZ,UNKNOWN,[]
pr6_fact-000869.SZ,pr6_fact,000869.SZ,UNKNOWN,[]
pr6_fact-000875.SZ,pr6_fact,000875.SZ,UNKNOWN,[]
pr6_fact-000876.SZ,pr6_fact,000876.SZ,UNKNOWN,[]
pr6_fact-000877.SZ,pr6_fact,000877.SZ,UNKNOWN,[]
pr6_fact-000878.SZ,pr6_fact,000878.SZ,UNKNOWN,[]
pr6_fact-000880.SZ,pr6_fact,000880.SZ,UNKNOWN,[]
pr6_fact-000881.SZ,pr6_fact,000881.SZ,UNKNOWN,[]
pr6_fact-000882.SZ,pr6_fact,000882.SZ,UNKNOWN,[]
pr6_fact-000883.SZ,pr6_fact,000883.SZ,UNKNOWN,[]
pr6_fact-000885.SZ,pr6_fact,000885.SZ,UNKNOWN,[]
pr6_fact-000886.SZ,pr6_fact,000886.SZ,UNKNOWN,[]
pr6_fact-000887.SZ,pr6_fact,000887.SZ,UNKNOWN,[]
pr6_fact-000888.SZ,pr6_fact,000888.SZ,UNKNOWN,[]
pr6_fact-000889.SZ,pr6_fact,000889.SZ,UNKNOWN,[]
pr6_fact-000890.SZ,pr6_fact,000890.SZ,UNKNOWN,[]
pr6_fact-000892.SZ,pr6_fact,000892.SZ,UNKNOWN,[]
pr6_fact-000893.SZ,pr6_fact,000893.SZ,UNKNOWN,[]
pr6_fact-000895.SZ,pr6_fact,000895.SZ,UNKNOWN,[]
pr6_fact-000897.SZ,pr6_fact,000897.SZ,UNKNOWN,[]
pr6_fact-000898.SZ,pr6_fact,000898.SZ,UNKNOWN,[]
pr6_fact-000899.SZ,pr6_fact,000899.SZ,UNKNOWN,[]
pr6_fact-000900.SZ,pr6_fact,000900.SZ,UNKNOWN,[]
pr6_fact-000901.SZ,pr6_fact,000901.SZ,UNKNOWN,[]
pr6_fact-000902.SZ,pr6_fact,000902.SZ,UNKNOWN,[]
pr6_fact-000903.SZ,pr6_fact,000903.SZ,UNKNOWN,[]
pr6_fact-000905.SZ,pr6_fact,000905.SZ,UNKNOWN,[]
pr6_fact-000906.SZ,pr6_fact,000906.SZ,UNKNOWN,[]
pr6_fact-000909.SZ,pr6_fact,000909.SZ,UNKNOWN,[]
pr6_fact-000910.SZ,pr6_fact,000910.SZ,UNKNOWN,[]
pr6_fact-000911.SZ,pr6_fact,000911.SZ,UNKNOWN,[]
pr6_fact-000912.SZ,pr6_fact,000912.SZ,UNKNOWN,[]
pr6_fact-000913.SZ,pr6_fact,000913.SZ,UNKNOWN,[]
pr6_fact-000915.SZ,pr6_fact,000915.SZ,UNKNOWN,[]
pr6_fact-000916.SZ,pr6_fact,000916.SZ,UNKNOWN,[]
pr6_fact-000917.SZ,pr6_fact,000917.SZ,UNKNOWN,[]
pr6_fact-000918.SZ,pr6_fact,000918.SZ,UNKNOWN,[]
pr6_fact-000919.SZ,pr6_fact,000919.SZ,UNKNOWN,[]
pr6_fact-000920.SZ,pr6_fact,000920.SZ,UNKNOWN,[]
pr6_fact-000921.SZ,pr6_fact,000921.SZ,UNKNOWN,[]
pr6_fact-000922.SZ,pr6_fact,000922.SZ,UNKNOWN,[]
pr6_fact-000923.SZ,pr6_fact,000923.SZ,UNKNOWN,[]
pr6_fact-000925.SZ,pr6_fact,000925.SZ,UNKNOWN,[]
pr6_fact-000926.SZ,pr6_fact,000926.SZ,UNKNOWN,[]
pr6_fact-000927.SZ,pr6_fact,000927.SZ,UNKNOWN,[]
pr6_fact-000928.SZ,pr6_fact,000928.SZ,UNKNOWN,[]
pr6_fact-000930.SZ,pr6_fact,000930.SZ,UNKNOWN,[]
pr6_fact-000931.SZ,pr6_fact,000931.SZ,UNKNOWN,[]
pr6_fact-000932.SZ,pr6_fact,000932.SZ,UNKNOWN,[]
pr6_fact-000933.SZ,pr6_fact,000933.SZ,UNKNOWN,[]
pr6_fact-000935.SZ,pr6_fact,000935.SZ,UNKNOWN,[]
pr6_fact-000936.SZ,pr6_fact,000936.SZ,UNKNOWN,[]
pr6_fact-000937.SZ,pr6_fact,000937.SZ,UNKNOWN,[]
pr6_fact-000938.SZ,pr6_fact,000938.SZ,UNKNOWN,[]
pr6_fact-000939.SZ,pr6_fact,000939.SZ,UNKNOWN,[]
pr6_fact-000948.SZ,pr6_fact,000948.SZ,UNKNOWN,[]
pr6_fact-000949.SZ,pr6_fact,000949.SZ,UNKNOWN,[]
pr6_fact-000950.SZ,pr6_fact,000950.SZ,UNKNOWN,[]
pr6_fact-000951.SZ,pr6_fact,000951.SZ,UNKNOWN,[]
pr6_fact-000952.SZ,pr6_fact,000952.SZ,UNKNOWN,[]
pr6_fact-000957.SZ,pr6_fact,000957.SZ,UNKNOWN,[]
pr6_fact-000958.SZ,pr6_fact,000958.SZ,UNKNOWN,[]
pr6_fact-000959.SZ,pr6_fact,000959.SZ,UNKNOWN,[]
pr6_fact-000960.SZ,pr6_fact,000960.SZ,UNKNOWN,[]
pr6_fact-000961.SZ,pr6_fact,000961.SZ,UNKNOWN,[]
pr6_fact-000962.SZ,pr6_fact,000962.SZ,UNKNOWN,[]
pr6_fact-000963.SZ,pr6_fact,000963.SZ,UNKNOWN,[]
pr6_fact-000965.SZ,pr6_fact,000965.SZ,UNKNOWN,[]
pr6_fact-000966.SZ,pr6_fact,000966.SZ,UNKNOWN,[]
pr6_fact-000967.SZ,pr6_fact,000967.SZ,UNKNOWN,[]
pr6_fact-000968.SZ,pr6_fact,000968.SZ,UNKNOWN,[]
pr6_fact-000969.SZ,pr6_fact,000969.SZ,UNKNOWN,[]
pr6_fact-000970.SZ,pr6_fact,000970.SZ,UNKNOWN,[]
pr6_fact-000971.SZ,pr6_fact,000971.SZ,UNKNOWN,[]
pr6_fact-000972.SZ,pr6_fact,000972.SZ,UNKNOWN,[]
pr6_fact-000973.SZ,pr6_fact,000973.SZ,UNKNOWN,[]
pr6_fact-000975.SZ,pr6_fact,000975.SZ,UNKNOWN,[]
pr6_fact-000976.SZ,pr6_fact,000976.SZ,UNKNOWN,[]
pr6_fact-000977.SZ,pr6_fact,000977.SZ,UNKNOWN,[]
pr6_fact-000978.SZ,pr6_fact,000978.SZ,UNKNOWN,[]
pr6_fact-000979.SZ,pr6_fact,000979.SZ,UNKNOWN,[]
pr6_fact-000980.SZ,pr6_fact,000980.SZ,UNKNOWN,[]
pr6_fact-000981.SZ,pr6_fact,000981.SZ,UNKNOWN,[]
pr6_fact-000982.SZ,pr6_fact,000982.SZ,UNKNOWN,[]
pr6_fact-000983.SZ,pr6_fact,000983.SZ,UNKNOWN,[]
pr6_fact-000987.SZ,pr6_fact,000987.SZ,UNKNOWN,[]
pr6_fact-000988.SZ,pr6_fact,000988.SZ,UNKNOWN,[]
pr6_fact-000989.SZ,pr6_fact,000989.SZ,UNKNOWN,[]
pr6_fact-000990.SZ,pr6_fact,000990.SZ,UNKNOWN,[]
pr6_fact-000993.SZ,pr6_fact,000993.SZ,UNKNOWN,[]
pr6_fact-000996.SZ,pr6_fact,000996.SZ,UNKNOWN,[]
pr6_fact-000997.SZ,pr6_fact,000997.SZ,UNKNOWN,[]
pr6_fact-000998.SZ,pr6_fact,000998.SZ,UNKNOWN,[]
pr6_fact-000999.SZ,pr6_fact,000999.SZ,UNKNOWN,[]
pr6_fact-001203.SZ,pr6_fact,001203.SZ,UNKNOWN,[]
pr6_fact-001213.SZ,pr6_fact,001213.SZ,UNKNOWN,[]
pr6_fact-001221.SZ,pr6_fact,001221.SZ,UNKNOWN,[]
pr6_fact-001227.SZ,pr6_fact,001227.SZ,UNKNOWN,[]
pr6_fact-001233.SZ,pr6_fact,001233.SZ,UNKNOWN,[]
pr6_fact-001236.SZ,pr6_fact,001236.SZ,UNKNOWN,[]
pr6_fact-001258.SZ,pr6_fact,001258.SZ,UNKNOWN,[]
pr6_fact-001267.SZ,pr6_fact,001267.SZ,UNKNOWN,[]
pr6_fact-001269.SZ,pr6_fact,001269.SZ,UNKNOWN,[]
pr6_fact-001270.SZ,pr6_fact,001270.SZ,UNKNOWN,[]
pr6_fact-001280.SZ,pr6_fact,001280.SZ,UNKNOWN,[]
pr6_fact-001286.SZ,pr6_fact,001286.SZ,UNKNOWN,[]
pr6_fact-001287.SZ,pr6_fact,001287.SZ,UNKNOWN,[]
pr6_fact-001289.SZ,pr6_fact,001289.SZ,UNKNOWN,[]
pr6_fact-001301.SZ,pr6_fact,001301.SZ,UNKNOWN,[]
pr6_fact-001308.SZ,pr6_fact,001308.SZ,UNKNOWN,[]
pr6_fact-001309.SZ,pr6_fact,001309.SZ,UNKNOWN,[]
pr6_fact-001311.SZ,pr6_fact,001311.SZ,UNKNOWN,[]
pr6_fact-001322.SZ,pr6_fact,001322.SZ,UNKNOWN,[]
pr6_fact-001323.SZ,pr6_fact,001323.SZ,UNKNOWN,[]
pr6_fact-001337.SZ,pr6_fact,001337.SZ,UNKNOWN,[]
pr6_fact-001338.SZ,pr6_fact,001338.SZ,UNKNOWN,[]
pr6_fact-001339.SZ,pr6_fact,001339.SZ,UNKNOWN,[]
pr6_fact-001356.SZ,pr6_fact,001356.SZ,UNKNOWN,[]
pr6_fact-001359.SZ,pr6_fact,001359.SZ,UNKNOWN,[]
pr6_fact-001369.SZ,pr6_fact,001369.SZ,UNKNOWN,[]
pr6_fact-001376.SZ,pr6_fact,001376.SZ,UNKNOWN,[]
pr6_fact-001382.SZ,pr6_fact,001382.SZ,UNKNOWN,[]
pr6_fact-001386.SZ,pr6_fact,001386.SZ,UNKNOWN,[]
pr6_fact-001389.SZ,pr6_fact,001389.SZ,UNKNOWN,[]
pr6_fact-001391.SZ,pr6_fact,001391.SZ,UNKNOWN,[]
pr6_fact-001696.SZ,pr6_fact,001696.SZ,UNKNOWN,[]
pr6_fact-001872.SZ,pr6_fact,001872.SZ,UNKNOWN,[]
pr6_fact-001896.SZ,pr6_fact,001896.SZ,UNKNOWN,[]
pr6_fact-001914.SZ,pr6_fact,001914.SZ,UNKNOWN,[]
pr6_fact-001965.SZ,pr6_fact,001965.SZ,UNKNOWN,[]
pr6_fact-001979.SZ,pr6_fact,001979.SZ,UNKNOWN,[]
pr6_fact-002001.SZ,pr6_fact,002001.SZ,UNKNOWN,[]
pr6_fact-002002.SZ,pr6_fact,002002.SZ,UNKNOWN,[]
pr6_fact-002003.SZ,pr6_fact,002003.SZ,UNKNOWN,[]
pr6_fact-002004.SZ,pr6_fact,002004.SZ,UNKNOWN,[]
pr6_fact-002005.SZ,pr6_fact,002005.SZ,UNKNOWN,[]
pr6_fact-002006.SZ,pr6_fact,002006.SZ,UNKNOWN,[]
pr6_fact-002007.SZ,pr6_fact,002007.SZ,UNKNOWN,[]
pr6_fact-002008.SZ,pr6_fact,002008.SZ,UNKNOWN,[]
pr6_fact-002009.SZ,pr6_fact,002009.SZ,UNKNOWN,[]
pr6_fact-002010.SZ,pr6_fact,002010.SZ,UNKNOWN,[]
pr6_fact-002011.SZ,pr6_fact,002011.SZ,UNKNOWN,[]
pr6_fact-002012.SZ,pr6_fact,002012.SZ,UNKNOWN,[]
pr6_fact-002013.SZ,pr6_fact,002013.SZ,UNKNOWN,[]
pr6_fact-002014.SZ,pr6_fact,002014.SZ,UNKNOWN,[]
pr6_fact-002015.SZ,pr6_fact,002015.SZ,UNKNOWN,[]
pr6_fact-002016.SZ,pr6_fact,002016.SZ,UNKNOWN,[]
pr6_fact-002017.SZ,pr6_fact,002017.SZ,UNKNOWN,[]
pr6_fact-002018.SZ,pr6_fact,002018.SZ,UNKNOWN,[]
pr6_fact-002019.SZ,pr6_fact,002019.SZ,UNKNOWN,[]
pr6_fact-002020.SZ,pr6_fact,002020.SZ,UNKNOWN,[]
pr6_fact-002021.SZ,pr6_fact,002021.SZ,UNKNOWN,[]
pr6_fact-002022.SZ,pr6_fact,002022.SZ,UNKNOWN,[]
pr6_fact-002023.SZ,pr6_fact,002023.SZ,UNKNOWN,[]
pr6_fact-002024.SZ,pr6_fact,002024.SZ,UNKNOWN,[]
pr6_fact-002025.SZ,pr6_fact,002025.SZ,UNKNOWN,[]
pr6_fact-002027.SZ,pr6_fact,002027.SZ,UNKNOWN,[]
pr6_fact-002028.SZ,pr6_fact,002028.SZ,UNKNOWN,[]
pr6_fact-002029.SZ,pr6_fact,002029.SZ,UNKNOWN,[]
pr6_fact-002030.SZ,pr6_fact,002030.SZ,UNKNOWN,[]
pr6_fact-002031.SZ,pr6_fact,002031.SZ,UNKNOWN,[]
pr6_fact-002032.SZ,pr6_fact,002032.SZ,UNKNOWN,[]
pr6_fact-002033.SZ,pr6_fact,002033.SZ,UNKNOWN,[]
pr6_fact-002034.SZ,pr6_fact,002034.SZ,UNKNOWN,[]
pr6_fact-002035.SZ,pr6_fact,002035.SZ,UNKNOWN,[]
pr6_fact-002036.SZ,pr6_fact,002036.SZ,UNKNOWN,[]
pr6_fact-002037.SZ,pr6_fact,002037.SZ,UNKNOWN,[]
pr6_fact-002038.SZ,pr6_fact,002038.SZ,UNKNOWN,[]
pr6_fact-002039.SZ,pr6_fact,002039.SZ,UNKNOWN,[]
pr6_fact-002040.SZ,pr6_fact,002040.SZ,UNKNOWN,[]
pr6_fact-002041.SZ,pr6_fact,002041.SZ,UNKNOWN,[]
pr6_fact-002042.SZ,pr6_fact,002042.SZ,UNKNOWN,[]
pr6_fact-002043.SZ,pr6_fact,002043.SZ,UNKNOWN,[]
pr6_fact-002044.SZ,pr6_fact,002044.SZ,UNKNOWN,[]
pr6_fact-002045.SZ,pr6_fact,002045.SZ,UNKNOWN,[]
pr6_fact-002046.SZ,pr6_fact,002046.SZ,UNKNOWN,[]
pr6_fact-002047.SZ,pr6_fact,002047.SZ,UNKNOWN,[]
pr6_fact-002048.SZ,pr6_fact,002048.SZ,UNKNOWN,[]
pr6_fact-002049.SZ,pr6_fact,002049.SZ,UNKNOWN,[]
pr6_fact-002050.SZ,pr6_fact,002050.SZ,UNKNOWN,[]
pr6_fact-002051.SZ,pr6_fact,002051.SZ,UNKNOWN,[]
pr6_fact-002052.SZ,pr6_fact,002052.SZ,UNKNOWN,[]
pr6_fact-002053.SZ,pr6_fact,002053.SZ,UNKNOWN,[]
pr6_fact-002054.SZ,pr6_fact,002054.SZ,UNKNOWN,[]
pr6_fact-002055.SZ,pr6_fact,002055.SZ,UNKNOWN,[]
pr6_fact-002056.SZ,pr6_fact,002056.SZ,UNKNOWN,[]
pr6_fact-002059.SZ,pr6_fact,002059.SZ,UNKNOWN,[]
pr6_fact-002060.SZ,pr6_fact,002060.SZ,UNKNOWN,[]
pr6_fact-002061.SZ,pr6_fact,002061.SZ,UNKNOWN,[]
pr6_fact-002062.SZ,pr6_fact,002062.SZ,UNKNOWN,[]
pr6_fact-002063.SZ,pr6_fact,002063.SZ,UNKNOWN,[]
pr6_fact-002064.SZ,pr6_fact,002064.SZ,UNKNOWN,[]
pr6_fact-002065.SZ,pr6_fact,002065.SZ,UNKNOWN,[]
pr6_fact-002067.SZ,pr6_fact,002067.SZ,UNKNOWN,[]
pr6_fact-002068.SZ,pr6_fact,002068.SZ,UNKNOWN,[]
pr6_fact-002069.SZ,pr6_fact,002069.SZ,UNKNOWN,[]
pr6_fact-002070.SZ,pr6_fact,002070.SZ,UNKNOWN,[]
pr6_fact-002071.SZ,pr6_fact,002071.SZ,UNKNOWN,[]
pr6_fact-002073.SZ,pr6_fact,002073.SZ,UNKNOWN,[]
pr6_fact-002074.SZ,pr6_fact,002074.SZ,UNKNOWN,[]
pr6_fact-002075.SZ,pr6_fact,002075.SZ,UNKNOWN,[]
pr6_fact-002076.SZ,pr6_fact,002076.SZ,UNKNOWN,[]
pr6_fact-002077.SZ,pr6_fact,002077.SZ,UNKNOWN,[]
pr6_fact-002078.SZ,pr6_fact,002078.SZ,UNKNOWN,[]
pr6_fact-002079.SZ,pr6_fact,002079.SZ,UNKNOWN,[]
pr6_fact-002080.SZ,pr6_fact,002080.SZ,UNKNOWN,[]
pr6_fact-002081.SZ,pr6_fact,002081.SZ,UNKNOWN,[]
pr6_fact-002083.SZ,pr6_fact,002083.SZ,UNKNOWN,[]
pr6_fact-002084.SZ,pr6_fact,002084.SZ,UNKNOWN,[]
pr6_fact-002085.SZ,pr6_fact,002085.SZ,UNKNOWN,[]
pr6_fact-002086.SZ,pr6_fact,002086.SZ,UNKNOWN,[]
pr6_fact-002088.SZ,pr6_fact,002088.SZ,UNKNOWN,[]
pr6_fact-002089.SZ,pr6_fact,002089.SZ,UNKNOWN,[]
pr6_fact-002090.SZ,pr6_fact,002090.SZ,UNKNOWN,[]
pr6_fact-002091.SZ,pr6_fact,002091.SZ,UNKNOWN,[]
pr6_fact-002092.SZ,pr6_fact,002092.SZ,UNKNOWN,[]
pr6_fact-002093.SZ,pr6_fact,002093.SZ,UNKNOWN,[]
pr6_fact-002094.SZ,pr6_fact,002094.SZ,UNKNOWN,[]
pr6_fact-002095.SZ,pr6_fact,002095.SZ,UNKNOWN,[]
pr6_fact-002096.SZ,pr6_fact,002096.SZ,UNKNOWN,[]
pr6_fact-002097.SZ,pr6_fact,002097.SZ,UNKNOWN,[]
pr6_fact-002098.SZ,pr6_fact,002098.SZ,UNKNOWN,[]
pr6_fact-002099.SZ,pr6_fact,002099.SZ,UNKNOWN,[]
pr6_fact-002100.SZ,pr6_fact,002100.SZ,UNKNOWN,[]
pr6_fact-002101.SZ,pr6_fact,002101.SZ,UNKNOWN,[]
pr6_fact-002102.SZ,pr6_fact,002102.SZ,UNKNOWN,[]
pr6_fact-002103.SZ,pr6_fact,002103.SZ,UNKNOWN,[]
pr6_fact-002104.SZ,pr6_fact,002104.SZ,UNKNOWN,[]
pr6_fact-002105.SZ,pr6_fact,002105.SZ,UNKNOWN,[]
pr6_fact-002106.SZ,pr6_fact,002106.SZ,UNKNOWN,[]
pr6_fact-002107.SZ,pr6_fact,002107.SZ,UNKNOWN,[]
pr6_fact-002108.SZ,pr6_fact,002108.SZ,UNKNOWN,[]
pr6_fact-002109.SZ,pr6_fact,002109.SZ,UNKNOWN,[]
pr6_fact-002110.SZ,pr6_fact,002110.SZ,UNKNOWN,[]
pr6_fact-002111.SZ,pr6_fact,002111.SZ,UNKNOWN,[]
pr6_fact-002113.SZ,pr6_fact,002113.SZ,UNKNOWN,[]
pr6_fact-002114.SZ,pr6_fact,002114.SZ,UNKNOWN,[]
pr6_fact-002115.SZ,pr6_fact,002115.SZ,UNKNOWN,[]
pr6_fact-002116.SZ,pr6_fact,002116.SZ,UNKNOWN,[]
pr6_fact-002117.SZ,pr6_fact,002117.SZ,UNKNOWN,[]
pr6_fact-002118.SZ,pr6_fact,002118.SZ,UNKNOWN,[]
pr6_fact-002120.SZ,pr6_fact,002120.SZ,UNKNOWN,[]
pr6_fact-002121.SZ,pr6_fact,002121.SZ,UNKNOWN,[]
pr6_fact-002122.SZ,pr6_fact,002122.SZ,UNKNOWN,[]
pr6_fact-002123.SZ,pr6_fact,002123.SZ,UNKNOWN,[]
pr6_fact-002124.SZ,pr6_fact,002124.SZ,UNKNOWN,[]
pr6_fact-002125.SZ,pr6_fact,002125.SZ,UNKNOWN,[]
pr6_fact-002126.SZ,pr6_fact,002126.SZ,UNKNOWN,[]
pr6_fact-002127.SZ,pr6_fact,002127.SZ,UNKNOWN,[]
pr6_fact-002128.SZ,pr6_fact,002128.SZ,UNKNOWN,[]
pr6_fact-002129.SZ,pr6_fact,002129.SZ,UNKNOWN,[]
pr6_fact-002130.SZ,pr6_fact,002130.SZ,UNKNOWN,[]
pr6_fact-002131.SZ,pr6_fact,002131.SZ,UNKNOWN,[]
pr6_fact-002133.SZ,pr6_fact,002133.SZ,UNKNOWN,[]
pr6_fact-002135.SZ,pr6_fact,002135.SZ,UNKNOWN,[]
pr6_fact-002137.SZ,pr6_fact,002137.SZ,UNKNOWN,[]
pr6_fact-002138.SZ,pr6_fact,002138.SZ,UNKNOWN,[]
pr6_fact-002139.SZ,pr6_fact,002139.SZ,UNKNOWN,[]
pr6_fact-002140.SZ,pr6_fact,002140.SZ,UNKNOWN,[]
pr6_fact-002141.SZ,pr6_fact,002141.SZ,UNKNOWN,[]
pr6_fact-002142.SZ,pr6_fact,002142.SZ,UNKNOWN,[]
pr6_fact-002143.SZ,pr6_fact,002143.SZ,UNKNOWN,[]
pr6_fact-002144.SZ,pr6_fact,002144.SZ,UNKNOWN,[]
pr6_fact-002145.SZ,pr6_fact,002145.SZ,UNKNOWN,[]
pr6_fact-002146.SZ,pr6_fact,002146.SZ,UNKNOWN,[]
pr6_fact-002147.SZ,pr6_fact,002147.SZ,UNKNOWN,[]
pr6_fact-002148.SZ,pr6_fact,002148.SZ,UNKNOWN,[]
pr6_fact-002149.SZ,pr6_fact,002149.SZ,UNKNOWN,[]
pr6_fact-002151.SZ,pr6_fact,002151.SZ,UNKNOWN,[]
pr6_fact-002152.SZ,pr6_fact,002152.SZ,UNKNOWN,[]
pr6_fact-002153.SZ,pr6_fact,002153.SZ,UNKNOWN,[]
pr6_fact-002154.SZ,pr6_fact,002154.SZ,UNKNOWN,[]
pr6_fact-002155.SZ,pr6_fact,002155.SZ,UNKNOWN,[]
pr6_fact-002156.SZ,pr6_fact,002156.SZ,UNKNOWN,[]
pr6_fact-002157.SZ,pr6_fact,002157.SZ,UNKNOWN,[]
pr6_fact-002158.SZ,pr6_fact,002158.SZ,UNKNOWN,[]
pr6_fact-002161.SZ,pr6_fact,002161.SZ,UNKNOWN,[]
pr6_fact-002162.SZ,pr6_fact,002162.SZ,UNKNOWN,[]
pr6_fact-002163.SZ,pr6_fact,002163.SZ,UNKNOWN,[]
pr6_fact-002165.SZ,pr6_fact,002165.SZ,UNKNOWN,[]
pr6_fact-002166.SZ,pr6_fact,002166.SZ,UNKNOWN,[]
pr6_fact-002167.SZ,pr6_fact,002167.SZ,UNKNOWN,[]
pr6_fact-002168.SZ,pr6_fact,002168.SZ,UNKNOWN,[]
pr6_fact-002170.SZ,pr6_fact,002170.SZ,UNKNOWN,[]
pr6_fact-002171.SZ,pr6_fact,002171.SZ,UNKNOWN,[]
pr6_fact-002172.SZ,pr6_fact,002172.SZ,UNKNOWN,[]
pr6_fact-002174.SZ,pr6_fact,002174.SZ,UNKNOWN,[]
pr6_fact-002175.SZ,pr6_fact,002175.SZ,UNKNOWN,[]
pr6_fact-002176.SZ,pr6_fact,002176.SZ,UNKNOWN,[]
pr6_fact-002177.SZ,pr6_fact,002177.SZ,UNKNOWN,[]
pr6_fact-002178.SZ,pr6_fact,002178.SZ,UNKNOWN,[]
pr6_fact-002179.SZ,pr6_fact,002179.SZ,UNKNOWN,[]
pr6_fact-002180.SZ,pr6_fact,002180.SZ,UNKNOWN,[]
pr6_fact-002181.SZ,pr6_fact,002181.SZ,UNKNOWN,[]
pr6_fact-002182.SZ,pr6_fact,002182.SZ,UNKNOWN,[]
pr6_fact-002183.SZ,pr6_fact,002183.SZ,UNKNOWN,[]
pr6_fact-002184.SZ,pr6_fact,002184.SZ,UNKNOWN,[]
pr6_fact-002185.SZ,pr6_fact,002185.SZ,UNKNOWN,[]
pr6_fact-002186.SZ,pr6_fact,002186.SZ,UNKNOWN,[]
pr6_fact-002187.SZ,pr6_fact,002187.SZ,UNKNOWN,[]
pr6_fact-002188.SZ,pr6_fact,002188.SZ,UNKNOWN,[]
pr6_fact-002190.SZ,pr6_fact,002190.SZ,UNKNOWN,[]
pr6_fact-002191.SZ,pr6_fact,002191.SZ,UNKNOWN,[]
pr6_fact-002192.SZ,pr6_fact,002192.SZ,UNKNOWN,[]
pr6_fact-002194.SZ,pr6_fact,002194.SZ,UNKNOWN,[]
pr6_fact-002195.SZ,pr6_fact,002195.SZ,UNKNOWN,[]
pr6_fact-002196.SZ,pr6_fact,002196.SZ,UNKNOWN,[]
pr6_fact-002197.SZ,pr6_fact,002197.SZ,UNKNOWN,[]
pr6_fact-002198.SZ,pr6_fact,002198.SZ,UNKNOWN,[]
pr6_fact-002199.SZ,pr6_fact,002199.SZ,UNKNOWN,[]
pr6_fact-002200.SZ,pr6_fact,002200.SZ,UNKNOWN,[]
pr6_fact-002201.SZ,pr6_fact,002201.SZ,UNKNOWN,[]
pr6_fact-002202.SZ,pr6_fact,002202.SZ,UNKNOWN,[]
pr6_fact-002203.SZ,pr6_fact,002203.SZ,UNKNOWN,[]
pr6_fact-002204.SZ,pr6_fact,002204.SZ,UNKNOWN,[]
pr6_fact-002206.SZ,pr6_fact,002206.SZ,UNKNOWN,[]
pr6_fact-002207.SZ,pr6_fact,002207.SZ,UNKNOWN,[]
pr6_fact-002210.SZ,pr6_fact,002210.SZ,UNKNOWN,[]
pr6_fact-002211.SZ,pr6_fact,002211.SZ,UNKNOWN,[]
pr6_fact-002212.SZ,pr6_fact,002212.SZ,UNKNOWN,[]
pr6_fact-002213.SZ,pr6_fact,002213.SZ,UNKNOWN,[]
pr6_fact-002214.SZ,pr6_fact,002214.SZ,UNKNOWN,[]
pr6_fact-002215.SZ,pr6_fact,002215.SZ,UNKNOWN,[]
pr6_fact-002216.SZ,pr6_fact,002216.SZ,UNKNOWN,[]
pr6_fact-002217.SZ,pr6_fact,002217.SZ,UNKNOWN,[]
pr6_fact-002218.SZ,pr6_fact,002218.SZ,UNKNOWN,[]
pr6_fact-002219.SZ,pr6_fact,002219.SZ,UNKNOWN,[]
pr6_fact-002221.SZ,pr6_fact,002221.SZ,UNKNOWN,[]
pr6_fact-002222.SZ,pr6_fact,002222.SZ,UNKNOWN,[]
pr6_fact-002223.SZ,pr6_fact,002223.SZ,UNKNOWN,[]
pr6_fact-002224.SZ,pr6_fact,002224.SZ,UNKNOWN,[]
pr6_fact-002225.SZ,pr6_fact,002225.SZ,UNKNOWN,[]
pr6_fact-002226.SZ,pr6_fact,002226.SZ,UNKNOWN,[]
pr6_fact-002227.SZ,pr6_fact,002227.SZ,UNKNOWN,[]
pr6_fact-002228.SZ,pr6_fact,002228.SZ,UNKNOWN,[]
pr6_fact-002229.SZ,pr6_fact,002229.SZ,UNKNOWN,[]
pr6_fact-002230.SZ,pr6_fact,002230.SZ,UNKNOWN,[]
pr6_fact-002231.SZ,pr6_fact,002231.SZ,UNKNOWN,[]
pr6_fact-002232.SZ,pr6_fact,002232.SZ,UNKNOWN,[]
pr6_fact-002233.SZ,pr6_fact,002233.SZ,UNKNOWN,[]
pr6_fact-002234.SZ,pr6_fact,002234.SZ,UNKNOWN,[]
pr6_fact-002235.SZ,pr6_fact,002235.SZ,UNKNOWN,[]
pr6_fact-002236.SZ,pr6_fact,002236.SZ,UNKNOWN,[]
pr6_fact-002237.SZ,pr6_fact,002237.SZ,UNKNOWN,[]
pr6_fact-002238.SZ,pr6_fact,002238.SZ,UNKNOWN,[]
pr6_fact-002239.SZ,pr6_fact,002239.SZ,UNKNOWN,[]
pr6_fact-002240.SZ,pr6_fact,002240.SZ,UNKNOWN,[]
pr6_fact-002241.SZ,pr6_fact,002241.SZ,UNKNOWN,[]
pr6_fact-002242.SZ,pr6_fact,002242.SZ,UNKNOWN,[]
pr6_fact-002243.SZ,pr6_fact,002243.SZ,UNKNOWN,[]
pr6_fact-002244.SZ,pr6_fact,002244.SZ,UNKNOWN,[]
pr6_fact-002245.SZ,pr6_fact,002245.SZ,UNKNOWN,[]
pr6_fact-002246.SZ,pr6_fact,002246.SZ,UNKNOWN,[]
pr6_fact-002247.SZ,pr6_fact,002247.SZ,UNKNOWN,[]
pr6_fact-002249.SZ,pr6_fact,002249.SZ,UNKNOWN,[]
pr6_fact-002250.SZ,pr6_fact,002250.SZ,UNKNOWN,[]
pr6_fact-002251.SZ,pr6_fact,002251.SZ,UNKNOWN,[]
pr6_fact-002252.SZ,pr6_fact,002252.SZ,UNKNOWN,[]
pr6_fact-002253.SZ,pr6_fact,002253.SZ,UNKNOWN,[]
pr6_fact-002254.SZ,pr6_fact,002254.SZ,UNKNOWN,[]
pr6_fact-002255.SZ,pr6_fact,002255.SZ,UNKNOWN,[]
pr6_fact-002256.SZ,pr6_fact,002256.SZ,UNKNOWN,[]
pr6_fact-002258.SZ,pr6_fact,002258.SZ,UNKNOWN,[]
pr6_fact-002259.SZ,pr6_fact,002259.SZ,UNKNOWN,[]
pr6_fact-002260.SZ,pr6_fact,002260.SZ,UNKNOWN,[]
pr6_fact-002261.SZ,pr6_fact,002261.SZ,UNKNOWN,[]
pr6_fact-002262.SZ,pr6_fact,002262.SZ,UNKNOWN,[]
pr6_fact-002263.SZ,pr6_fact,002263.SZ,UNKNOWN,[]
pr6_fact-002264.SZ,pr6_fact,002264.SZ,UNKNOWN,[]
pr6_fact-002265.SZ,pr6_fact,002265.SZ,UNKNOWN,[]
pr6_fact-002266.SZ,pr6_fact,002266.SZ,UNKNOWN,[]
pr6_fact-002267.SZ,pr6_fact,002267.SZ,UNKNOWN,[]
pr6_fact-002268.SZ,pr6_fact,002268.SZ,UNKNOWN,[]
pr6_fact-002269.SZ,pr6_fact,002269.SZ,UNKNOWN,[]
pr6_fact-002270.SZ,pr6_fact,002270.SZ,UNKNOWN,[]
pr6_fact-002271.SZ,pr6_fact,002271.SZ,UNKNOWN,[]
pr6_fact-002272.SZ,pr6_fact,002272.SZ,UNKNOWN,[]
pr6_fact-002273.SZ,pr6_fact,002273.SZ,UNKNOWN,[]
pr6_fact-002274.SZ,pr6_fact,002274.SZ,UNKNOWN,[]
pr6_fact-002275.SZ,pr6_fact,002275.SZ,UNKNOWN,[]
pr6_fact-002276.SZ,pr6_fact,002276.SZ,UNKNOWN,[]
pr6_fact-002277.SZ,pr6_fact,002277.SZ,UNKNOWN,[]
pr6_fact-002278.SZ,pr6_fact,002278.SZ,UNKNOWN,[]
pr6_fact-002279.SZ,pr6_fact,002279.SZ,UNKNOWN,[]
pr6_fact-002280.SZ,pr6_fact,002280.SZ,UNKNOWN,[]
pr6_fact-002281.SZ,pr6_fact,002281.SZ,UNKNOWN,[]
pr6_fact-002283.SZ,pr6_fact,002283.SZ,UNKNOWN,[]
pr6_fact-002284.SZ,pr6_fact,002284.SZ,UNKNOWN,[]
pr6_fact-002285.SZ,pr6_fact,002285.SZ,UNKNOWN,[]
pr6_fact-002286.SZ,pr6_fact,002286.SZ,UNKNOWN,[]
pr6_fact-002287.SZ,pr6_fact,002287.SZ,UNKNOWN,[]
pr6_fact-002288.SZ,pr6_fact,002288.SZ,UNKNOWN,[]
pr6_fact-002289.SZ,pr6_fact,002289.SZ,UNKNOWN,[]
pr6_fact-002290.SZ,pr6_fact,002290.SZ,UNKNOWN,[]
pr6_fact-002291.SZ,pr6_fact,002291.SZ,UNKNOWN,[]
pr6_fact-002292.SZ,pr6_fact,002292.SZ,UNKNOWN,[]
pr6_fact-002293.SZ,pr6_fact,002293.SZ,UNKNOWN,[]
pr6_fact-002294.SZ,pr6_fact,002294.SZ,UNKNOWN,[]
pr6_fact-002296.SZ,pr6_fact,002296.SZ,UNKNOWN,[]
pr6_fact-002297.SZ,pr6_fact,002297.SZ,UNKNOWN,[]
pr6_fact-002298.SZ,pr6_fact,002298.SZ,UNKNOWN,[]
pr6_fact-002299.SZ,pr6_fact,002299.SZ,UNKNOWN,[]
pr6_fact-002300.SZ,pr6_fact,002300.SZ,UNKNOWN,[]
pr6_fact-002301.SZ,pr6_fact,002301.SZ,UNKNOWN,[]
pr6_fact-002302.SZ,pr6_fact,002302.SZ,UNKNOWN,[]
pr6_fact-002303.SZ,pr6_fact,002303.SZ,UNKNOWN,[]
pr6_fact-002304.SZ,pr6_fact,002304.SZ,UNKNOWN,[]
pr6_fact-002305.SZ,pr6_fact,002305.SZ,UNKNOWN,[]
pr6_fact-002306.SZ,pr6_fact,002306.SZ,UNKNOWN,[]
pr6_fact-002307.SZ,pr6_fact,002307.SZ,UNKNOWN,[]
pr6_fact-002308.SZ,pr6_fact,002308.SZ,UNKNOWN,[]
pr6_fact-002309.SZ,pr6_fact,002309.SZ,UNKNOWN,[]
pr6_fact-002310.SZ,pr6_fact,002310.SZ,UNKNOWN,[]
pr6_fact-002311.SZ,pr6_fact,002311.SZ,UNKNOWN,[]
pr6_fact-002312.SZ,pr6_fact,002312.SZ,UNKNOWN,[]
pr6_fact-002313.SZ,pr6_fact,002313.SZ,UNKNOWN,[]
pr6_fact-002314.SZ,pr6_fact,002314.SZ,UNKNOWN,[]
pr6_fact-002315.SZ,pr6_fact,002315.SZ,UNKNOWN,[]
pr6_fact-002316.SZ,pr6_fact,002316.SZ,UNKNOWN,[]
pr6_fact-002317.SZ,pr6_fact,002317.SZ,UNKNOWN,[]
pr6_fact-002318.SZ,pr6_fact,002318.SZ,UNKNOWN,[]
pr6_fact-002320.SZ,pr6_fact,002320.SZ,UNKNOWN,[]
pr6_fact-002321.SZ,pr6_fact,002321.SZ,UNKNOWN,[]
pr6_fact-002322.SZ,pr6_fact,002322.SZ,UNKNOWN,[]
pr6_fact-002323.SZ,pr6_fact,002323.SZ,UNKNOWN,[]
pr6_fact-002324.SZ,pr6_fact,002324.SZ,UNKNOWN,[]
pr6_fact-002325.SZ,pr6_fact,002325.SZ,UNKNOWN,[]
pr6_fact-002326.SZ,pr6_fact,002326.SZ,UNKNOWN,[]
pr6_fact-002327.SZ,pr6_fact,002327.SZ,UNKNOWN,[]
pr6_fact-002328.SZ,pr6_fact,002328.SZ,UNKNOWN,[]
pr6_fact-002329.SZ,pr6_fact,002329.SZ,UNKNOWN,[]
pr6_fact-002330.SZ,pr6_fact,002330.SZ,UNKNOWN,[]
pr6_fact-002331.SZ,pr6_fact,002331.SZ,UNKNOWN,[]
pr6_fact-002332.SZ,pr6_fact,002332.SZ,UNKNOWN,[]
pr6_fact-002334.SZ,pr6_fact,002334.SZ,UNKNOWN,[]
pr6_fact-002335.SZ,pr6_fact,002335.SZ,UNKNOWN,[]
pr6_fact-002336.SZ,pr6_fact,002336.SZ,UNKNOWN,[]
pr6_fact-002337.SZ,pr6_fact,002337.SZ,UNKNOWN,[]
pr6_fact-002338.SZ,pr6_fact,002338.SZ,UNKNOWN,[]
pr6_fact-002339.SZ,pr6_fact,002339.SZ,UNKNOWN,[]
pr6_fact-002340.SZ,pr6_fact,002340.SZ,UNKNOWN,[]
pr6_fact-002341.SZ,pr6_fact,002341.SZ,UNKNOWN,[]
pr6_fact-002342.SZ,pr6_fact,002342.SZ,UNKNOWN,[]
pr6_fact-002343.SZ,pr6_fact,002343.SZ,UNKNOWN,[]
pr6_fact-002344.SZ,pr6_fact,002344.SZ,UNKNOWN,[]
pr6_fact-002345.SZ,pr6_fact,002345.SZ,UNKNOWN,[]
pr6_fact-002346.SZ,pr6_fact,002346.SZ,UNKNOWN,[]
pr6_fact-002348.SZ,pr6_fact,002348.SZ,UNKNOWN,[]
pr6_fact-002349.SZ,pr6_fact,002349.SZ,UNKNOWN,[]
pr6_fact-002350.SZ,pr6_fact,002350.SZ,UNKNOWN,[]
pr6_fact-002351.SZ,pr6_fact,002351.SZ,UNKNOWN,[]
pr6_fact-002352.SZ,pr6_fact,002352.SZ,UNKNOWN,[]
pr6_fact-002353.SZ,pr6_fact,002353.SZ,UNKNOWN,[]
pr6_fact-002354.SZ,pr6_fact,002354.SZ,UNKNOWN,[]
pr6_fact-002355.SZ,pr6_fact,002355.SZ,UNKNOWN,[]
pr6_fact-002356.SZ,pr6_fact,002356.SZ,UNKNOWN,[]
pr6_fact-002358.SZ,pr6_fact,002358.SZ,UNKNOWN,[]
pr6_fact-002359.SZ,pr6_fact,002359.SZ,UNKNOWN,[]
pr6_fact-002360.SZ,pr6_fact,002360.SZ,UNKNOWN,[]
pr6_fact-002361.SZ,pr6_fact,002361.SZ,UNKNOWN,[]
pr6_fact-002362.SZ,pr6_fact,002362.SZ,UNKNOWN,[]
pr6_fact-002363.SZ,pr6_fact,002363.SZ,UNKNOWN,[]
pr6_fact-002364.SZ,pr6_fact,002364.SZ,UNKNOWN,[]
pr6_fact-002366.SZ,pr6_fact,002366.SZ,UNKNOWN,[]
pr6_fact-002367.SZ,pr6_fact,002367.SZ,UNKNOWN,[]
pr6_fact-002368.SZ,pr6_fact,002368.SZ,UNKNOWN,[]
pr6_fact-002369.SZ,pr6_fact,002369.SZ,UNKNOWN,[]
pr6_fact-002370.SZ,pr6_fact,002370.SZ,UNKNOWN,[]
pr6_fact-002371.SZ,pr6_fact,002371.SZ,UNKNOWN,[]
pr6_fact-002372.SZ,pr6_fact,002372.SZ,UNKNOWN,[]
pr6_fact-002373.SZ,pr6_fact,002373.SZ,UNKNOWN,[]
pr6_fact-002375.SZ,pr6_fact,002375.SZ,UNKNOWN,[]
pr6_fact-002376.SZ,pr6_fact,002376.SZ,UNKNOWN,[]
pr6_fact-002377.SZ,pr6_fact,002377.SZ,UNKNOWN,[]
pr6_fact-002378.SZ,pr6_fact,002378.SZ,UNKNOWN,[]
pr6_fact-002379.SZ,pr6_fact,002379.SZ,UNKNOWN,[]
pr6_fact-002380.SZ,pr6_fact,002380.SZ,UNKNOWN,[]
pr6_fact-002381.SZ,pr6_fact,002381.SZ,UNKNOWN,[]
pr6_fact-002382.SZ,pr6_fact,002382.SZ,UNKNOWN,[]
pr6_fact-002383.SZ,pr6_fact,002383.SZ,UNKNOWN,[]
pr6_fact-002384.SZ,pr6_fact,002384.SZ,UNKNOWN,[]
pr6_fact-002385.SZ,pr6_fact,002385.SZ,UNKNOWN,[]
pr6_fact-002386.SZ,pr6_fact,002386.SZ,UNKNOWN,[]
pr6_fact-002387.SZ,pr6_fact,002387.SZ,UNKNOWN,[]
pr6_fact-002388.SZ,pr6_fact,002388.SZ,UNKNOWN,[]
pr6_fact-002389.SZ,pr6_fact,002389.SZ,UNKNOWN,[]
pr6_fact-002390.SZ,pr6_fact,002390.SZ,UNKNOWN,[]
pr6_fact-002391.SZ,pr6_fact,002391.SZ,UNKNOWN,[]
pr6_fact-002392.SZ,pr6_fact,002392.SZ,UNKNOWN,[]
pr6_fact-002393.SZ,pr6_fact,002393.SZ,UNKNOWN,[]
pr6_fact-002394.SZ,pr6_fact,002394.SZ,UNKNOWN,[]
pr6_fact-002396.SZ,pr6_fact,002396.SZ,UNKNOWN,[]
pr6_fact-002398.SZ,pr6_fact,002398.SZ,UNKNOWN,[]
pr6_fact-002399.SZ,pr6_fact,002399.SZ,UNKNOWN,[]
pr6_fact-002400.SZ,pr6_fact,002400.SZ,UNKNOWN,[]
pr6_fact-002401.SZ,pr6_fact,002401.SZ,UNKNOWN,[]
pr6_fact-002402.SZ,pr6_fact,002402.SZ,UNKNOWN,[]
pr6_fact-002405.SZ,pr6_fact,002405.SZ,UNKNOWN,[]
pr6_fact-002406.SZ,pr6_fact,002406.SZ,UNKNOWN,[]
pr6_fact-002407.SZ,pr6_fact,002407.SZ,UNKNOWN,[]
pr6_fact-002408.SZ,pr6_fact,002408.SZ,UNKNOWN,[]
pr6_fact-002409.SZ,pr6_fact,002409.SZ,UNKNOWN,[]
pr6_fact-002410.SZ,pr6_fact,002410.SZ,UNKNOWN,[]
pr6_fact-002411.SZ,pr6_fact,002411.SZ,UNKNOWN,[]
pr6_fact-002412.SZ,pr6_fact,002412.SZ,UNKNOWN,[]
pr6_fact-002413.SZ,pr6_fact,002413.SZ,UNKNOWN,[]
pr6_fact-002414.SZ,pr6_fact,002414.SZ,UNKNOWN,[]
pr6_fact-002415.SZ,pr6_fact,002415.SZ,UNKNOWN,[]
pr6_fact-002416.SZ,pr6_fact,002416.SZ,UNKNOWN,[]
pr6_fact-002417.SZ,pr6_fact,002417.SZ,UNKNOWN,[]
pr6_fact-002418.SZ,pr6_fact,002418.SZ,UNKNOWN,[]
pr6_fact-002419.SZ,pr6_fact,002419.SZ,UNKNOWN,[]
pr6_fact-002421.SZ,pr6_fact,002421.SZ,UNKNOWN,[]
pr6_fact-002422.SZ,pr6_fact,002422.SZ,UNKNOWN,[]
pr6_fact-002423.SZ,pr6_fact,002423.SZ,UNKNOWN,[]
pr6_fact-002424.SZ,pr6_fact,002424.SZ,UNKNOWN,[]
pr6_fact-002425.SZ,pr6_fact,002425.SZ,UNKNOWN,[]
pr6_fact-002426.SZ,pr6_fact,002426.SZ,UNKNOWN,[]
pr6_fact-002427.SZ,pr6_fact,002427.SZ,UNKNOWN,[]
pr6_fact-002428.SZ,pr6_fact,002428.SZ,UNKNOWN,[]
pr6_fact-002429.SZ,pr6_fact,002429.SZ,UNKNOWN,[]
pr6_fact-002430.SZ,pr6_fact,002430.SZ,UNKNOWN,[]
pr6_fact-002431.SZ,pr6_fact,002431.SZ,UNKNOWN,[]
pr6_fact-002432.SZ,pr6_fact,002432.SZ,UNKNOWN,[]
pr6_fact-002433.SZ,pr6_fact,002433.SZ,UNKNOWN,[]
pr6_fact-002434.SZ,pr6_fact,002434.SZ,UNKNOWN,[]
pr6_fact-002435.SZ,pr6_fact,002435.SZ,UNKNOWN,[]
pr6_fact-002436.SZ,pr6_fact,002436.SZ,UNKNOWN,[]
pr6_fact-002437.SZ,pr6_fact,002437.SZ,UNKNOWN,[]
pr6_fact-002438.SZ,pr6_fact,002438.SZ,UNKNOWN,[]
pr6_fact-002439.SZ,pr6_fact,002439.SZ,UNKNOWN,[]
pr6_fact-002440.SZ,pr6_fact,002440.SZ,UNKNOWN,[]
pr6_fact-002441.SZ,pr6_fact,002441.SZ,UNKNOWN,[]
pr6_fact-002443.SZ,pr6_fact,002443.SZ,UNKNOWN,[]
pr6_fact-002444.SZ,pr6_fact,002444.SZ,UNKNOWN,[]
pr6_fact-002445.SZ,pr6_fact,002445.SZ,UNKNOWN,[]
pr6_fact-002446.SZ,pr6_fact,002446.SZ,UNKNOWN,[]
pr6_fact-002447.SZ,pr6_fact,002447.SZ,UNKNOWN,[]
pr6_fact-002448.SZ,pr6_fact,002448.SZ,UNKNOWN,[]
pr6_fact-002449.SZ,pr6_fact,002449.SZ,UNKNOWN,[]
pr6_fact-002450.SZ,pr6_fact,002450.SZ,UNKNOWN,[]
pr6_fact-002451.SZ,pr6_fact,002451.SZ,UNKNOWN,[]
pr6_fact-002452.SZ,pr6_fact,002452.SZ,UNKNOWN,[]
pr6_fact-002453.SZ,pr6_fact,002453.SZ,UNKNOWN,[]
pr6_fact-002454.SZ,pr6_fact,002454.SZ,UNKNOWN,[]
pr6_fact-002456.SZ,pr6_fact,002456.SZ,UNKNOWN,[]
pr6_fact-002457.SZ,pr6_fact,002457.SZ,UNKNOWN,[]
pr6_fact-002458.SZ,pr6_fact,002458.SZ,UNKNOWN,[]
pr6_fact-002459.SZ,pr6_fact,002459.SZ,UNKNOWN,[]
pr6_fact-002460.SZ,pr6_fact,002460.SZ,UNKNOWN,[]
pr6_fact-002461.SZ,pr6_fact,002461.SZ,UNKNOWN,[]
pr6_fact-002462.SZ,pr6_fact,002462.SZ,UNKNOWN,[]
pr6_fact-002463.SZ,pr6_fact,002463.SZ,UNKNOWN,[]
pr6_fact-002464.SZ,pr6_fact,002464.SZ,UNKNOWN,[]
pr6_fact-002465.SZ,pr6_fact,002465.SZ,UNKNOWN,[]
pr6_fact-002466.SZ,pr6_fact,002466.SZ,UNKNOWN,[]
pr6_fact-002467.SZ,pr6_fact,002467.SZ,UNKNOWN,[]
pr6_fact-002468.SZ,pr6_fact,002468.SZ,UNKNOWN,[]
pr6_fact-002469.SZ,pr6_fact,002469.SZ,UNKNOWN,[]
pr6_fact-002470.SZ,pr6_fact,002470.SZ,UNKNOWN,[]
pr6_fact-002471.SZ,pr6_fact,002471.SZ,UNKNOWN,[]
pr6_fact-002472.SZ,pr6_fact,002472.SZ,UNKNOWN,[]
pr6_fact-002473.SZ,pr6_fact,002473.SZ,UNKNOWN,[]
pr6_fact-002474.SZ,pr6_fact,002474.SZ,UNKNOWN,[]
pr6_fact-002475.SZ,pr6_fact,002475.SZ,UNKNOWN,[]
pr6_fact-002476.SZ,pr6_fact,002476.SZ,UNKNOWN,[]
pr6_fact-002477.SZ,pr6_fact,002477.SZ,UNKNOWN,[]
pr6_fact-002478.SZ,pr6_fact,002478.SZ,UNKNOWN,[]
pr6_fact-002479.SZ,pr6_fact,002479.SZ,UNKNOWN,[]
pr6_fact-002480.SZ,pr6_fact,002480.SZ,UNKNOWN,[]
pr6_fact-002481.SZ,pr6_fact,002481.SZ,UNKNOWN,[]
pr6_fact-002482.SZ,pr6_fact,002482.SZ,UNKNOWN,[]
pr6_fact-002483.SZ,pr6_fact,002483.SZ,UNKNOWN,[]
pr6_fact-002484.SZ,pr6_fact,002484.SZ,UNKNOWN,[]
pr6_fact-002485.SZ,pr6_fact,002485.SZ,UNKNOWN,[]
pr6_fact-002486.SZ,pr6_fact,002486.SZ,UNKNOWN,[]
pr6_fact-002487.SZ,pr6_fact,002487.SZ,UNKNOWN,[]
pr6_fact-002488.SZ,pr6_fact,002488.SZ,UNKNOWN,[]
pr6_fact-002489.SZ,pr6_fact,002489.SZ,UNKNOWN,[]
pr6_fact-002490.SZ,pr6_fact,002490.SZ,UNKNOWN,[]
pr6_fact-002491.SZ,pr6_fact,002491.SZ,UNKNOWN,[]
pr6_fact-002492.SZ,pr6_fact,002492.SZ,UNKNOWN,[]
pr6_fact-002493.SZ,pr6_fact,002493.SZ,UNKNOWN,[]
pr6_fact-002494.SZ,pr6_fact,002494.SZ,UNKNOWN,[]
pr6_fact-002496.SZ,pr6_fact,002496.SZ,UNKNOWN,[]
pr6_fact-002497.SZ,pr6_fact,002497.SZ,UNKNOWN,[]
pr6_fact-002498.SZ,pr6_fact,002498.SZ,UNKNOWN,[]
pr6_fact-002499.SZ,pr6_fact,002499.SZ,UNKNOWN,[]
pr6_fact-002500.SZ,pr6_fact,002500.SZ,UNKNOWN,[]
pr6_fact-002501.SZ,pr6_fact,002501.SZ,UNKNOWN,[]
pr6_fact-002502.SZ,pr6_fact,002502.SZ,UNKNOWN,[]
pr6_fact-002503.SZ,pr6_fact,002503.SZ,UNKNOWN,[]
pr6_fact-002504.SZ,pr6_fact,002504.SZ,UNKNOWN,[]
pr6_fact-002505.SZ,pr6_fact,002505.SZ,UNKNOWN,[]
pr6_fact-002506.SZ,pr6_fact,002506.SZ,UNKNOWN,[]
pr6_fact-002507.SZ,pr6_fact,002507.SZ,UNKNOWN,[]
pr6_fact-002508.SZ,pr6_fact,002508.SZ,UNKNOWN,[]
pr6_fact-002509.SZ,pr6_fact,002509.SZ,UNKNOWN,[]
pr6_fact-002510.SZ,pr6_fact,002510.SZ,UNKNOWN,[]
pr6_fact-002511.SZ,pr6_fact,002511.SZ,UNKNOWN,[]
pr6_fact-002512.SZ,pr6_fact,002512.SZ,UNKNOWN,[]
pr6_fact-002514.SZ,pr6_fact,002514.SZ,UNKNOWN,[]
pr6_fact-002515.SZ,pr6_fact,002515.SZ,UNKNOWN,[]
pr6_fact-002516.SZ,pr6_fact,002516.SZ,UNKNOWN,[]
pr6_fact-002517.SZ,pr6_fact,002517.SZ,UNKNOWN,[]
pr6_fact-002518.SZ,pr6_fact,002518.SZ,UNKNOWN,[]
pr6_fact-002519.SZ,pr6_fact,002519.SZ,UNKNOWN,[]
pr6_fact-002520.SZ,pr6_fact,002520.SZ,UNKNOWN,[]
pr6_fact-002521.SZ,pr6_fact,002521.SZ,UNKNOWN,[]
pr6_fact-002522.SZ,pr6_fact,002522.SZ,UNKNOWN,[]
pr6_fact-002524.SZ,pr6_fact,002524.SZ,UNKNOWN,[]
pr6_fact-002526.SZ,pr6_fact,002526.SZ,UNKNOWN,[]
pr6_fact-002527.SZ,pr6_fact,002527.SZ,UNKNOWN,[]
pr6_fact-002528.SZ,pr6_fact,002528.SZ,UNKNOWN,[]
pr6_fact-002529.SZ,pr6_fact,002529.SZ,UNKNOWN,[]
pr6_fact-002530.SZ,pr6_fact,002530.SZ,UNKNOWN,[]
pr6_fact-002531.SZ,pr6_fact,002531.SZ,UNKNOWN,[]
pr6_fact-002532.SZ,pr6_fact,002532.SZ,UNKNOWN,[]
pr6_fact-002534.SZ,pr6_fact,002534.SZ,UNKNOWN,[]
pr6_fact-002535.SZ,pr6_fact,002535.SZ,UNKNOWN,[]
pr6_fact-002536.SZ,pr6_fact,002536.SZ,UNKNOWN,[]
pr6_fact-002537.SZ,pr6_fact,002537.SZ,UNKNOWN,[]
pr6_fact-002538.SZ,pr6_fact,002538.SZ,UNKNOWN,[]
pr6_fact-002539.SZ,pr6_fact,002539.SZ,UNKNOWN,[]
pr6_fact-002540.SZ,pr6_fact,002540.SZ,UNKNOWN,[]
pr6_fact-002541.SZ,pr6_fact,002541.SZ,UNKNOWN,[]
pr6_fact-002542.SZ,pr6_fact,002542.SZ,UNKNOWN,[]
pr6_fact-002543.SZ,pr6_fact,002543.SZ,UNKNOWN,[]
pr6_fact-002544.SZ,pr6_fact,002544.SZ,UNKNOWN,[]
pr6_fact-002545.SZ,pr6_fact,002545.SZ,UNKNOWN,[]
pr6_fact-002546.SZ,pr6_fact,002546.SZ,UNKNOWN,[]
pr6_fact-002547.SZ,pr6_fact,002547.SZ,UNKNOWN,[]
pr6_fact-002549.SZ,pr6_fact,002549.SZ,UNKNOWN,[]
pr6_fact-002550.SZ,pr6_fact,002550.SZ,UNKNOWN,[]
pr6_fact-002551.SZ,pr6_fact,002551.SZ,UNKNOWN,[]
pr6_fact-002554.SZ,pr6_fact,002554.SZ,UNKNOWN,[]
pr6_fact-002555.SZ,pr6_fact,002555.SZ,UNKNOWN,[]
pr6_fact-002556.SZ,pr6_fact,002556.SZ,UNKNOWN,[]
pr6_fact-002557.SZ,pr6_fact,002557.SZ,UNKNOWN,[]
pr6_fact-002558.SZ,pr6_fact,002558.SZ,UNKNOWN,[]
pr6_fact-002559.SZ,pr6_fact,002559.SZ,UNKNOWN,[]
pr6_fact-002561.SZ,pr6_fact,002561.SZ,UNKNOWN,[]
pr6_fact-002562.SZ,pr6_fact,002562.SZ,UNKNOWN,[]
pr6_fact-002563.SZ,pr6_fact,002563.SZ,UNKNOWN,[]
pr6_fact-002564.SZ,pr6_fact,002564.SZ,UNKNOWN,[]
pr6_fact-002565.SZ,pr6_fact,002565.SZ,UNKNOWN,[]
pr6_fact-002566.SZ,pr6_fact,002566.SZ,UNKNOWN,[]
pr6_fact-002567.SZ,pr6_fact,002567.SZ,UNKNOWN,[]
pr6_fact-002568.SZ,pr6_fact,002568.SZ,UNKNOWN,[]
pr6_fact-002570.SZ,pr6_fact,002570.SZ,UNKNOWN,[]
pr6_fact-002571.SZ,pr6_fact,002571.SZ,UNKNOWN,[]
pr6_fact-002572.SZ,pr6_fact,002572.SZ,UNKNOWN,[]
pr6_fact-002573.SZ,pr6_fact,002573.SZ,UNKNOWN,[]
pr6_fact-002574.SZ,pr6_fact,002574.SZ,UNKNOWN,[]
pr6_fact-002575.SZ,pr6_fact,002575.SZ,UNKNOWN,[]
pr6_fact-002577.SZ,pr6_fact,002577.SZ,UNKNOWN,[]
pr6_fact-002579.SZ,pr6_fact,002579.SZ,UNKNOWN,[]
pr6_fact-002581.SZ,pr6_fact,002581.SZ,UNKNOWN,[]
pr6_fact-002582.SZ,pr6_fact,002582.SZ,UNKNOWN,[]
pr6_fact-002583.SZ,pr6_fact,002583.SZ,UNKNOWN,[]
pr6_fact-002584.SZ,pr6_fact,002584.SZ,UNKNOWN,[]
pr6_fact-002585.SZ,pr6_fact,002585.SZ,UNKNOWN,[]
pr6_fact-002586.SZ,pr6_fact,002586.SZ,UNKNOWN,[]
pr6_fact-002587.SZ,pr6_fact,002587.SZ,UNKNOWN,[]
pr6_fact-002588.SZ,pr6_fact,002588.SZ,UNKNOWN,[]
pr6_fact-002589.SZ,pr6_fact,002589.SZ,UNKNOWN,[]
pr6_fact-002590.SZ,pr6_fact,002590.SZ,UNKNOWN,[]
pr6_fact-002592.SZ,pr6_fact,002592.SZ,UNKNOWN,[]
pr6_fact-002594.SZ,pr6_fact,002594.SZ,UNKNOWN,[]
pr6_fact-002595.SZ,pr6_fact,002595.SZ,UNKNOWN,[]
pr6_fact-002596.SZ,pr6_fact,002596.SZ,UNKNOWN,[]
pr6_fact-002597.SZ,pr6_fact,002597.SZ,UNKNOWN,[]
pr6_fact-002598.SZ,pr6_fact,002598.SZ,UNKNOWN,[]
pr6_fact-002600.SZ,pr6_fact,002600.SZ,UNKNOWN,[]
pr6_fact-002601.SZ,pr6_fact,002601.SZ,UNKNOWN,[]
pr6_fact-002602.SZ,pr6_fact,002602.SZ,UNKNOWN,[]
pr6_fact-002603.SZ,pr6_fact,002603.SZ,UNKNOWN,[]
pr6_fact-002604.SZ,pr6_fact,002604.SZ,UNKNOWN,[]
pr6_fact-002605.SZ,pr6_fact,002605.SZ,UNKNOWN,[]
pr6_fact-002606.SZ,pr6_fact,002606.SZ,UNKNOWN,[]
pr6_fact-002607.SZ,pr6_fact,002607.SZ,UNKNOWN,[]
pr6_fact-002608.SZ,pr6_fact,002608.SZ,UNKNOWN,[]
pr6_fact-002609.SZ,pr6_fact,002609.SZ,UNKNOWN,[]
pr6_fact-002610.SZ,pr6_fact,002610.SZ,UNKNOWN,[]
pr6_fact-002611.SZ,pr6_fact,002611.SZ,UNKNOWN,[]
pr6_fact-002612.SZ,pr6_fact,002612.SZ,UNKNOWN,[]
pr6_fact-002613.SZ,pr6_fact,002613.SZ,UNKNOWN,[]
pr6_fact-002614.SZ,pr6_fact,002614.SZ,UNKNOWN,[]
pr6_fact-002616.SZ,pr6_fact,002616.SZ,UNKNOWN,[]
pr6_fact-002617.SZ,pr6_fact,002617.SZ,UNKNOWN,[]
pr6_fact-002618.SZ,pr6_fact,002618.SZ,UNKNOWN,[]
pr6_fact-002619.SZ,pr6_fact,002619.SZ,UNKNOWN,[]
pr6_fact-002620.SZ,pr6_fact,002620.SZ,UNKNOWN,[]
pr6_fact-002621.SZ,pr6_fact,002621.SZ,UNKNOWN,[]
pr6_fact-002622.SZ,pr6_fact,002622.SZ,UNKNOWN,[]
pr6_fact-002623.SZ,pr6_fact,002623.SZ,UNKNOWN,[]
pr6_fact-002624.SZ,pr6_fact,002624.SZ,UNKNOWN,[]
pr6_fact-002625.SZ,pr6_fact,002625.SZ,UNKNOWN,[]
pr6_fact-002626.SZ,pr6_fact,002626.SZ,UNKNOWN,[]
pr6_fact-002628.SZ,pr6_fact,002628.SZ,UNKNOWN,[]
pr6_fact-002629.SZ,pr6_fact,002629.SZ,UNKNOWN,[]
pr6_fact-002630.SZ,pr6_fact,002630.SZ,UNKNOWN,[]
pr6_fact-002631.SZ,pr6_fact,002631.SZ,UNKNOWN,[]
pr6_fact-002635.SZ,pr6_fact,002635.SZ,UNKNOWN,[]
pr6_fact-002636.SZ,pr6_fact,002636.SZ,UNKNOWN,[]
pr6_fact-002637.SZ,pr6_fact,002637.SZ,UNKNOWN,[]
pr6_fact-002638.SZ,pr6_fact,002638.SZ,UNKNOWN,[]
pr6_fact-002639.SZ,pr6_fact,002639.SZ,UNKNOWN,[]
pr6_fact-002640.SZ,pr6_fact,002640.SZ,UNKNOWN,[]
pr6_fact-002641.SZ,pr6_fact,002641.SZ,UNKNOWN,[]
pr6_fact-002642.SZ,pr6_fact,002642.SZ,UNKNOWN,[]
pr6_fact-002643.SZ,pr6_fact,002643.SZ,UNKNOWN,[]
pr6_fact-002644.SZ,pr6_fact,002644.SZ,UNKNOWN,[]
pr6_fact-002645.SZ,pr6_fact,002645.SZ,UNKNOWN,[]
pr6_fact-002646.SZ,pr6_fact,002646.SZ,UNKNOWN,[]
pr6_fact-002647.SZ,pr6_fact,002647.SZ,UNKNOWN,[]
pr6_fact-002648.SZ,pr6_fact,002648.SZ,UNKNOWN,[]
pr6_fact-002649.SZ,pr6_fact,002649.SZ,UNKNOWN,[]
pr6_fact-002650.SZ,pr6_fact,002650.SZ,UNKNOWN,[]
pr6_fact-002651.SZ,pr6_fact,002651.SZ,UNKNOWN,[]
pr6_fact-002653.SZ,pr6_fact,002653.SZ,UNKNOWN,[]
pr6_fact-002654.SZ,pr6_fact,002654.SZ,UNKNOWN,[]
pr6_fact-002655.SZ,pr6_fact,002655.SZ,UNKNOWN,[]
pr6_fact-002656.SZ,pr6_fact,002656.SZ,UNKNOWN,[]
pr6_fact-002657.SZ,pr6_fact,002657.SZ,UNKNOWN,[]
pr6_fact-002658.SZ,pr6_fact,002658.SZ,UNKNOWN,[]
pr6_fact-002660.SZ,pr6_fact,002660.SZ,UNKNOWN,[]
pr6_fact-002661.SZ,pr6_fact,002661.SZ,UNKNOWN,[]
pr6_fact-002662.SZ,pr6_fact,002662.SZ,UNKNOWN,[]
pr6_fact-002663.SZ,pr6_fact,002663.SZ,UNKNOWN,[]
pr6_fact-002664.SZ,pr6_fact,002664.SZ,UNKNOWN,[]
pr6_fact-002665.SZ,pr6_fact,002665.SZ,UNKNOWN,[]
pr6_fact-002666.SZ,pr6_fact,002666.SZ,UNKNOWN,[]
pr6_fact-002667.SZ,pr6_fact,002667.SZ,UNKNOWN,[]
pr6_fact-002668.SZ,pr6_fact,002668.SZ,UNKNOWN,[]
pr6_fact-002670.SZ,pr6_fact,002670.SZ,UNKNOWN,[]
pr6_fact-002671.SZ,pr6_fact,002671.SZ,UNKNOWN,[]
pr6_fact-002672.SZ,pr6_fact,002672.SZ,UNKNOWN,[]
pr6_fact-002673.SZ,pr6_fact,002673.SZ,UNKNOWN,[]
pr6_fact-002674.SZ,pr6_fact,002674.SZ,UNKNOWN,[]
pr6_fact-002675.SZ,pr6_fact,002675.SZ,UNKNOWN,[]
pr6_fact-002677.SZ,pr6_fact,002677.SZ,UNKNOWN,[]
pr6_fact-002678.SZ,pr6_fact,002678.SZ,UNKNOWN,[]
pr6_fact-002679.SZ,pr6_fact,002679.SZ,UNKNOWN,[]
pr6_fact-002680.SZ,pr6_fact,002680.SZ,UNKNOWN,[]
pr6_fact-002681.SZ,pr6_fact,002681.SZ,UNKNOWN,[]
pr6_fact-002683.SZ,pr6_fact,002683.SZ,UNKNOWN,[]
pr6_fact-002684.SZ,pr6_fact,002684.SZ,UNKNOWN,[]
pr6_fact-002685.SZ,pr6_fact,002685.SZ,UNKNOWN,[]
pr6_fact-002686.SZ,pr6_fact,002686.SZ,UNKNOWN,[]
pr6_fact-002688.SZ,pr6_fact,002688.SZ,UNKNOWN,[]
pr6_fact-002689.SZ,pr6_fact,002689.SZ,UNKNOWN,[]
pr6_fact-002690.SZ,pr6_fact,002690.SZ,UNKNOWN,[]
pr6_fact-002691.SZ,pr6_fact,002691.SZ,UNKNOWN,[]
pr6_fact-002692.SZ,pr6_fact,002692.SZ,UNKNOWN,[]
pr6_fact-002693.SZ,pr6_fact,002693.SZ,UNKNOWN,[]
pr6_fact-002694.SZ,pr6_fact,002694.SZ,UNKNOWN,[]
pr6_fact-002695.SZ,pr6_fact,002695.SZ,UNKNOWN,[]
pr6_fact-002697.SZ,pr6_fact,002697.SZ,UNKNOWN,[]
pr6_fact-002698.SZ,pr6_fact,002698.SZ,UNKNOWN,[]
pr6_fact-002699.SZ,pr6_fact,002699.SZ,UNKNOWN,[]
pr6_fact-002700.SZ,pr6_fact,002700.SZ,UNKNOWN,[]
pr6_fact-002701.SZ,pr6_fact,002701.SZ,UNKNOWN,[]
pr6_fact-002702.SZ,pr6_fact,002702.SZ,UNKNOWN,[]
pr6_fact-002703.SZ,pr6_fact,002703.SZ,UNKNOWN,[]
pr6_fact-002705.SZ,pr6_fact,002705.SZ,UNKNOWN,[]
pr6_fact-002706.SZ,pr6_fact,002706.SZ,UNKNOWN,[]
pr6_fact-002707.SZ,pr6_fact,002707.SZ,UNKNOWN,[]
pr6_fact-002708.SZ,pr6_fact,002708.SZ,UNKNOWN,[]
pr6_fact-002709.SZ,pr6_fact,002709.SZ,UNKNOWN,[]
pr6_fact-002711.SZ,pr6_fact,002711.SZ,UNKNOWN,[]
pr6_fact-002712.SZ,pr6_fact,002712.SZ,UNKNOWN,[]
pr6_fact-002713.SZ,pr6_fact,002713.SZ,UNKNOWN,[]
pr6_fact-002714.SZ,pr6_fact,002714.SZ,UNKNOWN,[]
pr6_fact-002715.SZ,pr6_fact,002715.SZ,UNKNOWN,[]
pr6_fact-002716.SZ,pr6_fact,002716.SZ,UNKNOWN,[]
pr6_fact-002717.SZ,pr6_fact,002717.SZ,UNKNOWN,[]
pr6_fact-002718.SZ,pr6_fact,002718.SZ,UNKNOWN,[]
pr6_fact-002719.SZ,pr6_fact,002719.SZ,UNKNOWN,[]
pr6_fact-002721.SZ,pr6_fact,002721.SZ,UNKNOWN,[]
pr6_fact-002722.SZ,pr6_fact,002722.SZ,UNKNOWN,[]
pr6_fact-002723.SZ,pr6_fact,002723.SZ,UNKNOWN,[]
pr6_fact-002724.SZ,pr6_fact,002724.SZ,UNKNOWN,[]
pr6_fact-002725.SZ,pr6_fact,002725.SZ,UNKNOWN,[]
pr6_fact-002726.SZ,pr6_fact,002726.SZ,UNKNOWN,[]
pr6_fact-002727.SZ,pr6_fact,002727.SZ,UNKNOWN,[]
pr6_fact-002731.SZ,pr6_fact,002731.SZ,UNKNOWN,[]
pr6_fact-002733.SZ,pr6_fact,002733.SZ,UNKNOWN,[]
pr6_fact-002736.SZ,pr6_fact,002736.SZ,UNKNOWN,[]
pr6_fact-002737.SZ,pr6_fact,002737.SZ,UNKNOWN,[]
pr6_fact-002738.SZ,pr6_fact,002738.SZ,UNKNOWN,[]
pr6_fact-002739.SZ,pr6_fact,002739.SZ,UNKNOWN,[]
pr6_fact-002741.SZ,pr6_fact,002741.SZ,UNKNOWN,[]
pr6_fact-002742.SZ,pr6_fact,002742.SZ,UNKNOWN,[]
pr6_fact-002745.SZ,pr6_fact,002745.SZ,UNKNOWN,[]
pr6_fact-002746.SZ,pr6_fact,002746.SZ,UNKNOWN,[]
pr6_fact-002747.SZ,pr6_fact,002747.SZ,UNKNOWN,[]
pr6_fact-002750.SZ,pr6_fact,002750.SZ,UNKNOWN,[]
pr6_fact-002751.SZ,pr6_fact,002751.SZ,UNKNOWN,[]
pr6_fact-002752.SZ,pr6_fact,002752.SZ,UNKNOWN,[]
pr6_fact-002755.SZ,pr6_fact,002755.SZ,UNKNOWN,[]
pr6_fact-002756.SZ,pr6_fact,002756.SZ,UNKNOWN,[]
pr6_fact-002759.SZ,pr6_fact,002759.SZ,UNKNOWN,[]
pr6_fact-002761.SZ,pr6_fact,002761.SZ,UNKNOWN,[]
pr6_fact-002762.SZ,pr6_fact,002762.SZ,UNKNOWN,[]
pr6_fact-002763.SZ,pr6_fact,002763.SZ,UNKNOWN,[]
pr6_fact-002766.SZ,pr6_fact,002766.SZ,UNKNOWN,[]
pr6_fact-002768.SZ,pr6_fact,002768.SZ,UNKNOWN,[]
pr6_fact-002769.SZ,pr6_fact,002769.SZ,UNKNOWN,[]
pr6_fact-002771.SZ,pr6_fact,002771.SZ,UNKNOWN,[]
pr6_fact-002772.SZ,pr6_fact,002772.SZ,UNKNOWN,[]
pr6_fact-002773.SZ,pr6_fact,002773.SZ,UNKNOWN,[]
pr6_fact-002776.SZ,pr6_fact,002776.SZ,UNKNOWN,[]
pr6_fact-002777.SZ,pr6_fact,002777.SZ,UNKNOWN,[]
pr6_fact-002779.SZ,pr6_fact,002779.SZ,UNKNOWN,[]
pr6_fact-002781.SZ,pr6_fact,002781.SZ,UNKNOWN,[]
pr6_fact-002782.SZ,pr6_fact,002782.SZ,UNKNOWN,[]
pr6_fact-002783.SZ,pr6_fact,002783.SZ,UNKNOWN,[]
pr6_fact-002786.SZ,pr6_fact,002786.SZ,UNKNOWN,[]
pr6_fact-002788.SZ,pr6_fact,002788.SZ,UNKNOWN,[]
pr6_fact-002790.SZ,pr6_fact,002790.SZ,UNKNOWN,[]
pr6_fact-002791.SZ,pr6_fact,002791.SZ,UNKNOWN,[]
pr6_fact-002792.SZ,pr6_fact,002792.SZ,UNKNOWN,[]
pr6_fact-002793.SZ,pr6_fact,002793.SZ,UNKNOWN,[]
pr6_fact-002796.SZ,pr6_fact,002796.SZ,UNKNOWN,[]
pr6_fact-002797.SZ,pr6_fact,002797.SZ,UNKNOWN,[]
pr6_fact-002798.SZ,pr6_fact,002798.SZ,UNKNOWN,[]
pr6_fact-002801.SZ,pr6_fact,002801.SZ,UNKNOWN,[]
pr6_fact-002802.SZ,pr6_fact,002802.SZ,UNKNOWN,[]
pr6_fact-002803.SZ,pr6_fact,002803.SZ,UNKNOWN,[]
pr6_fact-002807.SZ,pr6_fact,002807.SZ,UNKNOWN,[]
pr6_fact-002810.SZ,pr6_fact,002810.SZ,UNKNOWN,[]
pr6_fact-002812.SZ,pr6_fact,002812.SZ,UNKNOWN,[]
pr6_fact-002815.SZ,pr6_fact,002815.SZ,UNKNOWN,[]
pr6_fact-002818.SZ,pr6_fact,002818.SZ,UNKNOWN,[]
pr6_fact-002821.SZ,pr6_fact,002821.SZ,UNKNOWN,[]
pr6_fact-002822.SZ,pr6_fact,002822.SZ,UNKNOWN,[]
pr6_fact-002827.SZ,pr6_fact,002827.SZ,UNKNOWN,[]
pr6_fact-002831.SZ,pr6_fact,002831.SZ,UNKNOWN,[]
pr6_fact-002832.SZ,pr6_fact,002832.SZ,UNKNOWN,[]
pr6_fact-002833.SZ,pr6_fact,002833.SZ,UNKNOWN,[]
pr6_fact-002837.SZ,pr6_fact,002837.SZ,UNKNOWN,[]
pr6_fact-002838.SZ,pr6_fact,002838.SZ,UNKNOWN,[]
pr6_fact-002839.SZ,pr6_fact,002839.SZ,UNKNOWN,[]
pr6_fact-002840.SZ,pr6_fact,002840.SZ,UNKNOWN,[]
pr6_fact-002841.SZ,pr6_fact,002841.SZ,UNKNOWN,[]
pr6_fact-002847.SZ,pr6_fact,002847.SZ,UNKNOWN,[]
pr6_fact-002850.SZ,pr6_fact,002850.SZ,UNKNOWN,[]
pr6_fact-002851.SZ,pr6_fact,002851.SZ,UNKNOWN,[]
pr6_fact-002852.SZ,pr6_fact,002852.SZ,UNKNOWN,[]
pr6_fact-002859.SZ,pr6_fact,002859.SZ,UNKNOWN,[]
pr6_fact-002865.SZ,pr6_fact,002865.SZ,UNKNOWN,[]
pr6_fact-002866.SZ,pr6_fact,002866.SZ,UNKNOWN,[]
pr6_fact-002867.SZ,pr6_fact,002867.SZ,UNKNOWN,[]
pr6_fact-002869.SZ,pr6_fact,002869.SZ,UNKNOWN,[]
pr6_fact-002872.SZ,pr6_fact,002872.SZ,UNKNOWN,[]
pr6_fact-002880.SZ,pr6_fact,002880.SZ,UNKNOWN,[]
pr6_fact-002881.SZ,pr6_fact,002881.SZ,UNKNOWN,[]
pr6_fact-002882.SZ,pr6_fact,002882.SZ,UNKNOWN,[]
pr6_fact-002891.SZ,pr6_fact,002891.SZ,UNKNOWN,[]
pr6_fact-002892.SZ,pr6_fact,002892.SZ,UNKNOWN,[]
pr6_fact-002895.SZ,pr6_fact,002895.SZ,UNKNOWN,[]
pr6_fact-002896.SZ,pr6_fact,002896.SZ,UNKNOWN,[]
pr6_fact-002897.SZ,pr6_fact,002897.SZ,UNKNOWN,[]
pr6_fact-002901.SZ,pr6_fact,002901.SZ,UNKNOWN,[]
pr6_fact-002906.SZ,pr6_fact,002906.SZ,UNKNOWN,[]
pr6_fact-002907.SZ,pr6_fact,002907.SZ,UNKNOWN,[]
pr6_fact-002911.SZ,pr6_fact,002911.SZ,UNKNOWN,[]
pr6_fact-002912.SZ,pr6_fact,002912.SZ,UNKNOWN,[]
pr6_fact-002913.SZ,pr6_fact,002913.SZ,UNKNOWN,[]
pr6_fact-002916.SZ,pr6_fact,002916.SZ,UNKNOWN,[]
pr6_fact-002918.SZ,pr6_fact,002918.SZ,UNKNOWN,[]
pr6_fact-002920.SZ,pr6_fact,002920.SZ,UNKNOWN,[]
pr6_fact-002922.SZ,pr6_fact,002922.SZ,UNKNOWN,[]
pr6_fact-002925.SZ,pr6_fact,002925.SZ,UNKNOWN,[]
pr6_fact-002926.SZ,pr6_fact,002926.SZ,UNKNOWN,[]
pr6_fact-002928.SZ,pr6_fact,002928.SZ,UNKNOWN,[]
pr6_fact-002929.SZ,pr6_fact,002929.SZ,UNKNOWN,[]
pr6_fact-002930.SZ,pr6_fact,002930.SZ,UNKNOWN,[]
pr6_fact-002932.SZ,pr6_fact,002932.SZ,UNKNOWN,[]
pr6_fact-002933.SZ,pr6_fact,002933.SZ,UNKNOWN,[]
pr6_fact-002936.SZ,pr6_fact,002936.SZ,UNKNOWN,[]
pr6_fact-002938.SZ,pr6_fact,002938.SZ,UNKNOWN,[]
pr6_fact-002939.SZ,pr6_fact,002939.SZ,UNKNOWN,[]
pr6_fact-002941.SZ,pr6_fact,002941.SZ,UNKNOWN,[]
pr6_fact-002945.SZ,pr6_fact,002945.SZ,UNKNOWN,[]
pr6_fact-002946.SZ,pr6_fact,002946.SZ,UNKNOWN,[]
pr6_fact-002947.SZ,pr6_fact,002947.SZ,UNKNOWN,[]
pr6_fact-002948.SZ,pr6_fact,002948.SZ,UNKNOWN,[]
pr6_fact-002950.SZ,pr6_fact,002950.SZ,UNKNOWN,[]
pr6_fact-002951.SZ,pr6_fact,002951.SZ,UNKNOWN,[]
pr6_fact-002955.SZ,pr6_fact,002955.SZ,UNKNOWN,[]
pr6_fact-002957.SZ,pr6_fact,002957.SZ,UNKNOWN,[]
pr6_fact-002958.SZ,pr6_fact,002958.SZ,UNKNOWN,[]
pr6_fact-002959.SZ,pr6_fact,002959.SZ,UNKNOWN,[]
pr6_fact-002960.SZ,pr6_fact,002960.SZ,UNKNOWN,[]
pr6_fact-002961.SZ,pr6_fact,002961.SZ,UNKNOWN,[]
pr6_fact-002962.SZ,pr6_fact,002962.SZ,UNKNOWN,[]
pr6_fact-002965.SZ,pr6_fact,002965.SZ,UNKNOWN,[]
pr6_fact-002966.SZ,pr6_fact,002966.SZ,UNKNOWN,[]
pr6_fact-002967.SZ,pr6_fact,002967.SZ,UNKNOWN,[]
pr6_fact-002969.SZ,pr6_fact,002969.SZ,UNKNOWN,[]
pr6_fact-002970.SZ,pr6_fact,002970.SZ,UNKNOWN,[]
pr6_fact-002973.SZ,pr6_fact,002973.SZ,UNKNOWN,[]
pr6_fact-002975.SZ,pr6_fact,002975.SZ,UNKNOWN,[]
pr6_fact-002977.SZ,pr6_fact,002977.SZ,UNKNOWN,[]
pr6_fact-002978.SZ,pr6_fact,002978.SZ,UNKNOWN,[]
pr6_fact-002979.SZ,pr6_fact,002979.SZ,UNKNOWN,[]
pr6_fact-002980.SZ,pr6_fact,002980.SZ,UNKNOWN,[]
pr6_fact-002982.SZ,pr6_fact,002982.SZ,UNKNOWN,[]
pr6_fact-002984.SZ,pr6_fact,002984.SZ,UNKNOWN,[]
pr6_fact-002985.SZ,pr6_fact,002985.SZ,UNKNOWN,[]
pr6_fact-002987.SZ,pr6_fact,002987.SZ,UNKNOWN,[]
pr6_fact-002989.SZ,pr6_fact,002989.SZ,UNKNOWN,[]
pr6_fact-002990.SZ,pr6_fact,002990.SZ,UNKNOWN,[]
pr6_fact-002991.SZ,pr6_fact,002991.SZ,UNKNOWN,[]
pr6_fact-002993.SZ,pr6_fact,002993.SZ,UNKNOWN,[]
pr6_fact-003006.SZ,pr6_fact,003006.SZ,UNKNOWN,[]
pr6_fact-003009.SZ,pr6_fact,003009.SZ,UNKNOWN,[]
pr6_fact-003010.SZ,pr6_fact,003010.SZ,UNKNOWN,[]
pr6_fact-003012.SZ,pr6_fact,003012.SZ,UNKNOWN,[]
pr6_fact-003021.SZ,pr6_fact,003021.SZ,UNKNOWN,[]
pr6_fact-003022.SZ,pr6_fact,003022.SZ,UNKNOWN,[]
pr6_fact-003031.SZ,pr6_fact,003031.SZ,UNKNOWN,[]
pr6_fact-003032.SZ,pr6_fact,003032.SZ,UNKNOWN,[]
pr6_fact-003035.SZ,pr6_fact,003035.SZ,UNKNOWN,[]
pr6_fact-003039.SZ,pr6_fact,003039.SZ,UNKNOWN,[]
pr6_fact-003040.SZ,pr6_fact,003040.SZ,UNKNOWN,[]
pr6_fact-003816.SZ,pr6_fact,003816.SZ,UNKNOWN,[]
pr6_fact-300001.SZ,pr6_fact,300001.SZ,UNKNOWN,[]
pr6_fact-300002.SZ,pr6_fact,300002.SZ,UNKNOWN,[]
pr6_fact-300003.SZ,pr6_fact,300003.SZ,UNKNOWN,[]
pr6_fact-300004.SZ,pr6_fact,300004.SZ,UNKNOWN,[]
pr6_fact-300005.SZ,pr6_fact,300005.SZ,UNKNOWN,[]
pr6_fact-300006.SZ,pr6_fact,300006.SZ,UNKNOWN,[]
pr6_fact-300007.SZ,pr6_fact,300007.SZ,UNKNOWN,[]
pr6_fact-300008.SZ,pr6_fact,300008.SZ,UNKNOWN,[]
pr6_fact-300009.SZ,pr6_fact,300009.SZ,UNKNOWN,[]
pr6_fact-300010.SZ,pr6_fact,300010.SZ,UNKNOWN,[]
pr6_fact-300011.SZ,pr6_fact,300011.SZ,UNKNOWN,[]
pr6_fact-300012.SZ,pr6_fact,300012.SZ,UNKNOWN,[]
pr6_fact-300014.SZ,pr6_fact,300014.SZ,UNKNOWN,[]
pr6_fact-300015.SZ,pr6_fact,300015.SZ,UNKNOWN,[]
pr6_fact-300016.SZ,pr6_fact,300016.SZ,UNKNOWN,[]
pr6_fact-300017.SZ,pr6_fact,300017.SZ,UNKNOWN,[]
pr6_fact-300018.SZ,pr6_fact,300018.SZ,UNKNOWN,[]
pr6_fact-300020.SZ,pr6_fact,300020.SZ,UNKNOWN,[]
pr6_fact-300021.SZ,pr6_fact,300021.SZ,UNKNOWN,[]
pr6_fact-300022.SZ,pr6_fact,300022.SZ,UNKNOWN,[]
pr6_fact-300024.SZ,pr6_fact,300024.SZ,UNKNOWN,[]
pr6_fact-300025.SZ,pr6_fact,300025.SZ,UNKNOWN,[]
pr6_fact-300026.SZ,pr6_fact,300026.SZ,UNKNOWN,[]
pr6_fact-300027.SZ,pr6_fact,300027.SZ,UNKNOWN,[]
pr6_fact-300028.SZ,pr6_fact,300028.SZ,UNKNOWN,[]
pr6_fact-300030.SZ,pr6_fact,300030.SZ,UNKNOWN,[]
pr6_fact-300031.SZ,pr6_fact,300031.SZ,UNKNOWN,[]
pr6_fact-300032.SZ,pr6_fact,300032.SZ,UNKNOWN,[]
pr6_fact-300033.SZ,pr6_fact,300033.SZ,UNKNOWN,[]
pr6_fact-300034.SZ,pr6_fact,300034.SZ,UNKNOWN,[]
pr6_fact-300035.SZ,pr6_fact,300035.SZ,UNKNOWN,[]
pr6_fact-300036.SZ,pr6_fact,300036.SZ,UNKNOWN,[]
pr6_fact-300037.SZ,pr6_fact,300037.SZ,UNKNOWN,[]
pr6_fact-300038.SZ,pr6_fact,300038.SZ,UNKNOWN,[]
pr6_fact-300039.SZ,pr6_fact,300039.SZ,UNKNOWN,[]
pr6_fact-300041.SZ,pr6_fact,300041.SZ,UNKNOWN,[]
pr6_fact-300043.SZ,pr6_fact,300043.SZ,UNKNOWN,[]
pr6_fact-300044.SZ,pr6_fact,300044.SZ,UNKNOWN,[]
pr6_fact-300045.SZ,pr6_fact,300045.SZ,UNKNOWN,[]
pr6_fact-300047.SZ,pr6_fact,300047.SZ,UNKNOWN,[]
pr6_fact-300048.SZ,pr6_fact,300048.SZ,UNKNOWN,[]
pr6_fact-300049.SZ,pr6_fact,300049.SZ,UNKNOWN,[]
pr6_fact-300050.SZ,pr6_fact,300050.SZ,UNKNOWN,[]
pr6_fact-300051.SZ,pr6_fact,300051.SZ,UNKNOWN,[]
pr6_fact-300052.SZ,pr6_fact,300052.SZ,UNKNOWN,[]
pr6_fact-300053.SZ,pr6_fact,300053.SZ,UNKNOWN,[]
pr6_fact-300054.SZ,pr6_fact,300054.SZ,UNKNOWN,[]
pr6_fact-300055.SZ,pr6_fact,300055.SZ,UNKNOWN,[]
pr6_fact-300056.SZ,pr6_fact,300056.SZ,UNKNOWN,[]
pr6_fact-300057.SZ,pr6_fact,300057.SZ,UNKNOWN,[]
pr6_fact-300058.SZ,pr6_fact,300058.SZ,UNKNOWN,[]
pr6_fact-300059.SZ,pr6_fact,300059.SZ,UNKNOWN,[]
pr6_fact-300061.SZ,pr6_fact,300061.SZ,UNKNOWN,[]
pr6_fact-300063.SZ,pr6_fact,300063.SZ,UNKNOWN,[]
pr6_fact-300064.SZ,pr6_fact,300064.SZ,UNKNOWN,[]
pr6_fact-300065.SZ,pr6_fact,300065.SZ,UNKNOWN,[]
pr6_fact-300066.SZ,pr6_fact,300066.SZ,UNKNOWN,[]
pr6_fact-300067.SZ,pr6_fact,300067.SZ,UNKNOWN,[]
pr6_fact-300068.SZ,pr6_fact,300068.SZ,UNKNOWN,[]
pr6_fact-300070.SZ,pr6_fact,300070.SZ,UNKNOWN,[]
pr6_fact-300071.SZ,pr6_fact,300071.SZ,UNKNOWN,[]
pr6_fact-300072.SZ,pr6_fact,300072.SZ,UNKNOWN,[]
pr6_fact-300073.SZ,pr6_fact,300073.SZ,UNKNOWN,[]
pr6_fact-300074.SZ,pr6_fact,300074.SZ,UNKNOWN,[]
pr6_fact-300075.SZ,pr6_fact,300075.SZ,UNKNOWN,[]
pr6_fact-300076.SZ,pr6_fact,300076.SZ,UNKNOWN,[]
pr6_fact-300077.SZ,pr6_fact,300077.SZ,UNKNOWN,[]
pr6_fact-300078.SZ,pr6_fact,300078.SZ,UNKNOWN,[]
pr6_fact-300079.SZ,pr6_fact,300079.SZ,UNKNOWN,[]
pr6_fact-300080.SZ,pr6_fact,300080.SZ,UNKNOWN,[]
pr6_fact-300081.SZ,pr6_fact,300081.SZ,UNKNOWN,[]
pr6_fact-300082.SZ,pr6_fact,300082.SZ,UNKNOWN,[]
pr6_fact-300083.SZ,pr6_fact,300083.SZ,UNKNOWN,[]
pr6_fact-300084.SZ,pr6_fact,300084.SZ,UNKNOWN,[]
pr6_fact-300085.SZ,pr6_fact,300085.SZ,UNKNOWN,[]
pr6_fact-300086.SZ,pr6_fact,300086.SZ,UNKNOWN,[]
pr6_fact-300087.SZ,pr6_fact,300087.SZ,UNKNOWN,[]
pr6_fact-300088.SZ,pr6_fact,300088.SZ,UNKNOWN,[]
pr6_fact-300090.SZ,pr6_fact,300090.SZ,UNKNOWN,[]
pr6_fact-300091.SZ,pr6_fact,300091.SZ,UNKNOWN,[]
pr6_fact-300094.SZ,pr6_fact,300094.SZ,UNKNOWN,[]
pr6_fact-300096.SZ,pr6_fact,300096.SZ,UNKNOWN,[]
pr6_fact-300097.SZ,pr6_fact,300097.SZ,UNKNOWN,[]
pr6_fact-300098.SZ,pr6_fact,300098.SZ,UNKNOWN,[]
pr6_fact-300099.SZ,pr6_fact,300099.SZ,UNKNOWN,[]
pr6_fact-300100.SZ,pr6_fact,300100.SZ,UNKNOWN,[]
pr6_fact-300101.SZ,pr6_fact,300101.SZ,UNKNOWN,[]
pr6_fact-300102.SZ,pr6_fact,300102.SZ,UNKNOWN,[]
pr6_fact-300103.SZ,pr6_fact,300103.SZ,UNKNOWN,[]
pr6_fact-300104.SZ,pr6_fact,300104.SZ,UNKNOWN,[]
pr6_fact-300105.SZ,pr6_fact,300105.SZ,UNKNOWN,[]
pr6_fact-300106.SZ,pr6_fact,300106.SZ,UNKNOWN,[]
pr6_fact-300107.SZ,pr6_fact,300107.SZ,UNKNOWN,[]
pr6_fact-300109.SZ,pr6_fact,300109.SZ,UNKNOWN,[]
pr6_fact-300110.SZ,pr6_fact,300110.SZ,UNKNOWN,[]
pr6_fact-300111.SZ,pr6_fact,300111.SZ,UNKNOWN,[]
pr6_fact-300113.SZ,pr6_fact,300113.SZ,UNKNOWN,[]
pr6_fact-300115.SZ,pr6_fact,300115.SZ,UNKNOWN,[]
pr6_fact-300116.SZ,pr6_fact,300116.SZ,UNKNOWN,[]
pr6_fact-300118.SZ,pr6_fact,300118.SZ,UNKNOWN,[]
pr6_fact-300119.SZ,pr6_fact,300119.SZ,UNKNOWN,[]
pr6_fact-300122.SZ,pr6_fact,300122.SZ,UNKNOWN,[]
pr6_fact-300123.SZ,pr6_fact,300123.SZ,UNKNOWN,[]
pr6_fact-300124.SZ,pr6_fact,300124.SZ,UNKNOWN,[]
pr6_fact-300127.SZ,pr6_fact,300127.SZ,UNKNOWN,[]
pr6_fact-300128.SZ,pr6_fact,300128.SZ,UNKNOWN,[]
pr6_fact-300129.SZ,pr6_fact,300129.SZ,UNKNOWN,[]
pr6_fact-300130.SZ,pr6_fact,300130.SZ,UNKNOWN,[]
pr6_fact-300131.SZ,pr6_fact,300131.SZ,UNKNOWN,[]
pr6_fact-300132.SZ,pr6_fact,300132.SZ,UNKNOWN,[]
pr6_fact-300133.SZ,pr6_fact,300133.SZ,UNKNOWN,[]
pr6_fact-300134.SZ,pr6_fact,300134.SZ,UNKNOWN,[]
pr6_fact-300135.SZ,pr6_fact,300135.SZ,UNKNOWN,[]
pr6_fact-300136.SZ,pr6_fact,300136.SZ,UNKNOWN,[]
pr6_fact-300137.SZ,pr6_fact,300137.SZ,UNKNOWN,[]
pr6_fact-300139.SZ,pr6_fact,300139.SZ,UNKNOWN,[]
pr6_fact-300140.SZ,pr6_fact,300140.SZ,UNKNOWN,[]
pr6_fact-300142.SZ,pr6_fact,300142.SZ,UNKNOWN,[]
pr6_fact-300143.SZ,pr6_fact,300143.SZ,UNKNOWN,[]
pr6_fact-300144.SZ,pr6_fact,300144.SZ,UNKNOWN,[]
pr6_fact-300145.SZ,pr6_fact,300145.SZ,UNKNOWN,[]
pr6_fact-300146.SZ,pr6_fact,300146.SZ,UNKNOWN,[]
pr6_fact-300147.SZ,pr6_fact,300147.SZ,UNKNOWN,[]
pr6_fact-300148.SZ,pr6_fact,300148.SZ,UNKNOWN,[]
pr6_fact-300149.SZ,pr6_fact,300149.SZ,UNKNOWN,[]
pr6_fact-300150.SZ,pr6_fact,300150.SZ,UNKNOWN,[]
pr6_fact-300151.SZ,pr6_fact,300151.SZ,UNKNOWN,[]
pr6_fact-300152.SZ,pr6_fact,300152.SZ,UNKNOWN,[]
pr6_fact-300153.SZ,pr6_fact,300153.SZ,UNKNOWN,[]
pr6_fact-300154.SZ,pr6_fact,300154.SZ,UNKNOWN,[]
pr6_fact-300155.SZ,pr6_fact,300155.SZ,UNKNOWN,[]
pr6_fact-300156.SZ,pr6_fact,300156.SZ,UNKNOWN,[]
pr6_fact-300157.SZ,pr6_fact,300157.SZ,UNKNOWN,[]
pr6_fact-300158.SZ,pr6_fact,300158.SZ,UNKNOWN,[]
pr6_fact-300159.SZ,pr6_fact,300159.SZ,UNKNOWN,[]
pr6_fact-300160.SZ,pr6_fact,300160.SZ,UNKNOWN,[]
pr6_fact-300161.SZ,pr6_fact,300161.SZ,UNKNOWN,[]
pr6_fact-300162.SZ,pr6_fact,300162.SZ,UNKNOWN,[]
pr6_fact-300164.SZ,pr6_fact,300164.SZ,UNKNOWN,[]
pr6_fact-300165.SZ,pr6_fact,300165.SZ,UNKNOWN,[]
pr6_fact-300166.SZ,pr6_fact,300166.SZ,UNKNOWN,[]
pr6_fact-300167.SZ,pr6_fact,300167.SZ,UNKNOWN,[]
pr6_fact-300168.SZ,pr6_fact,300168.SZ,UNKNOWN,[]
pr6_fact-300169.SZ,pr6_fact,300169.SZ,UNKNOWN,[]
pr6_fact-300170.SZ,pr6_fact,300170.SZ,UNKNOWN,[]
pr6_fact-300171.SZ,pr6_fact,300171.SZ,UNKNOWN,[]
pr6_fact-300172.SZ,pr6_fact,300172.SZ,UNKNOWN,[]
pr6_fact-300173.SZ,pr6_fact,300173.SZ,UNKNOWN,[]
pr6_fact-300175.SZ,pr6_fact,300175.SZ,UNKNOWN,[]
pr6_fact-300176.SZ,pr6_fact,300176.SZ,UNKNOWN,[]
pr6_fact-300177.SZ,pr6_fact,300177.SZ,UNKNOWN,[]
pr6_fact-300178.SZ,pr6_fact,300178.SZ,UNKNOWN,[]
pr6_fact-300180.SZ,pr6_fact,300180.SZ,UNKNOWN,[]
pr6_fact-300181.SZ,pr6_fact,300181.SZ,UNKNOWN,[]
pr6_fact-300182.SZ,pr6_fact,300182.SZ,UNKNOWN,[]
pr6_fact-300183.SZ,pr6_fact,300183.SZ,UNKNOWN,[]
pr6_fact-300184.SZ,pr6_fact,300184.SZ,UNKNOWN,[]
pr6_fact-300185.SZ,pr6_fact,300185.SZ,UNKNOWN,[]
pr6_fact-300186.SZ,pr6_fact,300186.SZ,UNKNOWN,[]
pr6_fact-300187.SZ,pr6_fact,300187.SZ,UNKNOWN,[]
pr6_fact-300188.SZ,pr6_fact,300188.SZ,UNKNOWN,[]
pr6_fact-300189.SZ,pr6_fact,300189.SZ,UNKNOWN,[]
pr6_fact-300190.SZ,pr6_fact,300190.SZ,UNKNOWN,[]
pr6_fact-300191.SZ,pr6_fact,300191.SZ,UNKNOWN,[]
pr6_fact-300193.SZ,pr6_fact,300193.SZ,UNKNOWN,[]
pr6_fact-300194.SZ,pr6_fact,300194.SZ,UNKNOWN,[]
pr6_fact-300195.SZ,pr6_fact,300195.SZ,UNKNOWN,[]
pr6_fact-300196.SZ,pr6_fact,300196.SZ,UNKNOWN,[]
pr6_fact-300197.SZ,pr6_fact,300197.SZ,UNKNOWN,[]
pr6_fact-300198.SZ,pr6_fact,300198.SZ,UNKNOWN,[]
pr6_fact-300199.SZ,pr6_fact,300199.SZ,UNKNOWN,[]
pr6_fact-300200.SZ,pr6_fact,300200.SZ,UNKNOWN,[]
pr6_fact-300202.SZ,pr6_fact,300202.SZ,UNKNOWN,[]
pr6_fact-300203.SZ,pr6_fact,300203.SZ,UNKNOWN,[]
pr6_fact-300204.SZ,pr6_fact,300204.SZ,UNKNOWN,[]
pr6_fact-300205.SZ,pr6_fact,300205.SZ,UNKNOWN,[]
pr6_fact-300206.SZ,pr6_fact,300206.SZ,UNKNOWN,[]
pr6_fact-300207.SZ,pr6_fact,300207.SZ,UNKNOWN,[]
pr6_fact-300208.SZ,pr6_fact,300208.SZ,UNKNOWN,[]
pr6_fact-300209.SZ,pr6_fact,300209.SZ,UNKNOWN,[]
pr6_fact-300212.SZ,pr6_fact,300212.SZ,UNKNOWN,[]
pr6_fact-300213.SZ,pr6_fact,300213.SZ,UNKNOWN,[]
pr6_fact-300215.SZ,pr6_fact,300215.SZ,UNKNOWN,[]
pr6_fact-300216.SZ,pr6_fact,300216.SZ,UNKNOWN,[]
pr6_fact-300217.SZ,pr6_fact,300217.SZ,UNKNOWN,[]
pr6_fact-300219.SZ,pr6_fact,300219.SZ,UNKNOWN,[]
pr6_fact-300221.SZ,pr6_fact,300221.SZ,UNKNOWN,[]
pr6_fact-300222.SZ,pr6_fact,300222.SZ,UNKNOWN,[]
pr6_fact-300223.SZ,pr6_fact,300223.SZ,UNKNOWN,[]
pr6_fact-300224.SZ,pr6_fact,300224.SZ,UNKNOWN,[]
pr6_fact-300226.SZ,pr6_fact,300226.SZ,UNKNOWN,[]
pr6_fact-300227.SZ,pr6_fact,300227.SZ,UNKNOWN,[]
pr6_fact-300228.SZ,pr6_fact,300228.SZ,UNKNOWN,[]
pr6_fact-300229.SZ,pr6_fact,300229.SZ,UNKNOWN,[]
pr6_fact-300231.SZ,pr6_fact,300231.SZ,UNKNOWN,[]
pr6_fact-300232.SZ,pr6_fact,300232.SZ,UNKNOWN,[]
pr6_fact-300233.SZ,pr6_fact,300233.SZ,UNKNOWN,[]
pr6_fact-300234.SZ,pr6_fact,300234.SZ,UNKNOWN,[]
pr6_fact-300236.SZ,pr6_fact,300236.SZ,UNKNOWN,[]
pr6_fact-300237.SZ,pr6_fact,300237.SZ,UNKNOWN,[]
pr6_fact-300238.SZ,pr6_fact,300238.SZ,UNKNOWN,[]
pr6_fact-300239.SZ,pr6_fact,300239.SZ,UNKNOWN,[]
pr6_fact-300240.SZ,pr6_fact,300240.SZ,UNKNOWN,[]
pr6_fact-300241.SZ,pr6_fact,300241.SZ,UNKNOWN,[]
pr6_fact-300242.SZ,pr6_fact,300242.SZ,UNKNOWN,[]
pr6_fact-300244.SZ,pr6_fact,300244.SZ,UNKNOWN,[]
pr6_fact-300245.SZ,pr6_fact,300245.SZ,UNKNOWN,[]
pr6_fact-300246.SZ,pr6_fact,300246.SZ,UNKNOWN,[]
pr6_fact-300248.SZ,pr6_fact,300248.SZ,UNKNOWN,[]
pr6_fact-300251.SZ,pr6_fact,300251.SZ,UNKNOWN,[]
pr6_fact-300252.SZ,pr6_fact,300252.SZ,UNKNOWN,[]
pr6_fact-300253.SZ,pr6_fact,300253.SZ,UNKNOWN,[]
pr6_fact-300254.SZ,pr6_fact,300254.SZ,UNKNOWN,[]
pr6_fact-300255.SZ,pr6_fact,300255.SZ,UNKNOWN,[]
pr6_fact-300256.SZ,pr6_fact,300256.SZ,UNKNOWN,[]
pr6_fact-300257.SZ,pr6_fact,300257.SZ,UNKNOWN,[]
pr6_fact-300259.SZ,pr6_fact,300259.SZ,UNKNOWN,[]
pr6_fact-300260.SZ,pr6_fact,300260.SZ,UNKNOWN,[]
pr6_fact-300261.SZ,pr6_fact,300261.SZ,UNKNOWN,[]
pr6_fact-300262.SZ,pr6_fact,300262.SZ,UNKNOWN,[]
pr6_fact-300263.SZ,pr6_fact,300263.SZ,UNKNOWN,[]
pr6_fact-300266.SZ,pr6_fact,300266.SZ,UNKNOWN,[]
pr6_fact-300267.SZ,pr6_fact,300267.SZ,UNKNOWN,[]
pr6_fact-300269.SZ,pr6_fact,300269.SZ,UNKNOWN,[]
pr6_fact-300270.SZ,pr6_fact,300270.SZ,UNKNOWN,[]
pr6_fact-300271.SZ,pr6_fact,300271.SZ,UNKNOWN,[]
pr6_fact-300272.SZ,pr6_fact,300272.SZ,UNKNOWN,[]
pr6_fact-300273.SZ,pr6_fact,300273.SZ,UNKNOWN,[]
pr6_fact-300274.SZ,pr6_fact,300274.SZ,UNKNOWN,[]
pr6_fact-300275.SZ,pr6_fact,300275.SZ,UNKNOWN,[]
pr6_fact-300276.SZ,pr6_fact,300276.SZ,UNKNOWN,[]
pr6_fact-300278.SZ,pr6_fact,300278.SZ,UNKNOWN,[]
pr6_fact-300284.SZ,pr6_fact,300284.SZ,UNKNOWN,[]
pr6_fact-300285.SZ,pr6_fact,300285.SZ,UNKNOWN,[]
pr6_fact-300286.SZ,pr6_fact,300286.SZ,UNKNOWN,[]
pr6_fact-300287.SZ,pr6_fact,300287.SZ,UNKNOWN,[]
pr6_fact-300288.SZ,pr6_fact,300288.SZ,UNKNOWN,[]
pr6_fact-300289.SZ,pr6_fact,300289.SZ,UNKNOWN,[]
pr6_fact-300291.SZ,pr6_fact,300291.SZ,UNKNOWN,[]
pr6_fact-300292.SZ,pr6_fact,300292.SZ,UNKNOWN,[]
pr6_fact-300293.SZ,pr6_fact,300293.SZ,UNKNOWN,[]
pr6_fact-300294.SZ,pr6_fact,300294.SZ,UNKNOWN,[]
pr6_fact-300295.SZ,pr6_fact,300295.SZ,UNKNOWN,[]
pr6_fact-300296.SZ,pr6_fact,300296.SZ,UNKNOWN,[]
pr6_fact-300297.SZ,pr6_fact,300297.SZ,UNKNOWN,[]
pr6_fact-300298.SZ,pr6_fact,300298.SZ,UNKNOWN,[]
pr6_fact-300299.SZ,pr6_fact,300299.SZ,UNKNOWN,[]
pr6_fact-300300.SZ,pr6_fact,300300.SZ,UNKNOWN,[]
pr6_fact-300301.SZ,pr6_fact,300301.SZ,UNKNOWN,[]
pr6_fact-300302.SZ,pr6_fact,300302.SZ,UNKNOWN,[]
pr6_fact-300303.SZ,pr6_fact,300303.SZ,UNKNOWN,[]
pr6_fact-300304.SZ,pr6_fact,300304.SZ,UNKNOWN,[]
pr6_fact-300306.SZ,pr6_fact,300306.SZ,UNKNOWN,[]
pr6_fact-300307.SZ,pr6_fact,300307.SZ,UNKNOWN,[]
pr6_fact-300308.SZ,pr6_fact,300308.SZ,UNKNOWN,[]
pr6_fact-300309.SZ,pr6_fact,300309.SZ,UNKNOWN,[]
pr6_fact-300310.SZ,pr6_fact,300310.SZ,UNKNOWN,[]
pr6_fact-300311.SZ,pr6_fact,300311.SZ,UNKNOWN,[]
pr6_fact-300312.SZ,pr6_fact,300312.SZ,UNKNOWN,[]
pr6_fact-300314.SZ,pr6_fact,300314.SZ,UNKNOWN,[]
pr6_fact-300315.SZ,pr6_fact,300315.SZ,UNKNOWN,[]
pr6_fact-300316.SZ,pr6_fact,300316.SZ,UNKNOWN,[]
pr6_fact-300317.SZ,pr6_fact,300317.SZ,UNKNOWN,[]
pr6_fact-300318.SZ,pr6_fact,300318.SZ,UNKNOWN,[]
pr6_fact-300319.SZ,pr6_fact,300319.SZ,UNKNOWN,[]
pr6_fact-300322.SZ,pr6_fact,300322.SZ,UNKNOWN,[]
pr6_fact-300323.SZ,pr6_fact,300323.SZ,UNKNOWN,[]
pr6_fact-300324.SZ,pr6_fact,300324.SZ,UNKNOWN,[]
pr6_fact-300326.SZ,pr6_fact,300326.SZ,UNKNOWN,[]
pr6_fact-300327.SZ,pr6_fact,300327.SZ,UNKNOWN,[]
pr6_fact-300328.SZ,pr6_fact,300328.SZ,UNKNOWN,[]
pr6_fact-300331.SZ,pr6_fact,300331.SZ,UNKNOWN,[]
pr6_fact-300332.SZ,pr6_fact,300332.SZ,UNKNOWN,[]
pr6_fact-300333.SZ,pr6_fact,300333.SZ,UNKNOWN,[]
pr6_fact-300334.SZ,pr6_fact,300334.SZ,UNKNOWN,[]
pr6_fact-300335.SZ,pr6_fact,300335.SZ,UNKNOWN,[]
pr6_fact-300336.SZ,pr6_fact,300336.SZ,UNKNOWN,[]
pr6_fact-300337.SZ,pr6_fact,300337.SZ,UNKNOWN,[]
pr6_fact-300339.SZ,pr6_fact,300339.SZ,UNKNOWN,[]
pr6_fact-300341.SZ,pr6_fact,300341.SZ,UNKNOWN,[]
pr6_fact-300342.SZ,pr6_fact,300342.SZ,UNKNOWN,[]
pr6_fact-300343.SZ,pr6_fact,300343.SZ,UNKNOWN,[]
pr6_fact-300346.SZ,pr6_fact,300346.SZ,UNKNOWN,[]
pr6_fact-300347.SZ,pr6_fact,300347.SZ,UNKNOWN,[]
pr6_fact-300348.SZ,pr6_fact,300348.SZ,UNKNOWN,[]
pr6_fact-300349.SZ,pr6_fact,300349.SZ,UNKNOWN,[]
pr6_fact-300350.SZ,pr6_fact,300350.SZ,UNKNOWN,[]
pr6_fact-300351.SZ,pr6_fact,300351.SZ,UNKNOWN,[]
pr6_fact-300352.SZ,pr6_fact,300352.SZ,UNKNOWN,[]
pr6_fact-300353.SZ,pr6_fact,300353.SZ,UNKNOWN,[]
pr6_fact-300355.SZ,pr6_fact,300355.SZ,UNKNOWN,[]
pr6_fact-300356.SZ,pr6_fact,300356.SZ,UNKNOWN,[]
pr6_fact-300357.SZ,pr6_fact,300357.SZ,UNKNOWN,[]
pr6_fact-300358.SZ,pr6_fact,300358.SZ,UNKNOWN,[]
pr6_fact-300359.SZ,pr6_fact,300359.SZ,UNKNOWN,[]
pr6_fact-300360.SZ,pr6_fact,300360.SZ,UNKNOWN,[]
pr6_fact-300362.SZ,pr6_fact,300362.SZ,UNKNOWN,[]
pr6_fact-300363.SZ,pr6_fact,300363.SZ,UNKNOWN,[]
pr6_fact-300364.SZ,pr6_fact,300364.SZ,UNKNOWN,[]
pr6_fact-300365.SZ,pr6_fact,300365.SZ,UNKNOWN,[]
pr6_fact-300366.SZ,pr6_fact,300366.SZ,UNKNOWN,[]
pr6_fact-300367.SZ,pr6_fact,300367.SZ,UNKNOWN,[]
pr6_fact-300368.SZ,pr6_fact,300368.SZ,UNKNOWN,[]
pr6_fact-300369.SZ,pr6_fact,300369.SZ,UNKNOWN,[]
pr6_fact-300370.SZ,pr6_fact,300370.SZ,UNKNOWN,[]
pr6_fact-300371.SZ,pr6_fact,300371.SZ,UNKNOWN,[]
pr6_fact-300372.SZ,pr6_fact,300372.SZ,UNKNOWN,[]
pr6_fact-300373.SZ,pr6_fact,300373.SZ,UNKNOWN,[]
pr6_fact-300375.SZ,pr6_fact,300375.SZ,UNKNOWN,[]
pr6_fact-300376.SZ,pr6_fact,300376.SZ,UNKNOWN,[]
pr6_fact-300377.SZ,pr6_fact,300377.SZ,UNKNOWN,[]
pr6_fact-300378.SZ,pr6_fact,300378.SZ,UNKNOWN,[]
pr6_fact-300379.SZ,pr6_fact,300379.SZ,UNKNOWN,[]
pr6_fact-300380.SZ,pr6_fact,300380.SZ,UNKNOWN,[]
pr6_fact-300381.SZ,pr6_fact,300381.SZ,UNKNOWN,[]
pr6_fact-300382.SZ,pr6_fact,300382.SZ,UNKNOWN,[]
pr6_fact-300383.SZ,pr6_fact,300383.SZ,UNKNOWN,[]
pr6_fact-300384.SZ,pr6_fact,300384.SZ,UNKNOWN,[]
pr6_fact-300385.SZ,pr6_fact,300385.SZ,UNKNOWN,[]
pr6_fact-300386.SZ,pr6_fact,300386.SZ,UNKNOWN,[]
pr6_fact-300387.SZ,pr6_fact,300387.SZ,UNKNOWN,[]
pr6_fact-300388.SZ,pr6_fact,300388.SZ,UNKNOWN,[]
pr6_fact-300389.SZ,pr6_fact,300389.SZ,UNKNOWN,[]
pr6_fact-300390.SZ,pr6_fact,300390.SZ,UNKNOWN,[]
pr6_fact-300392.SZ,pr6_fact,300392.SZ,UNKNOWN,[]
pr6_fact-300393.SZ,pr6_fact,300393.SZ,UNKNOWN,[]
pr6_fact-300394.SZ,pr6_fact,300394.SZ,UNKNOWN,[]
pr6_fact-300395.SZ,pr6_fact,300395.SZ,UNKNOWN,[]
pr6_fact-300397.SZ,pr6_fact,300397.SZ,UNKNOWN,[]
pr6_fact-300398.SZ,pr6_fact,300398.SZ,UNKNOWN,[]
pr6_fact-300399.SZ,pr6_fact,300399.SZ,UNKNOWN,[]
pr6_fact-300401.SZ,pr6_fact,300401.SZ,UNKNOWN,[]
pr6_fact-300403.SZ,pr6_fact,300403.SZ,UNKNOWN,[]
pr6_fact-300406.SZ,pr6_fact,300406.SZ,UNKNOWN,[]
pr6_fact-300408.SZ,pr6_fact,300408.SZ,UNKNOWN,[]
pr6_fact-300409.SZ,pr6_fact,300409.SZ,UNKNOWN,[]
pr6_fact-300410.SZ,pr6_fact,300410.SZ,UNKNOWN,[]
pr6_fact-300413.SZ,pr6_fact,300413.SZ,UNKNOWN,[]
pr6_fact-300415.SZ,pr6_fact,300415.SZ,UNKNOWN,[]
pr6_fact-300416.SZ,pr6_fact,300416.SZ,UNKNOWN,[]
pr6_fact-300418.SZ,pr6_fact,300418.SZ,UNKNOWN,[]
pr6_fact-300419.SZ,pr6_fact,300419.SZ,UNKNOWN,[]
pr6_fact-300423.SZ,pr6_fact,300423.SZ,UNKNOWN,[]
pr6_fact-300424.SZ,pr6_fact,300424.SZ,UNKNOWN,[]
pr6_fact-300426.SZ,pr6_fact,300426.SZ,UNKNOWN,[]
pr6_fact-300428.SZ,pr6_fact,300428.SZ,UNKNOWN,[]
pr6_fact-300429.SZ,pr6_fact,300429.SZ,UNKNOWN,[]
pr6_fact-300431.SZ,pr6_fact,300431.SZ,UNKNOWN,[]
pr6_fact-300432.SZ,pr6_fact,300432.SZ,UNKNOWN,[]
pr6_fact-300433.SZ,pr6_fact,300433.SZ,UNKNOWN,[]
pr6_fact-300436.SZ,pr6_fact,300436.SZ,UNKNOWN,[]
pr6_fact-300438.SZ,pr6_fact,300438.SZ,UNKNOWN,[]
pr6_fact-300439.SZ,pr6_fact,300439.SZ,UNKNOWN,[]
pr6_fact-300440.SZ,pr6_fact,300440.SZ,UNKNOWN,[]
pr6_fact-300441.SZ,pr6_fact,300441.SZ,UNKNOWN,[]
pr6_fact-300442.SZ,pr6_fact,300442.SZ,UNKNOWN,[]
pr6_fact-300443.SZ,pr6_fact,300443.SZ,UNKNOWN,[]
pr6_fact-300444.SZ,pr6_fact,300444.SZ,UNKNOWN,[]
pr6_fact-300446.SZ,pr6_fact,300446.SZ,UNKNOWN,[]
pr6_fact-300447.SZ,pr6_fact,300447.SZ,UNKNOWN,[]
pr6_fact-300448.SZ,pr6_fact,300448.SZ,UNKNOWN,[]
pr6_fact-300449.SZ,pr6_fact,300449.SZ,UNKNOWN,[]
pr6_fact-300450.SZ,pr6_fact,300450.SZ,UNKNOWN,[]
pr6_fact-300451.SZ,pr6_fact,300451.SZ,UNKNOWN,[]
pr6_fact-300454.SZ,pr6_fact,300454.SZ,UNKNOWN,[]
pr6_fact-300455.SZ,pr6_fact,300455.SZ,UNKNOWN,[]
pr6_fact-300456.SZ,pr6_fact,300456.SZ,UNKNOWN,[]
pr6_fact-300457.SZ,pr6_fact,300457.SZ,UNKNOWN,[]
pr6_fact-300458.SZ,pr6_fact,300458.SZ,UNKNOWN,[]
pr6_fact-300459.SZ,pr6_fact,300459.SZ,UNKNOWN,[]
pr6_fact-300463.SZ,pr6_fact,300463.SZ,UNKNOWN,[]
pr6_fact-300465.SZ,pr6_fact,300465.SZ,UNKNOWN,[]
pr6_fact-300467.SZ,pr6_fact,300467.SZ,UNKNOWN,[]
pr6_fact-300468.SZ,pr6_fact,300468.SZ,UNKNOWN,[]
pr6_fact-300470.SZ,pr6_fact,300470.SZ,UNKNOWN,[]
pr6_fact-300471.SZ,pr6_fact,300471.SZ,UNKNOWN,[]
pr6_fact-300473.SZ,pr6_fact,300473.SZ,UNKNOWN,[]
pr6_fact-300474.SZ,pr6_fact,300474.SZ,UNKNOWN,[]
pr6_fact-300475.SZ,pr6_fact,300475.SZ,UNKNOWN,[]
pr6_fact-300476.SZ,pr6_fact,300476.SZ,UNKNOWN,[]
pr6_fact-300477.SZ,pr6_fact,300477.SZ,UNKNOWN,[]
pr6_fact-300482.SZ,pr6_fact,300482.SZ,UNKNOWN,[]
pr6_fact-300484.SZ,pr6_fact,300484.SZ,UNKNOWN,[]
pr6_fact-300485.SZ,pr6_fact,300485.SZ,UNKNOWN,[]
pr6_fact-300487.SZ,pr6_fact,300487.SZ,UNKNOWN,[]
pr6_fact-300492.SZ,pr6_fact,300492.SZ,UNKNOWN,[]
pr6_fact-300493.SZ,pr6_fact,300493.SZ,UNKNOWN,[]
pr6_fact-300494.SZ,pr6_fact,300494.SZ,UNKNOWN,[]
pr6_fact-300495.SZ,pr6_fact,300495.SZ,UNKNOWN,[]
pr6_fact-300496.SZ,pr6_fact,300496.SZ,UNKNOWN,[]
pr6_fact-300497.SZ,pr6_fact,300497.SZ,UNKNOWN,[]
pr6_fact-300498.SZ,pr6_fact,300498.SZ,UNKNOWN,[]
pr6_fact-300502.SZ,pr6_fact,300502.SZ,UNKNOWN,[]
pr6_fact-300503.SZ,pr6_fact,300503.SZ,UNKNOWN,[]
pr6_fact-300504.SZ,pr6_fact,300504.SZ,UNKNOWN,[]
pr6_fact-300506.SZ,pr6_fact,300506.SZ,UNKNOWN,[]
pr6_fact-300507.SZ,pr6_fact,300507.SZ,UNKNOWN,[]
pr6_fact-300508.SZ,pr6_fact,300508.SZ,UNKNOWN,[]
pr6_fact-300510.SZ,pr6_fact,300510.SZ,UNKNOWN,[]
pr6_fact-300511.SZ,pr6_fact,300511.SZ,UNKNOWN,[]
pr6_fact-300512.SZ,pr6_fact,300512.SZ,UNKNOWN,[]
pr6_fact-300516.SZ,pr6_fact,300516.SZ,UNKNOWN,[]
pr6_fact-300518.SZ,pr6_fact,300518.SZ,UNKNOWN,[]
pr6_fact-300519.SZ,pr6_fact,300519.SZ,UNKNOWN,[]
pr6_fact-300520.SZ,pr6_fact,300520.SZ,UNKNOWN,[]
pr6_fact-300522.SZ,pr6_fact,300522.SZ,UNKNOWN,[]
pr6_fact-300523.SZ,pr6_fact,300523.SZ,UNKNOWN,[]
pr6_fact-300525.SZ,pr6_fact,300525.SZ,UNKNOWN,[]
pr6_fact-300526.SZ,pr6_fact,300526.SZ,UNKNOWN,[]
pr6_fact-300527.SZ,pr6_fact,300527.SZ,UNKNOWN,[]
pr6_fact-300528.SZ,pr6_fact,300528.SZ,UNKNOWN,[]
pr6_fact-300529.SZ,pr6_fact,300529.SZ,UNKNOWN,[]
pr6_fact-300531.SZ,pr6_fact,300531.SZ,UNKNOWN,[]
pr6_fact-300533.SZ,pr6_fact,300533.SZ,UNKNOWN,[]
pr6_fact-300548.SZ,pr6_fact,300548.SZ,UNKNOWN,[]
pr6_fact-300552.SZ,pr6_fact,300552.SZ,UNKNOWN,[]
pr6_fact-300558.SZ,pr6_fact,300558.SZ,UNKNOWN,[]
pr6_fact-300559.SZ,pr6_fact,300559.SZ,UNKNOWN,[]
pr6_fact-300567.SZ,pr6_fact,300567.SZ,UNKNOWN,[]
pr6_fact-300568.SZ,pr6_fact,300568.SZ,UNKNOWN,[]
pr6_fact-300570.SZ,pr6_fact,300570.SZ,UNKNOWN,[]
pr6_fact-300571.SZ,pr6_fact,300571.SZ,UNKNOWN,[]
pr6_fact-300572.SZ,pr6_fact,300572.SZ,UNKNOWN,[]
pr6_fact-300573.SZ,pr6_fact,300573.SZ,UNKNOWN,[]
pr6_fact-300576.SZ,pr6_fact,300576.SZ,UNKNOWN,[]
pr6_fact-300579.SZ,pr6_fact,300579.SZ,UNKNOWN,[]
pr6_fact-300580.SZ,pr6_fact,300580.SZ,UNKNOWN,[]
pr6_fact-300587.SZ,pr6_fact,300587.SZ,UNKNOWN,[]
pr6_fact-300590.SZ,pr6_fact,300590.SZ,UNKNOWN,[]
pr6_fact-300593.SZ,pr6_fact,300593.SZ,UNKNOWN,[]
pr6_fact-300595.SZ,pr6_fact,300595.SZ,UNKNOWN,[]
pr6_fact-300596.SZ,pr6_fact,300596.SZ,UNKNOWN,[]
pr6_fact-300598.SZ,pr6_fact,300598.SZ,UNKNOWN,[]
pr6_fact-300601.SZ,pr6_fact,300601.SZ,UNKNOWN,[]
pr6_fact-300602.SZ,pr6_fact,300602.SZ,UNKNOWN,[]
pr6_fact-300603.SZ,pr6_fact,300603.SZ,UNKNOWN,[]
pr6_fact-300604.SZ,pr6_fact,300604.SZ,UNKNOWN,[]
pr6_fact-300607.SZ,pr6_fact,300607.SZ,UNKNOWN,[]
pr6_fact-300613.SZ,pr6_fact,300613.SZ,UNKNOWN,[]
pr6_fact-300616.SZ,pr6_fact,300616.SZ,UNKNOWN,[]
pr6_fact-300618.SZ,pr6_fact,300618.SZ,UNKNOWN,[]
pr6_fact-300620.SZ,pr6_fact,300620.SZ,UNKNOWN,[]
pr6_fact-300623.SZ,pr6_fact,300623.SZ,UNKNOWN,[]
pr6_fact-300624.SZ,pr6_fact,300624.SZ,UNKNOWN,[]
pr6_fact-300625.SZ,pr6_fact,300625.SZ,UNKNOWN,[]
pr6_fact-300627.SZ,pr6_fact,300627.SZ,UNKNOWN,[]
pr6_fact-300628.SZ,pr6_fact,300628.SZ,UNKNOWN,[]
pr6_fact-300630.SZ,pr6_fact,300630.SZ,UNKNOWN,[]
pr6_fact-300633.SZ,pr6_fact,300633.SZ,UNKNOWN,[]
pr6_fact-300634.SZ,pr6_fact,300634.SZ,UNKNOWN,[]
pr6_fact-300638.SZ,pr6_fact,300638.SZ,UNKNOWN,[]
pr6_fact-300639.SZ,pr6_fact,300639.SZ,UNKNOWN,[]
pr6_fact-300641.SZ,pr6_fact,300641.SZ,UNKNOWN,[]
pr6_fact-300653.SZ,pr6_fact,300653.SZ,UNKNOWN,[]
pr6_fact-300655.SZ,pr6_fact,300655.SZ,UNKNOWN,[]
pr6_fact-300657.SZ,pr6_fact,300657.SZ,UNKNOWN,[]
pr6_fact-300659.SZ,pr6_fact,300659.SZ,UNKNOWN,[]
pr6_fact-300660.SZ,pr6_fact,300660.SZ,UNKNOWN,[]
pr6_fact-300661.SZ,pr6_fact,300661.SZ,UNKNOWN,[]
pr6_fact-300662.SZ,pr6_fact,300662.SZ,UNKNOWN,[]
pr6_fact-300663.SZ,pr6_fact,300663.SZ,UNKNOWN,[]
pr6_fact-300664.SZ,pr6_fact,300664.SZ,UNKNOWN,[]
pr6_fact-300666.SZ,pr6_fact,300666.SZ,UNKNOWN,[]
pr6_fact-300671.SZ,pr6_fact,300671.SZ,UNKNOWN,[]
pr6_fact-300672.SZ,pr6_fact,300672.SZ,UNKNOWN,[]
pr6_fact-300673.SZ,pr6_fact,300673.SZ,UNKNOWN,[]
pr6_fact-300674.SZ,pr6_fact,300674.SZ,UNKNOWN,[]
pr6_fact-300676.SZ,pr6_fact,300676.SZ,UNKNOWN,[]
pr6_fact-300677.SZ,pr6_fact,300677.SZ,UNKNOWN,[]
pr6_fact-300678.SZ,pr6_fact,300678.SZ,UNKNOWN,[]
pr6_fact-300679.SZ,pr6_fact,300679.SZ,UNKNOWN,[]
pr6_fact-300680.SZ,pr6_fact,300680.SZ,UNKNOWN,[]
pr6_fact-300682.SZ,pr6_fact,300682.SZ,UNKNOWN,[]
pr6_fact-300684.SZ,pr6_fact,300684.SZ,UNKNOWN,[]
pr6_fact-300685.SZ,pr6_fact,300685.SZ,UNKNOWN,[]
pr6_fact-300687.SZ,pr6_fact,300687.SZ,UNKNOWN,[]
pr6_fact-300693.SZ,pr6_fact,300693.SZ,UNKNOWN,[]
pr6_fact-300696.SZ,pr6_fact,300696.SZ,UNKNOWN,[]
pr6_fact-300699.SZ,pr6_fact,300699.SZ,UNKNOWN,[]
pr6_fact-300702.SZ,pr6_fact,300702.SZ,UNKNOWN,[]
pr6_fact-300705.SZ,pr6_fact,300705.SZ,UNKNOWN,[]
pr6_fact-300709.SZ,pr6_fact,300709.SZ,UNKNOWN,[]
pr6_fact-300718.SZ,pr6_fact,300718.SZ,UNKNOWN,[]
pr6_fact-300723.SZ,pr6_fact,300723.SZ,UNKNOWN,[]
pr6_fact-300724.SZ,pr6_fact,300724.SZ,UNKNOWN,[]
pr6_fact-300725.SZ,pr6_fact,300725.SZ,UNKNOWN,[]
pr6_fact-300726.SZ,pr6_fact,300726.SZ,UNKNOWN,[]
pr6_fact-300735.SZ,pr6_fact,300735.SZ,UNKNOWN,[]
pr6_fact-300737.SZ,pr6_fact,300737.SZ,UNKNOWN,[]
pr6_fact-300738.SZ,pr6_fact,300738.SZ,UNKNOWN,[]
pr6_fact-300740.SZ,pr6_fact,300740.SZ,UNKNOWN,[]
pr6_fact-300741.SZ,pr6_fact,300741.SZ,UNKNOWN,[]
pr6_fact-300747.SZ,pr6_fact,300747.SZ,UNKNOWN,[]
pr6_fact-300748.SZ,pr6_fact,300748.SZ,UNKNOWN,[]
pr6_fact-300750.SZ,pr6_fact,300750.SZ,UNKNOWN,[]
pr6_fact-300751.SZ,pr6_fact,300751.SZ,UNKNOWN,[]
pr6_fact-300755.SZ,pr6_fact,300755.SZ,UNKNOWN,[]
pr6_fact-300757.SZ,pr6_fact,300757.SZ,UNKNOWN,[]
pr6_fact-300759.SZ,pr6_fact,300759.SZ,UNKNOWN,[]
pr6_fact-300760.SZ,pr6_fact,300760.SZ,UNKNOWN,[]
pr6_fact-300761.SZ,pr6_fact,300761.SZ,UNKNOWN,[]
pr6_fact-300762.SZ,pr6_fact,300762.SZ,UNKNOWN,[]
pr6_fact-300763.SZ,pr6_fact,300763.SZ,UNKNOWN,[]
pr6_fact-300765.SZ,pr6_fact,300765.SZ,UNKNOWN,[]
pr6_fact-300766.SZ,pr6_fact,300766.SZ,UNKNOWN,[]
pr6_fact-300767.SZ,pr6_fact,300767.SZ,UNKNOWN,[]
pr6_fact-300768.SZ,pr6_fact,300768.SZ,UNKNOWN,[]
pr6_fact-300769.SZ,pr6_fact,300769.SZ,UNKNOWN,[]
pr6_fact-300770.SZ,pr6_fact,300770.SZ,UNKNOWN,[]
pr6_fact-300771.SZ,pr6_fact,300771.SZ,UNKNOWN,[]
pr6_fact-300772.SZ,pr6_fact,300772.SZ,UNKNOWN,[]
pr6_fact-300773.SZ,pr6_fact,300773.SZ,UNKNOWN,[]
pr6_fact-300775.SZ,pr6_fact,300775.SZ,UNKNOWN,[]
pr6_fact-300776.SZ,pr6_fact,300776.SZ,UNKNOWN,[]
pr6_fact-300777.SZ,pr6_fact,300777.SZ,UNKNOWN,[]
pr6_fact-300779.SZ,pr6_fact,300779.SZ,UNKNOWN,[]
pr6_fact-300782.SZ,pr6_fact,300782.SZ,UNKNOWN,[]
pr6_fact-300783.SZ,pr6_fact,300783.SZ,UNKNOWN,[]
pr6_fact-300785.SZ,pr6_fact,300785.SZ,UNKNOWN,[]
pr6_fact-300788.SZ,pr6_fact,300788.SZ,UNKNOWN,[]
pr6_fact-300791.SZ,pr6_fact,300791.SZ,UNKNOWN,[]
pr6_fact-300792.SZ,pr6_fact,300792.SZ,UNKNOWN,[]
pr6_fact-300793.SZ,pr6_fact,300793.SZ,UNKNOWN,[]
pr6_fact-300798.SZ,pr6_fact,300798.SZ,UNKNOWN,[]
pr6_fact-300799.SZ,pr6_fact,300799.SZ,UNKNOWN,[]
pr6_fact-300800.SZ,pr6_fact,300800.SZ,UNKNOWN,[]
pr6_fact-300803.SZ,pr6_fact,300803.SZ,UNKNOWN,[]
pr6_fact-300805.SZ,pr6_fact,300805.SZ,UNKNOWN,[]
pr6_fact-300806.SZ,pr6_fact,300806.SZ,UNKNOWN,[]
pr6_fact-300809.SZ,pr6_fact,300809.SZ,UNKNOWN,[]
pr6_fact-300811.SZ,pr6_fact,300811.SZ,UNKNOWN,[]
pr6_fact-300814.SZ,pr6_fact,300814.SZ,UNKNOWN,[]
pr6_fact-300815.SZ,pr6_fact,300815.SZ,UNKNOWN,[]
pr6_fact-300820.SZ,pr6_fact,300820.SZ,UNKNOWN,[]
pr6_fact-300821.SZ,pr6_fact,300821.SZ,UNKNOWN,[]
pr6_fact-300827.SZ,pr6_fact,300827.SZ,UNKNOWN,[]
pr6_fact-300829.SZ,pr6_fact,300829.SZ,UNKNOWN,[]
pr6_fact-300831.SZ,pr6_fact,300831.SZ,UNKNOWN,[]
pr6_fact-300832.SZ,pr6_fact,300832.SZ,UNKNOWN,[]
pr6_fact-300841.SZ,pr6_fact,300841.SZ,UNKNOWN,[]
pr6_fact-300842.SZ,pr6_fact,300842.SZ,UNKNOWN,[]
pr6_fact-300846.SZ,pr6_fact,300846.SZ,UNKNOWN,[]
pr6_fact-300850.SZ,pr6_fact,300850.SZ,UNKNOWN,[]
pr6_fact-300855.SZ,pr6_fact,300855.SZ,UNKNOWN,[]
pr6_fact-300856.SZ,pr6_fact,300856.SZ,UNKNOWN,[]
pr6_fact-300857.SZ,pr6_fact,300857.SZ,UNKNOWN,[]
pr6_fact-300860.SZ,pr6_fact,300860.SZ,UNKNOWN,[]
pr6_fact-300861.SZ,pr6_fact,300861.SZ,UNKNOWN,[]
pr6_fact-300866.SZ,pr6_fact,300866.SZ,UNKNOWN,[]
pr6_fact-300867.SZ,pr6_fact,300867.SZ,UNKNOWN,[]
pr6_fact-300869.SZ,pr6_fact,300869.SZ,UNKNOWN,[]
pr6_fact-300870.SZ,pr6_fact,300870.SZ,UNKNOWN,[]
pr6_fact-300872.SZ,pr6_fact,300872.SZ,UNKNOWN,[]
pr6_fact-300887.SZ,pr6_fact,300887.SZ,UNKNOWN,[]
pr6_fact-300888.SZ,pr6_fact,300888.SZ,UNKNOWN,[]
pr6_fact-300894.SZ,pr6_fact,300894.SZ,UNKNOWN,[]
pr6_fact-300896.SZ,pr6_fact,300896.SZ,UNKNOWN,[]
pr6_fact-300900.SZ,pr6_fact,300900.SZ,UNKNOWN,[]
pr6_fact-300910.SZ,pr6_fact,300910.SZ,UNKNOWN,[]
pr6_fact-300913.SZ,pr6_fact,300913.SZ,UNKNOWN,[]
pr6_fact-300917.SZ,pr6_fact,300917.SZ,UNKNOWN,[]
pr6_fact-300919.SZ,pr6_fact,300919.SZ,UNKNOWN,[]
pr6_fact-300925.SZ,pr6_fact,300925.SZ,UNKNOWN,[]
pr6_fact-300926.SZ,pr6_fact,300926.SZ,UNKNOWN,[]
pr6_fact-300942.SZ,pr6_fact,300942.SZ,UNKNOWN,[]
pr6_fact-300953.SZ,pr6_fact,300953.SZ,UNKNOWN,[]
pr6_fact-300957.SZ,pr6_fact,300957.SZ,UNKNOWN,[]
pr6_fact-300969.SZ,pr6_fact,300969.SZ,UNKNOWN,[]
pr6_fact-300972.SZ,pr6_fact,300972.SZ,UNKNOWN,[]
pr6_fact-300973.SZ,pr6_fact,300973.SZ,UNKNOWN,[]
pr6_fact-300979.SZ,pr6_fact,300979.SZ,UNKNOWN,[]
pr6_fact-300981.SZ,pr6_fact,300981.SZ,UNKNOWN,[]
pr6_fact-300990.SZ,pr6_fact,300990.SZ,UNKNOWN,[]
pr6_fact-300999.SZ,pr6_fact,300999.SZ,UNKNOWN,[]
pr6_fact-301000.SZ,pr6_fact,301000.SZ,UNKNOWN,[]
pr6_fact-301004.SZ,pr6_fact,301004.SZ,UNKNOWN,[]
pr6_fact-301005.SZ,pr6_fact,301005.SZ,UNKNOWN,[]
pr6_fact-301015.SZ,pr6_fact,301015.SZ,UNKNOWN,[]
pr6_fact-301018.SZ,pr6_fact,301018.SZ,UNKNOWN,[]
pr6_fact-301029.SZ,pr6_fact,301029.SZ,UNKNOWN,[]
pr6_fact-301031.SZ,pr6_fact,301031.SZ,UNKNOWN,[]
pr6_fact-301035.SZ,pr6_fact,301035.SZ,UNKNOWN,[]
pr6_fact-301039.SZ,pr6_fact,301039.SZ,UNKNOWN,[]
pr6_fact-301047.SZ,pr6_fact,301047.SZ,UNKNOWN,[]
pr6_fact-301050.SZ,pr6_fact,301050.SZ,UNKNOWN,[]
pr6_fact-301060.SZ,pr6_fact,301060.SZ,UNKNOWN,[]
pr6_fact-301061.SZ,pr6_fact,301061.SZ,UNKNOWN,[]
pr6_fact-301069.SZ,pr6_fact,301069.SZ,UNKNOWN,[]
pr6_fact-301071.SZ,pr6_fact,301071.SZ,UNKNOWN,[]
pr6_fact-301078.SZ,pr6_fact,301078.SZ,UNKNOWN,[]
pr6_fact-301080.SZ,pr6_fact,301080.SZ,UNKNOWN,[]
pr6_fact-301087.SZ,pr6_fact,301087.SZ,UNKNOWN,[]
pr6_fact-301089.SZ,pr6_fact,301089.SZ,UNKNOWN,[]
pr6_fact-301090.SZ,pr6_fact,301090.SZ,UNKNOWN,[]
pr6_fact-301091.SZ,pr6_fact,301091.SZ,UNKNOWN,[]
pr6_fact-301095.SZ,pr6_fact,301095.SZ,UNKNOWN,[]
pr6_fact-301101.SZ,pr6_fact,301101.SZ,UNKNOWN,[]
pr6_fact-301109.SZ,pr6_fact,301109.SZ,UNKNOWN,[]
pr6_fact-301127.SZ,pr6_fact,301127.SZ,UNKNOWN,[]
pr6_fact-301153.SZ,pr6_fact,301153.SZ,UNKNOWN,[]
pr6_fact-301155.SZ,pr6_fact,301155.SZ,UNKNOWN,[]
pr6_fact-301165.SZ,pr6_fact,301165.SZ,UNKNOWN,[]
pr6_fact-301171.SZ,pr6_fact,301171.SZ,UNKNOWN,[]
pr6_fact-301175.SZ,pr6_fact,301175.SZ,UNKNOWN,[]
pr6_fact-301177.SZ,pr6_fact,301177.SZ,UNKNOWN,[]
pr6_fact-301180.SZ,pr6_fact,301180.SZ,UNKNOWN,[]
pr6_fact-301196.SZ,pr6_fact,301196.SZ,UNKNOWN,[]
pr6_fact-301200.SZ,pr6_fact,301200.SZ,UNKNOWN,[]
pr6_fact-301205.SZ,pr6_fact,301205.SZ,UNKNOWN,[]
pr6_fact-301206.SZ,pr6_fact,301206.SZ,UNKNOWN,[]
pr6_fact-301207.SZ,pr6_fact,301207.SZ,UNKNOWN,[]
pr6_fact-301215.SZ,pr6_fact,301215.SZ,UNKNOWN,[]
pr6_fact-301216.SZ,pr6_fact,301216.SZ,UNKNOWN,[]
pr6_fact-301217.SZ,pr6_fact,301217.SZ,UNKNOWN,[]
pr6_fact-301219.SZ,pr6_fact,301219.SZ,UNKNOWN,[]
pr6_fact-301225.SZ,pr6_fact,301225.SZ,UNKNOWN,[]
pr6_fact-301236.SZ,pr6_fact,301236.SZ,UNKNOWN,[]
pr6_fact-301238.SZ,pr6_fact,301238.SZ,UNKNOWN,[]
pr6_fact-301239.SZ,pr6_fact,301239.SZ,UNKNOWN,[]
pr6_fact-301246.SZ,pr6_fact,301246.SZ,UNKNOWN,[]
pr6_fact-301262.SZ,pr6_fact,301262.SZ,UNKNOWN,[]
pr6_fact-301263.SZ,pr6_fact,301263.SZ,UNKNOWN,[]
pr6_fact-301267.SZ,pr6_fact,301267.SZ,UNKNOWN,[]
pr6_fact-301268.SZ,pr6_fact,301268.SZ,UNKNOWN,[]
pr6_fact-301269.SZ,pr6_fact,301269.SZ,UNKNOWN,[]
pr6_fact-301275.SZ,pr6_fact,301275.SZ,UNKNOWN,[]
pr6_fact-301286.SZ,pr6_fact,301286.SZ,UNKNOWN,[]
pr6_fact-301291.SZ,pr6_fact,301291.SZ,UNKNOWN,[]
pr6_fact-301293.SZ,pr6_fact,301293.SZ,UNKNOWN,[]
pr6_fact-301297.SZ,pr6_fact,301297.SZ,UNKNOWN,[]
pr6_fact-301301.SZ,pr6_fact,301301.SZ,UNKNOWN,[]
pr6_fact-301308.SZ,pr6_fact,301308.SZ,UNKNOWN,[]
pr6_fact-301316.SZ,pr6_fact,301316.SZ,UNKNOWN,[]
pr6_fact-301325.SZ,pr6_fact,301325.SZ,UNKNOWN,[]
pr6_fact-301327.SZ,pr6_fact,301327.SZ,UNKNOWN,[]
pr6_fact-301339.SZ,pr6_fact,301339.SZ,UNKNOWN,[]
pr6_fact-301345.SZ,pr6_fact,301345.SZ,UNKNOWN,[]
pr6_fact-301348.SZ,pr6_fact,301348.SZ,UNKNOWN,[]
pr6_fact-301358.SZ,pr6_fact,301358.SZ,UNKNOWN,[]
pr6_fact-301363.SZ,pr6_fact,301363.SZ,UNKNOWN,[]
pr6_fact-301367.SZ,pr6_fact,301367.SZ,UNKNOWN,[]
pr6_fact-301371.SZ,pr6_fact,301371.SZ,UNKNOWN,[]
pr6_fact-301376.SZ,pr6_fact,301376.SZ,UNKNOWN,[]
pr6_fact-301377.SZ,pr6_fact,301377.SZ,UNKNOWN,[]
pr6_fact-301381.SZ,pr6_fact,301381.SZ,UNKNOWN,[]
pr6_fact-301389.SZ,pr6_fact,301389.SZ,UNKNOWN,[]
pr6_fact-301392.SZ,pr6_fact,301392.SZ,UNKNOWN,[]
pr6_fact-301396.SZ,pr6_fact,301396.SZ,UNKNOWN,[]
pr6_fact-301413.SZ,pr6_fact,301413.SZ,UNKNOWN,[]
pr6_fact-301421.SZ,pr6_fact,301421.SZ,UNKNOWN,[]
pr6_fact-301458.SZ,pr6_fact,301458.SZ,UNKNOWN,[]
pr6_fact-301487.SZ,pr6_fact,301487.SZ,UNKNOWN,[]
pr6_fact-301488.SZ,pr6_fact,301488.SZ,UNKNOWN,[]
pr6_fact-301489.SZ,pr6_fact,301489.SZ,UNKNOWN,[]
pr6_fact-301498.SZ,pr6_fact,301498.SZ,UNKNOWN,[]
pr6_fact-301500.SZ,pr6_fact,301500.SZ,UNKNOWN,[]
pr6_fact-301508.SZ,pr6_fact,301508.SZ,UNKNOWN,[]
pr6_fact-301510.SZ,pr6_fact,301510.SZ,UNKNOWN,[]
pr6_fact-301511.SZ,pr6_fact,301511.SZ,UNKNOWN,[]
pr6_fact-301522.SZ,pr6_fact,301522.SZ,UNKNOWN,[]
pr6_fact-301526.SZ,pr6_fact,301526.SZ,UNKNOWN,[]
pr6_fact-301536.SZ,pr6_fact,301536.SZ,UNKNOWN,[]
pr6_fact-301550.SZ,pr6_fact,301550.SZ,UNKNOWN,[]
pr6_fact-301551.SZ,pr6_fact,301551.SZ,UNKNOWN,[]
pr6_fact-301556.SZ,pr6_fact,301556.SZ,UNKNOWN,[]
pr6_fact-301558.SZ,pr6_fact,301558.SZ,UNKNOWN,[]
pr6_fact-301559.SZ,pr6_fact,301559.SZ,UNKNOWN,[]
pr6_fact-301563.SZ,pr6_fact,301563.SZ,UNKNOWN,[]
pr6_fact-301565.SZ,pr6_fact,301565.SZ,UNKNOWN,[]
pr6_fact-301571.SZ,pr6_fact,301571.SZ,UNKNOWN,[]
pr6_fact-301584.SZ,pr6_fact,301584.SZ,UNKNOWN,[]
pr6_fact-301589.SZ,pr6_fact,301589.SZ,UNKNOWN,[]
pr6_fact-301592.SZ,pr6_fact,301592.SZ,UNKNOWN,[]
pr6_fact-301600.SZ,pr6_fact,301600.SZ,UNKNOWN,[]
pr6_fact-301602.SZ,pr6_fact,301602.SZ,UNKNOWN,[]
pr6_fact-301606.SZ,pr6_fact,301606.SZ,UNKNOWN,[]
pr6_fact-301611.SZ,pr6_fact,301611.SZ,UNKNOWN,[]
pr6_fact-301622.SZ,pr6_fact,301622.SZ,UNKNOWN,[]
pr6_fact-301626.SZ,pr6_fact,301626.SZ,UNKNOWN,[]
pr6_fact-301631.SZ,pr6_fact,301631.SZ,UNKNOWN,[]
pr6_fact-301632.SZ,pr6_fact,301632.SZ,UNKNOWN,[]
pr6_fact-301658.SZ,pr6_fact,301658.SZ,UNKNOWN,[]
pr6_fact-301662.SZ,pr6_fact,301662.SZ,UNKNOWN,[]
pr6_fact-301665.SZ,pr6_fact,301665.SZ,UNKNOWN,[]
pr6_fact-301678.SZ,pr6_fact,301678.SZ,UNKNOWN,[]
pr6_fact-302132.SZ,pr6_fact,302132.SZ,UNKNOWN,[]
pr6_fact-600000.SH,pr6_fact,600000.SH,UNKNOWN,[]
pr6_fact-600004.SH,pr6_fact,600004.SH,UNKNOWN,[]
pr6_fact-600005.SH,pr6_fact,600005.SH,UNKNOWN,[]
pr6_fact-600006.SH,pr6_fact,600006.SH,UNKNOWN,[]
pr6_fact-600007.SH,pr6_fact,600007.SH,UNKNOWN,[]
pr6_fact-600008.SH,pr6_fact,600008.SH,UNKNOWN,[]
pr6_fact-600009.SH,pr6_fact,600009.SH,UNKNOWN,[]
pr6_fact-600010.SH,pr6_fact,600010.SH,UNKNOWN,[]
pr6_fact-600011.SH,pr6_fact,600011.SH,UNKNOWN,[]
pr6_fact-600012.SH,pr6_fact,600012.SH,UNKNOWN,[]
pr6_fact-600015.SH,pr6_fact,600015.SH,UNKNOWN,[]
pr6_fact-600016.SH,pr6_fact,600016.SH,UNKNOWN,[]
pr6_fact-600017.SH,pr6_fact,600017.SH,UNKNOWN,[]
pr6_fact-600018.SH,pr6_fact,600018.SH,UNKNOWN,[]
pr6_fact-600019.SH,pr6_fact,600019.SH,UNKNOWN,[]
pr6_fact-600020.SH,pr6_fact,600020.SH,UNKNOWN,[]
pr6_fact-600021.SH,pr6_fact,600021.SH,UNKNOWN,[]
pr6_fact-600022.SH,pr6_fact,600022.SH,UNKNOWN,[]
pr6_fact-600023.SH,pr6_fact,600023.SH,UNKNOWN,[]
pr6_fact-600025.SH,pr6_fact,600025.SH,UNKNOWN,[]
pr6_fact-600026.SH,pr6_fact,600026.SH,UNKNOWN,[]
pr6_fact-600027.SH,pr6_fact,600027.SH,UNKNOWN,[]
pr6_fact-600028.SH,pr6_fact,600028.SH,UNKNOWN,[]
pr6_fact-600029.SH,pr6_fact,600029.SH,UNKNOWN,[]
pr6_fact-600030.SH,pr6_fact,600030.SH,UNKNOWN,[]
pr6_fact-600031.SH,pr6_fact,600031.SH,UNKNOWN,[]
pr6_fact-600032.SH,pr6_fact,600032.SH,UNKNOWN,[]
pr6_fact-600033.SH,pr6_fact,600033.SH,UNKNOWN,[]
pr6_fact-600035.SH,pr6_fact,600035.SH,UNKNOWN,[]
pr6_fact-600036.SH,pr6_fact,600036.SH,UNKNOWN,[]
pr6_fact-600037.SH,pr6_fact,600037.SH,UNKNOWN,[]
pr6_fact-600038.SH,pr6_fact,600038.SH,UNKNOWN,[]
pr6_fact-600039.SH,pr6_fact,600039.SH,UNKNOWN,[]
pr6_fact-600048.SH,pr6_fact,600048.SH,UNKNOWN,[]
pr6_fact-600050.SH,pr6_fact,600050.SH,UNKNOWN,[]
pr6_fact-600051.SH,pr6_fact,600051.SH,UNKNOWN,[]
pr6_fact-600052.SH,pr6_fact,600052.SH,UNKNOWN,[]
pr6_fact-600053.SH,pr6_fact,600053.SH,UNKNOWN,[]
pr6_fact-600054.SH,pr6_fact,600054.SH,UNKNOWN,[]
pr6_fact-600055.SH,pr6_fact,600055.SH,UNKNOWN,[]
pr6_fact-600056.SH,pr6_fact,600056.SH,UNKNOWN,[]
pr6_fact-600057.SH,pr6_fact,600057.SH,UNKNOWN,[]
pr6_fact-600058.SH,pr6_fact,600058.SH,UNKNOWN,[]
pr6_fact-600059.SH,pr6_fact,600059.SH,UNKNOWN,[]
pr6_fact-600060.SH,pr6_fact,600060.SH,UNKNOWN,[]
pr6_fact-600061.SH,pr6_fact,600061.SH,UNKNOWN,[]
pr6_fact-600062.SH,pr6_fact,600062.SH,UNKNOWN,[]
pr6_fact-600063.SH,pr6_fact,600063.SH,UNKNOWN,[]
pr6_fact-600064.SH,pr6_fact,600064.SH,UNKNOWN,[]
pr6_fact-600066.SH,pr6_fact,600066.SH,UNKNOWN,[]
pr6_fact-600067.SH,pr6_fact,600067.SH,UNKNOWN,[]
pr6_fact-600068.SH,pr6_fact,600068.SH,UNKNOWN,[]
pr6_fact-600069.SH,pr6_fact,600069.SH,UNKNOWN,[]
pr6_fact-600071.SH,pr6_fact,600071.SH,UNKNOWN,[]
pr6_fact-600072.SH,pr6_fact,600072.SH,UNKNOWN,[]
pr6_fact-600073.SH,pr6_fact,600073.SH,UNKNOWN,[]
pr6_fact-600074.SH,pr6_fact,600074.SH,UNKNOWN,[]
pr6_fact-600075.SH,pr6_fact,600075.SH,UNKNOWN,[]
pr6_fact-600076.SH,pr6_fact,600076.SH,UNKNOWN,[]
pr6_fact-600077.SH,pr6_fact,600077.SH,UNKNOWN,[]
pr6_fact-600078.SH,pr6_fact,600078.SH,UNKNOWN,[]
pr6_fact-600079.SH,pr6_fact,600079.SH,UNKNOWN,[]
pr6_fact-600080.SH,pr6_fact,600080.SH,UNKNOWN,[]
pr6_fact-600081.SH,pr6_fact,600081.SH,UNKNOWN,[]
pr6_fact-600082.SH,pr6_fact,600082.SH,UNKNOWN,[]
pr6_fact-600084.SH,pr6_fact,600084.SH,UNKNOWN,[]
pr6_fact-600085.SH,pr6_fact,600085.SH,UNKNOWN,[]
pr6_fact-600086.SH,pr6_fact,600086.SH,UNKNOWN,[]
pr6_fact-600088.SH,pr6_fact,600088.SH,UNKNOWN,[]
pr6_fact-600089.SH,pr6_fact,600089.SH,UNKNOWN,[]
pr6_fact-600090.SH,pr6_fact,600090.SH,UNKNOWN,[]
pr6_fact-600091.SH,pr6_fact,600091.SH,UNKNOWN,[]
pr6_fact-600093.SH,pr6_fact,600093.SH,UNKNOWN,[]
pr6_fact-600094.SH,pr6_fact,600094.SH,UNKNOWN,[]
pr6_fact-600095.SH,pr6_fact,600095.SH,UNKNOWN,[]
pr6_fact-600096.SH,pr6_fact,600096.SH,UNKNOWN,[]
pr6_fact-600097.SH,pr6_fact,600097.SH,UNKNOWN,[]
pr6_fact-600098.SH,pr6_fact,600098.SH,UNKNOWN,[]
pr6_fact-600100.SH,pr6_fact,600100.SH,UNKNOWN,[]
pr6_fact-600101.SH,pr6_fact,600101.SH,UNKNOWN,[]
pr6_fact-600103.SH,pr6_fact,600103.SH,UNKNOWN,[]
pr6_fact-600104.SH,pr6_fact,600104.SH,UNKNOWN,[]
pr6_fact-600105.SH,pr6_fact,600105.SH,UNKNOWN,[]
pr6_fact-600106.SH,pr6_fact,600106.SH,UNKNOWN,[]
pr6_fact-600107.SH,pr6_fact,600107.SH,UNKNOWN,[]
pr6_fact-600108.SH,pr6_fact,600108.SH,UNKNOWN,[]
pr6_fact-600109.SH,pr6_fact,600109.SH,UNKNOWN,[]
pr6_fact-600110.SH,pr6_fact,600110.SH,UNKNOWN,[]
pr6_fact-600111.SH,pr6_fact,600111.SH,UNKNOWN,[]
pr6_fact-600112.SH,pr6_fact,600112.SH,UNKNOWN,[]
pr6_fact-600113.SH,pr6_fact,600113.SH,UNKNOWN,[]
pr6_fact-600114.SH,pr6_fact,600114.SH,UNKNOWN,[]
pr6_fact-600115.SH,pr6_fact,600115.SH,UNKNOWN,[]
pr6_fact-600116.SH,pr6_fact,600116.SH,UNKNOWN,[]
pr6_fact-600117.SH,pr6_fact,600117.SH,UNKNOWN,[]
pr6_fact-600118.SH,pr6_fact,600118.SH,UNKNOWN,[]
pr6_fact-600119.SH,pr6_fact,600119.SH,UNKNOWN,[]
pr6_fact-600120.SH,pr6_fact,600120.SH,UNKNOWN,[]
pr6_fact-600121.SH,pr6_fact,600121.SH,UNKNOWN,[]
pr6_fact-600122.SH,pr6_fact,600122.SH,UNKNOWN,[]
pr6_fact-600123.SH,pr6_fact,600123.SH,UNKNOWN,[]
pr6_fact-600125.SH,pr6_fact,600125.SH,UNKNOWN,[]
pr6_fact-600126.SH,pr6_fact,600126.SH,UNKNOWN,[]
pr6_fact-600127.SH,pr6_fact,600127.SH,UNKNOWN,[]
pr6_fact-600128.SH,pr6_fact,600128.SH,UNKNOWN,[]
pr6_fact-600129.SH,pr6_fact,600129.SH,UNKNOWN,[]
pr6_fact-600130.SH,pr6_fact,600130.SH,UNKNOWN,[]
pr6_fact-600131.SH,pr6_fact,600131.SH,UNKNOWN,[]
pr6_fact-600132.SH,pr6_fact,600132.SH,UNKNOWN,[]
pr6_fact-600133.SH,pr6_fact,600133.SH,UNKNOWN,[]
pr6_fact-600135.SH,pr6_fact,600135.SH,UNKNOWN,[]
pr6_fact-600136.SH,pr6_fact,600136.SH,UNKNOWN,[]
pr6_fact-600138.SH,pr6_fact,600138.SH,UNKNOWN,[]
pr6_fact-600139.SH,pr6_fact,600139.SH,UNKNOWN,[]
pr6_fact-600141.SH,pr6_fact,600141.SH,UNKNOWN,[]
pr6_fact-600143.SH,pr6_fact,600143.SH,UNKNOWN,[]
pr6_fact-600146.SH,pr6_fact,600146.SH,UNKNOWN,[]
pr6_fact-600149.SH,pr6_fact,600149.SH,UNKNOWN,[]
pr6_fact-600150.SH,pr6_fact,600150.SH,UNKNOWN,[]
pr6_fact-600151.SH,pr6_fact,600151.SH,UNKNOWN,[]
pr6_fact-600152.SH,pr6_fact,600152.SH,UNKNOWN,[]
pr6_fact-600153.SH,pr6_fact,600153.SH,UNKNOWN,[]
pr6_fact-600155.SH,pr6_fact,600155.SH,UNKNOWN,[]
pr6_fact-600156.SH,pr6_fact,600156.SH,UNKNOWN,[]
pr6_fact-600157.SH,pr6_fact,600157.SH,UNKNOWN,[]
pr6_fact-600158.SH,pr6_fact,600158.SH,UNKNOWN,[]
pr6_fact-600159.SH,pr6_fact,600159.SH,UNKNOWN,[]
pr6_fact-600160.SH,pr6_fact,600160.SH,UNKNOWN,[]
pr6_fact-600161.SH,pr6_fact,600161.SH,UNKNOWN,[]
pr6_fact-600162.SH,pr6_fact,600162.SH,UNKNOWN,[]
pr6_fact-600163.SH,pr6_fact,600163.SH,UNKNOWN,[]
pr6_fact-600165.SH,pr6_fact,600165.SH,UNKNOWN,[]
pr6_fact-600166.SH,pr6_fact,600166.SH,UNKNOWN,[]
pr6_fact-600167.SH,pr6_fact,600167.SH,UNKNOWN,[]
pr6_fact-600168.SH,pr6_fact,600168.SH,UNKNOWN,[]
pr6_fact-600169.SH,pr6_fact,600169.SH,UNKNOWN,[]
pr6_fact-600170.SH,pr6_fact,600170.SH,UNKNOWN,[]
pr6_fact-600171.SH,pr6_fact,600171.SH,UNKNOWN,[]
pr6_fact-600172.SH,pr6_fact,600172.SH,UNKNOWN,[]
pr6_fact-600173.SH,pr6_fact,600173.SH,UNKNOWN,[]
pr6_fact-600175.SH,pr6_fact,600175.SH,UNKNOWN,[]
pr6_fact-600176.SH,pr6_fact,600176.SH,UNKNOWN,[]
pr6_fact-600177.SH,pr6_fact,600177.SH,UNKNOWN,[]
pr6_fact-600178.SH,pr6_fact,600178.SH,UNKNOWN,[]
pr6_fact-600179.SH,pr6_fact,600179.SH,UNKNOWN,[]
pr6_fact-600180.SH,pr6_fact,600180.SH,UNKNOWN,[]
pr6_fact-600182.SH,pr6_fact,600182.SH,UNKNOWN,[]
pr6_fact-600183.SH,pr6_fact,600183.SH,UNKNOWN,[]
pr6_fact-600184.SH,pr6_fact,600184.SH,UNKNOWN,[]
pr6_fact-600185.SH,pr6_fact,600185.SH,UNKNOWN,[]
pr6_fact-600186.SH,pr6_fact,600186.SH,UNKNOWN,[]
pr6_fact-600187.SH,pr6_fact,600187.SH,UNKNOWN,[]
pr6_fact-600188.SH,pr6_fact,600188.SH,UNKNOWN,[]
pr6_fact-600189.SH,pr6_fact,600189.SH,UNKNOWN,[]
pr6_fact-600190.SH,pr6_fact,600190.SH,UNKNOWN,[]
pr6_fact-600191.SH,pr6_fact,600191.SH,UNKNOWN,[]
pr6_fact-600192.SH,pr6_fact,600192.SH,UNKNOWN,[]
pr6_fact-600193.SH,pr6_fact,600193.SH,UNKNOWN,[]
pr6_fact-600195.SH,pr6_fact,600195.SH,UNKNOWN,[]
pr6_fact-600196.SH,pr6_fact,600196.SH,UNKNOWN,[]
pr6_fact-600197.SH,pr6_fact,600197.SH,UNKNOWN,[]
pr6_fact-600198.SH,pr6_fact,600198.SH,UNKNOWN,[]
pr6_fact-600199.SH,pr6_fact,600199.SH,UNKNOWN,[]
pr6_fact-600200.SH,pr6_fact,600200.SH,UNKNOWN,[]
pr6_fact-600201.SH,pr6_fact,600201.SH,UNKNOWN,[]
pr6_fact-600202.SH,pr6_fact,600202.SH,UNKNOWN,[]
pr6_fact-600203.SH,pr6_fact,600203.SH,UNKNOWN,[]
pr6_fact-600206.SH,pr6_fact,600206.SH,UNKNOWN,[]
pr6_fact-600207.SH,pr6_fact,600207.SH,UNKNOWN,[]
pr6_fact-600208.SH,pr6_fact,600208.SH,UNKNOWN,[]
pr6_fact-600209.SH,pr6_fact,600209.SH,UNKNOWN,[]
pr6_fact-600210.SH,pr6_fact,600210.SH,UNKNOWN,[]
pr6_fact-600211.SH,pr6_fact,600211.SH,UNKNOWN,[]
pr6_fact-600212.SH,pr6_fact,600212.SH,UNKNOWN,[]
pr6_fact-600215.SH,pr6_fact,600215.SH,UNKNOWN,[]
pr6_fact-600216.SH,pr6_fact,600216.SH,UNKNOWN,[]
pr6_fact-600217.SH,pr6_fact,600217.SH,UNKNOWN,[]
pr6_fact-600218.SH,pr6_fact,600218.SH,UNKNOWN,[]
pr6_fact-600219.SH,pr6_fact,600219.SH,UNKNOWN,[]
pr6_fact-600220.SH,pr6_fact,600220.SH,UNKNOWN,[]
pr6_fact-600221.SH,pr6_fact,600221.SH,UNKNOWN,[]
pr6_fact-600222.SH,pr6_fact,600222.SH,UNKNOWN,[]
pr6_fact-600223.SH,pr6_fact,600223.SH,UNKNOWN,[]
pr6_fact-600225.SH,pr6_fact,600225.SH,UNKNOWN,[]
pr6_fact-600226.SH,pr6_fact,600226.SH,UNKNOWN,[]
pr6_fact-600227.SH,pr6_fact,600227.SH,UNKNOWN,[]
pr6_fact-600228.SH,pr6_fact,600228.SH,UNKNOWN,[]
pr6_fact-600229.SH,pr6_fact,600229.SH,UNKNOWN,[]
pr6_fact-600230.SH,pr6_fact,600230.SH,UNKNOWN,[]
pr6_fact-600231.SH,pr6_fact,600231.SH,UNKNOWN,[]
pr6_fact-600232.SH,pr6_fact,600232.SH,UNKNOWN,[]
pr6_fact-600233.SH,pr6_fact,600233.SH,UNKNOWN,[]
pr6_fact-600235.SH,pr6_fact,600235.SH,UNKNOWN,[]
pr6_fact-600236.SH,pr6_fact,600236.SH,UNKNOWN,[]
pr6_fact-600237.SH,pr6_fact,600237.SH,UNKNOWN,[]
pr6_fact-600238.SH,pr6_fact,600238.SH,UNKNOWN,[]
pr6_fact-600239.SH,pr6_fact,600239.SH,UNKNOWN,[]
pr6_fact-600240.SH,pr6_fact,600240.SH,UNKNOWN,[]
pr6_fact-600242.SH,pr6_fact,600242.SH,UNKNOWN,[]
pr6_fact-600246.SH,pr6_fact,600246.SH,UNKNOWN,[]
pr6_fact-600247.SH,pr6_fact,600247.SH,UNKNOWN,[]
pr6_fact-600248.SH,pr6_fact,600248.SH,UNKNOWN,[]
pr6_fact-600249.SH,pr6_fact,600249.SH,UNKNOWN,[]
pr6_fact-600251.SH,pr6_fact,600251.SH,UNKNOWN,[]
pr6_fact-600252.SH,pr6_fact,600252.SH,UNKNOWN,[]
pr6_fact-600255.SH,pr6_fact,600255.SH,UNKNOWN,[]
pr6_fact-600256.SH,pr6_fact,600256.SH,UNKNOWN,[]
pr6_fact-600257.SH,pr6_fact,600257.SH,UNKNOWN,[]
pr6_fact-600258.SH,pr6_fact,600258.SH,UNKNOWN,[]
pr6_fact-600259.SH,pr6_fact,600259.SH,UNKNOWN,[]
pr6_fact-600260.SH,pr6_fact,600260.SH,UNKNOWN,[]
pr6_fact-600261.SH,pr6_fact,600261.SH,UNKNOWN,[]
pr6_fact-600262.SH,pr6_fact,600262.SH,UNKNOWN,[]
pr6_fact-600266.SH,pr6_fact,600266.SH,UNKNOWN,[]
pr6_fact-600267.SH,pr6_fact,600267.SH,UNKNOWN,[]
pr6_fact-600268.SH,pr6_fact,600268.SH,UNKNOWN,[]
pr6_fact-600269.SH,pr6_fact,600269.SH,UNKNOWN,[]
pr6_fact-600270.SH,pr6_fact,600270.SH,UNKNOWN,[]
pr6_fact-600271.SH,pr6_fact,600271.SH,UNKNOWN,[]
pr6_fact-600273.SH,pr6_fact,600273.SH,UNKNOWN,[]
pr6_fact-600275.SH,pr6_fact,600275.SH,UNKNOWN,[]
pr6_fact-600276.SH,pr6_fact,600276.SH,UNKNOWN,[]
pr6_fact-600277.SH,pr6_fact,600277.SH,UNKNOWN,[]
pr6_fact-600278.SH,pr6_fact,600278.SH,UNKNOWN,[]
pr6_fact-600279.SH,pr6_fact,600279.SH,UNKNOWN,[]
pr6_fact-600280.SH,pr6_fact,600280.SH,UNKNOWN,[]
pr6_fact-600281.SH,pr6_fact,600281.SH,UNKNOWN,[]
pr6_fact-600282.SH,pr6_fact,600282.SH,UNKNOWN,[]
pr6_fact-600283.SH,pr6_fact,600283.SH,UNKNOWN,[]
pr6_fact-600284.SH,pr6_fact,600284.SH,UNKNOWN,[]
pr6_fact-600285.SH,pr6_fact,600285.SH,UNKNOWN,[]
pr6_fact-600287.SH,pr6_fact,600287.SH,UNKNOWN,[]
pr6_fact-600288.SH,pr6_fact,600288.SH,UNKNOWN,[]
pr6_fact-600289.SH,pr6_fact,600289.SH,UNKNOWN,[]
pr6_fact-600290.SH,pr6_fact,600290.SH,UNKNOWN,[]
pr6_fact-600291.SH,pr6_fact,600291.SH,UNKNOWN,[]
pr6_fact-600292.SH,pr6_fact,600292.SH,UNKNOWN,[]
pr6_fact-600293.SH,pr6_fact,600293.SH,UNKNOWN,[]
pr6_fact-600295.SH,pr6_fact,600295.SH,UNKNOWN,[]
pr6_fact-600297.SH,pr6_fact,600297.SH,UNKNOWN,[]
pr6_fact-600298.SH,pr6_fact,600298.SH,UNKNOWN,[]
pr6_fact-600299.SH,pr6_fact,600299.SH,UNKNOWN,[]
pr6_fact-600300.SH,pr6_fact,600300.SH,UNKNOWN,[]
pr6_fact-600301.SH,pr6_fact,600301.SH,UNKNOWN,[]
pr6_fact-600302.SH,pr6_fact,600302.SH,UNKNOWN,[]
pr6_fact-600303.SH,pr6_fact,600303.SH,UNKNOWN,[]
pr6_fact-600305.SH,pr6_fact,600305.SH,UNKNOWN,[]
pr6_fact-600306.SH,pr6_fact,600306.SH,UNKNOWN,[]
pr6_fact-600307.SH,pr6_fact,600307.SH,UNKNOWN,[]
pr6_fact-600308.SH,pr6_fact,600308.SH,UNKNOWN,[]
pr6_fact-600309.SH,pr6_fact,600309.SH,UNKNOWN,[]
pr6_fact-600310.SH,pr6_fact,600310.SH,UNKNOWN,[]
pr6_fact-600311.SH,pr6_fact,600311.SH,UNKNOWN,[]
pr6_fact-600312.SH,pr6_fact,600312.SH,UNKNOWN,[]
pr6_fact-600313.SH,pr6_fact,600313.SH,UNKNOWN,[]
pr6_fact-600315.SH,pr6_fact,600315.SH,UNKNOWN,[]
pr6_fact-600316.SH,pr6_fact,600316.SH,UNKNOWN,[]
pr6_fact-600317.SH,pr6_fact,600317.SH,UNKNOWN,[]
pr6_fact-600318.SH,pr6_fact,600318.SH,UNKNOWN,[]
pr6_fact-600319.SH,pr6_fact,600319.SH,UNKNOWN,[]
pr6_fact-600320.SH,pr6_fact,600320.SH,UNKNOWN,[]
pr6_fact-600321.SH,pr6_fact,600321.SH,UNKNOWN,[]
pr6_fact-600322.SH,pr6_fact,600322.SH,UNKNOWN,[]
pr6_fact-600323.SH,pr6_fact,600323.SH,UNKNOWN,[]
pr6_fact-600325.SH,pr6_fact,600325.SH,UNKNOWN,[]
pr6_fact-600326.SH,pr6_fact,600326.SH,UNKNOWN,[]
pr6_fact-600327.SH,pr6_fact,600327.SH,UNKNOWN,[]
pr6_fact-600328.SH,pr6_fact,600328.SH,UNKNOWN,[]
pr6_fact-600329.SH,pr6_fact,600329.SH,UNKNOWN,[]
pr6_fact-600330.SH,pr6_fact,600330.SH,UNKNOWN,[]
pr6_fact-600331.SH,pr6_fact,600331.SH,UNKNOWN,[]
pr6_fact-600332.SH,pr6_fact,600332.SH,UNKNOWN,[]
pr6_fact-600333.SH,pr6_fact,600333.SH,UNKNOWN,[]
pr6_fact-600335.SH,pr6_fact,600335.SH,UNKNOWN,[]
pr6_fact-600336.SH,pr6_fact,600336.SH,UNKNOWN,[]
pr6_fact-600337.SH,pr6_fact,600337.SH,UNKNOWN,[]
pr6_fact-600338.SH,pr6_fact,600338.SH,UNKNOWN,[]
pr6_fact-600339.SH,pr6_fact,600339.SH,UNKNOWN,[]
pr6_fact-600340.SH,pr6_fact,600340.SH,UNKNOWN,[]
pr6_fact-600343.SH,pr6_fact,600343.SH,UNKNOWN,[]
pr6_fact-600345.SH,pr6_fact,600345.SH,UNKNOWN,[]
pr6_fact-600346.SH,pr6_fact,600346.SH,UNKNOWN,[]
pr6_fact-600348.SH,pr6_fact,600348.SH,UNKNOWN,[]
pr6_fact-600350.SH,pr6_fact,600350.SH,UNKNOWN,[]
pr6_fact-600351.SH,pr6_fact,600351.SH,UNKNOWN,[]
pr6_fact-600352.SH,pr6_fact,600352.SH,UNKNOWN,[]
pr6_fact-600353.SH,pr6_fact,600353.SH,UNKNOWN,[]
pr6_fact-600354.SH,pr6_fact,600354.SH,UNKNOWN,[]
pr6_fact-600356.SH,pr6_fact,600356.SH,UNKNOWN,[]
pr6_fact-600358.SH,pr6_fact,600358.SH,UNKNOWN,[]
pr6_fact-600359.SH,pr6_fact,600359.SH,UNKNOWN,[]
pr6_fact-600360.SH,pr6_fact,600360.SH,UNKNOWN,[]
pr6_fact-600361.SH,pr6_fact,600361.SH,UNKNOWN,[]
pr6_fact-600362.SH,pr6_fact,600362.SH,UNKNOWN,[]
pr6_fact-600363.SH,pr6_fact,600363.SH,UNKNOWN,[]
pr6_fact-600365.SH,pr6_fact,600365.SH,UNKNOWN,[]
pr6_fact-600366.SH,pr6_fact,600366.SH,UNKNOWN,[]
pr6_fact-600367.SH,pr6_fact,600367.SH,UNKNOWN,[]
pr6_fact-600368.SH,pr6_fact,600368.SH,UNKNOWN,[]
pr6_fact-600369.SH,pr6_fact,600369.SH,UNKNOWN,[]
pr6_fact-600370.SH,pr6_fact,600370.SH,UNKNOWN,[]
pr6_fact-600371.SH,pr6_fact,600371.SH,UNKNOWN,[]
pr6_fact-600372.SH,pr6_fact,600372.SH,UNKNOWN,[]
pr6_fact-600373.SH,pr6_fact,600373.SH,UNKNOWN,[]
pr6_fact-600375.SH,pr6_fact,600375.SH,UNKNOWN,[]
pr6_fact-600376.SH,pr6_fact,600376.SH,UNKNOWN,[]
pr6_fact-600377.SH,pr6_fact,600377.SH,UNKNOWN,[]
pr6_fact-600378.SH,pr6_fact,600378.SH,UNKNOWN,[]
pr6_fact-600380.SH,pr6_fact,600380.SH,UNKNOWN,[]
pr6_fact-600381.SH,pr6_fact,600381.SH,UNKNOWN,[]
pr6_fact-600382.SH,pr6_fact,600382.SH,UNKNOWN,[]
pr6_fact-600383.SH,pr6_fact,600383.SH,UNKNOWN,[]
pr6_fact-600386.SH,pr6_fact,600386.SH,UNKNOWN,[]
pr6_fact-600387.SH,pr6_fact,600387.SH,UNKNOWN,[]
pr6_fact-600388.SH,pr6_fact,600388.SH,UNKNOWN,[]
pr6_fact-600389.SH,pr6_fact,600389.SH,UNKNOWN,[]
pr6_fact-600390.SH,pr6_fact,600390.SH,UNKNOWN,[]
pr6_fact-600391.SH,pr6_fact,600391.SH,UNKNOWN,[]
pr6_fact-600392.SH,pr6_fact,600392.SH,UNKNOWN,[]
pr6_fact-600393.SH,pr6_fact,600393.SH,UNKNOWN,[]
pr6_fact-600395.SH,pr6_fact,600395.SH,UNKNOWN,[]
pr6_fact-600396.SH,pr6_fact,600396.SH,UNKNOWN,[]
pr6_fact-600397.SH,pr6_fact,600397.SH,UNKNOWN,[]
pr6_fact-600398.SH,pr6_fact,600398.SH,UNKNOWN,[]
pr6_fact-600399.SH,pr6_fact,600399.SH,UNKNOWN,[]
pr6_fact-600400.SH,pr6_fact,600400.SH,UNKNOWN,[]
pr6_fact-600401.SH,pr6_fact,600401.SH,UNKNOWN,[]
pr6_fact-600403.SH,pr6_fact,600403.SH,UNKNOWN,[]
pr6_fact-600405.SH,pr6_fact,600405.SH,UNKNOWN,[]
pr6_fact-600406.SH,pr6_fact,600406.SH,UNKNOWN,[]
pr6_fact-600408.SH,pr6_fact,600408.SH,UNKNOWN,[]
pr6_fact-600409.SH,pr6_fact,600409.SH,UNKNOWN,[]
pr6_fact-600410.SH,pr6_fact,600410.SH,UNKNOWN,[]
pr6_fact-600415.SH,pr6_fact,600415.SH,UNKNOWN,[]
pr6_fact-600416.SH,pr6_fact,600416.SH,UNKNOWN,[]
pr6_fact-600418.SH,pr6_fact,600418.SH,UNKNOWN,[]
pr6_fact-600420.SH,pr6_fact,600420.SH,UNKNOWN,[]
pr6_fact-600422.SH,pr6_fact,600422.SH,UNKNOWN,[]
pr6_fact-600423.SH,pr6_fact,600423.SH,UNKNOWN,[]
pr6_fact-600425.SH,pr6_fact,600425.SH,UNKNOWN,[]
pr6_fact-600426.SH,pr6_fact,600426.SH,UNKNOWN,[]
pr6_fact-600428.SH,pr6_fact,600428.SH,UNKNOWN,[]
pr6_fact-600429.SH,pr6_fact,600429.SH,UNKNOWN,[]
pr6_fact-600432.SH,pr6_fact,600432.SH,UNKNOWN,[]
pr6_fact-600433.SH,pr6_fact,600433.SH,UNKNOWN,[]
pr6_fact-600435.SH,pr6_fact,600435.SH,UNKNOWN,[]
pr6_fact-600436.SH,pr6_fact,600436.SH,UNKNOWN,[]
pr6_fact-600438.SH,pr6_fact,600438.SH,UNKNOWN,[]
pr6_fact-600439.SH,pr6_fact,600439.SH,UNKNOWN,[]
pr6_fact-600446.SH,pr6_fact,600446.SH,UNKNOWN,[]
pr6_fact-600449.SH,pr6_fact,600449.SH,UNKNOWN,[]
pr6_fact-600452.SH,pr6_fact,600452.SH,UNKNOWN,[]
pr6_fact-600456.SH,pr6_fact,600456.SH,UNKNOWN,[]
pr6_fact-600458.SH,pr6_fact,600458.SH,UNKNOWN,[]
pr6_fact-600459.SH,pr6_fact,600459.SH,UNKNOWN,[]
pr6_fact-600460.SH,pr6_fact,600460.SH,UNKNOWN,[]
pr6_fact-600461.SH,pr6_fact,600461.SH,UNKNOWN,[]
pr6_fact-600463.SH,pr6_fact,600463.SH,UNKNOWN,[]
pr6_fact-600466.SH,pr6_fact,600466.SH,UNKNOWN,[]
pr6_fact-600467.SH,pr6_fact,600467.SH,UNKNOWN,[]
pr6_fact-600468.SH,pr6_fact,600468.SH,UNKNOWN,[]
pr6_fact-600469.SH,pr6_fact,600469.SH,UNKNOWN,[]
pr6_fact-600470.SH,pr6_fact,600470.SH,UNKNOWN,[]
pr6_fact-600475.SH,pr6_fact,600475.SH,UNKNOWN,[]
pr6_fact-600477.SH,pr6_fact,600477.SH,UNKNOWN,[]
pr6_fact-600478.SH,pr6_fact,600478.SH,UNKNOWN,[]
pr6_fact-600479.SH,pr6_fact,600479.SH,UNKNOWN,[]
pr6_fact-600480.SH,pr6_fact,600480.SH,UNKNOWN,[]
pr6_fact-600481.SH,pr6_fact,600481.SH,UNKNOWN,[]
pr6_fact-600482.SH,pr6_fact,600482.SH,UNKNOWN,[]
pr6_fact-600483.SH,pr6_fact,600483.SH,UNKNOWN,[]
pr6_fact-600485.SH,pr6_fact,600485.SH,UNKNOWN,[]
pr6_fact-600486.SH,pr6_fact,600486.SH,UNKNOWN,[]
pr6_fact-600487.SH,pr6_fact,600487.SH,UNKNOWN,[]
pr6_fact-600488.SH,pr6_fact,600488.SH,UNKNOWN,[]
pr6_fact-600489.SH,pr6_fact,600489.SH,UNKNOWN,[]
pr6_fact-600490.SH,pr6_fact,600490.SH,UNKNOWN,[]
pr6_fact-600491.SH,pr6_fact,600491.SH,UNKNOWN,[]
pr6_fact-600495.SH,pr6_fact,600495.SH,UNKNOWN,[]
pr6_fact-600496.SH,pr6_fact,600496.SH,UNKNOWN,[]
pr6_fact-600497.SH,pr6_fact,600497.SH,UNKNOWN,[]
pr6_fact-600498.SH,pr6_fact,600498.SH,UNKNOWN,[]
pr6_fact-600499.SH,pr6_fact,600499.SH,UNKNOWN,[]
pr6_fact-600500.SH,pr6_fact,600500.SH,UNKNOWN,[]
pr6_fact-600501.SH,pr6_fact,600501.SH,UNKNOWN,[]
pr6_fact-600502.SH,pr6_fact,600502.SH,UNKNOWN,[]
pr6_fact-600503.SH,pr6_fact,600503.SH,UNKNOWN,[]
pr6_fact-600507.SH,pr6_fact,600507.SH,UNKNOWN,[]
pr6_fact-600508.SH,pr6_fact,600508.SH,UNKNOWN,[]
pr6_fact-600509.SH,pr6_fact,600509.SH,UNKNOWN,[]
pr6_fact-600510.SH,pr6_fact,600510.SH,UNKNOWN,[]
pr6_fact-600511.SH,pr6_fact,600511.SH,UNKNOWN,[]
pr6_fact-600512.SH,pr6_fact,600512.SH,UNKNOWN,[]
pr6_fact-600515.SH,pr6_fact,600515.SH,UNKNOWN,[]
pr6_fact-600516.SH,pr6_fact,600516.SH,UNKNOWN,[]
pr6_fact-600517.SH,pr6_fact,600517.SH,UNKNOWN,[]
pr6_fact-600518.SH,pr6_fact,600518.SH,UNKNOWN,[]
pr6_fact-600519.SH,pr6_fact,600519.SH,UNKNOWN,[]
pr6_fact-600521.SH,pr6_fact,600521.SH,UNKNOWN,[]
pr6_fact-600522.SH,pr6_fact,600522.SH,UNKNOWN,[]
pr6_fact-600523.SH,pr6_fact,600523.SH,UNKNOWN,[]
pr6_fact-600525.SH,pr6_fact,600525.SH,UNKNOWN,[]
pr6_fact-600526.SH,pr6_fact,600526.SH,UNKNOWN,[]
pr6_fact-600527.SH,pr6_fact,600527.SH,UNKNOWN,[]
pr6_fact-600528.SH,pr6_fact,600528.SH,UNKNOWN,[]
pr6_fact-600529.SH,pr6_fact,600529.SH,UNKNOWN,[]
pr6_fact-600530.SH,pr6_fact,600530.SH,UNKNOWN,[]
pr6_fact-600531.SH,pr6_fact,600531.SH,UNKNOWN,[]
pr6_fact-600533.SH,pr6_fact,600533.SH,UNKNOWN,[]
pr6_fact-600535.SH,pr6_fact,600535.SH,UNKNOWN,[]
pr6_fact-600536.SH,pr6_fact,600536.SH,UNKNOWN,[]
pr6_fact-600537.SH,pr6_fact,600537.SH,UNKNOWN,[]
pr6_fact-600540.SH,pr6_fact,600540.SH,UNKNOWN,[]
pr6_fact-600543.SH,pr6_fact,600543.SH,UNKNOWN,[]
pr6_fact-600545.SH,pr6_fact,600545.SH,UNKNOWN,[]
pr6_fact-600546.SH,pr6_fact,600546.SH,UNKNOWN,[]
pr6_fact-600547.SH,pr6_fact,600547.SH,UNKNOWN,[]
pr6_fact-600548.SH,pr6_fact,600548.SH,UNKNOWN,[]
pr6_fact-600549.SH,pr6_fact,600549.SH,UNKNOWN,[]
pr6_fact-600550.SH,pr6_fact,600550.SH,UNKNOWN,[]
pr6_fact-600551.SH,pr6_fact,600551.SH,UNKNOWN,[]
pr6_fact-600552.SH,pr6_fact,600552.SH,UNKNOWN,[]
pr6_fact-600555.SH,pr6_fact,600555.SH,UNKNOWN,[]
pr6_fact-600556.SH,pr6_fact,600556.SH,UNKNOWN,[]
pr6_fact-600557.SH,pr6_fact,600557.SH,UNKNOWN,[]
pr6_fact-600559.SH,pr6_fact,600559.SH,UNKNOWN,[]
pr6_fact-600560.SH,pr6_fact,600560.SH,UNKNOWN,[]
pr6_fact-600561.SH,pr6_fact,600561.SH,UNKNOWN,[]
pr6_fact-600562.SH,pr6_fact,600562.SH,UNKNOWN,[]
pr6_fact-600563.SH,pr6_fact,600563.SH,UNKNOWN,[]
pr6_fact-600565.SH,pr6_fact,600565.SH,UNKNOWN,[]
pr6_fact-600566.SH,pr6_fact,600566.SH,UNKNOWN,[]
pr6_fact-600567.SH,pr6_fact,600567.SH,UNKNOWN,[]
pr6_fact-600568.SH,pr6_fact,600568.SH,UNKNOWN,[]
pr6_fact-600569.SH,pr6_fact,600569.SH,UNKNOWN,[]
pr6_fact-600570.SH,pr6_fact,600570.SH,UNKNOWN,[]
pr6_fact-600571.SH,pr6_fact,600571.SH,UNKNOWN,[]
pr6_fact-600572.SH,pr6_fact,600572.SH,UNKNOWN,[]
pr6_fact-600573.SH,pr6_fact,600573.SH,UNKNOWN,[]
pr6_fact-600575.SH,pr6_fact,600575.SH,UNKNOWN,[]
pr6_fact-600577.SH,pr6_fact,600577.SH,UNKNOWN,[]
pr6_fact-600578.SH,pr6_fact,600578.SH,UNKNOWN,[]
pr6_fact-600580.SH,pr6_fact,600580.SH,UNKNOWN,[]
pr6_fact-600581.SH,pr6_fact,600581.SH,UNKNOWN,[]
pr6_fact-600582.SH,pr6_fact,600582.SH,UNKNOWN,[]
pr6_fact-600583.SH,pr6_fact,600583.SH,UNKNOWN,[]
pr6_fact-600584.SH,pr6_fact,600584.SH,UNKNOWN,[]
pr6_fact-600585.SH,pr6_fact,600585.SH,UNKNOWN,[]
pr6_fact-600586.SH,pr6_fact,600586.SH,UNKNOWN,[]
pr6_fact-600587.SH,pr6_fact,600587.SH,UNKNOWN,[]
pr6_fact-600588.SH,pr6_fact,600588.SH,UNKNOWN,[]
pr6_fact-600589.SH,pr6_fact,600589.SH,UNKNOWN,[]
pr6_fact-600590.SH,pr6_fact,600590.SH,UNKNOWN,[]
pr6_fact-600592.SH,pr6_fact,600592.SH,UNKNOWN,[]
pr6_fact-600594.SH,pr6_fact,600594.SH,UNKNOWN,[]
pr6_fact-600595.SH,pr6_fact,600595.SH,UNKNOWN,[]
pr6_fact-600596.SH,pr6_fact,600596.SH,UNKNOWN,[]
pr6_fact-600597.SH,pr6_fact,600597.SH,UNKNOWN,[]
pr6_fact-600598.SH,pr6_fact,600598.SH,UNKNOWN,[]
pr6_fact-600600.SH,pr6_fact,600600.SH,UNKNOWN,[]
pr6_fact-600601.SH,pr6_fact,600601.SH,UNKNOWN,[]
pr6_fact-600602.SH,pr6_fact,600602.SH,UNKNOWN,[]
pr6_fact-600603.SH,pr6_fact,600603.SH,UNKNOWN,[]
pr6_fact-600604.SH,pr6_fact,600604.SH,UNKNOWN,[]
pr6_fact-600605.SH,pr6_fact,600605.SH,UNKNOWN,[]
pr6_fact-600606.SH,pr6_fact,600606.SH,UNKNOWN,[]
pr6_fact-600608.SH,pr6_fact,600608.SH,UNKNOWN,[]
pr6_fact-600609.SH,pr6_fact,600609.SH,UNKNOWN,[]
pr6_fact-600610.SH,pr6_fact,600610.SH,UNKNOWN,[]
pr6_fact-600611.SH,pr6_fact,600611.SH,UNKNOWN,[]
pr6_fact-600612.SH,pr6_fact,600612.SH,UNKNOWN,[]
pr6_fact-600613.SH,pr6_fact,600613.SH,UNKNOWN,[]
pr6_fact-600614.SH,pr6_fact,600614.SH,UNKNOWN,[]
pr6_fact-600615.SH,pr6_fact,600615.SH,UNKNOWN,[]
pr6_fact-600616.SH,pr6_fact,600616.SH,UNKNOWN,[]
pr6_fact-600617.SH,pr6_fact,600617.SH,UNKNOWN,[]
pr6_fact-600618.SH,pr6_fact,600618.SH,UNKNOWN,[]
pr6_fact-600619.SH,pr6_fact,600619.SH,UNKNOWN,[]
pr6_fact-600620.SH,pr6_fact,600620.SH,UNKNOWN,[]
pr6_fact-600621.SH,pr6_fact,600621.SH,UNKNOWN,[]
pr6_fact-600622.SH,pr6_fact,600622.SH,UNKNOWN,[]
pr6_fact-600623.SH,pr6_fact,600623.SH,UNKNOWN,[]
pr6_fact-600624.SH,pr6_fact,600624.SH,UNKNOWN,[]
pr6_fact-600626.SH,pr6_fact,600626.SH,UNKNOWN,[]
pr6_fact-600628.SH,pr6_fact,600628.SH,UNKNOWN,[]
pr6_fact-600629.SH,pr6_fact,600629.SH,UNKNOWN,[]
pr6_fact-600630.SH,pr6_fact,600630.SH,UNKNOWN,[]
pr6_fact-600633.SH,pr6_fact,600633.SH,UNKNOWN,[]
pr6_fact-600634.SH,pr6_fact,600634.SH,UNKNOWN,[]
pr6_fact-600635.SH,pr6_fact,600635.SH,UNKNOWN,[]
pr6_fact-600636.SH,pr6_fact,600636.SH,UNKNOWN,[]
pr6_fact-600637.SH,pr6_fact,600637.SH,UNKNOWN,[]
pr6_fact-600638.SH,pr6_fact,600638.SH,UNKNOWN,[]
pr6_fact-600639.SH,pr6_fact,600639.SH,UNKNOWN,[]
pr6_fact-600640.SH,pr6_fact,600640.SH,UNKNOWN,[]
pr6_fact-600641.SH,pr6_fact,600641.SH,UNKNOWN,[]
pr6_fact-600642.SH,pr6_fact,600642.SH,UNKNOWN,[]
pr6_fact-600643.SH,pr6_fact,600643.SH,UNKNOWN,[]
pr6_fact-600644.SH,pr6_fact,600644.SH,UNKNOWN,[]
pr6_fact-600645.SH,pr6_fact,600645.SH,UNKNOWN,[]
pr6_fact-600648.SH,pr6_fact,600648.SH,UNKNOWN,[]
pr6_fact-600649.SH,pr6_fact,600649.SH,UNKNOWN,[]
pr6_fact-600650.SH,pr6_fact,600650.SH,UNKNOWN,[]
pr6_fact-600651.SH,pr6_fact,600651.SH,UNKNOWN,[]
pr6_fact-600652.SH,pr6_fact,600652.SH,UNKNOWN,[]
pr6_fact-600653.SH,pr6_fact,600653.SH,UNKNOWN,[]
pr6_fact-600654.SH,pr6_fact,600654.SH,UNKNOWN,[]
pr6_fact-600655.SH,pr6_fact,600655.SH,UNKNOWN,[]
pr6_fact-600657.SH,pr6_fact,600657.SH,UNKNOWN,[]
pr6_fact-600658.SH,pr6_fact,600658.SH,UNKNOWN,[]
pr6_fact-600660.SH,pr6_fact,600660.SH,UNKNOWN,[]
pr6_fact-600661.SH,pr6_fact,600661.SH,UNKNOWN,[]
pr6_fact-600662.SH,pr6_fact,600662.SH,UNKNOWN,[]
pr6_fact-600663.SH,pr6_fact,600663.SH,UNKNOWN,[]
pr6_fact-600664.SH,pr6_fact,600664.SH,UNKNOWN,[]
pr6_fact-600665.SH,pr6_fact,600665.SH,UNKNOWN,[]
pr6_fact-600666.SH,pr6_fact,600666.SH,UNKNOWN,[]
pr6_fact-600667.SH,pr6_fact,600667.SH,UNKNOWN,[]
pr6_fact-600668.SH,pr6_fact,600668.SH,UNKNOWN,[]
pr6_fact-600673.SH,pr6_fact,600673.SH,UNKNOWN,[]
pr6_fact-600674.SH,pr6_fact,600674.SH,UNKNOWN,[]
pr6_fact-600675.SH,pr6_fact,600675.SH,UNKNOWN,[]
pr6_fact-600676.SH,pr6_fact,600676.SH,UNKNOWN,[]
pr6_fact-600677.SH,pr6_fact,600677.SH,UNKNOWN,[]
pr6_fact-600678.SH,pr6_fact,600678.SH,UNKNOWN,[]
pr6_fact-600679.SH,pr6_fact,600679.SH,UNKNOWN,[]
pr6_fact-600680.SH,pr6_fact,600680.SH,UNKNOWN,[]
pr6_fact-600681.SH,pr6_fact,600681.SH,UNKNOWN,[]
pr6_fact-600682.SH,pr6_fact,600682.SH,UNKNOWN,[]
pr6_fact-600683.SH,pr6_fact,600683.SH,UNKNOWN,[]
pr6_fact-600684.SH,pr6_fact,600684.SH,UNKNOWN,[]
pr6_fact-600685.SH,pr6_fact,600685.SH,UNKNOWN,[]
pr6_fact-600686.SH,pr6_fact,600686.SH,UNKNOWN,[]
pr6_fact-600687.SH,pr6_fact,600687.SH,UNKNOWN,[]
pr6_fact-600688.SH,pr6_fact,600688.SH,UNKNOWN,[]
pr6_fact-600690.SH,pr6_fact,600690.SH,UNKNOWN,[]
pr6_fact-600691.SH,pr6_fact,600691.SH,UNKNOWN,[]
pr6_fact-600692.SH,pr6_fact,600692.SH,UNKNOWN,[]
pr6_fact-600693.SH,pr6_fact,600693.SH,UNKNOWN,[]
pr6_fact-600694.SH,pr6_fact,600694.SH,UNKNOWN,[]
pr6_fact-600695.SH,pr6_fact,600695.SH,UNKNOWN,[]
pr6_fact-600696.SH,pr6_fact,600696.SH,UNKNOWN,[]
pr6_fact-600697.SH,pr6_fact,600697.SH,UNKNOWN,[]
pr6_fact-600698.SH,pr6_fact,600698.SH,UNKNOWN,[]
pr6_fact-600699.SH,pr6_fact,600699.SH,UNKNOWN,[]
pr6_fact-600701.SH,pr6_fact,600701.SH,UNKNOWN,[]
pr6_fact-600702.SH,pr6_fact,600702.SH,UNKNOWN,[]
pr6_fact-600703.SH,pr6_fact,600703.SH,UNKNOWN,[]
pr6_fact-600704.SH,pr6_fact,600704.SH,UNKNOWN,[]
pr6_fact-600705.SH,pr6_fact,600705.SH,UNKNOWN,[]
pr6_fact-600706.SH,pr6_fact,600706.SH,UNKNOWN,[]
pr6_fact-600707.SH,pr6_fact,600707.SH,UNKNOWN,[]
pr6_fact-600708.SH,pr6_fact,600708.SH,UNKNOWN,[]
pr6_fact-600710.SH,pr6_fact,600710.SH,UNKNOWN,[]
pr6_fact-600711.SH,pr6_fact,600711.SH,UNKNOWN,[]
pr6_fact-600713.SH,pr6_fact,600713.SH,UNKNOWN,[]
pr6_fact-600714.SH,pr6_fact,600714.SH,UNKNOWN,[]
pr6_fact-600715.SH,pr6_fact,600715.SH,UNKNOWN,[]
pr6_fact-600716.SH,pr6_fact,600716.SH,UNKNOWN,[]
pr6_fact-600717.SH,pr6_fact,600717.SH,UNKNOWN,[]
pr6_fact-600718.SH,pr6_fact,600718.SH,UNKNOWN,[]
pr6_fact-600720.SH,pr6_fact,600720.SH,UNKNOWN,[]
pr6_fact-600722.SH,pr6_fact,600722.SH,UNKNOWN,[]
pr6_fact-600723.SH,pr6_fact,600723.SH,UNKNOWN,[]
pr6_fact-600724.SH,pr6_fact,600724.SH,UNKNOWN,[]
pr6_fact-600725.SH,pr6_fact,600725.SH,UNKNOWN,[]
pr6_fact-600726.SH,pr6_fact,600726.SH,UNKNOWN,[]
pr6_fact-600727.SH,pr6_fact,600727.SH,UNKNOWN,[]
pr6_fact-600728.SH,pr6_fact,600728.SH,UNKNOWN,[]
pr6_fact-600729.SH,pr6_fact,600729.SH,UNKNOWN,[]
pr6_fact-600730.SH,pr6_fact,600730.SH,UNKNOWN,[]
pr6_fact-600732.SH,pr6_fact,600732.SH,UNKNOWN,[]
pr6_fact-600733.SH,pr6_fact,600733.SH,UNKNOWN,[]
pr6_fact-600734.SH,pr6_fact,600734.SH,UNKNOWN,[]
pr6_fact-600735.SH,pr6_fact,600735.SH,UNKNOWN,[]
pr6_fact-600736.SH,pr6_fact,600736.SH,UNKNOWN,[]
pr6_fact-600737.SH,pr6_fact,600737.SH,UNKNOWN,[]
pr6_fact-600738.SH,pr6_fact,600738.SH,UNKNOWN,[]
pr6_fact-600739.SH,pr6_fact,600739.SH,UNKNOWN,[]
pr6_fact-600740.SH,pr6_fact,600740.SH,UNKNOWN,[]
pr6_fact-600741.SH,pr6_fact,600741.SH,UNKNOWN,[]
pr6_fact-600742.SH,pr6_fact,600742.SH,UNKNOWN,[]
pr6_fact-600743.SH,pr6_fact,600743.SH,UNKNOWN,[]
pr6_fact-600744.SH,pr6_fact,600744.SH,UNKNOWN,[]
pr6_fact-600745.SH,pr6_fact,600745.SH,UNKNOWN,[]
pr6_fact-600746.SH,pr6_fact,600746.SH,UNKNOWN,[]
pr6_fact-600747.SH,pr6_fact,600747.SH,UNKNOWN,[]
pr6_fact-600748.SH,pr6_fact,600748.SH,UNKNOWN,[]
pr6_fact-600750.SH,pr6_fact,600750.SH,UNKNOWN,[]
pr6_fact-600751.SH,pr6_fact,600751.SH,UNKNOWN,[]
pr6_fact-600754.SH,pr6_fact,600754.SH,UNKNOWN,[]
pr6_fact-600755.SH,pr6_fact,600755.SH,UNKNOWN,[]
pr6_fact-600756.SH,pr6_fact,600756.SH,UNKNOWN,[]
pr6_fact-600757.SH,pr6_fact,600757.SH,UNKNOWN,[]
pr6_fact-600758.SH,pr6_fact,600758.SH,UNKNOWN,[]
pr6_fact-600759.SH,pr6_fact,600759.SH,UNKNOWN,[]
pr6_fact-600760.SH,pr6_fact,600760.SH,UNKNOWN,[]
pr6_fact-600761.SH,pr6_fact,600761.SH,UNKNOWN,[]
pr6_fact-600763.SH,pr6_fact,600763.SH,UNKNOWN,[]
pr6_fact-600764.SH,pr6_fact,600764.SH,UNKNOWN,[]
pr6_fact-600765.SH,pr6_fact,600765.SH,UNKNOWN,[]
pr6_fact-600767.SH,pr6_fact,600767.SH,UNKNOWN,[]
pr6_fact-600768.SH,pr6_fact,600768.SH,UNKNOWN,[]
pr6_fact-600769.SH,pr6_fact,600769.SH,UNKNOWN,[]
pr6_fact-600770.SH,pr6_fact,600770.SH,UNKNOWN,[]
pr6_fact-600771.SH,pr6_fact,600771.SH,UNKNOWN,[]
pr6_fact-600773.SH,pr6_fact,600773.SH,UNKNOWN,[]
pr6_fact-600775.SH,pr6_fact,600775.SH,UNKNOWN,[]
pr6_fact-600776.SH,pr6_fact,600776.SH,UNKNOWN,[]
pr6_fact-600777.SH,pr6_fact,600777.SH,UNKNOWN,[]
pr6_fact-600778.SH,pr6_fact,600778.SH,UNKNOWN,[]
pr6_fact-600779.SH,pr6_fact,600779.SH,UNKNOWN,[]
pr6_fact-600780.SH,pr6_fact,600780.SH,UNKNOWN,[]
pr6_fact-600781.SH,pr6_fact,600781.SH,UNKNOWN,[]
pr6_fact-600782.SH,pr6_fact,600782.SH,UNKNOWN,[]
pr6_fact-600783.SH,pr6_fact,600783.SH,UNKNOWN,[]
pr6_fact-600784.SH,pr6_fact,600784.SH,UNKNOWN,[]
pr6_fact-600785.SH,pr6_fact,600785.SH,UNKNOWN,[]
pr6_fact-600787.SH,pr6_fact,600787.SH,UNKNOWN,[]
pr6_fact-600789.SH,pr6_fact,600789.SH,UNKNOWN,[]
pr6_fact-600790.SH,pr6_fact,600790.SH,UNKNOWN,[]
pr6_fact-600791.SH,pr6_fact,600791.SH,UNKNOWN,[]
pr6_fact-600792.SH,pr6_fact,600792.SH,UNKNOWN,[]
pr6_fact-600794.SH,pr6_fact,600794.SH,UNKNOWN,[]
pr6_fact-600795.SH,pr6_fact,600795.SH,UNKNOWN,[]
pr6_fact-600796.SH,pr6_fact,600796.SH,UNKNOWN,[]
pr6_fact-600797.SH,pr6_fact,600797.SH,UNKNOWN,[]
pr6_fact-600798.SH,pr6_fact,600798.SH,UNKNOWN,[]
pr6_fact-600800.SH,pr6_fact,600800.SH,UNKNOWN,[]
pr6_fact-600801.SH,pr6_fact,600801.SH,UNKNOWN,[]
pr6_fact-600802.SH,pr6_fact,600802.SH,UNKNOWN,[]
pr6_fact-600803.SH,pr6_fact,600803.SH,UNKNOWN,[]
pr6_fact-600804.SH,pr6_fact,600804.SH,UNKNOWN,[]
pr6_fact-600805.SH,pr6_fact,600805.SH,UNKNOWN,[]
pr6_fact-600806.SH,pr6_fact,600806.SH,UNKNOWN,[]
pr6_fact-600807.SH,pr6_fact,600807.SH,UNKNOWN,[]
pr6_fact-600808.SH,pr6_fact,600808.SH,UNKNOWN,[]
pr6_fact-600809.SH,pr6_fact,600809.SH,UNKNOWN,[]
pr6_fact-600810.SH,pr6_fact,600810.SH,UNKNOWN,[]
pr6_fact-600811.SH,pr6_fact,600811.SH,UNKNOWN,[]
pr6_fact-600812.SH,pr6_fact,600812.SH,UNKNOWN,[]
pr6_fact-600814.SH,pr6_fact,600814.SH,UNKNOWN,[]
pr6_fact-600815.SH,pr6_fact,600815.SH,UNKNOWN,[]
pr6_fact-600816.SH,pr6_fact,600816.SH,UNKNOWN,[]
pr6_fact-600817.SH,pr6_fact,600817.SH,UNKNOWN,[]
pr6_fact-600818.SH,pr6_fact,600818.SH,UNKNOWN,[]
pr6_fact-600819.SH,pr6_fact,600819.SH,UNKNOWN,[]
pr6_fact-600820.SH,pr6_fact,600820.SH,UNKNOWN,[]
pr6_fact-600821.SH,pr6_fact,600821.SH,UNKNOWN,[]
pr6_fact-600822.SH,pr6_fact,600822.SH,UNKNOWN,[]
pr6_fact-600823.SH,pr6_fact,600823.SH,UNKNOWN,[]
pr6_fact-600824.SH,pr6_fact,600824.SH,UNKNOWN,[]
pr6_fact-600825.SH,pr6_fact,600825.SH,UNKNOWN,[]
pr6_fact-600826.SH,pr6_fact,600826.SH,UNKNOWN,[]
pr6_fact-600827.SH,pr6_fact,600827.SH,UNKNOWN,[]
pr6_fact-600828.SH,pr6_fact,600828.SH,UNKNOWN,[]
pr6_fact-600829.SH,pr6_fact,600829.SH,UNKNOWN,[]
pr6_fact-600830.SH,pr6_fact,600830.SH,UNKNOWN,[]
pr6_fact-600831.SH,pr6_fact,600831.SH,UNKNOWN,[]
pr6_fact-600832.SH,pr6_fact,600832.SH,UNKNOWN,[]
pr6_fact-600833.SH,pr6_fact,600833.SH,UNKNOWN,[]
pr6_fact-600834.SH,pr6_fact,600834.SH,UNKNOWN,[]
pr6_fact-600835.SH,pr6_fact,600835.SH,UNKNOWN,[]
pr6_fact-600836.SH,pr6_fact,600836.SH,UNKNOWN,[]
pr6_fact-600837.SH,pr6_fact,600837.SH,UNKNOWN,[]
pr6_fact-600838.SH,pr6_fact,600838.SH,UNKNOWN,[]
pr6_fact-600839.SH,pr6_fact,600839.SH,UNKNOWN,[]
pr6_fact-600841.SH,pr6_fact,600841.SH,UNKNOWN,[]
pr6_fact-600843.SH,pr6_fact,600843.SH,UNKNOWN,[]
pr6_fact-600844.SH,pr6_fact,600844.SH,UNKNOWN,[]
pr6_fact-600845.SH,pr6_fact,600845.SH,UNKNOWN,[]
pr6_fact-600846.SH,pr6_fact,600846.SH,UNKNOWN,[]
pr6_fact-600848.SH,pr6_fact,600848.SH,UNKNOWN,[]
pr6_fact-600850.SH,pr6_fact,600850.SH,UNKNOWN,[]
pr6_fact-600851.SH,pr6_fact,600851.SH,UNKNOWN,[]
pr6_fact-600854.SH,pr6_fact,600854.SH,UNKNOWN,[]
pr6_fact-600855.SH,pr6_fact,600855.SH,UNKNOWN,[]
pr6_fact-600856.SH,pr6_fact,600856.SH,UNKNOWN,[]
pr6_fact-600857.SH,pr6_fact,600857.SH,UNKNOWN,[]
pr6_fact-600858.SH,pr6_fact,600858.SH,UNKNOWN,[]
pr6_fact-600859.SH,pr6_fact,600859.SH,UNKNOWN,[]
pr6_fact-600860.SH,pr6_fact,600860.SH,UNKNOWN,[]
pr6_fact-600861.SH,pr6_fact,600861.SH,UNKNOWN,[]
pr6_fact-600862.SH,pr6_fact,600862.SH,UNKNOWN,[]
pr6_fact-600863.SH,pr6_fact,600863.SH,UNKNOWN,[]
pr6_fact-600864.SH,pr6_fact,600864.SH,UNKNOWN,[]
pr6_fact-600865.SH,pr6_fact,600865.SH,UNKNOWN,[]
pr6_fact-600866.SH,pr6_fact,600866.SH,UNKNOWN,[]
pr6_fact-600867.SH,pr6_fact,600867.SH,UNKNOWN,[]
pr6_fact-600868.SH,pr6_fact,600868.SH,UNKNOWN,[]
pr6_fact-600869.SH,pr6_fact,600869.SH,UNKNOWN,[]
pr6_fact-600870.SH,pr6_fact,600870.SH,UNKNOWN,[]
pr6_fact-600871.SH,pr6_fact,600871.SH,UNKNOWN,[]
pr6_fact-600872.SH,pr6_fact,600872.SH,UNKNOWN,[]
pr6_fact-600873.SH,pr6_fact,600873.SH,UNKNOWN,[]
pr6_fact-600874.SH,pr6_fact,600874.SH,UNKNOWN,[]
pr6_fact-600875.SH,pr6_fact,600875.SH,UNKNOWN,[]
pr6_fact-600876.SH,pr6_fact,600876.SH,UNKNOWN,[]
pr6_fact-600877.SH,pr6_fact,600877.SH,UNKNOWN,[]
pr6_fact-600879.SH,pr6_fact,600879.SH,UNKNOWN,[]
pr6_fact-600880.SH,pr6_fact,600880.SH,UNKNOWN,[]
pr6_fact-600881.SH,pr6_fact,600881.SH,UNKNOWN,[]
pr6_fact-600882.SH,pr6_fact,600882.SH,UNKNOWN,[]
pr6_fact-600883.SH,pr6_fact,600883.SH,UNKNOWN,[]
pr6_fact-600884.SH,pr6_fact,600884.SH,UNKNOWN,[]
pr6_fact-600885.SH,pr6_fact,600885.SH,UNKNOWN,[]
pr6_fact-600886.SH,pr6_fact,600886.SH,UNKNOWN,[]
pr6_fact-600887.SH,pr6_fact,600887.SH,UNKNOWN,[]
pr6_fact-600888.SH,pr6_fact,600888.SH,UNKNOWN,[]
pr6_fact-600890.SH,pr6_fact,600890.SH,UNKNOWN,[]
pr6_fact-600891.SH,pr6_fact,600891.SH,UNKNOWN,[]
pr6_fact-600893.SH,pr6_fact,600893.SH,UNKNOWN,[]
pr6_fact-600894.SH,pr6_fact,600894.SH,UNKNOWN,[]
pr6_fact-600895.SH,pr6_fact,600895.SH,UNKNOWN,[]
pr6_fact-600896.SH,pr6_fact,600896.SH,UNKNOWN,[]
pr6_fact-600897.SH,pr6_fact,600897.SH,UNKNOWN,[]
pr6_fact-600900.SH,pr6_fact,600900.SH,UNKNOWN,[]
pr6_fact-600901.SH,pr6_fact,600901.SH,UNKNOWN,[]
pr6_fact-600903.SH,pr6_fact,600903.SH,UNKNOWN,[]
pr6_fact-600905.SH,pr6_fact,600905.SH,UNKNOWN,[]
pr6_fact-600906.SH,pr6_fact,600906.SH,UNKNOWN,[]
pr6_fact-600908.SH,pr6_fact,600908.SH,UNKNOWN,[]
pr6_fact-600909.SH,pr6_fact,600909.SH,UNKNOWN,[]
pr6_fact-600916.SH,pr6_fact,600916.SH,UNKNOWN,[]
pr6_fact-600917.SH,pr6_fact,600917.SH,UNKNOWN,[]
pr6_fact-600918.SH,pr6_fact,600918.SH,UNKNOWN,[]
pr6_fact-600919.SH,pr6_fact,600919.SH,UNKNOWN,[]
pr6_fact-600925.SH,pr6_fact,600925.SH,UNKNOWN,[]
pr6_fact-600926.SH,pr6_fact,600926.SH,UNKNOWN,[]
pr6_fact-600927.SH,pr6_fact,600927.SH,UNKNOWN,[]
pr6_fact-600928.SH,pr6_fact,600928.SH,UNKNOWN,[]
pr6_fact-600929.SH,pr6_fact,600929.SH,UNKNOWN,[]
pr6_fact-600930.SH,pr6_fact,600930.SH,UNKNOWN,[]
pr6_fact-600933.SH,pr6_fact,600933.SH,UNKNOWN,[]
pr6_fact-600935.SH,pr6_fact,600935.SH,UNKNOWN,[]
pr6_fact-600936.SH,pr6_fact,600936.SH,UNKNOWN,[]
pr6_fact-600938.SH,pr6_fact,600938.SH,UNKNOWN,[]
pr6_fact-600939.SH,pr6_fact,600939.SH,UNKNOWN,[]
pr6_fact-600941.SH,pr6_fact,600941.SH,UNKNOWN,[]
pr6_fact-600955.SH,pr6_fact,600955.SH,UNKNOWN,[]
pr6_fact-600956.SH,pr6_fact,600956.SH,UNKNOWN,[]
pr6_fact-600958.SH,pr6_fact,600958.SH,UNKNOWN,[]
pr6_fact-600959.SH,pr6_fact,600959.SH,UNKNOWN,[]
pr6_fact-600961.SH,pr6_fact,600961.SH,UNKNOWN,[]
pr6_fact-600962.SH,pr6_fact,600962.SH,UNKNOWN,[]
pr6_fact-600963.SH,pr6_fact,600963.SH,UNKNOWN,[]
pr6_fact-600965.SH,pr6_fact,600965.SH,UNKNOWN,[]
pr6_fact-600966.SH,pr6_fact,600966.SH,UNKNOWN,[]
pr6_fact-600967.SH,pr6_fact,600967.SH,UNKNOWN,[]
pr6_fact-600968.SH,pr6_fact,600968.SH,UNKNOWN,[]
pr6_fact-600969.SH,pr6_fact,600969.SH,UNKNOWN,[]
pr6_fact-600970.SH,pr6_fact,600970.SH,UNKNOWN,[]
pr6_fact-600971.SH,pr6_fact,600971.SH,UNKNOWN,[]
pr6_fact-600973.SH,pr6_fact,600973.SH,UNKNOWN,[]
pr6_fact-600975.SH,pr6_fact,600975.SH,UNKNOWN,[]
pr6_fact-600976.SH,pr6_fact,600976.SH,UNKNOWN,[]
pr6_fact-600977.SH,pr6_fact,600977.SH,UNKNOWN,[]
pr6_fact-600978.SH,pr6_fact,600978.SH,UNKNOWN,[]
pr6_fact-600979.SH,pr6_fact,600979.SH,UNKNOWN,[]
pr6_fact-600981.SH,pr6_fact,600981.SH,UNKNOWN,[]
pr6_fact-600982.SH,pr6_fact,600982.SH,UNKNOWN,[]
pr6_fact-600983.SH,pr6_fact,600983.SH,UNKNOWN,[]
pr6_fact-600984.SH,pr6_fact,600984.SH,UNKNOWN,[]
pr6_fact-600985.SH,pr6_fact,600985.SH,UNKNOWN,[]
pr6_fact-600986.SH,pr6_fact,600986.SH,UNKNOWN,[]
pr6_fact-600987.SH,pr6_fact,600987.SH,UNKNOWN,[]
pr6_fact-600988.SH,pr6_fact,600988.SH,UNKNOWN,[]
pr6_fact-600989.SH,pr6_fact,600989.SH,UNKNOWN,[]
pr6_fact-600990.SH,pr6_fact,600990.SH,UNKNOWN,[]
pr6_fact-600993.SH,pr6_fact,600993.SH,UNKNOWN,[]
pr6_fact-600995.SH,pr6_fact,600995.SH,UNKNOWN,[]
pr6_fact-600996.SH,pr6_fact,600996.SH,UNKNOWN,[]
pr6_fact-600997.SH,pr6_fact,600997.SH,UNKNOWN,[]
pr6_fact-600998.SH,pr6_fact,600998.SH,UNKNOWN,[]
pr6_fact-600999.SH,pr6_fact,600999.SH,UNKNOWN,[]
pr6_fact-601000.SH,pr6_fact,601000.SH,UNKNOWN,[]
pr6_fact-601001.SH,pr6_fact,601001.SH,UNKNOWN,[]
pr6_fact-601002.SH,pr6_fact,601002.SH,UNKNOWN,[]
pr6_fact-601003.SH,pr6_fact,601003.SH,UNKNOWN,[]
pr6_fact-601005.SH,pr6_fact,601005.SH,UNKNOWN,[]
pr6_fact-601006.SH,pr6_fact,601006.SH,UNKNOWN,[]
pr6_fact-601007.SH,pr6_fact,601007.SH,UNKNOWN,[]
pr6_fact-601008.SH,pr6_fact,601008.SH,UNKNOWN,[]
pr6_fact-601009.SH,pr6_fact,601009.SH,UNKNOWN,[]
pr6_fact-601010.SH,pr6_fact,601010.SH,UNKNOWN,[]
pr6_fact-601011.SH,pr6_fact,601011.SH,UNKNOWN,[]
pr6_fact-601012.SH,pr6_fact,601012.SH,UNKNOWN,[]
pr6_fact-601015.SH,pr6_fact,601015.SH,UNKNOWN,[]
pr6_fact-601016.SH,pr6_fact,601016.SH,UNKNOWN,[]
pr6_fact-601018.SH,pr6_fact,601018.SH,UNKNOWN,[]
pr6_fact-601019.SH,pr6_fact,601019.SH,UNKNOWN,[]
pr6_fact-601020.SH,pr6_fact,601020.SH,UNKNOWN,[]
pr6_fact-601021.SH,pr6_fact,601021.SH,UNKNOWN,[]
pr6_fact-601022.SH,pr6_fact,601022.SH,UNKNOWN,[]
pr6_fact-601026.SH,pr6_fact,601026.SH,UNKNOWN,[]
pr6_fact-601028.SH,pr6_fact,601028.SH,UNKNOWN,[]
pr6_fact-601033.SH,pr6_fact,601033.SH,UNKNOWN,[]
pr6_fact-601038.SH,pr6_fact,601038.SH,UNKNOWN,[]
pr6_fact-601058.SH,pr6_fact,601058.SH,UNKNOWN,[]
pr6_fact-601059.SH,pr6_fact,601059.SH,UNKNOWN,[]
pr6_fact-601061.SH,pr6_fact,601061.SH,UNKNOWN,[]
pr6_fact-601066.SH,pr6_fact,601066.SH,UNKNOWN,[]
pr6_fact-601068.SH,pr6_fact,601068.SH,UNKNOWN,[]
pr6_fact-601069.SH,pr6_fact,601069.SH,UNKNOWN,[]
pr6_fact-601077.SH,pr6_fact,601077.SH,UNKNOWN,[]
pr6_fact-601083.SH,pr6_fact,601083.SH,UNKNOWN,[]
pr6_fact-601088.SH,pr6_fact,601088.SH,UNKNOWN,[]
pr6_fact-601089.SH,pr6_fact,601089.SH,UNKNOWN,[]
pr6_fact-601096.SH,pr6_fact,601096.SH,UNKNOWN,[]
pr6_fact-601098.SH,pr6_fact,601098.SH,UNKNOWN,[]
pr6_fact-601099.SH,pr6_fact,601099.SH,UNKNOWN,[]
pr6_fact-601100.SH,pr6_fact,601100.SH,UNKNOWN,[]
pr6_fact-601101.SH,pr6_fact,601101.SH,UNKNOWN,[]
pr6_fact-601106.SH,pr6_fact,601106.SH,UNKNOWN,[]
pr6_fact-601107.SH,pr6_fact,601107.SH,UNKNOWN,[]
pr6_fact-601108.SH,pr6_fact,601108.SH,UNKNOWN,[]
pr6_fact-601111.SH,pr6_fact,601111.SH,UNKNOWN,[]
pr6_fact-601112.SH,pr6_fact,601112.SH,UNKNOWN,[]
pr6_fact-601113.SH,pr6_fact,601113.SH,UNKNOWN,[]
pr6_fact-601116.SH,pr6_fact,601116.SH,UNKNOWN,[]
pr6_fact-601117.SH,pr6_fact,601117.SH,UNKNOWN,[]
pr6_fact-601118.SH,pr6_fact,601118.SH,UNKNOWN,[]
pr6_fact-601126.SH,pr6_fact,601126.SH,UNKNOWN,[]
pr6_fact-601127.SH,pr6_fact,601127.SH,UNKNOWN,[]
pr6_fact-601128.SH,pr6_fact,601128.SH,UNKNOWN,[]
pr6_fact-601136.SH,pr6_fact,601136.SH,UNKNOWN,[]
pr6_fact-601137.SH,pr6_fact,601137.SH,UNKNOWN,[]
pr6_fact-601138.SH,pr6_fact,601138.SH,UNKNOWN,[]
pr6_fact-601139.SH,pr6_fact,601139.SH,UNKNOWN,[]
pr6_fact-601155.SH,pr6_fact,601155.SH,UNKNOWN,[]
pr6_fact-601156.SH,pr6_fact,601156.SH,UNKNOWN,[]
pr6_fact-601158.SH,pr6_fact,601158.SH,UNKNOWN,[]
pr6_fact-601162.SH,pr6_fact,601162.SH,UNKNOWN,[]
pr6_fact-601163.SH,pr6_fact,601163.SH,UNKNOWN,[]
pr6_fact-601166.SH,pr6_fact,601166.SH,UNKNOWN,[]
pr6_fact-601168.SH,pr6_fact,601168.SH,UNKNOWN,[]
pr6_fact-601169.SH,pr6_fact,601169.SH,UNKNOWN,[]
pr6_fact-601179.SH,pr6_fact,601179.SH,UNKNOWN,[]
pr6_fact-601186.SH,pr6_fact,601186.SH,UNKNOWN,[]
pr6_fact-601187.SH,pr6_fact,601187.SH,UNKNOWN,[]
pr6_fact-601188.SH,pr6_fact,601188.SH,UNKNOWN,[]
pr6_fact-601198.SH,pr6_fact,601198.SH,UNKNOWN,[]
pr6_fact-601199.SH,pr6_fact,601199.SH,UNKNOWN,[]
pr6_fact-601200.SH,pr6_fact,601200.SH,UNKNOWN,[]
pr6_fact-601208.SH,pr6_fact,601208.SH,UNKNOWN,[]
pr6_fact-601211.SH,pr6_fact,601211.SH,UNKNOWN,[]
pr6_fact-601212.SH,pr6_fact,601212.SH,UNKNOWN,[]
pr6_fact-601216.SH,pr6_fact,601216.SH,UNKNOWN,[]
pr6_fact-601218.SH,pr6_fact,601218.SH,UNKNOWN,[]
pr6_fact-601222.SH,pr6_fact,601222.SH,UNKNOWN,[]
pr6_fact-601225.SH,pr6_fact,601225.SH,UNKNOWN,[]
pr6_fact-601226.SH,pr6_fact,601226.SH,UNKNOWN,[]
pr6_fact-601228.SH,pr6_fact,601228.SH,UNKNOWN,[]
pr6_fact-601229.SH,pr6_fact,601229.SH,UNKNOWN,[]
pr6_fact-601231.SH,pr6_fact,601231.SH,UNKNOWN,[]
pr6_fact-601233.SH,pr6_fact,601233.SH,UNKNOWN,[]
pr6_fact-601236.SH,pr6_fact,601236.SH,UNKNOWN,[]
pr6_fact-601238.SH,pr6_fact,601238.SH,UNKNOWN,[]
pr6_fact-601258.SH,pr6_fact,601258.SH,UNKNOWN,[]
pr6_fact-601268.SH,pr6_fact,601268.SH,UNKNOWN,[]
pr6_fact-601279.SH,pr6_fact,601279.SH,UNKNOWN,[]
pr6_fact-601288.SH,pr6_fact,601288.SH,UNKNOWN,[]
pr6_fact-601298.SH,pr6_fact,601298.SH,UNKNOWN,[]
pr6_fact-601299.SH,pr6_fact,601299.SH,UNKNOWN,[]
pr6_fact-601311.SH,pr6_fact,601311.SH,UNKNOWN,[]
pr6_fact-601318.SH,pr6_fact,601318.SH,UNKNOWN,[]
pr6_fact-601319.SH,pr6_fact,601319.SH,UNKNOWN,[]
pr6_fact-601326.SH,pr6_fact,601326.SH,UNKNOWN,[]
pr6_fact-601328.SH,pr6_fact,601328.SH,UNKNOWN,[]
pr6_fact-601330.SH,pr6_fact,601330.SH,UNKNOWN,[]
pr6_fact-601333.SH,pr6_fact,601333.SH,UNKNOWN,[]
pr6_fact-601336.SH,pr6_fact,601336.SH,UNKNOWN,[]
pr6_fact-601339.SH,pr6_fact,601339.SH,UNKNOWN,[]
pr6_fact-601360.SH,pr6_fact,601360.SH,UNKNOWN,[]
pr6_fact-601366.SH,pr6_fact,601366.SH,UNKNOWN,[]
pr6_fact-601368.SH,pr6_fact,601368.SH,UNKNOWN,[]
pr6_fact-601369.SH,pr6_fact,601369.SH,UNKNOWN,[]
pr6_fact-601375.SH,pr6_fact,601375.SH,UNKNOWN,[]
pr6_fact-601377.SH,pr6_fact,601377.SH,UNKNOWN,[]
pr6_fact-601388.SH,pr6_fact,601388.SH,UNKNOWN,[]
pr6_fact-601390.SH,pr6_fact,601390.SH,UNKNOWN,[]
pr6_fact-601398.SH,pr6_fact,601398.SH,UNKNOWN,[]
pr6_fact-601399.SH,pr6_fact,601399.SH,UNKNOWN,[]
pr6_fact-601456.SH,pr6_fact,601456.SH,UNKNOWN,[]
pr6_fact-601500.SH,pr6_fact,601500.SH,UNKNOWN,[]
pr6_fact-601512.SH,pr6_fact,601512.SH,UNKNOWN,[]
pr6_fact-601515.SH,pr6_fact,601515.SH,UNKNOWN,[]
pr6_fact-601519.SH,pr6_fact,601519.SH,UNKNOWN,[]
pr6_fact-601528.SH,pr6_fact,601528.SH,UNKNOWN,[]
pr6_fact-601555.SH,pr6_fact,601555.SH,UNKNOWN,[]
pr6_fact-601558.SH,pr6_fact,601558.SH,UNKNOWN,[]
pr6_fact-601566.SH,pr6_fact,601566.SH,UNKNOWN,[]
pr6_fact-601567.SH,pr6_fact,601567.SH,UNKNOWN,[]
pr6_fact-601568.SH,pr6_fact,601568.SH,UNKNOWN,[]
pr6_fact-601577.SH,pr6_fact,601577.SH,UNKNOWN,[]
pr6_fact-601588.SH,pr6_fact,601588.SH,UNKNOWN,[]
pr6_fact-601595.SH,pr6_fact,601595.SH,UNKNOWN,[]
pr6_fact-601598.SH,pr6_fact,601598.SH,UNKNOWN,[]
pr6_fact-601599.SH,pr6_fact,601599.SH,UNKNOWN,[]
pr6_fact-601600.SH,pr6_fact,601600.SH,UNKNOWN,[]
pr6_fact-601601.SH,pr6_fact,601601.SH,UNKNOWN,[]
pr6_fact-601606.SH,pr6_fact,601606.SH,UNKNOWN,[]
pr6_fact-601607.SH,pr6_fact,601607.SH,UNKNOWN,[]
pr6_fact-601608.SH,pr6_fact,601608.SH,UNKNOWN,[]
pr6_fact-601609.SH,pr6_fact,601609.SH,UNKNOWN,[]
pr6_fact-601611.SH,pr6_fact,601611.SH,UNKNOWN,[]
pr6_fact-601615.SH,pr6_fact,601615.SH,UNKNOWN,[]
pr6_fact-601616.SH,pr6_fact,601616.SH,UNKNOWN,[]
pr6_fact-601618.SH,pr6_fact,601618.SH,UNKNOWN,[]
pr6_fact-601619.SH,pr6_fact,601619.SH,UNKNOWN,[]
pr6_fact-601628.SH,pr6_fact,601628.SH,UNKNOWN,[]
pr6_fact-601633.SH,pr6_fact,601633.SH,UNKNOWN,[]
pr6_fact-601636.SH,pr6_fact,601636.SH,UNKNOWN,[]
pr6_fact-601658.SH,pr6_fact,601658.SH,UNKNOWN,[]
pr6_fact-601665.SH,pr6_fact,601665.SH,UNKNOWN,[]
pr6_fact-601666.SH,pr6_fact,601666.SH,UNKNOWN,[]
pr6_fact-601668.SH,pr6_fact,601668.SH,UNKNOWN,[]
pr6_fact-601669.SH,pr6_fact,601669.SH,UNKNOWN,[]
pr6_fact-601677.SH,pr6_fact,601677.SH,UNKNOWN,[]
pr6_fact-601678.SH,pr6_fact,601678.SH,UNKNOWN,[]
pr6_fact-601686.SH,pr6_fact,601686.SH,UNKNOWN,[]
pr6_fact-601688.SH,pr6_fact,601688.SH,UNKNOWN,[]
pr6_fact-601689.SH,pr6_fact,601689.SH,UNKNOWN,[]
pr6_fact-601696.SH,pr6_fact,601696.SH,UNKNOWN,[]
pr6_fact-601698.SH,pr6_fact,601698.SH,UNKNOWN,[]
pr6_fact-601699.SH,pr6_fact,601699.SH,UNKNOWN,[]
pr6_fact-601700.SH,pr6_fact,601700.SH,UNKNOWN,[]
pr6_fact-601702.SH,pr6_fact,601702.SH,UNKNOWN,[]
pr6_fact-601717.SH,pr6_fact,601717.SH,UNKNOWN,[]
pr6_fact-601718.SH,pr6_fact,601718.SH,UNKNOWN,[]
pr6_fact-601727.SH,pr6_fact,601727.SH,UNKNOWN,[]
pr6_fact-601728.SH,pr6_fact,601728.SH,UNKNOWN,[]
pr6_fact-601766.SH,pr6_fact,601766.SH,UNKNOWN,[]
pr6_fact-601777.SH,pr6_fact,601777.SH,UNKNOWN,[]
pr6_fact-601778.SH,pr6_fact,601778.SH,UNKNOWN,[]
pr6_fact-601788.SH,pr6_fact,601788.SH,UNKNOWN,[]
pr6_fact-601789.SH,pr6_fact,601789.SH,UNKNOWN,[]
pr6_fact-601798.SH,pr6_fact,601798.SH,UNKNOWN,[]
pr6_fact-601799.SH,pr6_fact,601799.SH,UNKNOWN,[]
pr6_fact-601800.SH,pr6_fact,601800.SH,UNKNOWN,[]
pr6_fact-601801.SH,pr6_fact,601801.SH,UNKNOWN,[]
pr6_fact-601808.SH,pr6_fact,601808.SH,UNKNOWN,[]
pr6_fact-601811.SH,pr6_fact,601811.SH,UNKNOWN,[]
pr6_fact-601816.SH,pr6_fact,601816.SH,UNKNOWN,[]
pr6_fact-601818.SH,pr6_fact,601818.SH,UNKNOWN,[]
pr6_fact-601825.SH,pr6_fact,601825.SH,UNKNOWN,[]
pr6_fact-601827.SH,pr6_fact,601827.SH,UNKNOWN,[]
pr6_fact-601828.SH,pr6_fact,601828.SH,UNKNOWN,[]
pr6_fact-601838.SH,pr6_fact,601838.SH,UNKNOWN,[]
pr6_fact-601857.SH,pr6_fact,601857.SH,UNKNOWN,[]
pr6_fact-601858.SH,pr6_fact,601858.SH,UNKNOWN,[]
pr6_fact-601860.SH,pr6_fact,601860.SH,UNKNOWN,[]
pr6_fact-601865.SH,pr6_fact,601865.SH,UNKNOWN,[]
pr6_fact-601866.SH,pr6_fact,601866.SH,UNKNOWN,[]
pr6_fact-601868.SH,pr6_fact,601868.SH,UNKNOWN,[]
pr6_fact-601869.SH,pr6_fact,601869.SH,UNKNOWN,[]
pr6_fact-601872.SH,pr6_fact,601872.SH,UNKNOWN,[]
pr6_fact-601877.SH,pr6_fact,601877.SH,UNKNOWN,[]
pr6_fact-601878.SH,pr6_fact,601878.SH,UNKNOWN,[]
pr6_fact-601880.SH,pr6_fact,601880.SH,UNKNOWN,[]
pr6_fact-601881.SH,pr6_fact,601881.SH,UNKNOWN,[]
pr6_fact-601882.SH,pr6_fact,601882.SH,UNKNOWN,[]
pr6_fact-601886.SH,pr6_fact,601886.SH,UNKNOWN,[]
pr6_fact-601888.SH,pr6_fact,601888.SH,UNKNOWN,[]
pr6_fact-601890.SH,pr6_fact,601890.SH,UNKNOWN,[]
pr6_fact-601898.SH,pr6_fact,601898.SH,UNKNOWN,[]
pr6_fact-601899.SH,pr6_fact,601899.SH,UNKNOWN,[]
pr6_fact-601900.SH,pr6_fact,601900.SH,UNKNOWN,[]
pr6_fact-601901.SH,pr6_fact,601901.SH,UNKNOWN,[]
pr6_fact-601908.SH,pr6_fact,601908.SH,UNKNOWN,[]
pr6_fact-601916.SH,pr6_fact,601916.SH,UNKNOWN,[]
pr6_fact-601918.SH,pr6_fact,601918.SH,UNKNOWN,[]
pr6_fact-601919.SH,pr6_fact,601919.SH,UNKNOWN,[]
pr6_fact-601921.SH,pr6_fact,601921.SH,UNKNOWN,[]
pr6_fact-601928.SH,pr6_fact,601928.SH,UNKNOWN,[]
pr6_fact-601929.SH,pr6_fact,601929.SH,UNKNOWN,[]
pr6_fact-601933.SH,pr6_fact,601933.SH,UNKNOWN,[]
pr6_fact-601939.SH,pr6_fact,601939.SH,UNKNOWN,[]
pr6_fact-601949.SH,pr6_fact,601949.SH,UNKNOWN,[]
pr6_fact-601952.SH,pr6_fact,601952.SH,UNKNOWN,[]
pr6_fact-601958.SH,pr6_fact,601958.SH,UNKNOWN,[]
pr6_fact-601963.SH,pr6_fact,601963.SH,UNKNOWN,[]
pr6_fact-601965.SH,pr6_fact,601965.SH,UNKNOWN,[]
pr6_fact-601966.SH,pr6_fact,601966.SH,UNKNOWN,[]
pr6_fact-601968.SH,pr6_fact,601968.SH,UNKNOWN,[]
pr6_fact-601969.SH,pr6_fact,601969.SH,UNKNOWN,[]
pr6_fact-601975.SH,pr6_fact,601975.SH,UNKNOWN,[]
pr6_fact-601985.SH,pr6_fact,601985.SH,UNKNOWN,[]
pr6_fact-601988.SH,pr6_fact,601988.SH,UNKNOWN,[]
pr6_fact-601989.SH,pr6_fact,601989.SH,UNKNOWN,[]
pr6_fact-601990.SH,pr6_fact,601990.SH,UNKNOWN,[]
pr6_fact-601991.SH,pr6_fact,601991.SH,UNKNOWN,[]
pr6_fact-601992.SH,pr6_fact,601992.SH,UNKNOWN,[]
pr6_fact-601995.SH,pr6_fact,601995.SH,UNKNOWN,[]
pr6_fact-601996.SH,pr6_fact,601996.SH,UNKNOWN,[]
pr6_fact-601997.SH,pr6_fact,601997.SH,UNKNOWN,[]
pr6_fact-601998.SH,pr6_fact,601998.SH,UNKNOWN,[]
pr6_fact-601999.SH,pr6_fact,601999.SH,UNKNOWN,[]
pr6_fact-603000.SH,pr6_fact,603000.SH,UNKNOWN,[]
pr6_fact-603001.SH,pr6_fact,603001.SH,UNKNOWN,[]
pr6_fact-603002.SH,pr6_fact,603002.SH,UNKNOWN,[]
pr6_fact-603003.SH,pr6_fact,603003.SH,UNKNOWN,[]
pr6_fact-603005.SH,pr6_fact,603005.SH,UNKNOWN,[]
pr6_fact-603008.SH,pr6_fact,603008.SH,UNKNOWN,[]
pr6_fact-603009.SH,pr6_fact,603009.SH,UNKNOWN,[]
pr6_fact-603010.SH,pr6_fact,603010.SH,UNKNOWN,[]
pr6_fact-603012.SH,pr6_fact,603012.SH,UNKNOWN,[]
pr6_fact-603013.SH,pr6_fact,603013.SH,UNKNOWN,[]
pr6_fact-603014.SH,pr6_fact,603014.SH,UNKNOWN,[]
pr6_fact-603018.SH,pr6_fact,603018.SH,UNKNOWN,[]
pr6_fact-603019.SH,pr6_fact,603019.SH,UNKNOWN,[]
pr6_fact-603020.SH,pr6_fact,603020.SH,UNKNOWN,[]
pr6_fact-603025.SH,pr6_fact,603025.SH,UNKNOWN,[]
pr6_fact-603026.SH,pr6_fact,603026.SH,UNKNOWN,[]
pr6_fact-603027.SH,pr6_fact,603027.SH,UNKNOWN,[]
pr6_fact-603032.SH,pr6_fact,603032.SH,UNKNOWN,[]
pr6_fact-603033.SH,pr6_fact,603033.SH,UNKNOWN,[]
pr6_fact-603039.SH,pr6_fact,603039.SH,UNKNOWN,[]
pr6_fact-603043.SH,pr6_fact,603043.SH,UNKNOWN,[]
pr6_fact-603049.SH,pr6_fact,603049.SH,UNKNOWN,[]
pr6_fact-603053.SH,pr6_fact,603053.SH,UNKNOWN,[]
pr6_fact-603055.SH,pr6_fact,603055.SH,UNKNOWN,[]
pr6_fact-603056.SH,pr6_fact,603056.SH,UNKNOWN,[]
pr6_fact-603057.SH,pr6_fact,603057.SH,UNKNOWN,[]
pr6_fact-603058.SH,pr6_fact,603058.SH,UNKNOWN,[]
pr6_fact-603060.SH,pr6_fact,603060.SH,UNKNOWN,[]
pr6_fact-603063.SH,pr6_fact,603063.SH,UNKNOWN,[]
pr6_fact-603068.SH,pr6_fact,603068.SH,UNKNOWN,[]
pr6_fact-603071.SH,pr6_fact,603071.SH,UNKNOWN,[]
pr6_fact-603072.SH,pr6_fact,603072.SH,UNKNOWN,[]
pr6_fact-603075.SH,pr6_fact,603075.SH,UNKNOWN,[]
pr6_fact-603077.SH,pr6_fact,603077.SH,UNKNOWN,[]
pr6_fact-603081.SH,pr6_fact,603081.SH,UNKNOWN,[]
pr6_fact-603083.SH,pr6_fact,603083.SH,UNKNOWN,[]
pr6_fact-603087.SH,pr6_fact,603087.SH,UNKNOWN,[]
pr6_fact-603092.SH,pr6_fact,603092.SH,UNKNOWN,[]
pr6_fact-603093.SH,pr6_fact,603093.SH,UNKNOWN,[]
pr6_fact-603096.SH,pr6_fact,603096.SH,UNKNOWN,[]
pr6_fact-603098.SH,pr6_fact,603098.SH,UNKNOWN,[]
pr6_fact-603099.SH,pr6_fact,603099.SH,UNKNOWN,[]
pr6_fact-603100.SH,pr6_fact,603100.SH,UNKNOWN,[]
pr6_fact-603103.SH,pr6_fact,603103.SH,UNKNOWN,[]
pr6_fact-603105.SH,pr6_fact,603105.SH,UNKNOWN,[]
pr6_fact-603108.SH,pr6_fact,603108.SH,UNKNOWN,[]
pr6_fact-603111.SH,pr6_fact,603111.SH,UNKNOWN,[]
pr6_fact-603113.SH,pr6_fact,603113.SH,UNKNOWN,[]
pr6_fact-603116.SH,pr6_fact,603116.SH,UNKNOWN,[]
pr6_fact-603117.SH,pr6_fact,603117.SH,UNKNOWN,[]
pr6_fact-603118.SH,pr6_fact,603118.SH,UNKNOWN,[]
pr6_fact-603119.SH,pr6_fact,603119.SH,UNKNOWN,[]
pr6_fact-603123.SH,pr6_fact,603123.SH,UNKNOWN,[]
pr6_fact-603124.SH,pr6_fact,603124.SH,UNKNOWN,[]
pr6_fact-603126.SH,pr6_fact,603126.SH,UNKNOWN,[]
pr6_fact-603127.SH,pr6_fact,603127.SH,UNKNOWN,[]
pr6_fact-603128.SH,pr6_fact,603128.SH,UNKNOWN,[]
pr6_fact-603129.SH,pr6_fact,603129.SH,UNKNOWN,[]
pr6_fact-603132.SH,pr6_fact,603132.SH,UNKNOWN,[]
pr6_fact-603156.SH,pr6_fact,603156.SH,UNKNOWN,[]
pr6_fact-603160.SH,pr6_fact,603160.SH,UNKNOWN,[]
pr6_fact-603162.SH,pr6_fact,603162.SH,UNKNOWN,[]
pr6_fact-603165.SH,pr6_fact,603165.SH,UNKNOWN,[]
pr6_fact-603166.SH,pr6_fact,603166.SH,UNKNOWN,[]
pr6_fact-603167.SH,pr6_fact,603167.SH,UNKNOWN,[]
pr6_fact-603168.SH,pr6_fact,603168.SH,UNKNOWN,[]
pr6_fact-603169.SH,pr6_fact,603169.SH,UNKNOWN,[]
pr6_fact-603170.SH,pr6_fact,603170.SH,UNKNOWN,[]
pr6_fact-603171.SH,pr6_fact,603171.SH,UNKNOWN,[]
pr6_fact-603175.SH,pr6_fact,603175.SH,UNKNOWN,[]
pr6_fact-603179.SH,pr6_fact,603179.SH,UNKNOWN,[]
pr6_fact-603180.SH,pr6_fact,603180.SH,UNKNOWN,[]
pr6_fact-603185.SH,pr6_fact,603185.SH,UNKNOWN,[]
pr6_fact-603187.SH,pr6_fact,603187.SH,UNKNOWN,[]
pr6_fact-603188.SH,pr6_fact,603188.SH,UNKNOWN,[]
pr6_fact-603193.SH,pr6_fact,603193.SH,UNKNOWN,[]
pr6_fact-603194.SH,pr6_fact,603194.SH,UNKNOWN,[]
pr6_fact-603195.SH,pr6_fact,603195.SH,UNKNOWN,[]
pr6_fact-603197.SH,pr6_fact,603197.SH,UNKNOWN,[]
pr6_fact-603198.SH,pr6_fact,603198.SH,UNKNOWN,[]
pr6_fact-603202.SH,pr6_fact,603202.SH,UNKNOWN,[]
pr6_fact-603208.SH,pr6_fact,603208.SH,UNKNOWN,[]
pr6_fact-603212.SH,pr6_fact,603212.SH,UNKNOWN,[]
pr6_fact-603218.SH,pr6_fact,603218.SH,UNKNOWN,[]
pr6_fact-603219.SH,pr6_fact,603219.SH,UNKNOWN,[]
pr6_fact-603220.SH,pr6_fact,603220.SH,UNKNOWN,[]
pr6_fact-603222.SH,pr6_fact,603222.SH,UNKNOWN,[]
pr6_fact-603225.SH,pr6_fact,603225.SH,UNKNOWN,[]
pr6_fact-603227.SH,pr6_fact,603227.SH,UNKNOWN,[]
pr6_fact-603228.SH,pr6_fact,603228.SH,UNKNOWN,[]
pr6_fact-603229.SH,pr6_fact,603229.SH,UNKNOWN,[]
pr6_fact-603233.SH,pr6_fact,603233.SH,UNKNOWN,[]
pr6_fact-603235.SH,pr6_fact,603235.SH,UNKNOWN,[]
pr6_fact-603236.SH,pr6_fact,603236.SH,UNKNOWN,[]
pr6_fact-603248.SH,pr6_fact,603248.SH,UNKNOWN,[]
pr6_fact-603256.SH,pr6_fact,603256.SH,UNKNOWN,[]
pr6_fact-603258.SH,pr6_fact,603258.SH,UNKNOWN,[]
pr6_fact-603259.SH,pr6_fact,603259.SH,UNKNOWN,[]
pr6_fact-603260.SH,pr6_fact,603260.SH,UNKNOWN,[]
pr6_fact-603262.SH,pr6_fact,603262.SH,UNKNOWN,[]
pr6_fact-603267.SH,pr6_fact,603267.SH,UNKNOWN,[]
pr6_fact-603277.SH,pr6_fact,603277.SH,UNKNOWN,[]
pr6_fact-603279.SH,pr6_fact,603279.SH,UNKNOWN,[]
pr6_fact-603281.SH,pr6_fact,603281.SH,UNKNOWN,[]
pr6_fact-603283.SH,pr6_fact,603283.SH,UNKNOWN,[]
pr6_fact-603288.SH,pr6_fact,603288.SH,UNKNOWN,[]
pr6_fact-603290.SH,pr6_fact,603290.SH,UNKNOWN,[]
pr6_fact-603296.SH,pr6_fact,603296.SH,UNKNOWN,[]
pr6_fact-603297.SH,pr6_fact,603297.SH,UNKNOWN,[]
pr6_fact-603298.SH,pr6_fact,603298.SH,UNKNOWN,[]
pr6_fact-603299.SH,pr6_fact,603299.SH,UNKNOWN,[]
pr6_fact-603300.SH,pr6_fact,603300.SH,UNKNOWN,[]
pr6_fact-603301.SH,pr6_fact,603301.SH,UNKNOWN,[]
pr6_fact-603303.SH,pr6_fact,603303.SH,UNKNOWN,[]
pr6_fact-603305.SH,pr6_fact,603305.SH,UNKNOWN,[]
pr6_fact-603306.SH,pr6_fact,603306.SH,UNKNOWN,[]
pr6_fact-603308.SH,pr6_fact,603308.SH,UNKNOWN,[]
pr6_fact-603309.SH,pr6_fact,603309.SH,UNKNOWN,[]
pr6_fact-603313.SH,pr6_fact,603313.SH,UNKNOWN,[]
pr6_fact-603317.SH,pr6_fact,603317.SH,UNKNOWN,[]
pr6_fact-603318.SH,pr6_fact,603318.SH,UNKNOWN,[]
pr6_fact-603319.SH,pr6_fact,603319.SH,UNKNOWN,[]
pr6_fact-603323.SH,pr6_fact,603323.SH,UNKNOWN,[]
pr6_fact-603327.SH,pr6_fact,603327.SH,UNKNOWN,[]
pr6_fact-603328.SH,pr6_fact,603328.SH,UNKNOWN,[]
pr6_fact-603337.SH,pr6_fact,603337.SH,UNKNOWN,[]
pr6_fact-603338.SH,pr6_fact,603338.SH,UNKNOWN,[]
pr6_fact-603339.SH,pr6_fact,603339.SH,UNKNOWN,[]
pr6_fact-603341.SH,pr6_fact,603341.SH,UNKNOWN,[]
pr6_fact-603345.SH,pr6_fact,603345.SH,UNKNOWN,[]
pr6_fact-603348.SH,pr6_fact,603348.SH,UNKNOWN,[]
pr6_fact-603355.SH,pr6_fact,603355.SH,UNKNOWN,[]
pr6_fact-603357.SH,pr6_fact,603357.SH,UNKNOWN,[]
pr6_fact-603358.SH,pr6_fact,603358.SH,UNKNOWN,[]
pr6_fact-603359.SH,pr6_fact,603359.SH,UNKNOWN,[]
pr6_fact-603360.SH,pr6_fact,603360.SH,UNKNOWN,[]
pr6_fact-603363.SH,pr6_fact,603363.SH,UNKNOWN,[]
pr6_fact-603366.SH,pr6_fact,603366.SH,UNKNOWN,[]
pr6_fact-603367.SH,pr6_fact,603367.SH,UNKNOWN,[]
pr6_fact-603368.SH,pr6_fact,603368.SH,UNKNOWN,[]
pr6_fact-603369.SH,pr6_fact,603369.SH,UNKNOWN,[]
pr6_fact-603376.SH,pr6_fact,603376.SH,UNKNOWN,[]
pr6_fact-603377.SH,pr6_fact,603377.SH,UNKNOWN,[]
pr6_fact-603378.SH,pr6_fact,603378.SH,UNKNOWN,[]
pr6_fact-603379.SH,pr6_fact,603379.SH,UNKNOWN,[]
pr6_fact-603383.SH,pr6_fact,603383.SH,UNKNOWN,[]
pr6_fact-603385.SH,pr6_fact,603385.SH,UNKNOWN,[]
pr6_fact-603387.SH,pr6_fact,603387.SH,UNKNOWN,[]
pr6_fact-603390.SH,pr6_fact,603390.SH,UNKNOWN,[]
pr6_fact-603392.SH,pr6_fact,603392.SH,UNKNOWN,[]
pr6_fact-603393.SH,pr6_fact,603393.SH,UNKNOWN,[]
pr6_fact-603395.SH,pr6_fact,603395.SH,UNKNOWN,[]
pr6_fact-603396.SH,pr6_fact,603396.SH,UNKNOWN,[]
pr6_fact-603398.SH,pr6_fact,603398.SH,UNKNOWN,[]
pr6_fact-603399.SH,pr6_fact,603399.SH,UNKNOWN,[]
pr6_fact-603402.SH,pr6_fact,603402.SH,UNKNOWN,[]
pr6_fact-603406.SH,pr6_fact,603406.SH,UNKNOWN,[]
pr6_fact-603408.SH,pr6_fact,603408.SH,UNKNOWN,[]
pr6_fact-603416.SH,pr6_fact,603416.SH,UNKNOWN,[]
pr6_fact-603418.SH,pr6_fact,603418.SH,UNKNOWN,[]
pr6_fact-603421.SH,pr6_fact,603421.SH,UNKNOWN,[]
pr6_fact-603429.SH,pr6_fact,603429.SH,UNKNOWN,[]
pr6_fact-603439.SH,pr6_fact,603439.SH,UNKNOWN,[]
pr6_fact-603444.SH,pr6_fact,603444.SH,UNKNOWN,[]
pr6_fact-603456.SH,pr6_fact,603456.SH,UNKNOWN,[]
pr6_fact-603458.SH,pr6_fact,603458.SH,UNKNOWN,[]
pr6_fact-603466.SH,pr6_fact,603466.SH,UNKNOWN,[]
pr6_fact-603477.SH,pr6_fact,603477.SH,UNKNOWN,[]
pr6_fact-603486.SH,pr6_fact,603486.SH,UNKNOWN,[]
pr6_fact-603489.SH,pr6_fact,603489.SH,UNKNOWN,[]
pr6_fact-603496.SH,pr6_fact,603496.SH,UNKNOWN,[]
pr6_fact-603501.SH,pr6_fact,603501.SH,UNKNOWN,[]
pr6_fact-603505.SH,pr6_fact,603505.SH,UNKNOWN,[]
pr6_fact-603508.SH,pr6_fact,603508.SH,UNKNOWN,[]
pr6_fact-603511.SH,pr6_fact,603511.SH,UNKNOWN,[]
pr6_fact-603515.SH,pr6_fact,603515.SH,UNKNOWN,[]
pr6_fact-603516.SH,pr6_fact,603516.SH,UNKNOWN,[]
pr6_fact-603517.SH,pr6_fact,603517.SH,UNKNOWN,[]
pr6_fact-603520.SH,pr6_fact,603520.SH,UNKNOWN,[]
pr6_fact-603528.SH,pr6_fact,603528.SH,UNKNOWN,[]
pr6_fact-603529.SH,pr6_fact,603529.SH,UNKNOWN,[]
pr6_fact-603530.SH,pr6_fact,603530.SH,UNKNOWN,[]
pr6_fact-603533.SH,pr6_fact,603533.SH,UNKNOWN,[]
pr6_fact-603551.SH,pr6_fact,603551.SH,UNKNOWN,[]
pr6_fact-603555.SH,pr6_fact,603555.SH,UNKNOWN,[]
pr6_fact-603556.SH,pr6_fact,603556.SH,UNKNOWN,[]
pr6_fact-603557.SH,pr6_fact,603557.SH,UNKNOWN,[]
pr6_fact-603565.SH,pr6_fact,603565.SH,UNKNOWN,[]
pr6_fact-603566.SH,pr6_fact,603566.SH,UNKNOWN,[]
pr6_fact-603567.SH,pr6_fact,603567.SH,UNKNOWN,[]
pr6_fact-603568.SH,pr6_fact,603568.SH,UNKNOWN,[]
pr6_fact-603569.SH,pr6_fact,603569.SH,UNKNOWN,[]
pr6_fact-603579.SH,pr6_fact,603579.SH,UNKNOWN,[]
pr6_fact-603583.SH,pr6_fact,603583.SH,UNKNOWN,[]
pr6_fact-603587.SH,pr6_fact,603587.SH,UNKNOWN,[]
pr6_fact-603588.SH,pr6_fact,603588.SH,UNKNOWN,[]
pr6_fact-603589.SH,pr6_fact,603589.SH,UNKNOWN,[]
pr6_fact-603590.SH,pr6_fact,603590.SH,UNKNOWN,[]
pr6_fact-603595.SH,pr6_fact,603595.SH,UNKNOWN,[]
pr6_fact-603596.SH,pr6_fact,603596.SH,UNKNOWN,[]
pr6_fact-603599.SH,pr6_fact,603599.SH,UNKNOWN,[]
pr6_fact-603600.SH,pr6_fact,603600.SH,UNKNOWN,[]
pr6_fact-603601.SH,pr6_fact,603601.SH,UNKNOWN,[]
pr6_fact-603603.SH,pr6_fact,603603.SH,UNKNOWN,[]
pr6_fact-603605.SH,pr6_fact,603605.SH,UNKNOWN,[]
pr6_fact-603606.SH,pr6_fact,603606.SH,UNKNOWN,[]
pr6_fact-603609.SH,pr6_fact,603609.SH,UNKNOWN,[]
pr6_fact-603610.SH,pr6_fact,603610.SH,UNKNOWN,[]
pr6_fact-603612.SH,pr6_fact,603612.SH,UNKNOWN,[]
pr6_fact-603613.SH,pr6_fact,603613.SH,UNKNOWN,[]
pr6_fact-603618.SH,pr6_fact,603618.SH,UNKNOWN,[]
pr6_fact-603619.SH,pr6_fact,603619.SH,UNKNOWN,[]
pr6_fact-603626.SH,pr6_fact,603626.SH,UNKNOWN,[]
pr6_fact-603636.SH,pr6_fact,603636.SH,UNKNOWN,[]
pr6_fact-603638.SH,pr6_fact,603638.SH,UNKNOWN,[]
pr6_fact-603648.SH,pr6_fact,603648.SH,UNKNOWN,[]
pr6_fact-603650.SH,pr6_fact,603650.SH,UNKNOWN,[]
pr6_fact-603658.SH,pr6_fact,603658.SH,UNKNOWN,[]
pr6_fact-603659.SH,pr6_fact,603659.SH,UNKNOWN,[]
pr6_fact-603660.SH,pr6_fact,603660.SH,UNKNOWN,[]
pr6_fact-603662.SH,pr6_fact,603662.SH,UNKNOWN,[]
pr6_fact-603663.SH,pr6_fact,603663.SH,UNKNOWN,[]
pr6_fact-603666.SH,pr6_fact,603666.SH,UNKNOWN,[]
pr6_fact-603667.SH,pr6_fact,603667.SH,UNKNOWN,[]
pr6_fact-603669.SH,pr6_fact,603669.SH,UNKNOWN,[]
pr6_fact-603676.SH,pr6_fact,603676.SH,UNKNOWN,[]
pr6_fact-603678.SH,pr6_fact,603678.SH,UNKNOWN,[]
pr6_fact-603680.SH,pr6_fact,603680.SH,UNKNOWN,[]
pr6_fact-603686.SH,pr6_fact,603686.SH,UNKNOWN,[]
pr6_fact-603687.SH,pr6_fact,603687.SH,UNKNOWN,[]
pr6_fact-603688.SH,pr6_fact,603688.SH,UNKNOWN,[]
pr6_fact-603690.SH,pr6_fact,603690.SH,UNKNOWN,[]
pr6_fact-603693.SH,pr6_fact,603693.SH,UNKNOWN,[]
pr6_fact-603698.SH,pr6_fact,603698.SH,UNKNOWN,[]
pr6_fact-603699.SH,pr6_fact,603699.SH,UNKNOWN,[]
pr6_fact-603707.SH,pr6_fact,603707.SH,UNKNOWN,[]
pr6_fact-603708.SH,pr6_fact,603708.SH,UNKNOWN,[]
pr6_fact-603711.SH,pr6_fact,603711.SH,UNKNOWN,[]
pr6_fact-603712.SH,pr6_fact,603712.SH,UNKNOWN,[]
pr6_fact-603713.SH,pr6_fact,603713.SH,UNKNOWN,[]
pr6_fact-603718.SH,pr6_fact,603718.SH,UNKNOWN,[]
pr6_fact-603719.SH,pr6_fact,603719.SH,UNKNOWN,[]
pr6_fact-603727.SH,pr6_fact,603727.SH,UNKNOWN,[]
pr6_fact-603728.SH,pr6_fact,603728.SH,UNKNOWN,[]
pr6_fact-603730.SH,pr6_fact,603730.SH,UNKNOWN,[]
pr6_fact-603733.SH,pr6_fact,603733.SH,UNKNOWN,[]
pr6_fact-603737.SH,pr6_fact,603737.SH,UNKNOWN,[]
pr6_fact-603758.SH,pr6_fact,603758.SH,UNKNOWN,[]
pr6_fact-603766.SH,pr6_fact,603766.SH,UNKNOWN,[]
pr6_fact-603773.SH,pr6_fact,603773.SH,UNKNOWN,[]
pr6_fact-603777.SH,pr6_fact,603777.SH,UNKNOWN,[]
pr6_fact-603779.SH,pr6_fact,603779.SH,UNKNOWN,[]
pr6_fact-603786.SH,pr6_fact,603786.SH,UNKNOWN,[]
pr6_fact-603789.SH,pr6_fact,603789.SH,UNKNOWN,[]
pr6_fact-603799.SH,pr6_fact,603799.SH,UNKNOWN,[]
pr6_fact-603800.SH,pr6_fact,603800.SH,UNKNOWN,[]
pr6_fact-603801.SH,pr6_fact,603801.SH,UNKNOWN,[]
pr6_fact-603803.SH,pr6_fact,603803.SH,UNKNOWN,[]
pr6_fact-603806.SH,pr6_fact,603806.SH,UNKNOWN,[]
pr6_fact-603808.SH,pr6_fact,603808.SH,UNKNOWN,[]
pr6_fact-603809.SH,pr6_fact,603809.SH,UNKNOWN,[]
pr6_fact-603815.SH,pr6_fact,603815.SH,UNKNOWN,[]
pr6_fact-603816.SH,pr6_fact,603816.SH,UNKNOWN,[]
pr6_fact-603817.SH,pr6_fact,603817.SH,UNKNOWN,[]
pr6_fact-603818.SH,pr6_fact,603818.SH,UNKNOWN,[]
pr6_fact-603826.SH,pr6_fact,603826.SH,UNKNOWN,[]
pr6_fact-603833.SH,pr6_fact,603833.SH,UNKNOWN,[]
pr6_fact-603839.SH,pr6_fact,603839.SH,UNKNOWN,[]
pr6_fact-603843.SH,pr6_fact,603843.SH,UNKNOWN,[]
pr6_fact-603848.SH,pr6_fact,603848.SH,UNKNOWN,[]
pr6_fact-603858.SH,pr6_fact,603858.SH,UNKNOWN,[]
pr6_fact-603861.SH,pr6_fact,603861.SH,UNKNOWN,[]
pr6_fact-603866.SH,pr6_fact,603866.SH,UNKNOWN,[]
pr6_fact-603868.SH,pr6_fact,603868.SH,UNKNOWN,[]
pr6_fact-603869.SH,pr6_fact,603869.SH,UNKNOWN,[]
pr6_fact-603871.SH,pr6_fact,603871.SH,UNKNOWN,[]
pr6_fact-603876.SH,pr6_fact,603876.SH,UNKNOWN,[]
pr6_fact-603877.SH,pr6_fact,603877.SH,UNKNOWN,[]
pr6_fact-603881.SH,pr6_fact,603881.SH,UNKNOWN,[]
pr6_fact-603882.SH,pr6_fact,603882.SH,UNKNOWN,[]
pr6_fact-603883.SH,pr6_fact,603883.SH,UNKNOWN,[]
pr6_fact-603885.SH,pr6_fact,603885.SH,UNKNOWN,[]
pr6_fact-603887.SH,pr6_fact,603887.SH,UNKNOWN,[]
pr6_fact-603888.SH,pr6_fact,603888.SH,UNKNOWN,[]
pr6_fact-603893.SH,pr6_fact,603893.SH,UNKNOWN,[]
pr6_fact-603896.SH,pr6_fact,603896.SH,UNKNOWN,[]
pr6_fact-603898.SH,pr6_fact,603898.SH,UNKNOWN,[]
pr6_fact-603899.SH,pr6_fact,603899.SH,UNKNOWN,[]
pr6_fact-603900.SH,pr6_fact,603900.SH,UNKNOWN,[]
pr6_fact-603906.SH,pr6_fact,603906.SH,UNKNOWN,[]
pr6_fact-603915.SH,pr6_fact,603915.SH,UNKNOWN,[]
pr6_fact-603916.SH,pr6_fact,603916.SH,UNKNOWN,[]
pr6_fact-603919.SH,pr6_fact,603919.SH,UNKNOWN,[]
pr6_fact-603920.SH,pr6_fact,603920.SH,UNKNOWN,[]
pr6_fact-603927.SH,pr6_fact,603927.SH,UNKNOWN,[]
pr6_fact-603929.SH,pr6_fact,603929.SH,UNKNOWN,[]
pr6_fact-603936.SH,pr6_fact,603936.SH,UNKNOWN,[]
pr6_fact-603938.SH,pr6_fact,603938.SH,UNKNOWN,[]
pr6_fact-603939.SH,pr6_fact,603939.SH,UNKNOWN,[]
pr6_fact-603950.SH,pr6_fact,603950.SH,UNKNOWN,[]
pr6_fact-603956.SH,pr6_fact,603956.SH,UNKNOWN,[]
pr6_fact-603958.SH,pr6_fact,603958.SH,UNKNOWN,[]
pr6_fact-603959.SH,pr6_fact,603959.SH,UNKNOWN,[]
pr6_fact-603960.SH,pr6_fact,603960.SH,UNKNOWN,[]
pr6_fact-603969.SH,pr6_fact,603969.SH,UNKNOWN,[]
pr6_fact-603976.SH,pr6_fact,603976.SH,UNKNOWN,[]
pr6_fact-603979.SH,pr6_fact,603979.SH,UNKNOWN,[]
pr6_fact-603980.SH,pr6_fact,603980.SH,UNKNOWN,[]
pr6_fact-603983.SH,pr6_fact,603983.SH,UNKNOWN,[]
pr6_fact-603985.SH,pr6_fact,603985.SH,UNKNOWN,[]
pr6_fact-603986.SH,pr6_fact,603986.SH,UNKNOWN,[]
pr6_fact-603989.SH,pr6_fact,603989.SH,UNKNOWN,[]
pr6_fact-603992.SH,pr6_fact,603992.SH,UNKNOWN,[]
pr6_fact-603993.SH,pr6_fact,603993.SH,UNKNOWN,[]
pr6_fact-603995.SH,pr6_fact,603995.SH,UNKNOWN,[]
pr6_fact-603996.SH,pr6_fact,603996.SH,UNKNOWN,[]
pr6_fact-603997.SH,pr6_fact,603997.SH,UNKNOWN,[]
pr6_fact-603999.SH,pr6_fact,603999.SH,UNKNOWN,[]
pr6_fact-605007.SH,pr6_fact,605007.SH,UNKNOWN,[]
pr6_fact-605008.SH,pr6_fact,605008.SH,UNKNOWN,[]
pr6_fact-605009.SH,pr6_fact,605009.SH,UNKNOWN,[]
pr6_fact-605011.SH,pr6_fact,605011.SH,UNKNOWN,[]
pr6_fact-605020.SH,pr6_fact,605020.SH,UNKNOWN,[]
pr6_fact-605090.SH,pr6_fact,605090.SH,UNKNOWN,[]
pr6_fact-605099.SH,pr6_fact,605099.SH,UNKNOWN,[]
pr6_fact-605111.SH,pr6_fact,605111.SH,UNKNOWN,[]
pr6_fact-605116.SH,pr6_fact,605116.SH,UNKNOWN,[]
pr6_fact-605117.SH,pr6_fact,605117.SH,UNKNOWN,[]
pr6_fact-605118.SH,pr6_fact,605118.SH,UNKNOWN,[]
pr6_fact-605123.SH,pr6_fact,605123.SH,UNKNOWN,[]
pr6_fact-605136.SH,pr6_fact,605136.SH,UNKNOWN,[]
pr6_fact-605168.SH,pr6_fact,605168.SH,UNKNOWN,[]
pr6_fact-605196.SH,pr6_fact,605196.SH,UNKNOWN,[]
pr6_fact-605198.SH,pr6_fact,605198.SH,UNKNOWN,[]
pr6_fact-605199.SH,pr6_fact,605199.SH,UNKNOWN,[]
pr6_fact-605222.SH,pr6_fact,605222.SH,UNKNOWN,[]
pr6_fact-605296.SH,pr6_fact,605296.SH,UNKNOWN,[]
pr6_fact-605333.SH,pr6_fact,605333.SH,UNKNOWN,[]
pr6_fact-605338.SH,pr6_fact,605338.SH,UNKNOWN,[]
pr6_fact-605339.SH,pr6_fact,605339.SH,UNKNOWN,[]
pr6_fact-605358.SH,pr6_fact,605358.SH,UNKNOWN,[]
pr6_fact-605365.SH,pr6_fact,605365.SH,UNKNOWN,[]
pr6_fact-605368.SH,pr6_fact,605368.SH,UNKNOWN,[]
pr6_fact-605369.SH,pr6_fact,605369.SH,UNKNOWN,[]
pr6_fact-605376.SH,pr6_fact,605376.SH,UNKNOWN,[]
pr6_fact-605388.SH,pr6_fact,605388.SH,UNKNOWN,[]
pr6_fact-605499.SH,pr6_fact,605499.SH,UNKNOWN,[]
pr6_fact-605507.SH,pr6_fact,605507.SH,UNKNOWN,[]
pr6_fact-605555.SH,pr6_fact,605555.SH,UNKNOWN,[]
pr6_fact-605577.SH,pr6_fact,605577.SH,UNKNOWN,[]
pr6_fact-605589.SH,pr6_fact,605589.SH,UNKNOWN,[]
pr6_fact-605599.SH,pr6_fact,605599.SH,UNKNOWN,[]
pr6_fact-688001.SH,pr6_fact,688001.SH,UNKNOWN,[]
pr6_fact-688002.SH,pr6_fact,688002.SH,UNKNOWN,[]
pr6_fact-688003.SH,pr6_fact,688003.SH,UNKNOWN,[]
pr6_fact-688005.SH,pr6_fact,688005.SH,UNKNOWN,[]
pr6_fact-688006.SH,pr6_fact,688006.SH,UNKNOWN,[]
pr6_fact-688007.SH,pr6_fact,688007.SH,UNKNOWN,[]
pr6_fact-688008.SH,pr6_fact,688008.SH,UNKNOWN,[]
pr6_fact-688009.SH,pr6_fact,688009.SH,UNKNOWN,[]
pr6_fact-688012.SH,pr6_fact,688012.SH,UNKNOWN,[]
pr6_fact-688016.SH,pr6_fact,688016.SH,UNKNOWN,[]
pr6_fact-688017.SH,pr6_fact,688017.SH,UNKNOWN,[]
pr6_fact-688018.SH,pr6_fact,688018.SH,UNKNOWN,[]
pr6_fact-688019.SH,pr6_fact,688019.SH,UNKNOWN,[]
pr6_fact-688020.SH,pr6_fact,688020.SH,UNKNOWN,[]
pr6_fact-688023.SH,pr6_fact,688023.SH,UNKNOWN,[]
pr6_fact-688025.SH,pr6_fact,688025.SH,UNKNOWN,[]
pr6_fact-688027.SH,pr6_fact,688027.SH,UNKNOWN,[]
pr6_fact-688029.SH,pr6_fact,688029.SH,UNKNOWN,[]
pr6_fact-688030.SH,pr6_fact,688030.SH,UNKNOWN,[]
pr6_fact-688031.SH,pr6_fact,688031.SH,UNKNOWN,[]
pr6_fact-688032.SH,pr6_fact,688032.SH,UNKNOWN,[]
pr6_fact-688033.SH,pr6_fact,688033.SH,UNKNOWN,[]
pr6_fact-688036.SH,pr6_fact,688036.SH,UNKNOWN,[]
pr6_fact-688037.SH,pr6_fact,688037.SH,UNKNOWN,[]
pr6_fact-688041.SH,pr6_fact,688041.SH,UNKNOWN,[]
pr6_fact-688046.SH,pr6_fact,688046.SH,UNKNOWN,[]
pr6_fact-688047.SH,pr6_fact,688047.SH,UNKNOWN,[]
pr6_fact-688048.SH,pr6_fact,688048.SH,UNKNOWN,[]
pr6_fact-688050.SH,pr6_fact,688050.SH,UNKNOWN,[]
pr6_fact-688052.SH,pr6_fact,688052.SH,UNKNOWN,[]
pr6_fact-688055.SH,pr6_fact,688055.SH,UNKNOWN,[]
pr6_fact-688062.SH,pr6_fact,688062.SH,UNKNOWN,[]
pr6_fact-688063.SH,pr6_fact,688063.SH,UNKNOWN,[]
pr6_fact-688065.SH,pr6_fact,688065.SH,UNKNOWN,[]
pr6_fact-688066.SH,pr6_fact,688066.SH,UNKNOWN,[]
pr6_fact-688068.SH,pr6_fact,688068.SH,UNKNOWN,[]
pr6_fact-688072.SH,pr6_fact,688072.SH,UNKNOWN,[]
pr6_fact-688076.SH,pr6_fact,688076.SH,UNKNOWN,[]
pr6_fact-688082.SH,pr6_fact,688082.SH,UNKNOWN,[]
pr6_fact-688083.SH,pr6_fact,688083.SH,UNKNOWN,[]
pr6_fact-688085.SH,pr6_fact,688085.SH,UNKNOWN,[]
pr6_fact-688086.SH,pr6_fact,688086.SH,UNKNOWN,[]
pr6_fact-688088.SH,pr6_fact,688088.SH,UNKNOWN,[]
pr6_fact-688091.SH,pr6_fact,688091.SH,UNKNOWN,[]
pr6_fact-688095.SH,pr6_fact,688095.SH,UNKNOWN,[]
pr6_fact-688097.SH,pr6_fact,688097.SH,UNKNOWN,[]
pr6_fact-688098.SH,pr6_fact,688098.SH,UNKNOWN,[]
pr6_fact-688099.SH,pr6_fact,688099.SH,UNKNOWN,[]
pr6_fact-688100.SH,pr6_fact,688100.SH,UNKNOWN,[]
pr6_fact-688102.SH,pr6_fact,688102.SH,UNKNOWN,[]
pr6_fact-688105.SH,pr6_fact,688105.SH,UNKNOWN,[]
pr6_fact-688106.SH,pr6_fact,688106.SH,UNKNOWN,[]
pr6_fact-688107.SH,pr6_fact,688107.SH,UNKNOWN,[]
pr6_fact-688108.SH,pr6_fact,688108.SH,UNKNOWN,[]
pr6_fact-688110.SH,pr6_fact,688110.SH,UNKNOWN,[]
pr6_fact-688111.SH,pr6_fact,688111.SH,UNKNOWN,[]
pr6_fact-688114.SH,pr6_fact,688114.SH,UNKNOWN,[]
pr6_fact-688116.SH,pr6_fact,688116.SH,UNKNOWN,[]
pr6_fact-688120.SH,pr6_fact,688120.SH,UNKNOWN,[]
pr6_fact-688122.SH,pr6_fact,688122.SH,UNKNOWN,[]
pr6_fact-688123.SH,pr6_fact,688123.SH,UNKNOWN,[]
pr6_fact-688126.SH,pr6_fact,688126.SH,UNKNOWN,[]
pr6_fact-688127.SH,pr6_fact,688127.SH,UNKNOWN,[]
pr6_fact-688128.SH,pr6_fact,688128.SH,UNKNOWN,[]
pr6_fact-688131.SH,pr6_fact,688131.SH,UNKNOWN,[]
pr6_fact-688133.SH,pr6_fact,688133.SH,UNKNOWN,[]
pr6_fact-688139.SH,pr6_fact,688139.SH,UNKNOWN,[]
pr6_fact-688141.SH,pr6_fact,688141.SH,UNKNOWN,[]
pr6_fact-688146.SH,pr6_fact,688146.SH,UNKNOWN,[]
pr6_fact-688147.SH,pr6_fact,688147.SH,UNKNOWN,[]
pr6_fact-688148.SH,pr6_fact,688148.SH,UNKNOWN,[]
pr6_fact-688150.SH,pr6_fact,688150.SH,UNKNOWN,[]
pr6_fact-688152.SH,pr6_fact,688152.SH,UNKNOWN,[]
pr6_fact-688153.SH,pr6_fact,688153.SH,UNKNOWN,[]
pr6_fact-688158.SH,pr6_fact,688158.SH,UNKNOWN,[]
pr6_fact-688161.SH,pr6_fact,688161.SH,UNKNOWN,[]
pr6_fact-688165.SH,pr6_fact,688165.SH,UNKNOWN,[]
pr6_fact-688166.SH,pr6_fact,688166.SH,UNKNOWN,[]
pr6_fact-688167.SH,pr6_fact,688167.SH,UNKNOWN,[]
pr6_fact-688169.SH,pr6_fact,688169.SH,UNKNOWN,[]
pr6_fact-688172.SH,pr6_fact,688172.SH,UNKNOWN,[]
pr6_fact-688173.SH,pr6_fact,688173.SH,UNKNOWN,[]
pr6_fact-688177.SH,pr6_fact,688177.SH,UNKNOWN,[]
pr6_fact-688180.SH,pr6_fact,688180.SH,UNKNOWN,[]
pr6_fact-688182.SH,pr6_fact,688182.SH,UNKNOWN,[]
pr6_fact-688183.SH,pr6_fact,688183.SH,UNKNOWN,[]
pr6_fact-688185.SH,pr6_fact,688185.SH,UNKNOWN,[]
pr6_fact-688187.SH,pr6_fact,688187.SH,UNKNOWN,[]
pr6_fact-688188.SH,pr6_fact,688188.SH,UNKNOWN,[]
pr6_fact-688190.SH,pr6_fact,688190.SH,UNKNOWN,[]
pr6_fact-688192.SH,pr6_fact,688192.SH,UNKNOWN,[]
pr6_fact-688195.SH,pr6_fact,688195.SH,UNKNOWN,[]
pr6_fact-688198.SH,pr6_fact,688198.SH,UNKNOWN,[]
pr6_fact-688200.SH,pr6_fact,688200.SH,UNKNOWN,[]
pr6_fact-688202.SH,pr6_fact,688202.SH,UNKNOWN,[]
pr6_fact-688205.SH,pr6_fact,688205.SH,UNKNOWN,[]
pr6_fact-688206.SH,pr6_fact,688206.SH,UNKNOWN,[]
pr6_fact-688208.SH,pr6_fact,688208.SH,UNKNOWN,[]
pr6_fact-688209.SH,pr6_fact,688209.SH,UNKNOWN,[]
pr6_fact-688213.SH,pr6_fact,688213.SH,UNKNOWN,[]
pr6_fact-688220.SH,pr6_fact,688220.SH,UNKNOWN,[]
pr6_fact-688222.SH,pr6_fact,688222.SH,UNKNOWN,[]
pr6_fact-688223.SH,pr6_fact,688223.SH,UNKNOWN,[]
pr6_fact-688232.SH,pr6_fact,688232.SH,UNKNOWN,[]
pr6_fact-688233.SH,pr6_fact,688233.SH,UNKNOWN,[]
pr6_fact-688234.SH,pr6_fact,688234.SH,UNKNOWN,[]
pr6_fact-688235.SH,pr6_fact,688235.SH,UNKNOWN,[]
pr6_fact-688238.SH,pr6_fact,688238.SH,UNKNOWN,[]
pr6_fact-688239.SH,pr6_fact,688239.SH,UNKNOWN,[]
pr6_fact-688248.SH,pr6_fact,688248.SH,UNKNOWN,[]
pr6_fact-688249.SH,pr6_fact,688249.SH,UNKNOWN,[]
pr6_fact-688252.SH,pr6_fact,688252.SH,UNKNOWN,[]
pr6_fact-688256.SH,pr6_fact,688256.SH,UNKNOWN,[]
pr6_fact-688261.SH,pr6_fact,688261.SH,UNKNOWN,[]
pr6_fact-688262.SH,pr6_fact,688262.SH,UNKNOWN,[]
pr6_fact-688266.SH,pr6_fact,688266.SH,UNKNOWN,[]
pr6_fact-688268.SH,pr6_fact,688268.SH,UNKNOWN,[]
pr6_fact-688270.SH,pr6_fact,688270.SH,UNKNOWN,[]
pr6_fact-688271.SH,pr6_fact,688271.SH,UNKNOWN,[]
pr6_fact-688275.SH,pr6_fact,688275.SH,UNKNOWN,[]
pr6_fact-688276.SH,pr6_fact,688276.SH,UNKNOWN,[]
pr6_fact-688277.SH,pr6_fact,688277.SH,UNKNOWN,[]
pr6_fact-688278.SH,pr6_fact,688278.SH,UNKNOWN,[]
pr6_fact-688279.SH,pr6_fact,688279.SH,UNKNOWN,[]
pr6_fact-688281.SH,pr6_fact,688281.SH,UNKNOWN,[]
pr6_fact-688289.SH,pr6_fact,688289.SH,UNKNOWN,[]
pr6_fact-688295.SH,pr6_fact,688295.SH,UNKNOWN,[]
pr6_fact-688297.SH,pr6_fact,688297.SH,UNKNOWN,[]
pr6_fact-688298.SH,pr6_fact,688298.SH,UNKNOWN,[]
pr6_fact-688300.SH,pr6_fact,688300.SH,UNKNOWN,[]
pr6_fact-688301.SH,pr6_fact,688301.SH,UNKNOWN,[]
pr6_fact-688303.SH,pr6_fact,688303.SH,UNKNOWN,[]
pr6_fact-688306.SH,pr6_fact,688306.SH,UNKNOWN,[]
pr6_fact-688313.SH,pr6_fact,688313.SH,UNKNOWN,[]
pr6_fact-688315.SH,pr6_fact,688315.SH,UNKNOWN,[]
pr6_fact-688318.SH,pr6_fact,688318.SH,UNKNOWN,[]
pr6_fact-688321.SH,pr6_fact,688321.SH,UNKNOWN,[]
pr6_fact-688322.SH,pr6_fact,688322.SH,UNKNOWN,[]
pr6_fact-688326.SH,pr6_fact,688326.SH,UNKNOWN,[]
pr6_fact-688327.SH,pr6_fact,688327.SH,UNKNOWN,[]
pr6_fact-688330.SH,pr6_fact,688330.SH,UNKNOWN,[]
pr6_fact-688331.SH,pr6_fact,688331.SH,UNKNOWN,[]
pr6_fact-688332.SH,pr6_fact,688332.SH,UNKNOWN,[]
pr6_fact-688333.SH,pr6_fact,688333.SH,UNKNOWN,[]
pr6_fact-688336.SH,pr6_fact,688336.SH,UNKNOWN,[]
pr6_fact-688337.SH,pr6_fact,688337.SH,UNKNOWN,[]
pr6_fact-688339.SH,pr6_fact,688339.SH,UNKNOWN,[]
pr6_fact-688343.SH,pr6_fact,688343.SH,UNKNOWN,[]
pr6_fact-688347.SH,pr6_fact,688347.SH,UNKNOWN,[]
pr6_fact-688348.SH,pr6_fact,688348.SH,UNKNOWN,[]
pr6_fact-688349.SH,pr6_fact,688349.SH,UNKNOWN,[]
pr6_fact-688351.SH,pr6_fact,688351.SH,UNKNOWN,[]
pr6_fact-688352.SH,pr6_fact,688352.SH,UNKNOWN,[]
pr6_fact-688353.SH,pr6_fact,688353.SH,UNKNOWN,[]
pr6_fact-688356.SH,pr6_fact,688356.SH,UNKNOWN,[]
pr6_fact-688361.SH,pr6_fact,688361.SH,UNKNOWN,[]
pr6_fact-688362.SH,pr6_fact,688362.SH,UNKNOWN,[]
pr6_fact-688363.SH,pr6_fact,688363.SH,UNKNOWN,[]
pr6_fact-688365.SH,pr6_fact,688365.SH,UNKNOWN,[]
pr6_fact-688366.SH,pr6_fact,688366.SH,UNKNOWN,[]
pr6_fact-688368.SH,pr6_fact,688368.SH,UNKNOWN,[]
pr6_fact-688372.SH,pr6_fact,688372.SH,UNKNOWN,[]
pr6_fact-688375.SH,pr6_fact,688375.SH,UNKNOWN,[]
pr6_fact-688380.SH,pr6_fact,688380.SH,UNKNOWN,[]
pr6_fact-688381.SH,pr6_fact,688381.SH,UNKNOWN,[]
pr6_fact-688382.SH,pr6_fact,688382.SH,UNKNOWN,[]
pr6_fact-688383.SH,pr6_fact,688383.SH,UNKNOWN,[]
pr6_fact-688385.SH,pr6_fact,688385.SH,UNKNOWN,[]
pr6_fact-688387.SH,pr6_fact,688387.SH,UNKNOWN,[]
pr6_fact-688388.SH,pr6_fact,688388.SH,UNKNOWN,[]
pr6_fact-688389.SH,pr6_fact,688389.SH,UNKNOWN,[]
pr6_fact-688390.SH,pr6_fact,688390.SH,UNKNOWN,[]
pr6_fact-688392.SH,pr6_fact,688392.SH,UNKNOWN,[]
pr6_fact-688396.SH,pr6_fact,688396.SH,UNKNOWN,[]
pr6_fact-688399.SH,pr6_fact,688399.SH,UNKNOWN,[]
pr6_fact-688400.SH,pr6_fact,688400.SH,UNKNOWN,[]
pr6_fact-688403.SH,pr6_fact,688403.SH,UNKNOWN,[]
pr6_fact-688408.SH,pr6_fact,688408.SH,UNKNOWN,[]
pr6_fact-688409.SH,pr6_fact,688409.SH,UNKNOWN,[]
pr6_fact-688411.SH,pr6_fact,688411.SH,UNKNOWN,[]
pr6_fact-688425.SH,pr6_fact,688425.SH,UNKNOWN,[]
pr6_fact-688432.SH,pr6_fact,688432.SH,UNKNOWN,[]
pr6_fact-688433.SH,pr6_fact,688433.SH,UNKNOWN,[]
pr6_fact-688439.SH,pr6_fact,688439.SH,UNKNOWN,[]
pr6_fact-688443.SH,pr6_fact,688443.SH,UNKNOWN,[]
pr6_fact-688449.SH,pr6_fact,688449.SH,UNKNOWN,[]
pr6_fact-688469.SH,pr6_fact,688469.SH,UNKNOWN,[]
pr6_fact-688472.SH,pr6_fact,688472.SH,UNKNOWN,[]
pr6_fact-688475.SH,pr6_fact,688475.SH,UNKNOWN,[]
pr6_fact-688484.SH,pr6_fact,688484.SH,UNKNOWN,[]
pr6_fact-688486.SH,pr6_fact,688486.SH,UNKNOWN,[]
pr6_fact-688498.SH,pr6_fact,688498.SH,UNKNOWN,[]
pr6_fact-688499.SH,pr6_fact,688499.SH,UNKNOWN,[]
pr6_fact-688502.SH,pr6_fact,688502.SH,UNKNOWN,[]
pr6_fact-688503.SH,pr6_fact,688503.SH,UNKNOWN,[]
pr6_fact-688505.SH,pr6_fact,688505.SH,UNKNOWN,[]
pr6_fact-688506.SH,pr6_fact,688506.SH,UNKNOWN,[]
pr6_fact-688508.SH,pr6_fact,688508.SH,UNKNOWN,[]
pr6_fact-688515.SH,pr6_fact,688515.SH,UNKNOWN,[]
pr6_fact-688516.SH,pr6_fact,688516.SH,UNKNOWN,[]
pr6_fact-688518.SH,pr6_fact,688518.SH,UNKNOWN,[]
pr6_fact-688519.SH,pr6_fact,688519.SH,UNKNOWN,[]
pr6_fact-688520.SH,pr6_fact,688520.SH,UNKNOWN,[]
pr6_fact-688521.SH,pr6_fact,688521.SH,UNKNOWN,[]
pr6_fact-688522.SH,pr6_fact,688522.SH,UNKNOWN,[]
pr6_fact-688523.SH,pr6_fact,688523.SH,UNKNOWN,[]
pr6_fact-688525.SH,pr6_fact,688525.SH,UNKNOWN,[]
pr6_fact-688526.SH,pr6_fact,688526.SH,UNKNOWN,[]
pr6_fact-688531.SH,pr6_fact,688531.SH,UNKNOWN,[]
pr6_fact-688536.SH,pr6_fact,688536.SH,UNKNOWN,[]
pr6_fact-688538.SH,pr6_fact,688538.SH,UNKNOWN,[]
pr6_fact-688543.SH,pr6_fact,688543.SH,UNKNOWN,[]
pr6_fact-688545.SH,pr6_fact,688545.SH,UNKNOWN,[]
pr6_fact-688548.SH,pr6_fact,688548.SH,UNKNOWN,[]
pr6_fact-688549.SH,pr6_fact,688549.SH,UNKNOWN,[]
pr6_fact-688552.SH,pr6_fact,688552.SH,UNKNOWN,[]
pr6_fact-688556.SH,pr6_fact,688556.SH,UNKNOWN,[]
pr6_fact-688559.SH,pr6_fact,688559.SH,UNKNOWN,[]
pr6_fact-688561.SH,pr6_fact,688561.SH,UNKNOWN,[]
pr6_fact-688563.SH,pr6_fact,688563.SH,UNKNOWN,[]
pr6_fact-688567.SH,pr6_fact,688567.SH,UNKNOWN,[]
pr6_fact-688568.SH,pr6_fact,688568.SH,UNKNOWN,[]
pr6_fact-688575.SH,pr6_fact,688575.SH,UNKNOWN,[]
pr6_fact-688578.SH,pr6_fact,688578.SH,UNKNOWN,[]
pr6_fact-688582.SH,pr6_fact,688582.SH,UNKNOWN,[]
pr6_fact-688584.SH,pr6_fact,688584.SH,UNKNOWN,[]
pr6_fact-688586.SH,pr6_fact,688586.SH,UNKNOWN,[]
pr6_fact-688591.SH,pr6_fact,688591.SH,UNKNOWN,[]
pr6_fact-688593.SH,pr6_fact,688593.SH,UNKNOWN,[]
pr6_fact-688596.SH,pr6_fact,688596.SH,UNKNOWN,[]
pr6_fact-688598.SH,pr6_fact,688598.SH,UNKNOWN,[]
pr6_fact-688599.SH,pr6_fact,688599.SH,UNKNOWN,[]
pr6_fact-688605.SH,pr6_fact,688605.SH,UNKNOWN,[]
pr6_fact-688608.SH,pr6_fact,688608.SH,UNKNOWN,[]
pr6_fact-688612.SH,pr6_fact,688612.SH,UNKNOWN,[]
pr6_fact-688615.SH,pr6_fact,688615.SH,UNKNOWN,[]
pr6_fact-688617.SH,pr6_fact,688617.SH,UNKNOWN,[]
pr6_fact-688627.SH,pr6_fact,688627.SH,UNKNOWN,[]
pr6_fact-688629.SH,pr6_fact,688629.SH,UNKNOWN,[]
pr6_fact-688630.SH,pr6_fact,688630.SH,UNKNOWN,[]
pr6_fact-688631.SH,pr6_fact,688631.SH,UNKNOWN,[]
pr6_fact-688639.SH,pr6_fact,688639.SH,UNKNOWN,[]
pr6_fact-688652.SH,pr6_fact,688652.SH,UNKNOWN,[]
pr6_fact-688658.SH,pr6_fact,688658.SH,UNKNOWN,[]
pr6_fact-688660.SH,pr6_fact,688660.SH,UNKNOWN,[]
pr6_fact-688668.SH,pr6_fact,688668.SH,UNKNOWN,[]
pr6_fact-688676.SH,pr6_fact,688676.SH,UNKNOWN,[]
pr6_fact-688680.SH,pr6_fact,688680.SH,UNKNOWN,[]
pr6_fact-688686.SH,pr6_fact,688686.SH,UNKNOWN,[]
pr6_fact-688690.SH,pr6_fact,688690.SH,UNKNOWN,[]
pr6_fact-688691.SH,pr6_fact,688691.SH,UNKNOWN,[]
pr6_fact-688692.SH,pr6_fact,688692.SH,UNKNOWN,[]
pr6_fact-688696.SH,pr6_fact,688696.SH,UNKNOWN,[]
pr6_fact-688698.SH,pr6_fact,688698.SH,UNKNOWN,[]
pr6_fact-688699.SH,pr6_fact,688699.SH,UNKNOWN,[]
pr6_fact-688700.SH,pr6_fact,688700.SH,UNKNOWN,[]
pr6_fact-688702.SH,pr6_fact,688702.SH,UNKNOWN,[]
pr6_fact-688707.SH,pr6_fact,688707.SH,UNKNOWN,[]
pr6_fact-688708.SH,pr6_fact,688708.SH,UNKNOWN,[]
pr6_fact-688709.SH,pr6_fact,688709.SH,UNKNOWN,[]
pr6_fact-688711.SH,pr6_fact,688711.SH,UNKNOWN,[]
pr6_fact-688717.SH,pr6_fact,688717.SH,UNKNOWN,[]
pr6_fact-688726.SH,pr6_fact,688726.SH,UNKNOWN,[]
pr6_fact-688728.SH,pr6_fact,688728.SH,UNKNOWN,[]
pr6_fact-688733.SH,pr6_fact,688733.SH,UNKNOWN,[]
pr6_fact-688739.SH,pr6_fact,688739.SH,UNKNOWN,[]
pr6_fact-688766.SH,pr6_fact,688766.SH,UNKNOWN,[]
pr6_fact-688772.SH,pr6_fact,688772.SH,UNKNOWN,[]
pr6_fact-688776.SH,pr6_fact,688776.SH,UNKNOWN,[]
pr6_fact-688777.SH,pr6_fact,688777.SH,UNKNOWN,[]
pr6_fact-688778.SH,pr6_fact,688778.SH,UNKNOWN,[]
pr6_fact-688779.SH,pr6_fact,688779.SH,UNKNOWN,[]
pr6_fact-688788.SH,pr6_fact,688788.SH,UNKNOWN,[]
pr6_fact-688789.SH,pr6_fact,688789.SH,UNKNOWN,[]
pr6_fact-688798.SH,pr6_fact,688798.SH,UNKNOWN,[]
pr6_fact-688800.SH,pr6_fact,688800.SH,UNKNOWN,[]
pr6_fact-688819.SH,pr6_fact,688819.SH,UNKNOWN,[]
pr6_fact-688981.SH,pr6_fact,688981.SH,UNKNOWN,[]
pr6_fact-689009.SH,pr6_fact,689009.SH,UNKNOWN,[]
pr7_fact-000001.SZ,pr7_fact,000001.SZ,UNKNOWN,[]
pr7_fact-000002.SZ,pr7_fact,000002.SZ,UNKNOWN,[]
pr7_fact-000005.SZ,pr7_fact,000005.SZ,UNKNOWN,[]
pr7_fact-000006.SZ,pr7_fact,000006.SZ,UNKNOWN,[]
pr7_fact-000007.SZ,pr7_fact,000007.SZ,UNKNOWN,[]
pr7_fact-000008.SZ,pr7_fact,000008.SZ,UNKNOWN,[]
pr7_fact-000009.SZ,pr7_fact,000009.SZ,UNKNOWN,[]
pr7_fact-000010.SZ,pr7_fact,000010.SZ,UNKNOWN,[]
pr7_fact-000011.SZ,pr7_fact,000011.SZ,UNKNOWN,[]
pr7_fact-000012.SZ,pr7_fact,000012.SZ,UNKNOWN,[]
pr7_fact-000014.SZ,pr7_fact,000014.SZ,UNKNOWN,[]
pr7_fact-000016.SZ,pr7_fact,000016.SZ,UNKNOWN,[]
pr7_fact-000018.SZ,pr7_fact,000018.SZ,UNKNOWN,[]
pr7_fact-000019.SZ,pr7_fact,000019.SZ,UNKNOWN,[]
pr7_fact-000021.SZ,pr7_fact,000021.SZ,UNKNOWN,[]
pr7_fact-000024.SZ,pr7_fact,000024.SZ,UNKNOWN,[]
pr7_fact-000025.SZ,pr7_fact,000025.SZ,UNKNOWN,[]
pr7_fact-000026.SZ,pr7_fact,000026.SZ,UNKNOWN,[]
pr7_fact-000027.SZ,pr7_fact,000027.SZ,UNKNOWN,[]
pr7_fact-000028.SZ,pr7_fact,000028.SZ,UNKNOWN,[]
pr7_fact-000029.SZ,pr7_fact,000029.SZ,UNKNOWN,[]
pr7_fact-000030.SZ,pr7_fact,000030.SZ,UNKNOWN,[]
pr7_fact-000031.SZ,pr7_fact,000031.SZ,UNKNOWN,[]
pr7_fact-000032.SZ,pr7_fact,000032.SZ,UNKNOWN,[]
pr7_fact-000033.SZ,pr7_fact,000033.SZ,UNKNOWN,[]
pr7_fact-000034.SZ,pr7_fact,000034.SZ,UNKNOWN,[]
pr7_fact-000035.SZ,pr7_fact,000035.SZ,UNKNOWN,[]
pr7_fact-000036.SZ,pr7_fact,000036.SZ,UNKNOWN,[]
pr7_fact-000037.SZ,pr7_fact,000037.SZ,UNKNOWN,[]
pr7_fact-000038.SZ,pr7_fact,000038.SZ,UNKNOWN,[]
pr7_fact-000039.SZ,pr7_fact,000039.SZ,UNKNOWN,[]
pr7_fact-000040.SZ,pr7_fact,000040.SZ,UNKNOWN,[]
pr7_fact-000042.SZ,pr7_fact,000042.SZ,UNKNOWN,[]
pr7_fact-000046.SZ,pr7_fact,000046.SZ,UNKNOWN,[]
pr7_fact-000048.SZ,pr7_fact,000048.SZ,UNKNOWN,[]
pr7_fact-000049.SZ,pr7_fact,000049.SZ,UNKNOWN,[]
pr7_fact-000050.SZ,pr7_fact,000050.SZ,UNKNOWN,[]
pr7_fact-000055.SZ,pr7_fact,000055.SZ,UNKNOWN,[]
pr7_fact-000056.SZ,pr7_fact,000056.SZ,UNKNOWN,[]
pr7_fact-000058.SZ,pr7_fact,000058.SZ,UNKNOWN,[]
pr7_fact-000059.SZ,pr7_fact,000059.SZ,UNKNOWN,[]
pr7_fact-000060.SZ,pr7_fact,000060.SZ,UNKNOWN,[]
pr7_fact-000061.SZ,pr7_fact,000061.SZ,UNKNOWN,[]
pr7_fact-000062.SZ,pr7_fact,000062.SZ,UNKNOWN,[]
pr7_fact-000063.SZ,pr7_fact,000063.SZ,UNKNOWN,[]
pr7_fact-000065.SZ,pr7_fact,000065.SZ,UNKNOWN,[]
pr7_fact-000066.SZ,pr7_fact,000066.SZ,UNKNOWN,[]
pr7_fact-000068.SZ,pr7_fact,000068.SZ,UNKNOWN,[]
pr7_fact-000069.SZ,pr7_fact,000069.SZ,UNKNOWN,[]
pr7_fact-000070.SZ,pr7_fact,000070.SZ,UNKNOWN,[]
pr7_fact-000078.SZ,pr7_fact,000078.SZ,UNKNOWN,[]
pr7_fact-000088.SZ,pr7_fact,000088.SZ,UNKNOWN,[]
pr7_fact-000089.SZ,pr7_fact,000089.SZ,UNKNOWN,[]
pr7_fact-000090.SZ,pr7_fact,000090.SZ,UNKNOWN,[]
pr7_fact-000096.SZ,pr7_fact,000096.SZ,UNKNOWN,[]
pr7_fact-000099.SZ,pr7_fact,000099.SZ,UNKNOWN,[]
pr7_fact-000100.SZ,pr7_fact,000100.SZ,UNKNOWN,[]
pr7_fact-000150.SZ,pr7_fact,000150.SZ,UNKNOWN,[]
pr7_fact-000151.SZ,pr7_fact,000151.SZ,UNKNOWN,[]
pr7_fact-000153.SZ,pr7_fact,000153.SZ,UNKNOWN,[]
pr7_fact-000155.SZ,pr7_fact,000155.SZ,UNKNOWN,[]
pr7_fact-000156.SZ,pr7_fact,000156.SZ,UNKNOWN,[]
pr7_fact-000157.SZ,pr7_fact,000157.SZ,UNKNOWN,[]
pr7_fact-000158.SZ,pr7_fact,000158.SZ,UNKNOWN,[]
pr7_fact-000159.SZ,pr7_fact,000159.SZ,UNKNOWN,[]
pr7_fact-000166.SZ,pr7_fact,000166.SZ,UNKNOWN,[]
pr7_fact-000301.SZ,pr7_fact,000301.SZ,UNKNOWN,[]
pr7_fact-000333.SZ,pr7_fact,000333.SZ,UNKNOWN,[]
pr7_fact-000338.SZ,pr7_fact,000338.SZ,UNKNOWN,[]
pr7_fact-000400.SZ,pr7_fact,000400.SZ,UNKNOWN,[]
pr7_fact-000401.SZ,pr7_fact,000401.SZ,UNKNOWN,[]
pr7_fact-000402.SZ,pr7_fact,000402.SZ,UNKNOWN,[]
pr7_fact-000403.SZ,pr7_fact,000403.SZ,UNKNOWN,[]
pr7_fact-000404.SZ,pr7_fact,000404.SZ,UNKNOWN,[]
pr7_fact-000407.SZ,pr7_fact,000407.SZ,UNKNOWN,[]
pr7_fact-000408.SZ,pr7_fact,000408.SZ,UNKNOWN,[]
pr7_fact-000409.SZ,pr7_fact,000409.SZ,UNKNOWN,[]
pr7_fact-000410.SZ,pr7_fact,000410.SZ,UNKNOWN,[]
pr7_fact-000413.SZ,pr7_fact,000413.SZ,UNKNOWN,[]
pr7_fact-000415.SZ,pr7_fact,000415.SZ,UNKNOWN,[]
pr7_fact-000416.SZ,pr7_fact,000416.SZ,UNKNOWN,[]
pr7_fact-000417.SZ,pr7_fact,000417.SZ,UNKNOWN,[]
pr7_fact-000418.SZ,pr7_fact,000418.SZ,UNKNOWN,[]
pr7_fact-000419.SZ,pr7_fact,000419.SZ,UNKNOWN,[]
pr7_fact-000420.SZ,pr7_fact,000420.SZ,UNKNOWN,[]
pr7_fact-000421.SZ,pr7_fact,000421.SZ,UNKNOWN,[]
pr7_fact-000422.SZ,pr7_fact,000422.SZ,UNKNOWN,[]
pr7_fact-000423.SZ,pr7_fact,000423.SZ,UNKNOWN,[]
pr7_fact-000425.SZ,pr7_fact,000425.SZ,UNKNOWN,[]
pr7_fact-000426.SZ,pr7_fact,000426.SZ,UNKNOWN,[]
pr7_fact-000428.SZ,pr7_fact,000428.SZ,UNKNOWN,[]
pr7_fact-000429.SZ,pr7_fact,000429.SZ,UNKNOWN,[]
pr7_fact-000488.SZ,pr7_fact,000488.SZ,UNKNOWN,[]
pr7_fact-000498.SZ,pr7_fact,000498.SZ,UNKNOWN,[]
pr7_fact-000501.SZ,pr7_fact,000501.SZ,UNKNOWN,[]
pr7_fact-000503.SZ,pr7_fact,000503.SZ,UNKNOWN,[]
pr7_fact-000504.SZ,pr7_fact,000504.SZ,UNKNOWN,[]
pr7_fact-000506.SZ,pr7_fact,000506.SZ,UNKNOWN,[]
pr7_fact-000507.SZ,pr7_fact,000507.SZ,UNKNOWN,[]
pr7_fact-000510.SZ,pr7_fact,000510.SZ,UNKNOWN,[]
pr7_fact-000511.SZ,pr7_fact,000511.SZ,UNKNOWN,[]
pr7_fact-000513.SZ,pr7_fact,000513.SZ,UNKNOWN,[]
pr7_fact-000514.SZ,pr7_fact,000514.SZ,UNKNOWN,[]
pr7_fact-000516.SZ,pr7_fact,000516.SZ,UNKNOWN,[]
pr7_fact-000517.SZ,pr7_fact,000517.SZ,UNKNOWN,[]
pr7_fact-000518.SZ,pr7_fact,000518.SZ,UNKNOWN,[]
pr7_fact-000519.SZ,pr7_fact,000519.SZ,UNKNOWN,[]
pr7_fact-000520.SZ,pr7_fact,000520.SZ,UNKNOWN,[]
pr7_fact-000521.SZ,pr7_fact,000521.SZ,UNKNOWN,[]
pr7_fact-000523.SZ,pr7_fact,000523.SZ,UNKNOWN,[]
pr7_fact-000524.SZ,pr7_fact,000524.SZ,UNKNOWN,[]
pr7_fact-000525.SZ,pr7_fact,000525.SZ,UNKNOWN,[]
pr7_fact-000526.SZ,pr7_fact,000526.SZ,UNKNOWN,[]
pr7_fact-000528.SZ,pr7_fact,000528.SZ,UNKNOWN,[]
pr7_fact-000529.SZ,pr7_fact,000529.SZ,UNKNOWN,[]
pr7_fact-000530.SZ,pr7_fact,000530.SZ,UNKNOWN,[]
pr7_fact-000531.SZ,pr7_fact,000531.SZ,UNKNOWN,[]
pr7_fact-000532.SZ,pr7_fact,000532.SZ,UNKNOWN,[]
pr7_fact-000533.SZ,pr7_fact,000533.SZ,UNKNOWN,[]
pr7_fact-000534.SZ,pr7_fact,000534.SZ,UNKNOWN,[]
pr7_fact-000536.SZ,pr7_fact,000536.SZ,UNKNOWN,[]
pr7_fact-000537.SZ,pr7_fact,000537.SZ,UNKNOWN,[]
pr7_fact-000538.SZ,pr7_fact,000538.SZ,UNKNOWN,[]
pr7_fact-000539.SZ,pr7_fact,000539.SZ,UNKNOWN,[]
pr7_fact-000540.SZ,pr7_fact,000540.SZ,UNKNOWN,[]
pr7_fact-000541.SZ,pr7_fact,000541.SZ,UNKNOWN,[]
pr7_fact-000543.SZ,pr7_fact,000543.SZ,UNKNOWN,[]
pr7_fact-000544.SZ,pr7_fact,000544.SZ,UNKNOWN,[]
pr7_fact-000545.SZ,pr7_fact,000545.SZ,UNKNOWN,[]
pr7_fact-000546.SZ,pr7_fact,000546.SZ,UNKNOWN,[]
pr7_fact-000547.SZ,pr7_fact,000547.SZ,UNKNOWN,[]
pr7_fact-000548.SZ,pr7_fact,000548.SZ,UNKNOWN,[]
pr7_fact-000550.SZ,pr7_fact,000550.SZ,UNKNOWN,[]
pr7_fact-000551.SZ,pr7_fact,000551.SZ,UNKNOWN,[]
pr7_fact-000552.SZ,pr7_fact,000552.SZ,UNKNOWN,[]
pr7_fact-000553.SZ,pr7_fact,000553.SZ,UNKNOWN,[]
pr7_fact-000554.SZ,pr7_fact,000554.SZ,UNKNOWN,[]
pr7_fact-000555.SZ,pr7_fact,000555.SZ,UNKNOWN,[]
pr7_fact-000557.SZ,pr7_fact,000557.SZ,UNKNOWN,[]
pr7_fact-000558.SZ,pr7_fact,000558.SZ,UNKNOWN,[]
pr7_fact-000559.SZ,pr7_fact,000559.SZ,UNKNOWN,[]
pr7_fact-000560.SZ,pr7_fact,000560.SZ,UNKNOWN,[]
pr7_fact-000561.SZ,pr7_fact,000561.SZ,UNKNOWN,[]
pr7_fact-000562.SZ,pr7_fact,000562.SZ,UNKNOWN,[]
pr7_fact-000563.SZ,pr7_fact,000563.SZ,UNKNOWN,[]
pr7_fact-000564.SZ,pr7_fact,000564.SZ,UNKNOWN,[]
pr7_fact-000565.SZ,pr7_fact,000565.SZ,UNKNOWN,[]
pr7_fact-000566.SZ,pr7_fact,000566.SZ,UNKNOWN,[]
pr7_fact-000567.SZ,pr7_fact,000567.SZ,UNKNOWN,[]
pr7_fact-000568.SZ,pr7_fact,000568.SZ,UNKNOWN,[]
pr7_fact-000570.SZ,pr7_fact,000570.SZ,UNKNOWN,[]
pr7_fact-000571.SZ,pr7_fact,000571.SZ,UNKNOWN,[]
pr7_fact-000572.SZ,pr7_fact,000572.SZ,UNKNOWN,[]
pr7_fact-000573.SZ,pr7_fact,000573.SZ,UNKNOWN,[]
pr7_fact-000576.SZ,pr7_fact,000576.SZ,UNKNOWN,[]
pr7_fact-000581.SZ,pr7_fact,000581.SZ,UNKNOWN,[]
pr7_fact-000582.SZ,pr7_fact,000582.SZ,UNKNOWN,[]
pr7_fact-000584.SZ,pr7_fact,000584.SZ,UNKNOWN,[]
pr7_fact-000585.SZ,pr7_fact,000585.SZ,UNKNOWN,[]
pr7_fact-000587.SZ,pr7_fact,000587.SZ,UNKNOWN,[]
pr7_fact-000589.SZ,pr7_fact,000589.SZ,UNKNOWN,[]
pr7_fact-000590.SZ,pr7_fact,000590.SZ,UNKNOWN,[]
pr7_fact-000591.SZ,pr7_fact,000591.SZ,UNKNOWN,[]
pr7_fact-000592.SZ,pr7_fact,000592.SZ,UNKNOWN,[]
pr7_fact-000594.SZ,pr7_fact,000594.SZ,UNKNOWN,[]
pr7_fact-000596.SZ,pr7_fact,000596.SZ,UNKNOWN,[]
pr7_fact-000597.SZ,pr7_fact,000597.SZ,UNKNOWN,[]
pr7_fact-000598.SZ,pr7_fact,000598.SZ,UNKNOWN,[]
pr7_fact-000599.SZ,pr7_fact,000599.SZ,UNKNOWN,[]
pr7_fact-000600.SZ,pr7_fact,000600.SZ,UNKNOWN,[]
pr7_fact-000601.SZ,pr7_fact,000601.SZ,UNKNOWN,[]
pr7_fact-000603.SZ,pr7_fact,000603.SZ,UNKNOWN,[]
pr7_fact-000606.SZ,pr7_fact,000606.SZ,UNKNOWN,[]
pr7_fact-000607.SZ,pr7_fact,000607.SZ,UNKNOWN,[]
pr7_fact-000608.SZ,pr7_fact,000608.SZ,UNKNOWN,[]
pr7_fact-000609.SZ,pr7_fact,000609.SZ,UNKNOWN,[]
pr7_fact-000612.SZ,pr7_fact,000612.SZ,UNKNOWN,[]
pr7_fact-000615.SZ,pr7_fact,000615.SZ,UNKNOWN,[]
pr7_fact-000616.SZ,pr7_fact,000616.SZ,UNKNOWN,[]
pr7_fact-000617.SZ,pr7_fact,000617.SZ,UNKNOWN,[]
pr7_fact-000619.SZ,pr7_fact,000619.SZ,UNKNOWN,[]
pr7_fact-000620.SZ,pr7_fact,000620.SZ,UNKNOWN,[]
pr7_fact-000622.SZ,pr7_fact,000622.SZ,UNKNOWN,[]
pr7_fact-000623.SZ,pr7_fact,000623.SZ,UNKNOWN,[]
pr7_fact-000625.SZ,pr7_fact,000625.SZ,UNKNOWN,[]
pr7_fact-000626.SZ,pr7_fact,000626.SZ,UNKNOWN,[]
pr7_fact-000627.SZ,pr7_fact,000627.SZ,UNKNOWN,[]
pr7_fact-000628.SZ,pr7_fact,000628.SZ,UNKNOWN,[]
pr7_fact-000629.SZ,pr7_fact,000629.SZ,UNKNOWN,[]
pr7_fact-000630.SZ,pr7_fact,000630.SZ,UNKNOWN,[]
pr7_fact-000631.SZ,pr7_fact,000631.SZ,UNKNOWN,[]
pr7_fact-000635.SZ,pr7_fact,000635.SZ,UNKNOWN,[]
pr7_fact-000636.SZ,pr7_fact,000636.SZ,UNKNOWN,[]
pr7_fact-000637.SZ,pr7_fact,000637.SZ,UNKNOWN,[]
pr7_fact-000639.SZ,pr7_fact,000639.SZ,UNKNOWN,[]
pr7_fact-000650.SZ,pr7_fact,000650.SZ,UNKNOWN,[]
pr7_fact-000651.SZ,pr7_fact,000651.SZ,UNKNOWN,[]
pr7_fact-000652.SZ,pr7_fact,000652.SZ,UNKNOWN,[]
pr7_fact-000655.SZ,pr7_fact,000655.SZ,UNKNOWN,[]
pr7_fact-000656.SZ,pr7_fact,000656.SZ,UNKNOWN,[]
pr7_fact-000657.SZ,pr7_fact,000657.SZ,UNKNOWN,[]
pr7_fact-000659.SZ,pr7_fact,000659.SZ,UNKNOWN,[]
pr7_fact-000661.SZ,pr7_fact,000661.SZ,UNKNOWN,[]
pr7_fact-000662.SZ,pr7_fact,000662.SZ,UNKNOWN,[]
pr7_fact-000663.SZ,pr7_fact,000663.SZ,UNKNOWN,[]
pr7_fact-000665.SZ,pr7_fact,000665.SZ,UNKNOWN,[]
pr7_fact-000666.SZ,pr7_fact,000666.SZ,UNKNOWN,[]
pr7_fact-000667.SZ,pr7_fact,000667.SZ,UNKNOWN,[]
pr7_fact-000668.SZ,pr7_fact,000668.SZ,UNKNOWN,[]
pr7_fact-000669.SZ,pr7_fact,000669.SZ,UNKNOWN,[]
pr7_fact-000670.SZ,pr7_fact,000670.SZ,UNKNOWN,[]
pr7_fact-000671.SZ,pr7_fact,000671.SZ,UNKNOWN,[]
pr7_fact-000672.SZ,pr7_fact,000672.SZ,UNKNOWN,[]
pr7_fact-000673.SZ,pr7_fact,000673.SZ,UNKNOWN,[]
pr7_fact-000676.SZ,pr7_fact,000676.SZ,UNKNOWN,[]
pr7_fact-000677.SZ,pr7_fact,000677.SZ,UNKNOWN,[]
pr7_fact-000679.SZ,pr7_fact,000679.SZ,UNKNOWN,[]
pr7_fact-000680.SZ,pr7_fact,000680.SZ,UNKNOWN,[]
pr7_fact-000681.SZ,pr7_fact,000681.SZ,UNKNOWN,[]
pr7_fact-000682.SZ,pr7_fact,000682.SZ,UNKNOWN,[]
pr7_fact-000683.SZ,pr7_fact,000683.SZ,UNKNOWN,[]
pr7_fact-000685.SZ,pr7_fact,000685.SZ,UNKNOWN,[]
pr7_fact-000686.SZ,pr7_fact,000686.SZ,UNKNOWN,[]
pr7_fact-000687.SZ,pr7_fact,000687.SZ,UNKNOWN,[]
pr7_fact-000688.SZ,pr7_fact,000688.SZ,UNKNOWN,[]
pr7_fact-000690.SZ,pr7_fact,000690.SZ,UNKNOWN,[]
pr7_fact-000693.SZ,pr7_fact,000693.SZ,UNKNOWN,[]
pr7_fact-000695.SZ,pr7_fact,000695.SZ,UNKNOWN,[]
pr7_fact-000697.SZ,pr7_fact,000697.SZ,UNKNOWN,[]
pr7_fact-000698.SZ,pr7_fact,000698.SZ,UNKNOWN,[]
pr7_fact-000700.SZ,pr7_fact,000700.SZ,UNKNOWN,[]
pr7_fact-000701.SZ,pr7_fact,000701.SZ,UNKNOWN,[]
pr7_fact-000702.SZ,pr7_fact,000702.SZ,UNKNOWN,[]
pr7_fact-000703.SZ,pr7_fact,000703.SZ,UNKNOWN,[]
pr7_fact-000705.SZ,pr7_fact,000705.SZ,UNKNOWN,[]
pr7_fact-000707.SZ,pr7_fact,000707.SZ,UNKNOWN,[]
pr7_fact-000708.SZ,pr7_fact,000708.SZ,UNKNOWN,[]
pr7_fact-000709.SZ,pr7_fact,000709.SZ,UNKNOWN,[]
pr7_fact-000710.SZ,pr7_fact,000710.SZ,UNKNOWN,[]
pr7_fact-000711.SZ,pr7_fact,000711.SZ,UNKNOWN,[]
pr7_fact-000712.SZ,pr7_fact,000712.SZ,UNKNOWN,[]
pr7_fact-000713.SZ,pr7_fact,000713.SZ,UNKNOWN,[]
pr7_fact-000715.SZ,pr7_fact,000715.SZ,UNKNOWN,[]
pr7_fact-000716.SZ,pr7_fact,000716.SZ,UNKNOWN,[]
pr7_fact-000717.SZ,pr7_fact,000717.SZ,UNKNOWN,[]
pr7_fact-000718.SZ,pr7_fact,000718.SZ,UNKNOWN,[]
pr7_fact-000719.SZ,pr7_fact,000719.SZ,UNKNOWN,[]
pr7_fact-000720.SZ,pr7_fact,000720.SZ,UNKNOWN,[]
pr7_fact-000722.SZ,pr7_fact,000722.SZ,UNKNOWN,[]
pr7_fact-000723.SZ,pr7_fact,000723.SZ,UNKNOWN,[]
pr7_fact-000725.SZ,pr7_fact,000725.SZ,UNKNOWN,[]
pr7_fact-000726.SZ,pr7_fact,000726.SZ,UNKNOWN,[]
pr7_fact-000727.SZ,pr7_fact,000727.SZ,UNKNOWN,[]
pr7_fact-000728.SZ,pr7_fact,000728.SZ,UNKNOWN,[]
pr7_fact-000729.SZ,pr7_fact,000729.SZ,UNKNOWN,[]
pr7_fact-000731.SZ,pr7_fact,000731.SZ,UNKNOWN,[]
pr7_fact-000732.SZ,pr7_fact,000732.SZ,UNKNOWN,[]
pr7_fact-000733.SZ,pr7_fact,000733.SZ,UNKNOWN,[]
pr7_fact-000735.SZ,pr7_fact,000735.SZ,UNKNOWN,[]
pr7_fact-000736.SZ,pr7_fact,000736.SZ,UNKNOWN,[]
pr7_fact-000737.SZ,pr7_fact,000737.SZ,UNKNOWN,[]
pr7_fact-000738.SZ,pr7_fact,000738.SZ,UNKNOWN,[]
pr7_fact-000739.SZ,pr7_fact,000739.SZ,UNKNOWN,[]
pr7_fact-000748.SZ,pr7_fact,000748.SZ,UNKNOWN,[]
pr7_fact-000750.SZ,pr7_fact,000750.SZ,UNKNOWN,[]
pr7_fact-000751.SZ,pr7_fact,000751.SZ,UNKNOWN,[]
pr7_fact-000752.SZ,pr7_fact,000752.SZ,UNKNOWN,[]
pr7_fact-000753.SZ,pr7_fact,000753.SZ,UNKNOWN,[]
pr7_fact-000755.SZ,pr7_fact,000755.SZ,UNKNOWN,[]
pr7_fact-000756.SZ,pr7_fact,000756.SZ,UNKNOWN,[]
pr7_fact-000757.SZ,pr7_fact,000757.SZ,UNKNOWN,[]
pr7_fact-000758.SZ,pr7_fact,000758.SZ,UNKNOWN,[]
pr7_fact-000759.SZ,pr7_fact,000759.SZ,UNKNOWN,[]
pr7_fact-000760.SZ,pr7_fact,000760.SZ,UNKNOWN,[]
pr7_fact-000761.SZ,pr7_fact,000761.SZ,UNKNOWN,[]
pr7_fact-000762.SZ,pr7_fact,000762.SZ,UNKNOWN,[]
pr7_fact-000766.SZ,pr7_fact,000766.SZ,UNKNOWN,[]
pr7_fact-000767.SZ,pr7_fact,000767.SZ,UNKNOWN,[]
pr7_fact-000768.SZ,pr7_fact,000768.SZ,UNKNOWN,[]
pr7_fact-000776.SZ,pr7_fact,000776.SZ,UNKNOWN,[]
pr7_fact-000777.SZ,pr7_fact,000777.SZ,UNKNOWN,[]
pr7_fact-000778.SZ,pr7_fact,000778.SZ,UNKNOWN,[]
pr7_fact-000780.SZ,pr7_fact,000780.SZ,UNKNOWN,[]
pr7_fact-000782.SZ,pr7_fact,000782.SZ,UNKNOWN,[]
pr7_fact-000783.SZ,pr7_fact,000783.SZ,UNKNOWN,[]
pr7_fact-000785.SZ,pr7_fact,000785.SZ,UNKNOWN,[]
pr7_fact-000786.SZ,pr7_fact,000786.SZ,UNKNOWN,[]
pr7_fact-000788.SZ,pr7_fact,000788.SZ,UNKNOWN,[]
pr7_fact-000789.SZ,pr7_fact,000789.SZ,UNKNOWN,[]
pr7_fact-000790.SZ,pr7_fact,000790.SZ,UNKNOWN,[]
pr7_fact-000791.SZ,pr7_fact,000791.SZ,UNKNOWN,[]
pr7_fact-000792.SZ,pr7_fact,000792.SZ,UNKNOWN,[]
pr7_fact-000793.SZ,pr7_fact,000793.SZ,UNKNOWN,[]
pr7_fact-000795.SZ,pr7_fact,000795.SZ,UNKNOWN,[]
pr7_fact-000796.SZ,pr7_fact,000796.SZ,UNKNOWN,[]
pr7_fact-000797.SZ,pr7_fact,000797.SZ,UNKNOWN,[]
pr7_fact-000799.SZ,pr7_fact,000799.SZ,UNKNOWN,[]
pr7_fact-000800.SZ,pr7_fact,000800.SZ,UNKNOWN,[]
pr7_fact-000801.SZ,pr7_fact,000801.SZ,UNKNOWN,[]
pr7_fact-000802.SZ,pr7_fact,000802.SZ,UNKNOWN,[]
pr7_fact-000806.SZ,pr7_fact,000806.SZ,UNKNOWN,[]
pr7_fact-000807.SZ,pr7_fact,000807.SZ,UNKNOWN,[]
pr7_fact-000809.SZ,pr7_fact,000809.SZ,UNKNOWN,[]
pr7_fact-000810.SZ,pr7_fact,000810.SZ,UNKNOWN,[]
pr7_fact-000811.SZ,pr7_fact,000811.SZ,UNKNOWN,[]
pr7_fact-000812.SZ,pr7_fact,000812.SZ,UNKNOWN,[]
pr7_fact-000813.SZ,pr7_fact,000813.SZ,UNKNOWN,[]
pr7_fact-000815.SZ,pr7_fact,000815.SZ,UNKNOWN,[]
pr7_fact-000816.SZ,pr7_fact,000816.SZ,UNKNOWN,[]
pr7_fact-000818.SZ,pr7_fact,000818.SZ,UNKNOWN,[]
pr7_fact-000819.SZ,pr7_fact,000819.SZ,UNKNOWN,[]
pr7_fact-000820.SZ,pr7_fact,000820.SZ,UNKNOWN,[]
pr7_fact-000821.SZ,pr7_fact,000821.SZ,UNKNOWN,[]
pr7_fact-000822.SZ,pr7_fact,000822.SZ,UNKNOWN,[]
pr7_fact-000823.SZ,pr7_fact,000823.SZ,UNKNOWN,[]
pr7_fact-000825.SZ,pr7_fact,000825.SZ,UNKNOWN,[]
pr7_fact-000826.SZ,pr7_fact,000826.SZ,UNKNOWN,[]
pr7_fact-000828.SZ,pr7_fact,000828.SZ,UNKNOWN,[]
pr7_fact-000829.SZ,pr7_fact,000829.SZ,UNKNOWN,[]
pr7_fact-000830.SZ,pr7_fact,000830.SZ,UNKNOWN,[]
pr7_fact-000831.SZ,pr7_fact,000831.SZ,UNKNOWN,[]
pr7_fact-000833.SZ,pr7_fact,000833.SZ,UNKNOWN,[]
pr7_fact-000836.SZ,pr7_fact,000836.SZ,UNKNOWN,[]
pr7_fact-000837.SZ,pr7_fact,000837.SZ,UNKNOWN,[]
pr7_fact-000838.SZ,pr7_fact,000838.SZ,UNKNOWN,[]
pr7_fact-000839.SZ,pr7_fact,000839.SZ,UNKNOWN,[]
pr7_fact-000848.SZ,pr7_fact,000848.SZ,UNKNOWN,[]
pr7_fact-000850.SZ,pr7_fact,000850.SZ,UNKNOWN,[]
pr7_fact-000851.SZ,pr7_fact,000851.SZ,UNKNOWN,[]
pr7_fact-000852.SZ,pr7_fact,000852.SZ,UNKNOWN,[]
pr7_fact-000858.SZ,pr7_fact,000858.SZ,UNKNOWN,[]
pr7_fact-000859.SZ,pr7_fact,000859.SZ,UNKNOWN,[]
pr7_fact-000860.SZ,pr7_fact,000860.SZ,UNKNOWN,[]
pr7_fact-000861.SZ,pr7_fact,000861.SZ,UNKNOWN,[]
pr7_fact-000863.SZ,pr7_fact,000863.SZ,UNKNOWN,[]
pr7_fact-000868.SZ,pr7_fact,000868.SZ,UNKNOWN,[]
pr7_fact-000869.SZ,pr7_fact,000869.SZ,UNKNOWN,[]
pr7_fact-000875.SZ,pr7_fact,000875.SZ,UNKNOWN,[]
pr7_fact-000876.SZ,pr7_fact,000876.SZ,UNKNOWN,[]
pr7_fact-000877.SZ,pr7_fact,000877.SZ,UNKNOWN,[]
pr7_fact-000878.SZ,pr7_fact,000878.SZ,UNKNOWN,[]
pr7_fact-000880.SZ,pr7_fact,000880.SZ,UNKNOWN,[]
pr7_fact-000881.SZ,pr7_fact,000881.SZ,UNKNOWN,[]
pr7_fact-000882.SZ,pr7_fact,000882.SZ,UNKNOWN,[]
pr7_fact-000883.SZ,pr7_fact,000883.SZ,UNKNOWN,[]
pr7_fact-000885.SZ,pr7_fact,000885.SZ,UNKNOWN,[]
pr7_fact-000886.SZ,pr7_fact,000886.SZ,UNKNOWN,[]
pr7_fact-000887.SZ,pr7_fact,000887.SZ,UNKNOWN,[]
pr7_fact-000888.SZ,pr7_fact,000888.SZ,UNKNOWN,[]
pr7_fact-000889.SZ,pr7_fact,000889.SZ,UNKNOWN,[]
pr7_fact-000890.SZ,pr7_fact,000890.SZ,UNKNOWN,[]
pr7_fact-000892.SZ,pr7_fact,000892.SZ,UNKNOWN,[]
pr7_fact-000893.SZ,pr7_fact,000893.SZ,UNKNOWN,[]
pr7_fact-000895.SZ,pr7_fact,000895.SZ,UNKNOWN,[]
pr7_fact-000897.SZ,pr7_fact,000897.SZ,UNKNOWN,[]
pr7_fact-000898.SZ,pr7_fact,000898.SZ,UNKNOWN,[]
pr7_fact-000899.SZ,pr7_fact,000899.SZ,UNKNOWN,[]
pr7_fact-000900.SZ,pr7_fact,000900.SZ,UNKNOWN,[]
pr7_fact-000901.SZ,pr7_fact,000901.SZ,UNKNOWN,[]
pr7_fact-000902.SZ,pr7_fact,000902.SZ,UNKNOWN,[]
pr7_fact-000903.SZ,pr7_fact,000903.SZ,UNKNOWN,[]
pr7_fact-000905.SZ,pr7_fact,000905.SZ,UNKNOWN,[]
pr7_fact-000906.SZ,pr7_fact,000906.SZ,UNKNOWN,[]
pr7_fact-000909.SZ,pr7_fact,000909.SZ,UNKNOWN,[]
pr7_fact-000910.SZ,pr7_fact,000910.SZ,UNKNOWN,[]
pr7_fact-000911.SZ,pr7_fact,000911.SZ,UNKNOWN,[]
pr7_fact-000912.SZ,pr7_fact,000912.SZ,UNKNOWN,[]
pr7_fact-000913.SZ,pr7_fact,000913.SZ,UNKNOWN,[]
pr7_fact-000915.SZ,pr7_fact,000915.SZ,UNKNOWN,[]
pr7_fact-000916.SZ,pr7_fact,000916.SZ,UNKNOWN,[]
pr7_fact-000917.SZ,pr7_fact,000917.SZ,UNKNOWN,[]
pr7_fact-000918.SZ,pr7_fact,000918.SZ,UNKNOWN,[]
pr7_fact-000919.SZ,pr7_fact,000919.SZ,UNKNOWN,[]
pr7_fact-000920.SZ,pr7_fact,000920.SZ,UNKNOWN,[]
pr7_fact-000921.SZ,pr7_fact,000921.SZ,UNKNOWN,[]
pr7_fact-000922.SZ,pr7_fact,000922.SZ,UNKNOWN,[]
pr7_fact-000923.SZ,pr7_fact,000923.SZ,UNKNOWN,[]
pr7_fact-000925.SZ,pr7_fact,000925.SZ,UNKNOWN,[]
pr7_fact-000926.SZ,pr7_fact,000926.SZ,UNKNOWN,[]
pr7_fact-000927.SZ,pr7_fact,000927.SZ,UNKNOWN,[]
pr7_fact-000928.SZ,pr7_fact,000928.SZ,UNKNOWN,[]
pr7_fact-000930.SZ,pr7_fact,000930.SZ,UNKNOWN,[]
pr7_fact-000931.SZ,pr7_fact,000931.SZ,UNKNOWN,[]
pr7_fact-000932.SZ,pr7_fact,000932.SZ,UNKNOWN,[]
pr7_fact-000933.SZ,pr7_fact,000933.SZ,UNKNOWN,[]
pr7_fact-000935.SZ,pr7_fact,000935.SZ,UNKNOWN,[]
pr7_fact-000936.SZ,pr7_fact,000936.SZ,UNKNOWN,[]
pr7_fact-000937.SZ,pr7_fact,000937.SZ,UNKNOWN,[]
pr7_fact-000938.SZ,pr7_fact,000938.SZ,UNKNOWN,[]
pr7_fact-000939.SZ,pr7_fact,000939.SZ,UNKNOWN,[]
pr7_fact-000948.SZ,pr7_fact,000948.SZ,UNKNOWN,[]
pr7_fact-000949.SZ,pr7_fact,000949.SZ,UNKNOWN,[]
pr7_fact-000950.SZ,pr7_fact,000950.SZ,UNKNOWN,[]
pr7_fact-000951.SZ,pr7_fact,000951.SZ,UNKNOWN,[]
pr7_fact-000952.SZ,pr7_fact,000952.SZ,UNKNOWN,[]
pr7_fact-000957.SZ,pr7_fact,000957.SZ,UNKNOWN,[]
pr7_fact-000958.SZ,pr7_fact,000958.SZ,UNKNOWN,[]
pr7_fact-000959.SZ,pr7_fact,000959.SZ,UNKNOWN,[]
pr7_fact-000960.SZ,pr7_fact,000960.SZ,UNKNOWN,[]
pr7_fact-000961.SZ,pr7_fact,000961.SZ,UNKNOWN,[]
pr7_fact-000962.SZ,pr7_fact,000962.SZ,UNKNOWN,[]
pr7_fact-000963.SZ,pr7_fact,000963.SZ,UNKNOWN,[]
pr7_fact-000965.SZ,pr7_fact,000965.SZ,UNKNOWN,[]
pr7_fact-000966.SZ,pr7_fact,000966.SZ,UNKNOWN,[]
pr7_fact-000967.SZ,pr7_fact,000967.SZ,UNKNOWN,[]
pr7_fact-000968.SZ,pr7_fact,000968.SZ,UNKNOWN,[]
pr7_fact-000969.SZ,pr7_fact,000969.SZ,UNKNOWN,[]
pr7_fact-000970.SZ,pr7_fact,000970.SZ,UNKNOWN,[]
pr7_fact-000971.SZ,pr7_fact,000971.SZ,UNKNOWN,[]
pr7_fact-000972.SZ,pr7_fact,000972.SZ,UNKNOWN,[]
pr7_fact-000973.SZ,pr7_fact,000973.SZ,UNKNOWN,[]
pr7_fact-000975.SZ,pr7_fact,000975.SZ,UNKNOWN,[]
pr7_fact-000976.SZ,pr7_fact,000976.SZ,UNKNOWN,[]
pr7_fact-000977.SZ,pr7_fact,000977.SZ,UNKNOWN,[]
pr7_fact-000978.SZ,pr7_fact,000978.SZ,UNKNOWN,[]
pr7_fact-000979.SZ,pr7_fact,000979.SZ,UNKNOWN,[]
pr7_fact-000980.SZ,pr7_fact,000980.SZ,UNKNOWN,[]
pr7_fact-000981.SZ,pr7_fact,000981.SZ,UNKNOWN,[]
pr7_fact-000982.SZ,pr7_fact,000982.SZ,UNKNOWN,[]
pr7_fact-000983.SZ,pr7_fact,000983.SZ,UNKNOWN,[]
pr7_fact-000987.SZ,pr7_fact,000987.SZ,UNKNOWN,[]
pr7_fact-000988.SZ,pr7_fact,000988.SZ,UNKNOWN,[]
pr7_fact-000989.SZ,pr7_fact,000989.SZ,UNKNOWN,[]
pr7_fact-000990.SZ,pr7_fact,000990.SZ,UNKNOWN,[]
pr7_fact-000993.SZ,pr7_fact,000993.SZ,UNKNOWN,[]
pr7_fact-000996.SZ,pr7_fact,000996.SZ,UNKNOWN,[]
pr7_fact-000997.SZ,pr7_fact,000997.SZ,UNKNOWN,[]
pr7_fact-000998.SZ,pr7_fact,000998.SZ,UNKNOWN,[]
pr7_fact-000999.SZ,pr7_fact,000999.SZ,UNKNOWN,[]
pr7_fact-001203.SZ,pr7_fact,001203.SZ,UNKNOWN,[]
pr7_fact-001213.SZ,pr7_fact,001213.SZ,UNKNOWN,[]
pr7_fact-001221.SZ,pr7_fact,001221.SZ,UNKNOWN,[]
pr7_fact-001227.SZ,pr7_fact,001227.SZ,UNKNOWN,[]
pr7_fact-001233.SZ,pr7_fact,001233.SZ,UNKNOWN,[]
pr7_fact-001236.SZ,pr7_fact,001236.SZ,UNKNOWN,[]
pr7_fact-001258.SZ,pr7_fact,001258.SZ,UNKNOWN,[]
pr7_fact-001267.SZ,pr7_fact,001267.SZ,UNKNOWN,[]
pr7_fact-001269.SZ,pr7_fact,001269.SZ,UNKNOWN,[]
pr7_fact-001270.SZ,pr7_fact,001270.SZ,UNKNOWN,[]
pr7_fact-001280.SZ,pr7_fact,001280.SZ,UNKNOWN,[]
pr7_fact-001286.SZ,pr7_fact,001286.SZ,UNKNOWN,[]
pr7_fact-001287.SZ,pr7_fact,001287.SZ,UNKNOWN,[]
pr7_fact-001289.SZ,pr7_fact,001289.SZ,UNKNOWN,[]
pr7_fact-001301.SZ,pr7_fact,001301.SZ,UNKNOWN,[]
pr7_fact-001308.SZ,pr7_fact,001308.SZ,UNKNOWN,[]
pr7_fact-001309.SZ,pr7_fact,001309.SZ,UNKNOWN,[]
pr7_fact-001311.SZ,pr7_fact,001311.SZ,UNKNOWN,[]
pr7_fact-001322.SZ,pr7_fact,001322.SZ,UNKNOWN,[]
pr7_fact-001323.SZ,pr7_fact,001323.SZ,UNKNOWN,[]
pr7_fact-001337.SZ,pr7_fact,001337.SZ,UNKNOWN,[]
pr7_fact-001338.SZ,pr7_fact,001338.SZ,UNKNOWN,[]
pr7_fact-001339.SZ,pr7_fact,001339.SZ,UNKNOWN,[]
pr7_fact-001356.SZ,pr7_fact,001356.SZ,UNKNOWN,[]
pr7_fact-001359.SZ,pr7_fact,001359.SZ,UNKNOWN,[]
pr7_fact-001369.SZ,pr7_fact,001369.SZ,UNKNOWN,[]
pr7_fact-001376.SZ,pr7_fact,001376.SZ,UNKNOWN,[]
pr7_fact-001382.SZ,pr7_fact,001382.SZ,UNKNOWN,[]
pr7_fact-001386.SZ,pr7_fact,001386.SZ,UNKNOWN,[]
pr7_fact-001389.SZ,pr7_fact,001389.SZ,UNKNOWN,[]
pr7_fact-001391.SZ,pr7_fact,001391.SZ,UNKNOWN,[]
pr7_fact-001696.SZ,pr7_fact,001696.SZ,UNKNOWN,[]
pr7_fact-001872.SZ,pr7_fact,001872.SZ,UNKNOWN,[]
pr7_fact-001896.SZ,pr7_fact,001896.SZ,UNKNOWN,[]
pr7_fact-001914.SZ,pr7_fact,001914.SZ,UNKNOWN,[]
pr7_fact-001965.SZ,pr7_fact,001965.SZ,UNKNOWN,[]
pr7_fact-001979.SZ,pr7_fact,001979.SZ,UNKNOWN,[]
pr7_fact-002001.SZ,pr7_fact,002001.SZ,UNKNOWN,[]
pr7_fact-002002.SZ,pr7_fact,002002.SZ,UNKNOWN,[]
pr7_fact-002003.SZ,pr7_fact,002003.SZ,UNKNOWN,[]
pr7_fact-002004.SZ,pr7_fact,002004.SZ,UNKNOWN,[]
pr7_fact-002005.SZ,pr7_fact,002005.SZ,UNKNOWN,[]
pr7_fact-002006.SZ,pr7_fact,002006.SZ,UNKNOWN,[]
pr7_fact-002007.SZ,pr7_fact,002007.SZ,UNKNOWN,[]
pr7_fact-002008.SZ,pr7_fact,002008.SZ,UNKNOWN,[]
pr7_fact-002009.SZ,pr7_fact,002009.SZ,UNKNOWN,[]
pr7_fact-002010.SZ,pr7_fact,002010.SZ,UNKNOWN,[]
pr7_fact-002011.SZ,pr7_fact,002011.SZ,UNKNOWN,[]
pr7_fact-002012.SZ,pr7_fact,002012.SZ,UNKNOWN,[]
pr7_fact-002013.SZ,pr7_fact,002013.SZ,UNKNOWN,[]
pr7_fact-002014.SZ,pr7_fact,002014.SZ,UNKNOWN,[]
pr7_fact-002015.SZ,pr7_fact,002015.SZ,UNKNOWN,[]
pr7_fact-002016.SZ,pr7_fact,002016.SZ,UNKNOWN,[]
pr7_fact-002017.SZ,pr7_fact,002017.SZ,UNKNOWN,[]
pr7_fact-002018.SZ,pr7_fact,002018.SZ,UNKNOWN,[]
pr7_fact-002019.SZ,pr7_fact,002019.SZ,UNKNOWN,[]
pr7_fact-002020.SZ,pr7_fact,002020.SZ,UNKNOWN,[]
pr7_fact-002021.SZ,pr7_fact,002021.SZ,UNKNOWN,[]
pr7_fact-002022.SZ,pr7_fact,002022.SZ,UNKNOWN,[]
pr7_fact-002023.SZ,pr7_fact,002023.SZ,UNKNOWN,[]
pr7_fact-002024.SZ,pr7_fact,002024.SZ,UNKNOWN,[]
pr7_fact-002025.SZ,pr7_fact,002025.SZ,UNKNOWN,[]
pr7_fact-002027.SZ,pr7_fact,002027.SZ,UNKNOWN,[]
pr7_fact-002028.SZ,pr7_fact,002028.SZ,UNKNOWN,[]
pr7_fact-002029.SZ,pr7_fact,002029.SZ,UNKNOWN,[]
pr7_fact-002030.SZ,pr7_fact,002030.SZ,UNKNOWN,[]
pr7_fact-002031.SZ,pr7_fact,002031.SZ,UNKNOWN,[]
pr7_fact-002032.SZ,pr7_fact,002032.SZ,UNKNOWN,[]
pr7_fact-002033.SZ,pr7_fact,002033.SZ,UNKNOWN,[]
pr7_fact-002034.SZ,pr7_fact,002034.SZ,UNKNOWN,[]
pr7_fact-002035.SZ,pr7_fact,002035.SZ,UNKNOWN,[]
pr7_fact-002036.SZ,pr7_fact,002036.SZ,UNKNOWN,[]
pr7_fact-002037.SZ,pr7_fact,002037.SZ,UNKNOWN,[]
pr7_fact-002038.SZ,pr7_fact,002038.SZ,UNKNOWN,[]
pr7_fact-002039.SZ,pr7_fact,002039.SZ,UNKNOWN,[]
pr7_fact-002040.SZ,pr7_fact,002040.SZ,UNKNOWN,[]
pr7_fact-002041.SZ,pr7_fact,002041.SZ,UNKNOWN,[]
pr7_fact-002042.SZ,pr7_fact,002042.SZ,UNKNOWN,[]
pr7_fact-002043.SZ,pr7_fact,002043.SZ,UNKNOWN,[]
pr7_fact-002044.SZ,pr7_fact,002044.SZ,UNKNOWN,[]
pr7_fact-002045.SZ,pr7_fact,002045.SZ,UNKNOWN,[]
pr7_fact-002046.SZ,pr7_fact,002046.SZ,UNKNOWN,[]
pr7_fact-002047.SZ,pr7_fact,002047.SZ,UNKNOWN,[]
pr7_fact-002048.SZ,pr7_fact,002048.SZ,UNKNOWN,[]
pr7_fact-002049.SZ,pr7_fact,002049.SZ,UNKNOWN,[]
pr7_fact-002050.SZ,pr7_fact,002050.SZ,UNKNOWN,[]
pr7_fact-002051.SZ,pr7_fact,002051.SZ,UNKNOWN,[]
pr7_fact-002052.SZ,pr7_fact,002052.SZ,UNKNOWN,[]
pr7_fact-002053.SZ,pr7_fact,002053.SZ,UNKNOWN,[]
pr7_fact-002054.SZ,pr7_fact,002054.SZ,UNKNOWN,[]
pr7_fact-002055.SZ,pr7_fact,002055.SZ,UNKNOWN,[]
pr7_fact-002056.SZ,pr7_fact,002056.SZ,UNKNOWN,[]
pr7_fact-002059.SZ,pr7_fact,002059.SZ,UNKNOWN,[]
pr7_fact-002060.SZ,pr7_fact,002060.SZ,UNKNOWN,[]
pr7_fact-002061.SZ,pr7_fact,002061.SZ,UNKNOWN,[]
pr7_fact-002062.SZ,pr7_fact,002062.SZ,UNKNOWN,[]
pr7_fact-002063.SZ,pr7_fact,002063.SZ,UNKNOWN,[]
pr7_fact-002064.SZ,pr7_fact,002064.SZ,UNKNOWN,[]
pr7_fact-002065.SZ,pr7_fact,002065.SZ,UNKNOWN,[]
pr7_fact-002067.SZ,pr7_fact,002067.SZ,UNKNOWN,[]
pr7_fact-002068.SZ,pr7_fact,002068.SZ,UNKNOWN,[]
pr7_fact-002069.SZ,pr7_fact,002069.SZ,UNKNOWN,[]
pr7_fact-002070.SZ,pr7_fact,002070.SZ,UNKNOWN,[]
pr7_fact-002071.SZ,pr7_fact,002071.SZ,UNKNOWN,[]
pr7_fact-002073.SZ,pr7_fact,002073.SZ,UNKNOWN,[]
pr7_fact-002074.SZ,pr7_fact,002074.SZ,UNKNOWN,[]
pr7_fact-002075.SZ,pr7_fact,002075.SZ,UNKNOWN,[]
pr7_fact-002076.SZ,pr7_fact,002076.SZ,UNKNOWN,[]
pr7_fact-002077.SZ,pr7_fact,002077.SZ,UNKNOWN,[]
pr7_fact-002078.SZ,pr7_fact,002078.SZ,UNKNOWN,[]
pr7_fact-002079.SZ,pr7_fact,002079.SZ,UNKNOWN,[]
pr7_fact-002080.SZ,pr7_fact,002080.SZ,UNKNOWN,[]
pr7_fact-002081.SZ,pr7_fact,002081.SZ,UNKNOWN,[]
pr7_fact-002083.SZ,pr7_fact,002083.SZ,UNKNOWN,[]
pr7_fact-002084.SZ,pr7_fact,002084.SZ,UNKNOWN,[]
pr7_fact-002085.SZ,pr7_fact,002085.SZ,UNKNOWN,[]
pr7_fact-002086.SZ,pr7_fact,002086.SZ,UNKNOWN,[]
pr7_fact-002088.SZ,pr7_fact,002088.SZ,UNKNOWN,[]
pr7_fact-002089.SZ,pr7_fact,002089.SZ,UNKNOWN,[]
pr7_fact-002090.SZ,pr7_fact,002090.SZ,UNKNOWN,[]
pr7_fact-002091.SZ,pr7_fact,002091.SZ,UNKNOWN,[]
pr7_fact-002092.SZ,pr7_fact,002092.SZ,UNKNOWN,[]
pr7_fact-002093.SZ,pr7_fact,002093.SZ,UNKNOWN,[]
pr7_fact-002094.SZ,pr7_fact,002094.SZ,UNKNOWN,[]
pr7_fact-002095.SZ,pr7_fact,002095.SZ,UNKNOWN,[]
pr7_fact-002096.SZ,pr7_fact,002096.SZ,UNKNOWN,[]
pr7_fact-002097.SZ,pr7_fact,002097.SZ,UNKNOWN,[]
pr7_fact-002098.SZ,pr7_fact,002098.SZ,UNKNOWN,[]
pr7_fact-002099.SZ,pr7_fact,002099.SZ,UNKNOWN,[]
pr7_fact-002100.SZ,pr7_fact,002100.SZ,UNKNOWN,[]
pr7_fact-002101.SZ,pr7_fact,002101.SZ,UNKNOWN,[]
pr7_fact-002102.SZ,pr7_fact,002102.SZ,UNKNOWN,[]
pr7_fact-002103.SZ,pr7_fact,002103.SZ,UNKNOWN,[]
pr7_fact-002104.SZ,pr7_fact,002104.SZ,UNKNOWN,[]
pr7_fact-002105.SZ,pr7_fact,002105.SZ,UNKNOWN,[]
pr7_fact-002106.SZ,pr7_fact,002106.SZ,UNKNOWN,[]
pr7_fact-002107.SZ,pr7_fact,002107.SZ,UNKNOWN,[]
pr7_fact-002108.SZ,pr7_fact,002108.SZ,UNKNOWN,[]
pr7_fact-002109.SZ,pr7_fact,002109.SZ,UNKNOWN,[]
pr7_fact-002110.SZ,pr7_fact,002110.SZ,UNKNOWN,[]
pr7_fact-002111.SZ,pr7_fact,002111.SZ,UNKNOWN,[]
pr7_fact-002113.SZ,pr7_fact,002113.SZ,UNKNOWN,[]
pr7_fact-002114.SZ,pr7_fact,002114.SZ,UNKNOWN,[]
pr7_fact-002115.SZ,pr7_fact,002115.SZ,UNKNOWN,[]
pr7_fact-002116.SZ,pr7_fact,002116.SZ,UNKNOWN,[]
pr7_fact-002117.SZ,pr7_fact,002117.SZ,UNKNOWN,[]
pr7_fact-002118.SZ,pr7_fact,002118.SZ,UNKNOWN,[]
pr7_fact-002120.SZ,pr7_fact,002120.SZ,UNKNOWN,[]
pr7_fact-002121.SZ,pr7_fact,002121.SZ,UNKNOWN,[]
pr7_fact-002122.SZ,pr7_fact,002122.SZ,UNKNOWN,[]
pr7_fact-002123.SZ,pr7_fact,002123.SZ,UNKNOWN,[]
pr7_fact-002124.SZ,pr7_fact,002124.SZ,UNKNOWN,[]
pr7_fact-002125.SZ,pr7_fact,002125.SZ,UNKNOWN,[]
pr7_fact-002126.SZ,pr7_fact,002126.SZ,UNKNOWN,[]
pr7_fact-002127.SZ,pr7_fact,002127.SZ,UNKNOWN,[]
pr7_fact-002128.SZ,pr7_fact,002128.SZ,UNKNOWN,[]
pr7_fact-002129.SZ,pr7_fact,002129.SZ,UNKNOWN,[]
pr7_fact-002130.SZ,pr7_fact,002130.SZ,UNKNOWN,[]
pr7_fact-002131.SZ,pr7_fact,002131.SZ,UNKNOWN,[]
pr7_fact-002133.SZ,pr7_fact,002133.SZ,UNKNOWN,[]
pr7_fact-002135.SZ,pr7_fact,002135.SZ,UNKNOWN,[]
pr7_fact-002137.SZ,pr7_fact,002137.SZ,UNKNOWN,[]
pr7_fact-002138.SZ,pr7_fact,002138.SZ,UNKNOWN,[]
pr7_fact-002139.SZ,pr7_fact,002139.SZ,UNKNOWN,[]
pr7_fact-002140.SZ,pr7_fact,002140.SZ,UNKNOWN,[]
pr7_fact-002141.SZ,pr7_fact,002141.SZ,UNKNOWN,[]
pr7_fact-002142.SZ,pr7_fact,002142.SZ,UNKNOWN,[]
pr7_fact-002143.SZ,pr7_fact,002143.SZ,UNKNOWN,[]
pr7_fact-002144.SZ,pr7_fact,002144.SZ,UNKNOWN,[]
pr7_fact-002145.SZ,pr7_fact,002145.SZ,UNKNOWN,[]
pr7_fact-002146.SZ,pr7_fact,002146.SZ,UNKNOWN,[]
pr7_fact-002147.SZ,pr7_fact,002147.SZ,UNKNOWN,[]
pr7_fact-002148.SZ,pr7_fact,002148.SZ,UNKNOWN,[]
pr7_fact-002149.SZ,pr7_fact,002149.SZ,UNKNOWN,[]
pr7_fact-002151.SZ,pr7_fact,002151.SZ,UNKNOWN,[]
pr7_fact-002152.SZ,pr7_fact,002152.SZ,UNKNOWN,[]
pr7_fact-002153.SZ,pr7_fact,002153.SZ,UNKNOWN,[]
pr7_fact-002154.SZ,pr7_fact,002154.SZ,UNKNOWN,[]
pr7_fact-002155.SZ,pr7_fact,002155.SZ,UNKNOWN,[]
pr7_fact-002156.SZ,pr7_fact,002156.SZ,UNKNOWN,[]
pr7_fact-002157.SZ,pr7_fact,002157.SZ,UNKNOWN,[]
pr7_fact-002158.SZ,pr7_fact,002158.SZ,UNKNOWN,[]
pr7_fact-002161.SZ,pr7_fact,002161.SZ,UNKNOWN,[]
pr7_fact-002162.SZ,pr7_fact,002162.SZ,UNKNOWN,[]
pr7_fact-002163.SZ,pr7_fact,002163.SZ,UNKNOWN,[]
pr7_fact-002165.SZ,pr7_fact,002165.SZ,UNKNOWN,[]
pr7_fact-002166.SZ,pr7_fact,002166.SZ,UNKNOWN,[]
pr7_fact-002167.SZ,pr7_fact,002167.SZ,UNKNOWN,[]
pr7_fact-002168.SZ,pr7_fact,002168.SZ,UNKNOWN,[]
pr7_fact-002170.SZ,pr7_fact,002170.SZ,UNKNOWN,[]
pr7_fact-002171.SZ,pr7_fact,002171.SZ,UNKNOWN,[]
pr7_fact-002172.SZ,pr7_fact,002172.SZ,UNKNOWN,[]
pr7_fact-002174.SZ,pr7_fact,002174.SZ,UNKNOWN,[]
pr7_fact-002175.SZ,pr7_fact,002175.SZ,UNKNOWN,[]
pr7_fact-002176.SZ,pr7_fact,002176.SZ,UNKNOWN,[]
pr7_fact-002177.SZ,pr7_fact,002177.SZ,UNKNOWN,[]
pr7_fact-002178.SZ,pr7_fact,002178.SZ,UNKNOWN,[]
pr7_fact-002179.SZ,pr7_fact,002179.SZ,UNKNOWN,[]
pr7_fact-002180.SZ,pr7_fact,002180.SZ,UNKNOWN,[]
pr7_fact-002181.SZ,pr7_fact,002181.SZ,UNKNOWN,[]
pr7_fact-002182.SZ,pr7_fact,002182.SZ,UNKNOWN,[]
pr7_fact-002183.SZ,pr7_fact,002183.SZ,UNKNOWN,[]
pr7_fact-002184.SZ,pr7_fact,002184.SZ,UNKNOWN,[]
pr7_fact-002185.SZ,pr7_fact,002185.SZ,UNKNOWN,[]
pr7_fact-002186.SZ,pr7_fact,002186.SZ,UNKNOWN,[]
pr7_fact-002187.SZ,pr7_fact,002187.SZ,UNKNOWN,[]
pr7_fact-002188.SZ,pr7_fact,002188.SZ,UNKNOWN,[]
pr7_fact-002190.SZ,pr7_fact,002190.SZ,UNKNOWN,[]
pr7_fact-002191.SZ,pr7_fact,002191.SZ,UNKNOWN,[]
pr7_fact-002192.SZ,pr7_fact,002192.SZ,UNKNOWN,[]
pr7_fact-002194.SZ,pr7_fact,002194.SZ,UNKNOWN,[]
pr7_fact-002195.SZ,pr7_fact,002195.SZ,UNKNOWN,[]
pr7_fact-002196.SZ,pr7_fact,002196.SZ,UNKNOWN,[]
pr7_fact-002197.SZ,pr7_fact,002197.SZ,UNKNOWN,[]
pr7_fact-002198.SZ,pr7_fact,002198.SZ,UNKNOWN,[]
pr7_fact-002199.SZ,pr7_fact,002199.SZ,UNKNOWN,[]
pr7_fact-002200.SZ,pr7_fact,002200.SZ,UNKNOWN,[]
pr7_fact-002201.SZ,pr7_fact,002201.SZ,UNKNOWN,[]
pr7_fact-002202.SZ,pr7_fact,002202.SZ,UNKNOWN,[]
pr7_fact-002203.SZ,pr7_fact,002203.SZ,UNKNOWN,[]
pr7_fact-002204.SZ,pr7_fact,002204.SZ,UNKNOWN,[]
pr7_fact-002206.SZ,pr7_fact,002206.SZ,UNKNOWN,[]
pr7_fact-002207.SZ,pr7_fact,002207.SZ,UNKNOWN,[]
pr7_fact-002210.SZ,pr7_fact,002210.SZ,UNKNOWN,[]
pr7_fact-002211.SZ,pr7_fact,002211.SZ,UNKNOWN,[]
pr7_fact-002212.SZ,pr7_fact,002212.SZ,UNKNOWN,[]
pr7_fact-002213.SZ,pr7_fact,002213.SZ,UNKNOWN,[]
pr7_fact-002214.SZ,pr7_fact,002214.SZ,UNKNOWN,[]
pr7_fact-002215.SZ,pr7_fact,002215.SZ,UNKNOWN,[]
pr7_fact-002216.SZ,pr7_fact,002216.SZ,UNKNOWN,[]
pr7_fact-002217.SZ,pr7_fact,002217.SZ,UNKNOWN,[]
pr7_fact-002218.SZ,pr7_fact,002218.SZ,UNKNOWN,[]
pr7_fact-002219.SZ,pr7_fact,002219.SZ,UNKNOWN,[]
pr7_fact-002221.SZ,pr7_fact,002221.SZ,UNKNOWN,[]
pr7_fact-002222.SZ,pr7_fact,002222.SZ,UNKNOWN,[]
pr7_fact-002223.SZ,pr7_fact,002223.SZ,UNKNOWN,[]
pr7_fact-002224.SZ,pr7_fact,002224.SZ,UNKNOWN,[]
pr7_fact-002225.SZ,pr7_fact,002225.SZ,UNKNOWN,[]
pr7_fact-002226.SZ,pr7_fact,002226.SZ,UNKNOWN,[]
pr7_fact-002227.SZ,pr7_fact,002227.SZ,UNKNOWN,[]
pr7_fact-002228.SZ,pr7_fact,002228.SZ,UNKNOWN,[]
pr7_fact-002229.SZ,pr7_fact,002229.SZ,UNKNOWN,[]
pr7_fact-002230.SZ,pr7_fact,002230.SZ,UNKNOWN,[]
pr7_fact-002231.SZ,pr7_fact,002231.SZ,UNKNOWN,[]
pr7_fact-002232.SZ,pr7_fact,002232.SZ,UNKNOWN,[]
pr7_fact-002233.SZ,pr7_fact,002233.SZ,UNKNOWN,[]
pr7_fact-002234.SZ,pr7_fact,002234.SZ,UNKNOWN,[]
pr7_fact-002235.SZ,pr7_fact,002235.SZ,UNKNOWN,[]
pr7_fact-002236.SZ,pr7_fact,002236.SZ,UNKNOWN,[]
pr7_fact-002237.SZ,pr7_fact,002237.SZ,UNKNOWN,[]
pr7_fact-002238.SZ,pr7_fact,002238.SZ,UNKNOWN,[]
pr7_fact-002239.SZ,pr7_fact,002239.SZ,UNKNOWN,[]
pr7_fact-002240.SZ,pr7_fact,002240.SZ,UNKNOWN,[]
pr7_fact-002241.SZ,pr7_fact,002241.SZ,UNKNOWN,[]
pr7_fact-002242.SZ,pr7_fact,002242.SZ,UNKNOWN,[]
pr7_fact-002243.SZ,pr7_fact,002243.SZ,UNKNOWN,[]
pr7_fact-002244.SZ,pr7_fact,002244.SZ,UNKNOWN,[]
pr7_fact-002245.SZ,pr7_fact,002245.SZ,UNKNOWN,[]
pr7_fact-002246.SZ,pr7_fact,002246.SZ,UNKNOWN,[]
pr7_fact-002247.SZ,pr7_fact,002247.SZ,UNKNOWN,[]
pr7_fact-002249.SZ,pr7_fact,002249.SZ,UNKNOWN,[]
pr7_fact-002250.SZ,pr7_fact,002250.SZ,UNKNOWN,[]
pr7_fact-002251.SZ,pr7_fact,002251.SZ,UNKNOWN,[]
pr7_fact-002252.SZ,pr7_fact,002252.SZ,UNKNOWN,[]
pr7_fact-002253.SZ,pr7_fact,002253.SZ,UNKNOWN,[]
pr7_fact-002254.SZ,pr7_fact,002254.SZ,UNKNOWN,[]
pr7_fact-002255.SZ,pr7_fact,002255.SZ,UNKNOWN,[]
pr7_fact-002256.SZ,pr7_fact,002256.SZ,UNKNOWN,[]
pr7_fact-002258.SZ,pr7_fact,002258.SZ,UNKNOWN,[]
pr7_fact-002259.SZ,pr7_fact,002259.SZ,UNKNOWN,[]
pr7_fact-002260.SZ,pr7_fact,002260.SZ,UNKNOWN,[]
pr7_fact-002261.SZ,pr7_fact,002261.SZ,UNKNOWN,[]
pr7_fact-002262.SZ,pr7_fact,002262.SZ,UNKNOWN,[]
pr7_fact-002263.SZ,pr7_fact,002263.SZ,UNKNOWN,[]
pr7_fact-002264.SZ,pr7_fact,002264.SZ,UNKNOWN,[]
pr7_fact-002265.SZ,pr7_fact,002265.SZ,UNKNOWN,[]
pr7_fact-002266.SZ,pr7_fact,002266.SZ,UNKNOWN,[]
pr7_fact-002267.SZ,pr7_fact,002267.SZ,UNKNOWN,[]
pr7_fact-002268.SZ,pr7_fact,002268.SZ,UNKNOWN,[]
pr7_fact-002269.SZ,pr7_fact,002269.SZ,UNKNOWN,[]
pr7_fact-002270.SZ,pr7_fact,002270.SZ,UNKNOWN,[]
pr7_fact-002271.SZ,pr7_fact,002271.SZ,UNKNOWN,[]
pr7_fact-002272.SZ,pr7_fact,002272.SZ,UNKNOWN,[]
pr7_fact-002273.SZ,pr7_fact,002273.SZ,UNKNOWN,[]
pr7_fact-002274.SZ,pr7_fact,002274.SZ,UNKNOWN,[]
pr7_fact-002275.SZ,pr7_fact,002275.SZ,UNKNOWN,[]
pr7_fact-002276.SZ,pr7_fact,002276.SZ,UNKNOWN,[]
pr7_fact-002277.SZ,pr7_fact,002277.SZ,UNKNOWN,[]
pr7_fact-002278.SZ,pr7_fact,002278.SZ,UNKNOWN,[]
pr7_fact-002279.SZ,pr7_fact,002279.SZ,UNKNOWN,[]
pr7_fact-002280.SZ,pr7_fact,002280.SZ,UNKNOWN,[]
pr7_fact-002281.SZ,pr7_fact,002281.SZ,UNKNOWN,[]
pr7_fact-002283.SZ,pr7_fact,002283.SZ,UNKNOWN,[]
pr7_fact-002284.SZ,pr7_fact,002284.SZ,UNKNOWN,[]
pr7_fact-002285.SZ,pr7_fact,002285.SZ,UNKNOWN,[]
pr7_fact-002286.SZ,pr7_fact,002286.SZ,UNKNOWN,[]
pr7_fact-002287.SZ,pr7_fact,002287.SZ,UNKNOWN,[]
pr7_fact-002288.SZ,pr7_fact,002288.SZ,UNKNOWN,[]
pr7_fact-002289.SZ,pr7_fact,002289.SZ,UNKNOWN,[]
pr7_fact-002290.SZ,pr7_fact,002290.SZ,UNKNOWN,[]
pr7_fact-002291.SZ,pr7_fact,002291.SZ,UNKNOWN,[]
pr7_fact-002292.SZ,pr7_fact,002292.SZ,UNKNOWN,[]
pr7_fact-002293.SZ,pr7_fact,002293.SZ,UNKNOWN,[]
pr7_fact-002294.SZ,pr7_fact,002294.SZ,UNKNOWN,[]
pr7_fact-002296.SZ,pr7_fact,002296.SZ,UNKNOWN,[]
pr7_fact-002297.SZ,pr7_fact,002297.SZ,UNKNOWN,[]
pr7_fact-002298.SZ,pr7_fact,002298.SZ,UNKNOWN,[]
pr7_fact-002299.SZ,pr7_fact,002299.SZ,UNKNOWN,[]
pr7_fact-002300.SZ,pr7_fact,002300.SZ,UNKNOWN,[]
pr7_fact-002301.SZ,pr7_fact,002301.SZ,UNKNOWN,[]
pr7_fact-002302.SZ,pr7_fact,002302.SZ,UNKNOWN,[]
pr7_fact-002303.SZ,pr7_fact,002303.SZ,UNKNOWN,[]
pr7_fact-002304.SZ,pr7_fact,002304.SZ,UNKNOWN,[]
pr7_fact-002305.SZ,pr7_fact,002305.SZ,UNKNOWN,[]
pr7_fact-002306.SZ,pr7_fact,002306.SZ,UNKNOWN,[]
pr7_fact-002307.SZ,pr7_fact,002307.SZ,UNKNOWN,[]
pr7_fact-002308.SZ,pr7_fact,002308.SZ,UNKNOWN,[]
pr7_fact-002309.SZ,pr7_fact,002309.SZ,UNKNOWN,[]
pr7_fact-002310.SZ,pr7_fact,002310.SZ,UNKNOWN,[]
pr7_fact-002311.SZ,pr7_fact,002311.SZ,UNKNOWN,[]
pr7_fact-002312.SZ,pr7_fact,002312.SZ,UNKNOWN,[]
pr7_fact-002313.SZ,pr7_fact,002313.SZ,UNKNOWN,[]
pr7_fact-002314.SZ,pr7_fact,002314.SZ,UNKNOWN,[]
pr7_fact-002315.SZ,pr7_fact,002315.SZ,UNKNOWN,[]
pr7_fact-002316.SZ,pr7_fact,002316.SZ,UNKNOWN,[]
pr7_fact-002317.SZ,pr7_fact,002317.SZ,UNKNOWN,[]
pr7_fact-002318.SZ,pr7_fact,002318.SZ,UNKNOWN,[]
pr7_fact-002320.SZ,pr7_fact,002320.SZ,UNKNOWN,[]
pr7_fact-002321.SZ,pr7_fact,002321.SZ,UNKNOWN,[]
pr7_fact-002322.SZ,pr7_fact,002322.SZ,UNKNOWN,[]
pr7_fact-002323.SZ,pr7_fact,002323.SZ,UNKNOWN,[]
pr7_fact-002324.SZ,pr7_fact,002324.SZ,UNKNOWN,[]
pr7_fact-002325.SZ,pr7_fact,002325.SZ,UNKNOWN,[]
pr7_fact-002326.SZ,pr7_fact,002326.SZ,UNKNOWN,[]
pr7_fact-002327.SZ,pr7_fact,002327.SZ,UNKNOWN,[]
pr7_fact-002328.SZ,pr7_fact,002328.SZ,UNKNOWN,[]
pr7_fact-002329.SZ,pr7_fact,002329.SZ,UNKNOWN,[]
pr7_fact-002330.SZ,pr7_fact,002330.SZ,UNKNOWN,[]
pr7_fact-002331.SZ,pr7_fact,002331.SZ,UNKNOWN,[]
pr7_fact-002332.SZ,pr7_fact,002332.SZ,UNKNOWN,[]
pr7_fact-002334.SZ,pr7_fact,002334.SZ,UNKNOWN,[]
pr7_fact-002335.SZ,pr7_fact,002335.SZ,UNKNOWN,[]
pr7_fact-002336.SZ,pr7_fact,002336.SZ,UNKNOWN,[]
pr7_fact-002337.SZ,pr7_fact,002337.SZ,UNKNOWN,[]
pr7_fact-002338.SZ,pr7_fact,002338.SZ,UNKNOWN,[]
pr7_fact-002339.SZ,pr7_fact,002339.SZ,UNKNOWN,[]
pr7_fact-002340.SZ,pr7_fact,002340.SZ,UNKNOWN,[]
pr7_fact-002341.SZ,pr7_fact,002341.SZ,UNKNOWN,[]
pr7_fact-002342.SZ,pr7_fact,002342.SZ,UNKNOWN,[]
pr7_fact-002343.SZ,pr7_fact,002343.SZ,UNKNOWN,[]
pr7_fact-002344.SZ,pr7_fact,002344.SZ,UNKNOWN,[]
pr7_fact-002345.SZ,pr7_fact,002345.SZ,UNKNOWN,[]
pr7_fact-002346.SZ,pr7_fact,002346.SZ,UNKNOWN,[]
pr7_fact-002348.SZ,pr7_fact,002348.SZ,UNKNOWN,[]
pr7_fact-002349.SZ,pr7_fact,002349.SZ,UNKNOWN,[]
pr7_fact-002350.SZ,pr7_fact,002350.SZ,UNKNOWN,[]
pr7_fact-002351.SZ,pr7_fact,002351.SZ,UNKNOWN,[]
pr7_fact-002352.SZ,pr7_fact,002352.SZ,UNKNOWN,[]
pr7_fact-002353.SZ,pr7_fact,002353.SZ,UNKNOWN,[]
pr7_fact-002354.SZ,pr7_fact,002354.SZ,UNKNOWN,[]
pr7_fact-002355.SZ,pr7_fact,002355.SZ,UNKNOWN,[]
pr7_fact-002356.SZ,pr7_fact,002356.SZ,UNKNOWN,[]
pr7_fact-002358.SZ,pr7_fact,002358.SZ,UNKNOWN,[]
pr7_fact-002359.SZ,pr7_fact,002359.SZ,UNKNOWN,[]
pr7_fact-002360.SZ,pr7_fact,002360.SZ,UNKNOWN,[]
pr7_fact-002361.SZ,pr7_fact,002361.SZ,UNKNOWN,[]
pr7_fact-002362.SZ,pr7_fact,002362.SZ,UNKNOWN,[]
pr7_fact-002363.SZ,pr7_fact,002363.SZ,UNKNOWN,[]
pr7_fact-002364.SZ,pr7_fact,002364.SZ,UNKNOWN,[]
pr7_fact-002366.SZ,pr7_fact,002366.SZ,UNKNOWN,[]
pr7_fact-002367.SZ,pr7_fact,002367.SZ,UNKNOWN,[]
pr7_fact-002368.SZ,pr7_fact,002368.SZ,UNKNOWN,[]
pr7_fact-002369.SZ,pr7_fact,002369.SZ,UNKNOWN,[]
pr7_fact-002370.SZ,pr7_fact,002370.SZ,UNKNOWN,[]
pr7_fact-002371.SZ,pr7_fact,002371.SZ,UNKNOWN,[]
pr7_fact-002372.SZ,pr7_fact,002372.SZ,UNKNOWN,[]
pr7_fact-002373.SZ,pr7_fact,002373.SZ,UNKNOWN,[]
pr7_fact-002375.SZ,pr7_fact,002375.SZ,UNKNOWN,[]
pr7_fact-002376.SZ,pr7_fact,002376.SZ,UNKNOWN,[]
pr7_fact-002377.SZ,pr7_fact,002377.SZ,UNKNOWN,[]
pr7_fact-002378.SZ,pr7_fact,002378.SZ,UNKNOWN,[]
pr7_fact-002379.SZ,pr7_fact,002379.SZ,UNKNOWN,[]
pr7_fact-002380.SZ,pr7_fact,002380.SZ,UNKNOWN,[]
pr7_fact-002381.SZ,pr7_fact,002381.SZ,UNKNOWN,[]
pr7_fact-002382.SZ,pr7_fact,002382.SZ,UNKNOWN,[]
pr7_fact-002383.SZ,pr7_fact,002383.SZ,UNKNOWN,[]
pr7_fact-002384.SZ,pr7_fact,002384.SZ,UNKNOWN,[]
pr7_fact-002385.SZ,pr7_fact,002385.SZ,UNKNOWN,[]
pr7_fact-002386.SZ,pr7_fact,002386.SZ,UNKNOWN,[]
pr7_fact-002387.SZ,pr7_fact,002387.SZ,UNKNOWN,[]
pr7_fact-002388.SZ,pr7_fact,002388.SZ,UNKNOWN,[]
pr7_fact-002389.SZ,pr7_fact,002389.SZ,UNKNOWN,[]
pr7_fact-002390.SZ,pr7_fact,002390.SZ,UNKNOWN,[]
pr7_fact-002391.SZ,pr7_fact,002391.SZ,UNKNOWN,[]
pr7_fact-002392.SZ,pr7_fact,002392.SZ,UNKNOWN,[]
pr7_fact-002393.SZ,pr7_fact,002393.SZ,UNKNOWN,[]
pr7_fact-002394.SZ,pr7_fact,002394.SZ,UNKNOWN,[]
pr7_fact-002396.SZ,pr7_fact,002396.SZ,UNKNOWN,[]
pr7_fact-002398.SZ,pr7_fact,002398.SZ,UNKNOWN,[]
pr7_fact-002399.SZ,pr7_fact,002399.SZ,UNKNOWN,[]
pr7_fact-002400.SZ,pr7_fact,002400.SZ,UNKNOWN,[]
pr7_fact-002401.SZ,pr7_fact,002401.SZ,UNKNOWN,[]
pr7_fact-002402.SZ,pr7_fact,002402.SZ,UNKNOWN,[]
pr7_fact-002405.SZ,pr7_fact,002405.SZ,UNKNOWN,[]
pr7_fact-002406.SZ,pr7_fact,002406.SZ,UNKNOWN,[]
pr7_fact-002407.SZ,pr7_fact,002407.SZ,UNKNOWN,[]
pr7_fact-002408.SZ,pr7_fact,002408.SZ,UNKNOWN,[]
pr7_fact-002409.SZ,pr7_fact,002409.SZ,UNKNOWN,[]
pr7_fact-002410.SZ,pr7_fact,002410.SZ,UNKNOWN,[]
pr7_fact-002411.SZ,pr7_fact,002411.SZ,UNKNOWN,[]
pr7_fact-002412.SZ,pr7_fact,002412.SZ,UNKNOWN,[]
pr7_fact-002413.SZ,pr7_fact,002413.SZ,UNKNOWN,[]
pr7_fact-002414.SZ,pr7_fact,002414.SZ,UNKNOWN,[]
pr7_fact-002415.SZ,pr7_fact,002415.SZ,UNKNOWN,[]
pr7_fact-002416.SZ,pr7_fact,002416.SZ,UNKNOWN,[]
pr7_fact-002417.SZ,pr7_fact,002417.SZ,UNKNOWN,[]
pr7_fact-002418.SZ,pr7_fact,002418.SZ,UNKNOWN,[]
pr7_fact-002419.SZ,pr7_fact,002419.SZ,UNKNOWN,[]
pr7_fact-002421.SZ,pr7_fact,002421.SZ,UNKNOWN,[]
pr7_fact-002422.SZ,pr7_fact,002422.SZ,UNKNOWN,[]
pr7_fact-002423.SZ,pr7_fact,002423.SZ,UNKNOWN,[]
pr7_fact-002424.SZ,pr7_fact,002424.SZ,UNKNOWN,[]
pr7_fact-002425.SZ,pr7_fact,002425.SZ,UNKNOWN,[]
pr7_fact-002426.SZ,pr7_fact,002426.SZ,UNKNOWN,[]
pr7_fact-002427.SZ,pr7_fact,002427.SZ,UNKNOWN,[]
pr7_fact-002428.SZ,pr7_fact,002428.SZ,UNKNOWN,[]
pr7_fact-002429.SZ,pr7_fact,002429.SZ,UNKNOWN,[]
pr7_fact-002430.SZ,pr7_fact,002430.SZ,UNKNOWN,[]
pr7_fact-002431.SZ,pr7_fact,002431.SZ,UNKNOWN,[]
pr7_fact-002432.SZ,pr7_fact,002432.SZ,UNKNOWN,[]
pr7_fact-002433.SZ,pr7_fact,002433.SZ,UNKNOWN,[]
pr7_fact-002434.SZ,pr7_fact,002434.SZ,UNKNOWN,[]
pr7_fact-002435.SZ,pr7_fact,002435.SZ,UNKNOWN,[]
pr7_fact-002436.SZ,pr7_fact,002436.SZ,UNKNOWN,[]
pr7_fact-002437.SZ,pr7_fact,002437.SZ,UNKNOWN,[]
pr7_fact-002438.SZ,pr7_fact,002438.SZ,UNKNOWN,[]
pr7_fact-002439.SZ,pr7_fact,002439.SZ,UNKNOWN,[]
pr7_fact-002440.SZ,pr7_fact,002440.SZ,UNKNOWN,[]
pr7_fact-002441.SZ,pr7_fact,002441.SZ,UNKNOWN,[]
pr7_fact-002443.SZ,pr7_fact,002443.SZ,UNKNOWN,[]
pr7_fact-002444.SZ,pr7_fact,002444.SZ,UNKNOWN,[]
pr7_fact-002445.SZ,pr7_fact,002445.SZ,UNKNOWN,[]
pr7_fact-002446.SZ,pr7_fact,002446.SZ,UNKNOWN,[]
pr7_fact-002447.SZ,pr7_fact,002447.SZ,UNKNOWN,[]
pr7_fact-002448.SZ,pr7_fact,002448.SZ,UNKNOWN,[]
pr7_fact-002449.SZ,pr7_fact,002449.SZ,UNKNOWN,[]
pr7_fact-002450.SZ,pr7_fact,002450.SZ,UNKNOWN,[]
pr7_fact-002451.SZ,pr7_fact,002451.SZ,UNKNOWN,[]
pr7_fact-002452.SZ,pr7_fact,002452.SZ,UNKNOWN,[]
pr7_fact-002453.SZ,pr7_fact,002453.SZ,UNKNOWN,[]
pr7_fact-002454.SZ,pr7_fact,002454.SZ,UNKNOWN,[]
pr7_fact-002456.SZ,pr7_fact,002456.SZ,UNKNOWN,[]
pr7_fact-002457.SZ,pr7_fact,002457.SZ,UNKNOWN,[]
pr7_fact-002458.SZ,pr7_fact,002458.SZ,UNKNOWN,[]
pr7_fact-002459.SZ,pr7_fact,002459.SZ,UNKNOWN,[]
pr7_fact-002460.SZ,pr7_fact,002460.SZ,UNKNOWN,[]
pr7_fact-002461.SZ,pr7_fact,002461.SZ,UNKNOWN,[]
pr7_fact-002462.SZ,pr7_fact,002462.SZ,UNKNOWN,[]
pr7_fact-002463.SZ,pr7_fact,002463.SZ,UNKNOWN,[]
pr7_fact-002464.SZ,pr7_fact,002464.SZ,UNKNOWN,[]
pr7_fact-002465.SZ,pr7_fact,002465.SZ,UNKNOWN,[]
pr7_fact-002466.SZ,pr7_fact,002466.SZ,UNKNOWN,[]
pr7_fact-002467.SZ,pr7_fact,002467.SZ,UNKNOWN,[]
pr7_fact-002468.SZ,pr7_fact,002468.SZ,UNKNOWN,[]
pr7_fact-002469.SZ,pr7_fact,002469.SZ,UNKNOWN,[]
pr7_fact-002470.SZ,pr7_fact,002470.SZ,UNKNOWN,[]
pr7_fact-002471.SZ,pr7_fact,002471.SZ,UNKNOWN,[]
pr7_fact-002472.SZ,pr7_fact,002472.SZ,UNKNOWN,[]
pr7_fact-002473.SZ,pr7_fact,002473.SZ,UNKNOWN,[]
pr7_fact-002474.SZ,pr7_fact,002474.SZ,UNKNOWN,[]
pr7_fact-002475.SZ,pr7_fact,002475.SZ,UNKNOWN,[]
pr7_fact-002476.SZ,pr7_fact,002476.SZ,UNKNOWN,[]
pr7_fact-002477.SZ,pr7_fact,002477.SZ,UNKNOWN,[]
pr7_fact-002478.SZ,pr7_fact,002478.SZ,UNKNOWN,[]
pr7_fact-002479.SZ,pr7_fact,002479.SZ,UNKNOWN,[]
pr7_fact-002480.SZ,pr7_fact,002480.SZ,UNKNOWN,[]
pr7_fact-002481.SZ,pr7_fact,002481.SZ,UNKNOWN,[]
pr7_fact-002482.SZ,pr7_fact,002482.SZ,UNKNOWN,[]
pr7_fact-002483.SZ,pr7_fact,002483.SZ,UNKNOWN,[]
pr7_fact-002484.SZ,pr7_fact,002484.SZ,UNKNOWN,[]
pr7_fact-002485.SZ,pr7_fact,002485.SZ,UNKNOWN,[]
pr7_fact-002486.SZ,pr7_fact,002486.SZ,UNKNOWN,[]
pr7_fact-002487.SZ,pr7_fact,002487.SZ,UNKNOWN,[]
pr7_fact-002488.SZ,pr7_fact,002488.SZ,UNKNOWN,[]
pr7_fact-002489.SZ,pr7_fact,002489.SZ,UNKNOWN,[]
pr7_fact-002490.SZ,pr7_fact,002490.SZ,UNKNOWN,[]
pr7_fact-002491.SZ,pr7_fact,002491.SZ,UNKNOWN,[]
pr7_fact-002492.SZ,pr7_fact,002492.SZ,UNKNOWN,[]
pr7_fact-002493.SZ,pr7_fact,002493.SZ,UNKNOWN,[]
pr7_fact-002494.SZ,pr7_fact,002494.SZ,UNKNOWN,[]
pr7_fact-002496.SZ,pr7_fact,002496.SZ,UNKNOWN,[]
pr7_fact-002497.SZ,pr7_fact,002497.SZ,UNKNOWN,[]
pr7_fact-002498.SZ,pr7_fact,002498.SZ,UNKNOWN,[]
pr7_fact-002499.SZ,pr7_fact,002499.SZ,UNKNOWN,[]
pr7_fact-002500.SZ,pr7_fact,002500.SZ,UNKNOWN,[]
pr7_fact-002501.SZ,pr7_fact,002501.SZ,UNKNOWN,[]
pr7_fact-002502.SZ,pr7_fact,002502.SZ,UNKNOWN,[]
pr7_fact-002503.SZ,pr7_fact,002503.SZ,UNKNOWN,[]
pr7_fact-002504.SZ,pr7_fact,002504.SZ,UNKNOWN,[]
pr7_fact-002505.SZ,pr7_fact,002505.SZ,UNKNOWN,[]
pr7_fact-002506.SZ,pr7_fact,002506.SZ,UNKNOWN,[]
pr7_fact-002507.SZ,pr7_fact,002507.SZ,UNKNOWN,[]
pr7_fact-002508.SZ,pr7_fact,002508.SZ,UNKNOWN,[]
pr7_fact-002509.SZ,pr7_fact,002509.SZ,UNKNOWN,[]
pr7_fact-002510.SZ,pr7_fact,002510.SZ,UNKNOWN,[]
pr7_fact-002511.SZ,pr7_fact,002511.SZ,UNKNOWN,[]
pr7_fact-002512.SZ,pr7_fact,002512.SZ,UNKNOWN,[]
pr7_fact-002514.SZ,pr7_fact,002514.SZ,UNKNOWN,[]
pr7_fact-002515.SZ,pr7_fact,002515.SZ,UNKNOWN,[]
pr7_fact-002516.SZ,pr7_fact,002516.SZ,UNKNOWN,[]
pr7_fact-002517.SZ,pr7_fact,002517.SZ,UNKNOWN,[]
pr7_fact-002518.SZ,pr7_fact,002518.SZ,UNKNOWN,[]
pr7_fact-002519.SZ,pr7_fact,002519.SZ,UNKNOWN,[]
pr7_fact-002520.SZ,pr7_fact,002520.SZ,UNKNOWN,[]
pr7_fact-002521.SZ,pr7_fact,002521.SZ,UNKNOWN,[]
pr7_fact-002522.SZ,pr7_fact,002522.SZ,UNKNOWN,[]
pr7_fact-002524.SZ,pr7_fact,002524.SZ,UNKNOWN,[]
pr7_fact-002526.SZ,pr7_fact,002526.SZ,UNKNOWN,[]
pr7_fact-002527.SZ,pr7_fact,002527.SZ,UNKNOWN,[]
pr7_fact-002528.SZ,pr7_fact,002528.SZ,UNKNOWN,[]
pr7_fact-002529.SZ,pr7_fact,002529.SZ,UNKNOWN,[]
pr7_fact-002530.SZ,pr7_fact,002530.SZ,UNKNOWN,[]
pr7_fact-002531.SZ,pr7_fact,002531.SZ,UNKNOWN,[]
pr7_fact-002532.SZ,pr7_fact,002532.SZ,UNKNOWN,[]
pr7_fact-002534.SZ,pr7_fact,002534.SZ,UNKNOWN,[]
pr7_fact-002535.SZ,pr7_fact,002535.SZ,UNKNOWN,[]
pr7_fact-002536.SZ,pr7_fact,002536.SZ,UNKNOWN,[]
pr7_fact-002537.SZ,pr7_fact,002537.SZ,UNKNOWN,[]
pr7_fact-002538.SZ,pr7_fact,002538.SZ,UNKNOWN,[]
pr7_fact-002539.SZ,pr7_fact,002539.SZ,UNKNOWN,[]
pr7_fact-002540.SZ,pr7_fact,002540.SZ,UNKNOWN,[]
pr7_fact-002541.SZ,pr7_fact,002541.SZ,UNKNOWN,[]
pr7_fact-002542.SZ,pr7_fact,002542.SZ,UNKNOWN,[]
pr7_fact-002543.SZ,pr7_fact,002543.SZ,UNKNOWN,[]
pr7_fact-002544.SZ,pr7_fact,002544.SZ,UNKNOWN,[]
pr7_fact-002545.SZ,pr7_fact,002545.SZ,UNKNOWN,[]
pr7_fact-002546.SZ,pr7_fact,002546.SZ,UNKNOWN,[]
pr7_fact-002547.SZ,pr7_fact,002547.SZ,UNKNOWN,[]
pr7_fact-002549.SZ,pr7_fact,002549.SZ,UNKNOWN,[]
pr7_fact-002550.SZ,pr7_fact,002550.SZ,UNKNOWN,[]
pr7_fact-002551.SZ,pr7_fact,002551.SZ,UNKNOWN,[]
pr7_fact-002554.SZ,pr7_fact,002554.SZ,UNKNOWN,[]
pr7_fact-002555.SZ,pr7_fact,002555.SZ,UNKNOWN,[]
pr7_fact-002556.SZ,pr7_fact,002556.SZ,UNKNOWN,[]
pr7_fact-002557.SZ,pr7_fact,002557.SZ,UNKNOWN,[]
pr7_fact-002558.SZ,pr7_fact,002558.SZ,UNKNOWN,[]
pr7_fact-002559.SZ,pr7_fact,002559.SZ,UNKNOWN,[]
pr7_fact-002561.SZ,pr7_fact,002561.SZ,UNKNOWN,[]
pr7_fact-002562.SZ,pr7_fact,002562.SZ,UNKNOWN,[]
pr7_fact-002563.SZ,pr7_fact,002563.SZ,UNKNOWN,[]
pr7_fact-002564.SZ,pr7_fact,002564.SZ,UNKNOWN,[]
pr7_fact-002565.SZ,pr7_fact,002565.SZ,UNKNOWN,[]
pr7_fact-002566.SZ,pr7_fact,002566.SZ,UNKNOWN,[]
pr7_fact-002567.SZ,pr7_fact,002567.SZ,UNKNOWN,[]
pr7_fact-002568.SZ,pr7_fact,002568.SZ,UNKNOWN,[]
pr7_fact-002570.SZ,pr7_fact,002570.SZ,UNKNOWN,[]
pr7_fact-002571.SZ,pr7_fact,002571.SZ,UNKNOWN,[]
pr7_fact-002572.SZ,pr7_fact,002572.SZ,UNKNOWN,[]
pr7_fact-002573.SZ,pr7_fact,002573.SZ,UNKNOWN,[]
pr7_fact-002574.SZ,pr7_fact,002574.SZ,UNKNOWN,[]
pr7_fact-002575.SZ,pr7_fact,002575.SZ,UNKNOWN,[]
pr7_fact-002577.SZ,pr7_fact,002577.SZ,UNKNOWN,[]
pr7_fact-002579.SZ,pr7_fact,002579.SZ,UNKNOWN,[]
pr7_fact-002581.SZ,pr7_fact,002581.SZ,UNKNOWN,[]
pr7_fact-002582.SZ,pr7_fact,002582.SZ,UNKNOWN,[]
pr7_fact-002583.SZ,pr7_fact,002583.SZ,UNKNOWN,[]
pr7_fact-002584.SZ,pr7_fact,002584.SZ,UNKNOWN,[]
pr7_fact-002585.SZ,pr7_fact,002585.SZ,UNKNOWN,[]
pr7_fact-002586.SZ,pr7_fact,002586.SZ,UNKNOWN,[]
pr7_fact-002587.SZ,pr7_fact,002587.SZ,UNKNOWN,[]
pr7_fact-002588.SZ,pr7_fact,002588.SZ,UNKNOWN,[]
pr7_fact-002589.SZ,pr7_fact,002589.SZ,UNKNOWN,[]
pr7_fact-002590.SZ,pr7_fact,002590.SZ,UNKNOWN,[]
pr7_fact-002592.SZ,pr7_fact,002592.SZ,UNKNOWN,[]
pr7_fact-002594.SZ,pr7_fact,002594.SZ,UNKNOWN,[]
pr7_fact-002595.SZ,pr7_fact,002595.SZ,UNKNOWN,[]
pr7_fact-002596.SZ,pr7_fact,002596.SZ,UNKNOWN,[]
pr7_fact-002597.SZ,pr7_fact,002597.SZ,UNKNOWN,[]
pr7_fact-002598.SZ,pr7_fact,002598.SZ,UNKNOWN,[]
pr7_fact-002600.SZ,pr7_fact,002600.SZ,UNKNOWN,[]
pr7_fact-002601.SZ,pr7_fact,002601.SZ,UNKNOWN,[]
pr7_fact-002602.SZ,pr7_fact,002602.SZ,UNKNOWN,[]
pr7_fact-002603.SZ,pr7_fact,002603.SZ,UNKNOWN,[]
pr7_fact-002604.SZ,pr7_fact,002604.SZ,UNKNOWN,[]
pr7_fact-002605.SZ,pr7_fact,002605.SZ,UNKNOWN,[]
pr7_fact-002606.SZ,pr7_fact,002606.SZ,UNKNOWN,[]
pr7_fact-002607.SZ,pr7_fact,002607.SZ,UNKNOWN,[]
pr7_fact-002608.SZ,pr7_fact,002608.SZ,UNKNOWN,[]
pr7_fact-002609.SZ,pr7_fact,002609.SZ,UNKNOWN,[]
pr7_fact-002610.SZ,pr7_fact,002610.SZ,UNKNOWN,[]
pr7_fact-002611.SZ,pr7_fact,002611.SZ,UNKNOWN,[]
pr7_fact-002612.SZ,pr7_fact,002612.SZ,UNKNOWN,[]
pr7_fact-002613.SZ,pr7_fact,002613.SZ,UNKNOWN,[]
pr7_fact-002614.SZ,pr7_fact,002614.SZ,UNKNOWN,[]
pr7_fact-002616.SZ,pr7_fact,002616.SZ,UNKNOWN,[]
pr7_fact-002617.SZ,pr7_fact,002617.SZ,UNKNOWN,[]
pr7_fact-002618.SZ,pr7_fact,002618.SZ,UNKNOWN,[]
pr7_fact-002619.SZ,pr7_fact,002619.SZ,UNKNOWN,[]
pr7_fact-002620.SZ,pr7_fact,002620.SZ,UNKNOWN,[]
pr7_fact-002621.SZ,pr7_fact,002621.SZ,UNKNOWN,[]
pr7_fact-002622.SZ,pr7_fact,002622.SZ,UNKNOWN,[]
pr7_fact-002623.SZ,pr7_fact,002623.SZ,UNKNOWN,[]
pr7_fact-002624.SZ,pr7_fact,002624.SZ,UNKNOWN,[]
pr7_fact-002625.SZ,pr7_fact,002625.SZ,UNKNOWN,[]
pr7_fact-002626.SZ,pr7_fact,002626.SZ,UNKNOWN,[]
pr7_fact-002628.SZ,pr7_fact,002628.SZ,UNKNOWN,[]
pr7_fact-002629.SZ,pr7_fact,002629.SZ,UNKNOWN,[]
pr7_fact-002630.SZ,pr7_fact,002630.SZ,UNKNOWN,[]
pr7_fact-002631.SZ,pr7_fact,002631.SZ,UNKNOWN,[]
pr7_fact-002635.SZ,pr7_fact,002635.SZ,UNKNOWN,[]
pr7_fact-002636.SZ,pr7_fact,002636.SZ,UNKNOWN,[]
pr7_fact-002637.SZ,pr7_fact,002637.SZ,UNKNOWN,[]
pr7_fact-002638.SZ,pr7_fact,002638.SZ,UNKNOWN,[]
pr7_fact-002639.SZ,pr7_fact,002639.SZ,UNKNOWN,[]
pr7_fact-002640.SZ,pr7_fact,002640.SZ,UNKNOWN,[]
pr7_fact-002641.SZ,pr7_fact,002641.SZ,UNKNOWN,[]
pr7_fact-002642.SZ,pr7_fact,002642.SZ,UNKNOWN,[]
pr7_fact-002643.SZ,pr7_fact,002643.SZ,UNKNOWN,[]
pr7_fact-002644.SZ,pr7_fact,002644.SZ,UNKNOWN,[]
pr7_fact-002645.SZ,pr7_fact,002645.SZ,UNKNOWN,[]
pr7_fact-002646.SZ,pr7_fact,002646.SZ,UNKNOWN,[]
pr7_fact-002647.SZ,pr7_fact,002647.SZ,UNKNOWN,[]
pr7_fact-002648.SZ,pr7_fact,002648.SZ,UNKNOWN,[]
pr7_fact-002649.SZ,pr7_fact,002649.SZ,UNKNOWN,[]
pr7_fact-002650.SZ,pr7_fact,002650.SZ,UNKNOWN,[]
pr7_fact-002651.SZ,pr7_fact,002651.SZ,UNKNOWN,[]
pr7_fact-002653.SZ,pr7_fact,002653.SZ,UNKNOWN,[]
pr7_fact-002654.SZ,pr7_fact,002654.SZ,UNKNOWN,[]
pr7_fact-002655.SZ,pr7_fact,002655.SZ,UNKNOWN,[]
pr7_fact-002656.SZ,pr7_fact,002656.SZ,UNKNOWN,[]
pr7_fact-002657.SZ,pr7_fact,002657.SZ,UNKNOWN,[]
pr7_fact-002658.SZ,pr7_fact,002658.SZ,UNKNOWN,[]
pr7_fact-002660.SZ,pr7_fact,002660.SZ,UNKNOWN,[]
pr7_fact-002661.SZ,pr7_fact,002661.SZ,UNKNOWN,[]
pr7_fact-002662.SZ,pr7_fact,002662.SZ,UNKNOWN,[]
pr7_fact-002663.SZ,pr7_fact,002663.SZ,UNKNOWN,[]
pr7_fact-002664.SZ,pr7_fact,002664.SZ,UNKNOWN,[]
pr7_fact-002665.SZ,pr7_fact,002665.SZ,UNKNOWN,[]
pr7_fact-002666.SZ,pr7_fact,002666.SZ,UNKNOWN,[]
pr7_fact-002667.SZ,pr7_fact,002667.SZ,UNKNOWN,[]
pr7_fact-002668.SZ,pr7_fact,002668.SZ,UNKNOWN,[]
pr7_fact-002670.SZ,pr7_fact,002670.SZ,UNKNOWN,[]
pr7_fact-002671.SZ,pr7_fact,002671.SZ,UNKNOWN,[]
pr7_fact-002672.SZ,pr7_fact,002672.SZ,UNKNOWN,[]
pr7_fact-002673.SZ,pr7_fact,002673.SZ,UNKNOWN,[]
pr7_fact-002674.SZ,pr7_fact,002674.SZ,UNKNOWN,[]
pr7_fact-002675.SZ,pr7_fact,002675.SZ,UNKNOWN,[]
pr7_fact-002677.SZ,pr7_fact,002677.SZ,UNKNOWN,[]
pr7_fact-002678.SZ,pr7_fact,002678.SZ,UNKNOWN,[]
pr7_fact-002679.SZ,pr7_fact,002679.SZ,UNKNOWN,[]
pr7_fact-002680.SZ,pr7_fact,002680.SZ,UNKNOWN,[]
pr7_fact-002681.SZ,pr7_fact,002681.SZ,UNKNOWN,[]
pr7_fact-002683.SZ,pr7_fact,002683.SZ,UNKNOWN,[]
pr7_fact-002684.SZ,pr7_fact,002684.SZ,UNKNOWN,[]
pr7_fact-002685.SZ,pr7_fact,002685.SZ,UNKNOWN,[]
pr7_fact-002686.SZ,pr7_fact,002686.SZ,UNKNOWN,[]
pr7_fact-002688.SZ,pr7_fact,002688.SZ,UNKNOWN,[]
pr7_fact-002689.SZ,pr7_fact,002689.SZ,UNKNOWN,[]
pr7_fact-002690.SZ,pr7_fact,002690.SZ,UNKNOWN,[]
pr7_fact-002691.SZ,pr7_fact,002691.SZ,UNKNOWN,[]
pr7_fact-002692.SZ,pr7_fact,002692.SZ,UNKNOWN,[]
pr7_fact-002693.SZ,pr7_fact,002693.SZ,UNKNOWN,[]
pr7_fact-002694.SZ,pr7_fact,002694.SZ,UNKNOWN,[]
pr7_fact-002695.SZ,pr7_fact,002695.SZ,UNKNOWN,[]
pr7_fact-002697.SZ,pr7_fact,002697.SZ,UNKNOWN,[]
pr7_fact-002698.SZ,pr7_fact,002698.SZ,UNKNOWN,[]
pr7_fact-002699.SZ,pr7_fact,002699.SZ,UNKNOWN,[]
pr7_fact-002700.SZ,pr7_fact,002700.SZ,UNKNOWN,[]
pr7_fact-002701.SZ,pr7_fact,002701.SZ,UNKNOWN,[]
pr7_fact-002702.SZ,pr7_fact,002702.SZ,UNKNOWN,[]
pr7_fact-002703.SZ,pr7_fact,002703.SZ,UNKNOWN,[]
pr7_fact-002705.SZ,pr7_fact,002705.SZ,UNKNOWN,[]
pr7_fact-002706.SZ,pr7_fact,002706.SZ,UNKNOWN,[]
pr7_fact-002707.SZ,pr7_fact,002707.SZ,UNKNOWN,[]
pr7_fact-002708.SZ,pr7_fact,002708.SZ,UNKNOWN,[]
pr7_fact-002709.SZ,pr7_fact,002709.SZ,UNKNOWN,[]
pr7_fact-002711.SZ,pr7_fact,002711.SZ,UNKNOWN,[]
pr7_fact-002712.SZ,pr7_fact,002712.SZ,UNKNOWN,[]
pr7_fact-002713.SZ,pr7_fact,002713.SZ,UNKNOWN,[]
pr7_fact-002714.SZ,pr7_fact,002714.SZ,UNKNOWN,[]
pr7_fact-002715.SZ,pr7_fact,002715.SZ,UNKNOWN,[]
pr7_fact-002716.SZ,pr7_fact,002716.SZ,UNKNOWN,[]
pr7_fact-002717.SZ,pr7_fact,002717.SZ,UNKNOWN,[]
pr7_fact-002718.SZ,pr7_fact,002718.SZ,UNKNOWN,[]
pr7_fact-002719.SZ,pr7_fact,002719.SZ,UNKNOWN,[]
pr7_fact-002721.SZ,pr7_fact,002721.SZ,UNKNOWN,[]
pr7_fact-002722.SZ,pr7_fact,002722.SZ,UNKNOWN,[]
pr7_fact-002723.SZ,pr7_fact,002723.SZ,UNKNOWN,[]
pr7_fact-002724.SZ,pr7_fact,002724.SZ,UNKNOWN,[]
pr7_fact-002725.SZ,pr7_fact,002725.SZ,UNKNOWN,[]
pr7_fact-002726.SZ,pr7_fact,002726.SZ,UNKNOWN,[]
pr7_fact-002727.SZ,pr7_fact,002727.SZ,UNKNOWN,[]
pr7_fact-002731.SZ,pr7_fact,002731.SZ,UNKNOWN,[]
pr7_fact-002733.SZ,pr7_fact,002733.SZ,UNKNOWN,[]
pr7_fact-002736.SZ,pr7_fact,002736.SZ,UNKNOWN,[]
pr7_fact-002737.SZ,pr7_fact,002737.SZ,UNKNOWN,[]
pr7_fact-002738.SZ,pr7_fact,002738.SZ,UNKNOWN,[]
pr7_fact-002739.SZ,pr7_fact,002739.SZ,UNKNOWN,[]
pr7_fact-002741.SZ,pr7_fact,002741.SZ,UNKNOWN,[]
pr7_fact-002742.SZ,pr7_fact,002742.SZ,UNKNOWN,[]
pr7_fact-002745.SZ,pr7_fact,002745.SZ,UNKNOWN,[]
pr7_fact-002746.SZ,pr7_fact,002746.SZ,UNKNOWN,[]
pr7_fact-002747.SZ,pr7_fact,002747.SZ,UNKNOWN,[]
pr7_fact-002750.SZ,pr7_fact,002750.SZ,UNKNOWN,[]
pr7_fact-002751.SZ,pr7_fact,002751.SZ,UNKNOWN,[]
pr7_fact-002752.SZ,pr7_fact,002752.SZ,UNKNOWN,[]
pr7_fact-002755.SZ,pr7_fact,002755.SZ,UNKNOWN,[]
pr7_fact-002756.SZ,pr7_fact,002756.SZ,UNKNOWN,[]
pr7_fact-002759.SZ,pr7_fact,002759.SZ,UNKNOWN,[]
pr7_fact-002761.SZ,pr7_fact,002761.SZ,UNKNOWN,[]
pr7_fact-002762.SZ,pr7_fact,002762.SZ,UNKNOWN,[]
pr7_fact-002763.SZ,pr7_fact,002763.SZ,UNKNOWN,[]
pr7_fact-002766.SZ,pr7_fact,002766.SZ,UNKNOWN,[]
pr7_fact-002768.SZ,pr7_fact,002768.SZ,UNKNOWN,[]
pr7_fact-002769.SZ,pr7_fact,002769.SZ,UNKNOWN,[]
pr7_fact-002771.SZ,pr7_fact,002771.SZ,UNKNOWN,[]
pr7_fact-002772.SZ,pr7_fact,002772.SZ,UNKNOWN,[]
pr7_fact-002773.SZ,pr7_fact,002773.SZ,UNKNOWN,[]
pr7_fact-002776.SZ,pr7_fact,002776.SZ,UNKNOWN,[]
pr7_fact-002777.SZ,pr7_fact,002777.SZ,UNKNOWN,[]
pr7_fact-002779.SZ,pr7_fact,002779.SZ,UNKNOWN,[]
pr7_fact-002781.SZ,pr7_fact,002781.SZ,UNKNOWN,[]
pr7_fact-002782.SZ,pr7_fact,002782.SZ,UNKNOWN,[]
pr7_fact-002783.SZ,pr7_fact,002783.SZ,UNKNOWN,[]
pr7_fact-002786.SZ,pr7_fact,002786.SZ,UNKNOWN,[]
pr7_fact-002788.SZ,pr7_fact,002788.SZ,UNKNOWN,[]
pr7_fact-002790.SZ,pr7_fact,002790.SZ,UNKNOWN,[]
pr7_fact-002791.SZ,pr7_fact,002791.SZ,UNKNOWN,[]
pr7_fact-002792.SZ,pr7_fact,002792.SZ,UNKNOWN,[]
pr7_fact-002793.SZ,pr7_fact,002793.SZ,UNKNOWN,[]
pr7_fact-002796.SZ,pr7_fact,002796.SZ,UNKNOWN,[]
pr7_fact-002797.SZ,pr7_fact,002797.SZ,UNKNOWN,[]
pr7_fact-002798.SZ,pr7_fact,002798.SZ,UNKNOWN,[]
pr7_fact-002801.SZ,pr7_fact,002801.SZ,UNKNOWN,[]
pr7_fact-002802.SZ,pr7_fact,002802.SZ,UNKNOWN,[]
pr7_fact-002803.SZ,pr7_fact,002803.SZ,UNKNOWN,[]
pr7_fact-002807.SZ,pr7_fact,002807.SZ,UNKNOWN,[]
pr7_fact-002810.SZ,pr7_fact,002810.SZ,UNKNOWN,[]
pr7_fact-002812.SZ,pr7_fact,002812.SZ,UNKNOWN,[]
pr7_fact-002815.SZ,pr7_fact,002815.SZ,UNKNOWN,[]
pr7_fact-002818.SZ,pr7_fact,002818.SZ,UNKNOWN,[]
pr7_fact-002821.SZ,pr7_fact,002821.SZ,UNKNOWN,[]
pr7_fact-002822.SZ,pr7_fact,002822.SZ,UNKNOWN,[]
pr7_fact-002827.SZ,pr7_fact,002827.SZ,UNKNOWN,[]
pr7_fact-002831.SZ,pr7_fact,002831.SZ,UNKNOWN,[]
pr7_fact-002832.SZ,pr7_fact,002832.SZ,UNKNOWN,[]
pr7_fact-002833.SZ,pr7_fact,002833.SZ,UNKNOWN,[]
pr7_fact-002837.SZ,pr7_fact,002837.SZ,UNKNOWN,[]
pr7_fact-002838.SZ,pr7_fact,002838.SZ,UNKNOWN,[]
pr7_fact-002839.SZ,pr7_fact,002839.SZ,UNKNOWN,[]
pr7_fact-002840.SZ,pr7_fact,002840.SZ,UNKNOWN,[]
pr7_fact-002841.SZ,pr7_fact,002841.SZ,UNKNOWN,[]
pr7_fact-002847.SZ,pr7_fact,002847.SZ,UNKNOWN,[]
pr7_fact-002850.SZ,pr7_fact,002850.SZ,UNKNOWN,[]
pr7_fact-002851.SZ,pr7_fact,002851.SZ,UNKNOWN,[]
pr7_fact-002852.SZ,pr7_fact,002852.SZ,UNKNOWN,[]
pr7_fact-002859.SZ,pr7_fact,002859.SZ,UNKNOWN,[]
pr7_fact-002865.SZ,pr7_fact,002865.SZ,UNKNOWN,[]
pr7_fact-002866.SZ,pr7_fact,002866.SZ,UNKNOWN,[]
pr7_fact-002867.SZ,pr7_fact,002867.SZ,UNKNOWN,[]
pr7_fact-002869.SZ,pr7_fact,002869.SZ,UNKNOWN,[]
pr7_fact-002872.SZ,pr7_fact,002872.SZ,UNKNOWN,[]
pr7_fact-002880.SZ,pr7_fact,002880.SZ,UNKNOWN,[]
pr7_fact-002881.SZ,pr7_fact,002881.SZ,UNKNOWN,[]
pr7_fact-002882.SZ,pr7_fact,002882.SZ,UNKNOWN,[]
pr7_fact-002891.SZ,pr7_fact,002891.SZ,UNKNOWN,[]
pr7_fact-002892.SZ,pr7_fact,002892.SZ,UNKNOWN,[]
pr7_fact-002895.SZ,pr7_fact,002895.SZ,UNKNOWN,[]
pr7_fact-002896.SZ,pr7_fact,002896.SZ,UNKNOWN,[]
pr7_fact-002897.SZ,pr7_fact,002897.SZ,UNKNOWN,[]
pr7_fact-002901.SZ,pr7_fact,002901.SZ,UNKNOWN,[]
pr7_fact-002906.SZ,pr7_fact,002906.SZ,UNKNOWN,[]
pr7_fact-002907.SZ,pr7_fact,002907.SZ,UNKNOWN,[]
pr7_fact-002911.SZ,pr7_fact,002911.SZ,UNKNOWN,[]
pr7_fact-002912.SZ,pr7_fact,002912.SZ,UNKNOWN,[]
pr7_fact-002913.SZ,pr7_fact,002913.SZ,UNKNOWN,[]
pr7_fact-002916.SZ,pr7_fact,002916.SZ,UNKNOWN,[]
pr7_fact-002918.SZ,pr7_fact,002918.SZ,UNKNOWN,[]
pr7_fact-002920.SZ,pr7_fact,002920.SZ,UNKNOWN,[]
pr7_fact-002922.SZ,pr7_fact,002922.SZ,UNKNOWN,[]
pr7_fact-002925.SZ,pr7_fact,002925.SZ,UNKNOWN,[]
pr7_fact-002926.SZ,pr7_fact,002926.SZ,UNKNOWN,[]
pr7_fact-002928.SZ,pr7_fact,002928.SZ,UNKNOWN,[]
pr7_fact-002929.SZ,pr7_fact,002929.SZ,UNKNOWN,[]
pr7_fact-002930.SZ,pr7_fact,002930.SZ,UNKNOWN,[]
pr7_fact-002932.SZ,pr7_fact,002932.SZ,UNKNOWN,[]
pr7_fact-002933.SZ,pr7_fact,002933.SZ,UNKNOWN,[]
pr7_fact-002936.SZ,pr7_fact,002936.SZ,UNKNOWN,[]
pr7_fact-002938.SZ,pr7_fact,002938.SZ,UNKNOWN,[]
pr7_fact-002939.SZ,pr7_fact,002939.SZ,UNKNOWN,[]
pr7_fact-002941.SZ,pr7_fact,002941.SZ,UNKNOWN,[]
pr7_fact-002945.SZ,pr7_fact,002945.SZ,UNKNOWN,[]
pr7_fact-002946.SZ,pr7_fact,002946.SZ,UNKNOWN,[]
pr7_fact-002947.SZ,pr7_fact,002947.SZ,UNKNOWN,[]
pr7_fact-002948.SZ,pr7_fact,002948.SZ,UNKNOWN,[]
pr7_fact-002950.SZ,pr7_fact,002950.SZ,UNKNOWN,[]
pr7_fact-002951.SZ,pr7_fact,002951.SZ,UNKNOWN,[]
pr7_fact-002955.SZ,pr7_fact,002955.SZ,UNKNOWN,[]
pr7_fact-002957.SZ,pr7_fact,002957.SZ,UNKNOWN,[]
pr7_fact-002958.SZ,pr7_fact,002958.SZ,UNKNOWN,[]
pr7_fact-002959.SZ,pr7_fact,002959.SZ,UNKNOWN,[]
pr7_fact-002960.SZ,pr7_fact,002960.SZ,UNKNOWN,[]
pr7_fact-002961.SZ,pr7_fact,002961.SZ,UNKNOWN,[]
pr7_fact-002962.SZ,pr7_fact,002962.SZ,UNKNOWN,[]
pr7_fact-002965.SZ,pr7_fact,002965.SZ,UNKNOWN,[]
pr7_fact-002966.SZ,pr7_fact,002966.SZ,UNKNOWN,[]
pr7_fact-002967.SZ,pr7_fact,002967.SZ,UNKNOWN,[]
pr7_fact-002969.SZ,pr7_fact,002969.SZ,UNKNOWN,[]
pr7_fact-002970.SZ,pr7_fact,002970.SZ,UNKNOWN,[]
pr7_fact-002973.SZ,pr7_fact,002973.SZ,UNKNOWN,[]
pr7_fact-002975.SZ,pr7_fact,002975.SZ,UNKNOWN,[]
pr7_fact-002977.SZ,pr7_fact,002977.SZ,UNKNOWN,[]
pr7_fact-002978.SZ,pr7_fact,002978.SZ,UNKNOWN,[]
pr7_fact-002979.SZ,pr7_fact,002979.SZ,UNKNOWN,[]
pr7_fact-002980.SZ,pr7_fact,002980.SZ,UNKNOWN,[]
pr7_fact-002982.SZ,pr7_fact,002982.SZ,UNKNOWN,[]
pr7_fact-002984.SZ,pr7_fact,002984.SZ,UNKNOWN,[]
pr7_fact-002985.SZ,pr7_fact,002985.SZ,UNKNOWN,[]
pr7_fact-002987.SZ,pr7_fact,002987.SZ,UNKNOWN,[]
pr7_fact-002989.SZ,pr7_fact,002989.SZ,UNKNOWN,[]
pr7_fact-002990.SZ,pr7_fact,002990.SZ,UNKNOWN,[]
pr7_fact-002991.SZ,pr7_fact,002991.SZ,UNKNOWN,[]
pr7_fact-002993.SZ,pr7_fact,002993.SZ,UNKNOWN,[]
pr7_fact-003006.SZ,pr7_fact,003006.SZ,UNKNOWN,[]
pr7_fact-003009.SZ,pr7_fact,003009.SZ,UNKNOWN,[]
pr7_fact-003010.SZ,pr7_fact,003010.SZ,UNKNOWN,[]
pr7_fact-003012.SZ,pr7_fact,003012.SZ,UNKNOWN,[]
pr7_fact-003021.SZ,pr7_fact,003021.SZ,UNKNOWN,[]
pr7_fact-003022.SZ,pr7_fact,003022.SZ,UNKNOWN,[]
pr7_fact-003031.SZ,pr7_fact,003031.SZ,UNKNOWN,[]
pr7_fact-003032.SZ,pr7_fact,003032.SZ,UNKNOWN,[]
pr7_fact-003035.SZ,pr7_fact,003035.SZ,UNKNOWN,[]
pr7_fact-003039.SZ,pr7_fact,003039.SZ,UNKNOWN,[]
pr7_fact-003040.SZ,pr7_fact,003040.SZ,UNKNOWN,[]
pr7_fact-003816.SZ,pr7_fact,003816.SZ,UNKNOWN,[]
pr7_fact-300001.SZ,pr7_fact,300001.SZ,UNKNOWN,[]
pr7_fact-300002.SZ,pr7_fact,300002.SZ,UNKNOWN,[]
pr7_fact-300003.SZ,pr7_fact,300003.SZ,UNKNOWN,[]
pr7_fact-300004.SZ,pr7_fact,300004.SZ,UNKNOWN,[]
pr7_fact-300005.SZ,pr7_fact,300005.SZ,UNKNOWN,[]
pr7_fact-300006.SZ,pr7_fact,300006.SZ,UNKNOWN,[]
pr7_fact-300007.SZ,pr7_fact,300007.SZ,UNKNOWN,[]
pr7_fact-300008.SZ,pr7_fact,300008.SZ,UNKNOWN,[]
pr7_fact-300009.SZ,pr7_fact,300009.SZ,UNKNOWN,[]
pr7_fact-300010.SZ,pr7_fact,300010.SZ,UNKNOWN,[]
pr7_fact-300011.SZ,pr7_fact,300011.SZ,UNKNOWN,[]
pr7_fact-300012.SZ,pr7_fact,300012.SZ,UNKNOWN,[]
pr7_fact-300014.SZ,pr7_fact,300014.SZ,UNKNOWN,[]
pr7_fact-300015.SZ,pr7_fact,300015.SZ,UNKNOWN,[]
pr7_fact-300016.SZ,pr7_fact,300016.SZ,UNKNOWN,[]
pr7_fact-300017.SZ,pr7_fact,300017.SZ,UNKNOWN,[]
pr7_fact-300018.SZ,pr7_fact,300018.SZ,UNKNOWN,[]
pr7_fact-300020.SZ,pr7_fact,300020.SZ,UNKNOWN,[]
pr7_fact-300021.SZ,pr7_fact,300021.SZ,UNKNOWN,[]
pr7_fact-300022.SZ,pr7_fact,300022.SZ,UNKNOWN,[]
pr7_fact-300024.SZ,pr7_fact,300024.SZ,UNKNOWN,[]
pr7_fact-300025.SZ,pr7_fact,300025.SZ,UNKNOWN,[]
pr7_fact-300026.SZ,pr7_fact,300026.SZ,UNKNOWN,[]
pr7_fact-300027.SZ,pr7_fact,300027.SZ,UNKNOWN,[]
pr7_fact-300028.SZ,pr7_fact,300028.SZ,UNKNOWN,[]
pr7_fact-300030.SZ,pr7_fact,300030.SZ,UNKNOWN,[]
pr7_fact-300031.SZ,pr7_fact,300031.SZ,UNKNOWN,[]
pr7_fact-300032.SZ,pr7_fact,300032.SZ,UNKNOWN,[]
pr7_fact-300033.SZ,pr7_fact,300033.SZ,UNKNOWN,[]
pr7_fact-300034.SZ,pr7_fact,300034.SZ,UNKNOWN,[]
pr7_fact-300035.SZ,pr7_fact,300035.SZ,UNKNOWN,[]
pr7_fact-300036.SZ,pr7_fact,300036.SZ,UNKNOWN,[]
pr7_fact-300037.SZ,pr7_fact,300037.SZ,UNKNOWN,[]
pr7_fact-300038.SZ,pr7_fact,300038.SZ,UNKNOWN,[]
pr7_fact-300039.SZ,pr7_fact,300039.SZ,UNKNOWN,[]
pr7_fact-300041.SZ,pr7_fact,300041.SZ,UNKNOWN,[]
pr7_fact-300043.SZ,pr7_fact,300043.SZ,UNKNOWN,[]
pr7_fact-300044.SZ,pr7_fact,300044.SZ,UNKNOWN,[]
pr7_fact-300045.SZ,pr7_fact,300045.SZ,UNKNOWN,[]
pr7_fact-300047.SZ,pr7_fact,300047.SZ,UNKNOWN,[]
pr7_fact-300048.SZ,pr7_fact,300048.SZ,UNKNOWN,[]
pr7_fact-300049.SZ,pr7_fact,300049.SZ,UNKNOWN,[]
pr7_fact-300050.SZ,pr7_fact,300050.SZ,UNKNOWN,[]
pr7_fact-300051.SZ,pr7_fact,300051.SZ,UNKNOWN,[]
pr7_fact-300052.SZ,pr7_fact,300052.SZ,UNKNOWN,[]
pr7_fact-300053.SZ,pr7_fact,300053.SZ,UNKNOWN,[]
pr7_fact-300054.SZ,pr7_fact,300054.SZ,UNKNOWN,[]
pr7_fact-300055.SZ,pr7_fact,300055.SZ,UNKNOWN,[]
pr7_fact-300056.SZ,pr7_fact,300056.SZ,UNKNOWN,[]
pr7_fact-300057.SZ,pr7_fact,300057.SZ,UNKNOWN,[]
pr7_fact-300058.SZ,pr7_fact,300058.SZ,UNKNOWN,[]
pr7_fact-300059.SZ,pr7_fact,300059.SZ,UNKNOWN,[]
pr7_fact-300061.SZ,pr7_fact,300061.SZ,UNKNOWN,[]
pr7_fact-300063.SZ,pr7_fact,300063.SZ,UNKNOWN,[]
pr7_fact-300064.SZ,pr7_fact,300064.SZ,UNKNOWN,[]
pr7_fact-300065.SZ,pr7_fact,300065.SZ,UNKNOWN,[]
pr7_fact-300066.SZ,pr7_fact,300066.SZ,UNKNOWN,[]
pr7_fact-300067.SZ,pr7_fact,300067.SZ,UNKNOWN,[]
pr7_fact-300068.SZ,pr7_fact,300068.SZ,UNKNOWN,[]
pr7_fact-300070.SZ,pr7_fact,300070.SZ,UNKNOWN,[]
pr7_fact-300071.SZ,pr7_fact,300071.SZ,UNKNOWN,[]
pr7_fact-300072.SZ,pr7_fact,300072.SZ,UNKNOWN,[]
pr7_fact-300073.SZ,pr7_fact,300073.SZ,UNKNOWN,[]
pr7_fact-300074.SZ,pr7_fact,300074.SZ,UNKNOWN,[]
pr7_fact-300075.SZ,pr7_fact,300075.SZ,UNKNOWN,[]
pr7_fact-300076.SZ,pr7_fact,300076.SZ,UNKNOWN,[]
pr7_fact-300077.SZ,pr7_fact,300077.SZ,UNKNOWN,[]
pr7_fact-300078.SZ,pr7_fact,300078.SZ,UNKNOWN,[]
pr7_fact-300079.SZ,pr7_fact,300079.SZ,UNKNOWN,[]
pr7_fact-300080.SZ,pr7_fact,300080.SZ,UNKNOWN,[]
pr7_fact-300081.SZ,pr7_fact,300081.SZ,UNKNOWN,[]
pr7_fact-300082.SZ,pr7_fact,300082.SZ,UNKNOWN,[]
pr7_fact-300083.SZ,pr7_fact,300083.SZ,UNKNOWN,[]
pr7_fact-300084.SZ,pr7_fact,300084.SZ,UNKNOWN,[]
pr7_fact-300085.SZ,pr7_fact,300085.SZ,UNKNOWN,[]
pr7_fact-300086.SZ,pr7_fact,300086.SZ,UNKNOWN,[]
pr7_fact-300087.SZ,pr7_fact,300087.SZ,UNKNOWN,[]
pr7_fact-300088.SZ,pr7_fact,300088.SZ,UNKNOWN,[]
pr7_fact-300090.SZ,pr7_fact,300090.SZ,UNKNOWN,[]
pr7_fact-300091.SZ,pr7_fact,300091.SZ,UNKNOWN,[]
pr7_fact-300094.SZ,pr7_fact,300094.SZ,UNKNOWN,[]
pr7_fact-300096.SZ,pr7_fact,300096.SZ,UNKNOWN,[]
pr7_fact-300097.SZ,pr7_fact,300097.SZ,UNKNOWN,[]
pr7_fact-300098.SZ,pr7_fact,300098.SZ,UNKNOWN,[]
pr7_fact-300099.SZ,pr7_fact,300099.SZ,UNKNOWN,[]
pr7_fact-300100.SZ,pr7_fact,300100.SZ,UNKNOWN,[]
pr7_fact-300101.SZ,pr7_fact,300101.SZ,UNKNOWN,[]
pr7_fact-300102.SZ,pr7_fact,300102.SZ,UNKNOWN,[]
pr7_fact-300103.SZ,pr7_fact,300103.SZ,UNKNOWN,[]
pr7_fact-300104.SZ,pr7_fact,300104.SZ,UNKNOWN,[]
pr7_fact-300105.SZ,pr7_fact,300105.SZ,UNKNOWN,[]
pr7_fact-300106.SZ,pr7_fact,300106.SZ,UNKNOWN,[]
pr7_fact-300107.SZ,pr7_fact,300107.SZ,UNKNOWN,[]
pr7_fact-300109.SZ,pr7_fact,300109.SZ,UNKNOWN,[]
pr7_fact-300110.SZ,pr7_fact,300110.SZ,UNKNOWN,[]
pr7_fact-300111.SZ,pr7_fact,300111.SZ,UNKNOWN,[]
pr7_fact-300113.SZ,pr7_fact,300113.SZ,UNKNOWN,[]
pr7_fact-300115.SZ,pr7_fact,300115.SZ,UNKNOWN,[]
pr7_fact-300116.SZ,pr7_fact,300116.SZ,UNKNOWN,[]
pr7_fact-300118.SZ,pr7_fact,300118.SZ,UNKNOWN,[]
pr7_fact-300119.SZ,pr7_fact,300119.SZ,UNKNOWN,[]
pr7_fact-300122.SZ,pr7_fact,300122.SZ,UNKNOWN,[]
pr7_fact-300123.SZ,pr7_fact,300123.SZ,UNKNOWN,[]
pr7_fact-300124.SZ,pr7_fact,300124.SZ,UNKNOWN,[]
pr7_fact-300127.SZ,pr7_fact,300127.SZ,UNKNOWN,[]
pr7_fact-300128.SZ,pr7_fact,300128.SZ,UNKNOWN,[]
pr7_fact-300129.SZ,pr7_fact,300129.SZ,UNKNOWN,[]
pr7_fact-300130.SZ,pr7_fact,300130.SZ,UNKNOWN,[]
pr7_fact-300131.SZ,pr7_fact,300131.SZ,UNKNOWN,[]
pr7_fact-300132.SZ,pr7_fact,300132.SZ,UNKNOWN,[]
pr7_fact-300133.SZ,pr7_fact,300133.SZ,UNKNOWN,[]
pr7_fact-300134.SZ,pr7_fact,300134.SZ,UNKNOWN,[]
pr7_fact-300135.SZ,pr7_fact,300135.SZ,UNKNOWN,[]
pr7_fact-300136.SZ,pr7_fact,300136.SZ,UNKNOWN,[]
pr7_fact-300137.SZ,pr7_fact,300137.SZ,UNKNOWN,[]
pr7_fact-300139.SZ,pr7_fact,300139.SZ,UNKNOWN,[]
pr7_fact-300140.SZ,pr7_fact,300140.SZ,UNKNOWN,[]
pr7_fact-300142.SZ,pr7_fact,300142.SZ,UNKNOWN,[]
pr7_fact-300143.SZ,pr7_fact,300143.SZ,UNKNOWN,[]
pr7_fact-300144.SZ,pr7_fact,300144.SZ,UNKNOWN,[]
pr7_fact-300145.SZ,pr7_fact,300145.SZ,UNKNOWN,[]
pr7_fact-300146.SZ,pr7_fact,300146.SZ,UNKNOWN,[]
pr7_fact-300147.SZ,pr7_fact,300147.SZ,UNKNOWN,[]
pr7_fact-300148.SZ,pr7_fact,300148.SZ,UNKNOWN,[]
pr7_fact-300149.SZ,pr7_fact,300149.SZ,UNKNOWN,[]
pr7_fact-300150.SZ,pr7_fact,300150.SZ,UNKNOWN,[]
pr7_fact-300151.SZ,pr7_fact,300151.SZ,UNKNOWN,[]
pr7_fact-300152.SZ,pr7_fact,300152.SZ,UNKNOWN,[]
pr7_fact-300153.SZ,pr7_fact,300153.SZ,UNKNOWN,[]
pr7_fact-300154.SZ,pr7_fact,300154.SZ,UNKNOWN,[]
pr7_fact-300155.SZ,pr7_fact,300155.SZ,UNKNOWN,[]
pr7_fact-300156.SZ,pr7_fact,300156.SZ,UNKNOWN,[]
pr7_fact-300157.SZ,pr7_fact,300157.SZ,UNKNOWN,[]
pr7_fact-300158.SZ,pr7_fact,300158.SZ,UNKNOWN,[]
pr7_fact-300159.SZ,pr7_fact,300159.SZ,UNKNOWN,[]
pr7_fact-300160.SZ,pr7_fact,300160.SZ,UNKNOWN,[]
pr7_fact-300161.SZ,pr7_fact,300161.SZ,UNKNOWN,[]
pr7_fact-300162.SZ,pr7_fact,300162.SZ,UNKNOWN,[]
pr7_fact-300164.SZ,pr7_fact,300164.SZ,UNKNOWN,[]
pr7_fact-300165.SZ,pr7_fact,300165.SZ,UNKNOWN,[]
pr7_fact-300166.SZ,pr7_fact,300166.SZ,UNKNOWN,[]
pr7_fact-300167.SZ,pr7_fact,300167.SZ,UNKNOWN,[]
pr7_fact-300168.SZ,pr7_fact,300168.SZ,UNKNOWN,[]
pr7_fact-300169.SZ,pr7_fact,300169.SZ,UNKNOWN,[]
pr7_fact-300170.SZ,pr7_fact,300170.SZ,UNKNOWN,[]
pr7_fact-300171.SZ,pr7_fact,300171.SZ,UNKNOWN,[]
pr7_fact-300172.SZ,pr7_fact,300172.SZ,UNKNOWN,[]
pr7_fact-300173.SZ,pr7_fact,300173.SZ,UNKNOWN,[]
pr7_fact-300175.SZ,pr7_fact,300175.SZ,UNKNOWN,[]
pr7_fact-300176.SZ,pr7_fact,300176.SZ,UNKNOWN,[]
pr7_fact-300177.SZ,pr7_fact,300177.SZ,UNKNOWN,[]
pr7_fact-300178.SZ,pr7_fact,300178.SZ,UNKNOWN,[]
pr7_fact-300180.SZ,pr7_fact,300180.SZ,UNKNOWN,[]
pr7_fact-300181.SZ,pr7_fact,300181.SZ,UNKNOWN,[]
pr7_fact-300182.SZ,pr7_fact,300182.SZ,UNKNOWN,[]
pr7_fact-300183.SZ,pr7_fact,300183.SZ,UNKNOWN,[]
pr7_fact-300184.SZ,pr7_fact,300184.SZ,UNKNOWN,[]
pr7_fact-300185.SZ,pr7_fact,300185.SZ,UNKNOWN,[]
pr7_fact-300186.SZ,pr7_fact,300186.SZ,UNKNOWN,[]
pr7_fact-300187.SZ,pr7_fact,300187.SZ,UNKNOWN,[]
pr7_fact-300188.SZ,pr7_fact,300188.SZ,UNKNOWN,[]
pr7_fact-300189.SZ,pr7_fact,300189.SZ,UNKNOWN,[]
pr7_fact-300190.SZ,pr7_fact,300190.SZ,UNKNOWN,[]
pr7_fact-300191.SZ,pr7_fact,300191.SZ,UNKNOWN,[]
pr7_fact-300193.SZ,pr7_fact,300193.SZ,UNKNOWN,[]
pr7_fact-300194.SZ,pr7_fact,300194.SZ,UNKNOWN,[]
pr7_fact-300195.SZ,pr7_fact,300195.SZ,UNKNOWN,[]
pr7_fact-300196.SZ,pr7_fact,300196.SZ,UNKNOWN,[]
pr7_fact-300197.SZ,pr7_fact,300197.SZ,UNKNOWN,[]
pr7_fact-300198.SZ,pr7_fact,300198.SZ,UNKNOWN,[]
pr7_fact-300199.SZ,pr7_fact,300199.SZ,UNKNOWN,[]
pr7_fact-300200.SZ,pr7_fact,300200.SZ,UNKNOWN,[]
pr7_fact-300202.SZ,pr7_fact,300202.SZ,UNKNOWN,[]
pr7_fact-300203.SZ,pr7_fact,300203.SZ,UNKNOWN,[]
pr7_fact-300204.SZ,pr7_fact,300204.SZ,UNKNOWN,[]
pr7_fact-300205.SZ,pr7_fact,300205.SZ,UNKNOWN,[]
pr7_fact-300206.SZ,pr7_fact,300206.SZ,UNKNOWN,[]
pr7_fact-300207.SZ,pr7_fact,300207.SZ,UNKNOWN,[]
pr7_fact-300208.SZ,pr7_fact,300208.SZ,UNKNOWN,[]
pr7_fact-300209.SZ,pr7_fact,300209.SZ,UNKNOWN,[]
pr7_fact-300212.SZ,pr7_fact,300212.SZ,UNKNOWN,[]
pr7_fact-300213.SZ,pr7_fact,300213.SZ,UNKNOWN,[]
pr7_fact-300215.SZ,pr7_fact,300215.SZ,UNKNOWN,[]
pr7_fact-300216.SZ,pr7_fact,300216.SZ,UNKNOWN,[]
pr7_fact-300217.SZ,pr7_fact,300217.SZ,UNKNOWN,[]
pr7_fact-300219.SZ,pr7_fact,300219.SZ,UNKNOWN,[]
pr7_fact-300221.SZ,pr7_fact,300221.SZ,UNKNOWN,[]
pr7_fact-300222.SZ,pr7_fact,300222.SZ,UNKNOWN,[]
pr7_fact-300223.SZ,pr7_fact,300223.SZ,UNKNOWN,[]
pr7_fact-300224.SZ,pr7_fact,300224.SZ,UNKNOWN,[]
pr7_fact-300226.SZ,pr7_fact,300226.SZ,UNKNOWN,[]
pr7_fact-300227.SZ,pr7_fact,300227.SZ,UNKNOWN,[]
pr7_fact-300228.SZ,pr7_fact,300228.SZ,UNKNOWN,[]
pr7_fact-300229.SZ,pr7_fact,300229.SZ,UNKNOWN,[]
pr7_fact-300231.SZ,pr7_fact,300231.SZ,UNKNOWN,[]
pr7_fact-300232.SZ,pr7_fact,300232.SZ,UNKNOWN,[]
pr7_fact-300233.SZ,pr7_fact,300233.SZ,UNKNOWN,[]
pr7_fact-300234.SZ,pr7_fact,300234.SZ,UNKNOWN,[]
pr7_fact-300236.SZ,pr7_fact,300236.SZ,UNKNOWN,[]
pr7_fact-300237.SZ,pr7_fact,300237.SZ,UNKNOWN,[]
pr7_fact-300238.SZ,pr7_fact,300238.SZ,UNKNOWN,[]
pr7_fact-300239.SZ,pr7_fact,300239.SZ,UNKNOWN,[]
pr7_fact-300240.SZ,pr7_fact,300240.SZ,UNKNOWN,[]
pr7_fact-300241.SZ,pr7_fact,300241.SZ,UNKNOWN,[]
pr7_fact-300242.SZ,pr7_fact,300242.SZ,UNKNOWN,[]
pr7_fact-300244.SZ,pr7_fact,300244.SZ,UNKNOWN,[]
pr7_fact-300245.SZ,pr7_fact,300245.SZ,UNKNOWN,[]
pr7_fact-300246.SZ,pr7_fact,300246.SZ,UNKNOWN,[]
pr7_fact-300248.SZ,pr7_fact,300248.SZ,UNKNOWN,[]
pr7_fact-300251.SZ,pr7_fact,300251.SZ,UNKNOWN,[]
pr7_fact-300252.SZ,pr7_fact,300252.SZ,UNKNOWN,[]
pr7_fact-300253.SZ,pr7_fact,300253.SZ,UNKNOWN,[]
pr7_fact-300254.SZ,pr7_fact,300254.SZ,UNKNOWN,[]
pr7_fact-300255.SZ,pr7_fact,300255.SZ,UNKNOWN,[]
pr7_fact-300256.SZ,pr7_fact,300256.SZ,UNKNOWN,[]
pr7_fact-300257.SZ,pr7_fact,300257.SZ,UNKNOWN,[]
pr7_fact-300259.SZ,pr7_fact,300259.SZ,UNKNOWN,[]
pr7_fact-300260.SZ,pr7_fact,300260.SZ,UNKNOWN,[]
pr7_fact-300261.SZ,pr7_fact,300261.SZ,UNKNOWN,[]
pr7_fact-300262.SZ,pr7_fact,300262.SZ,UNKNOWN,[]
pr7_fact-300263.SZ,pr7_fact,300263.SZ,UNKNOWN,[]
pr7_fact-300266.SZ,pr7_fact,300266.SZ,UNKNOWN,[]
pr7_fact-300267.SZ,pr7_fact,300267.SZ,UNKNOWN,[]
pr7_fact-300269.SZ,pr7_fact,300269.SZ,UNKNOWN,[]
pr7_fact-300270.SZ,pr7_fact,300270.SZ,UNKNOWN,[]
pr7_fact-300271.SZ,pr7_fact,300271.SZ,UNKNOWN,[]
pr7_fact-300272.SZ,pr7_fact,300272.SZ,UNKNOWN,[]
pr7_fact-300273.SZ,pr7_fact,300273.SZ,UNKNOWN,[]
pr7_fact-300274.SZ,pr7_fact,300274.SZ,UNKNOWN,[]
pr7_fact-300275.SZ,pr7_fact,300275.SZ,UNKNOWN,[]
pr7_fact-300276.SZ,pr7_fact,300276.SZ,UNKNOWN,[]
pr7_fact-300278.SZ,pr7_fact,300278.SZ,UNKNOWN,[]
pr7_fact-300284.SZ,pr7_fact,300284.SZ,UNKNOWN,[]
pr7_fact-300285.SZ,pr7_fact,300285.SZ,UNKNOWN,[]
pr7_fact-300286.SZ,pr7_fact,300286.SZ,UNKNOWN,[]
pr7_fact-300287.SZ,pr7_fact,300287.SZ,UNKNOWN,[]
pr7_fact-300288.SZ,pr7_fact,300288.SZ,UNKNOWN,[]
pr7_fact-300289.SZ,pr7_fact,300289.SZ,UNKNOWN,[]
pr7_fact-300291.SZ,pr7_fact,300291.SZ,UNKNOWN,[]
pr7_fact-300292.SZ,pr7_fact,300292.SZ,UNKNOWN,[]
pr7_fact-300293.SZ,pr7_fact,300293.SZ,UNKNOWN,[]
pr7_fact-300294.SZ,pr7_fact,300294.SZ,UNKNOWN,[]
pr7_fact-300295.SZ,pr7_fact,300295.SZ,UNKNOWN,[]
pr7_fact-300296.SZ,pr7_fact,300296.SZ,UNKNOWN,[]
pr7_fact-300297.SZ,pr7_fact,300297.SZ,UNKNOWN,[]
pr7_fact-300298.SZ,pr7_fact,300298.SZ,UNKNOWN,[]
pr7_fact-300299.SZ,pr7_fact,300299.SZ,UNKNOWN,[]
pr7_fact-300300.SZ,pr7_fact,300300.SZ,UNKNOWN,[]
pr7_fact-300301.SZ,pr7_fact,300301.SZ,UNKNOWN,[]
pr7_fact-300302.SZ,pr7_fact,300302.SZ,UNKNOWN,[]
pr7_fact-300303.SZ,pr7_fact,300303.SZ,UNKNOWN,[]
pr7_fact-300304.SZ,pr7_fact,300304.SZ,UNKNOWN,[]
pr7_fact-300306.SZ,pr7_fact,300306.SZ,UNKNOWN,[]
pr7_fact-300307.SZ,pr7_fact,300307.SZ,UNKNOWN,[]
pr7_fact-300308.SZ,pr7_fact,300308.SZ,UNKNOWN,[]
pr7_fact-300309.SZ,pr7_fact,300309.SZ,UNKNOWN,[]
pr7_fact-300310.SZ,pr7_fact,300310.SZ,UNKNOWN,[]
pr7_fact-300311.SZ,pr7_fact,300311.SZ,UNKNOWN,[]
pr7_fact-300312.SZ,pr7_fact,300312.SZ,UNKNOWN,[]
pr7_fact-300314.SZ,pr7_fact,300314.SZ,UNKNOWN,[]
pr7_fact-300315.SZ,pr7_fact,300315.SZ,UNKNOWN,[]
pr7_fact-300316.SZ,pr7_fact,300316.SZ,UNKNOWN,[]
pr7_fact-300317.SZ,pr7_fact,300317.SZ,UNKNOWN,[]
pr7_fact-300318.SZ,pr7_fact,300318.SZ,UNKNOWN,[]
pr7_fact-300319.SZ,pr7_fact,300319.SZ,UNKNOWN,[]
pr7_fact-300322.SZ,pr7_fact,300322.SZ,UNKNOWN,[]
pr7_fact-300323.SZ,pr7_fact,300323.SZ,UNKNOWN,[]
pr7_fact-300324.SZ,pr7_fact,300324.SZ,UNKNOWN,[]
pr7_fact-300326.SZ,pr7_fact,300326.SZ,UNKNOWN,[]
pr7_fact-300327.SZ,pr7_fact,300327.SZ,UNKNOWN,[]
pr7_fact-300328.SZ,pr7_fact,300328.SZ,UNKNOWN,[]
pr7_fact-300331.SZ,pr7_fact,300331.SZ,UNKNOWN,[]
pr7_fact-300332.SZ,pr7_fact,300332.SZ,UNKNOWN,[]
pr7_fact-300333.SZ,pr7_fact,300333.SZ,UNKNOWN,[]
pr7_fact-300334.SZ,pr7_fact,300334.SZ,UNKNOWN,[]
pr7_fact-300335.SZ,pr7_fact,300335.SZ,UNKNOWN,[]
pr7_fact-300336.SZ,pr7_fact,300336.SZ,UNKNOWN,[]
pr7_fact-300337.SZ,pr7_fact,300337.SZ,UNKNOWN,[]
pr7_fact-300339.SZ,pr7_fact,300339.SZ,UNKNOWN,[]
pr7_fact-300341.SZ,pr7_fact,300341.SZ,UNKNOWN,[]
pr7_fact-300342.SZ,pr7_fact,300342.SZ,UNKNOWN,[]
pr7_fact-300343.SZ,pr7_fact,300343.SZ,UNKNOWN,[]
pr7_fact-300346.SZ,pr7_fact,300346.SZ,UNKNOWN,[]
pr7_fact-300347.SZ,pr7_fact,300347.SZ,UNKNOWN,[]
pr7_fact-300348.SZ,pr7_fact,300348.SZ,UNKNOWN,[]
pr7_fact-300349.SZ,pr7_fact,300349.SZ,UNKNOWN,[]
pr7_fact-300350.SZ,pr7_fact,300350.SZ,UNKNOWN,[]
pr7_fact-300351.SZ,pr7_fact,300351.SZ,UNKNOWN,[]
pr7_fact-300352.SZ,pr7_fact,300352.SZ,UNKNOWN,[]
pr7_fact-300353.SZ,pr7_fact,300353.SZ,UNKNOWN,[]
pr7_fact-300355.SZ,pr7_fact,300355.SZ,UNKNOWN,[]
pr7_fact-300356.SZ,pr7_fact,300356.SZ,UNKNOWN,[]
pr7_fact-300357.SZ,pr7_fact,300357.SZ,UNKNOWN,[]
pr7_fact-300358.SZ,pr7_fact,300358.SZ,UNKNOWN,[]
pr7_fact-300359.SZ,pr7_fact,300359.SZ,UNKNOWN,[]
pr7_fact-300360.SZ,pr7_fact,300360.SZ,UNKNOWN,[]
pr7_fact-300362.SZ,pr7_fact,300362.SZ,UNKNOWN,[]
pr7_fact-300363.SZ,pr7_fact,300363.SZ,UNKNOWN,[]
pr7_fact-300364.SZ,pr7_fact,300364.SZ,UNKNOWN,[]
pr7_fact-300365.SZ,pr7_fact,300365.SZ,UNKNOWN,[]
pr7_fact-300366.SZ,pr7_fact,300366.SZ,UNKNOWN,[]
pr7_fact-300367.SZ,pr7_fact,300367.SZ,UNKNOWN,[]
pr7_fact-300368.SZ,pr7_fact,300368.SZ,UNKNOWN,[]
pr7_fact-300369.SZ,pr7_fact,300369.SZ,UNKNOWN,[]
pr7_fact-300370.SZ,pr7_fact,300370.SZ,UNKNOWN,[]
pr7_fact-300371.SZ,pr7_fact,300371.SZ,UNKNOWN,[]
pr7_fact-300372.SZ,pr7_fact,300372.SZ,UNKNOWN,[]
pr7_fact-300373.SZ,pr7_fact,300373.SZ,UNKNOWN,[]
pr7_fact-300375.SZ,pr7_fact,300375.SZ,UNKNOWN,[]
pr7_fact-300376.SZ,pr7_fact,300376.SZ,UNKNOWN,[]
pr7_fact-300377.SZ,pr7_fact,300377.SZ,UNKNOWN,[]
pr7_fact-300378.SZ,pr7_fact,300378.SZ,UNKNOWN,[]
pr7_fact-300379.SZ,pr7_fact,300379.SZ,UNKNOWN,[]
pr7_fact-300380.SZ,pr7_fact,300380.SZ,UNKNOWN,[]
pr7_fact-300381.SZ,pr7_fact,300381.SZ,UNKNOWN,[]
pr7_fact-300382.SZ,pr7_fact,300382.SZ,UNKNOWN,[]
pr7_fact-300383.SZ,pr7_fact,300383.SZ,UNKNOWN,[]
pr7_fact-300384.SZ,pr7_fact,300384.SZ,UNKNOWN,[]
pr7_fact-300385.SZ,pr7_fact,300385.SZ,UNKNOWN,[]
pr7_fact-300386.SZ,pr7_fact,300386.SZ,UNKNOWN,[]
pr7_fact-300387.SZ,pr7_fact,300387.SZ,UNKNOWN,[]
pr7_fact-300388.SZ,pr7_fact,300388.SZ,UNKNOWN,[]
pr7_fact-300389.SZ,pr7_fact,300389.SZ,UNKNOWN,[]
pr7_fact-300390.SZ,pr7_fact,300390.SZ,UNKNOWN,[]
pr7_fact-300392.SZ,pr7_fact,300392.SZ,UNKNOWN,[]
pr7_fact-300393.SZ,pr7_fact,300393.SZ,UNKNOWN,[]
pr7_fact-300394.SZ,pr7_fact,300394.SZ,UNKNOWN,[]
pr7_fact-300395.SZ,pr7_fact,300395.SZ,UNKNOWN,[]
pr7_fact-300397.SZ,pr7_fact,300397.SZ,UNKNOWN,[]
pr7_fact-300398.SZ,pr7_fact,300398.SZ,UNKNOWN,[]
pr7_fact-300399.SZ,pr7_fact,300399.SZ,UNKNOWN,[]
pr7_fact-300401.SZ,pr7_fact,300401.SZ,UNKNOWN,[]
pr7_fact-300403.SZ,pr7_fact,300403.SZ,UNKNOWN,[]
pr7_fact-300406.SZ,pr7_fact,300406.SZ,UNKNOWN,[]
pr7_fact-300408.SZ,pr7_fact,300408.SZ,UNKNOWN,[]
pr7_fact-300409.SZ,pr7_fact,300409.SZ,UNKNOWN,[]
pr7_fact-300410.SZ,pr7_fact,300410.SZ,UNKNOWN,[]
pr7_fact-300413.SZ,pr7_fact,300413.SZ,UNKNOWN,[]
pr7_fact-300415.SZ,pr7_fact,300415.SZ,UNKNOWN,[]
pr7_fact-300416.SZ,pr7_fact,300416.SZ,UNKNOWN,[]
pr7_fact-300418.SZ,pr7_fact,300418.SZ,UNKNOWN,[]
pr7_fact-300419.SZ,pr7_fact,300419.SZ,UNKNOWN,[]
pr7_fact-300423.SZ,pr7_fact,300423.SZ,UNKNOWN,[]
pr7_fact-300424.SZ,pr7_fact,300424.SZ,UNKNOWN,[]
pr7_fact-300426.SZ,pr7_fact,300426.SZ,UNKNOWN,[]
pr7_fact-300428.SZ,pr7_fact,300428.SZ,UNKNOWN,[]
pr7_fact-300429.SZ,pr7_fact,300429.SZ,UNKNOWN,[]
pr7_fact-300431.SZ,pr7_fact,300431.SZ,UNKNOWN,[]
pr7_fact-300432.SZ,pr7_fact,300432.SZ,UNKNOWN,[]
pr7_fact-300433.SZ,pr7_fact,300433.SZ,UNKNOWN,[]
pr7_fact-300436.SZ,pr7_fact,300436.SZ,UNKNOWN,[]
pr7_fact-300438.SZ,pr7_fact,300438.SZ,UNKNOWN,[]
pr7_fact-300439.SZ,pr7_fact,300439.SZ,UNKNOWN,[]
pr7_fact-300440.SZ,pr7_fact,300440.SZ,UNKNOWN,[]
pr7_fact-300441.SZ,pr7_fact,300441.SZ,UNKNOWN,[]
pr7_fact-300442.SZ,pr7_fact,300442.SZ,UNKNOWN,[]
pr7_fact-300443.SZ,pr7_fact,300443.SZ,UNKNOWN,[]
pr7_fact-300444.SZ,pr7_fact,300444.SZ,UNKNOWN,[]
pr7_fact-300446.SZ,pr7_fact,300446.SZ,UNKNOWN,[]
pr7_fact-300447.SZ,pr7_fact,300447.SZ,UNKNOWN,[]
pr7_fact-300448.SZ,pr7_fact,300448.SZ,UNKNOWN,[]
pr7_fact-300449.SZ,pr7_fact,300449.SZ,UNKNOWN,[]
pr7_fact-300450.SZ,pr7_fact,300450.SZ,UNKNOWN,[]
pr7_fact-300451.SZ,pr7_fact,300451.SZ,UNKNOWN,[]
pr7_fact-300454.SZ,pr7_fact,300454.SZ,UNKNOWN,[]
pr7_fact-300455.SZ,pr7_fact,300455.SZ,UNKNOWN,[]
pr7_fact-300456.SZ,pr7_fact,300456.SZ,UNKNOWN,[]
pr7_fact-300457.SZ,pr7_fact,300457.SZ,UNKNOWN,[]
pr7_fact-300458.SZ,pr7_fact,300458.SZ,UNKNOWN,[]
pr7_fact-300459.SZ,pr7_fact,300459.SZ,UNKNOWN,[]
pr7_fact-300463.SZ,pr7_fact,300463.SZ,UNKNOWN,[]
pr7_fact-300465.SZ,pr7_fact,300465.SZ,UNKNOWN,[]
pr7_fact-300467.SZ,pr7_fact,300467.SZ,UNKNOWN,[]
pr7_fact-300468.SZ,pr7_fact,300468.SZ,UNKNOWN,[]
pr7_fact-300470.SZ,pr7_fact,300470.SZ,UNKNOWN,[]
pr7_fact-300471.SZ,pr7_fact,300471.SZ,UNKNOWN,[]
pr7_fact-300473.SZ,pr7_fact,300473.SZ,UNKNOWN,[]
pr7_fact-300474.SZ,pr7_fact,300474.SZ,UNKNOWN,[]
pr7_fact-300475.SZ,pr7_fact,300475.SZ,UNKNOWN,[]
pr7_fact-300476.SZ,pr7_fact,300476.SZ,UNKNOWN,[]
pr7_fact-300477.SZ,pr7_fact,300477.SZ,UNKNOWN,[]
pr7_fact-300482.SZ,pr7_fact,300482.SZ,UNKNOWN,[]
pr7_fact-300484.SZ,pr7_fact,300484.SZ,UNKNOWN,[]
pr7_fact-300485.SZ,pr7_fact,300485.SZ,UNKNOWN,[]
pr7_fact-300487.SZ,pr7_fact,300487.SZ,UNKNOWN,[]
pr7_fact-300492.SZ,pr7_fact,300492.SZ,UNKNOWN,[]
pr7_fact-300493.SZ,pr7_fact,300493.SZ,UNKNOWN,[]
pr7_fact-300494.SZ,pr7_fact,300494.SZ,UNKNOWN,[]
pr7_fact-300495.SZ,pr7_fact,300495.SZ,UNKNOWN,[]
pr7_fact-300496.SZ,pr7_fact,300496.SZ,UNKNOWN,[]
pr7_fact-300497.SZ,pr7_fact,300497.SZ,UNKNOWN,[]
pr7_fact-300498.SZ,pr7_fact,300498.SZ,UNKNOWN,[]
pr7_fact-300502.SZ,pr7_fact,300502.SZ,UNKNOWN,[]
pr7_fact-300503.SZ,pr7_fact,300503.SZ,UNKNOWN,[]
pr7_fact-300504.SZ,pr7_fact,300504.SZ,UNKNOWN,[]
pr7_fact-300506.SZ,pr7_fact,300506.SZ,UNKNOWN,[]
pr7_fact-300507.SZ,pr7_fact,300507.SZ,UNKNOWN,[]
pr7_fact-300508.SZ,pr7_fact,300508.SZ,UNKNOWN,[]
pr7_fact-300510.SZ,pr7_fact,300510.SZ,UNKNOWN,[]
pr7_fact-300511.SZ,pr7_fact,300511.SZ,UNKNOWN,[]
pr7_fact-300512.SZ,pr7_fact,300512.SZ,UNKNOWN,[]
pr7_fact-300516.SZ,pr7_fact,300516.SZ,UNKNOWN,[]
pr7_fact-300518.SZ,pr7_fact,300518.SZ,UNKNOWN,[]
pr7_fact-300519.SZ,pr7_fact,300519.SZ,UNKNOWN,[]
pr7_fact-300520.SZ,pr7_fact,300520.SZ,UNKNOWN,[]
pr7_fact-300522.SZ,pr7_fact,300522.SZ,UNKNOWN,[]
pr7_fact-300523.SZ,pr7_fact,300523.SZ,UNKNOWN,[]
pr7_fact-300525.SZ,pr7_fact,300525.SZ,UNKNOWN,[]
pr7_fact-300526.SZ,pr7_fact,300526.SZ,UNKNOWN,[]
pr7_fact-300527.SZ,pr7_fact,300527.SZ,UNKNOWN,[]
pr7_fact-300528.SZ,pr7_fact,300528.SZ,UNKNOWN,[]
pr7_fact-300529.SZ,pr7_fact,300529.SZ,UNKNOWN,[]
pr7_fact-300531.SZ,pr7_fact,300531.SZ,UNKNOWN,[]
pr7_fact-300533.SZ,pr7_fact,300533.SZ,UNKNOWN,[]
pr7_fact-300548.SZ,pr7_fact,300548.SZ,UNKNOWN,[]
pr7_fact-300552.SZ,pr7_fact,300552.SZ,UNKNOWN,[]
pr7_fact-300558.SZ,pr7_fact,300558.SZ,UNKNOWN,[]
pr7_fact-300559.SZ,pr7_fact,300559.SZ,UNKNOWN,[]
pr7_fact-300567.SZ,pr7_fact,300567.SZ,UNKNOWN,[]
pr7_fact-300568.SZ,pr7_fact,300568.SZ,UNKNOWN,[]
pr7_fact-300570.SZ,pr7_fact,300570.SZ,UNKNOWN,[]
pr7_fact-300571.SZ,pr7_fact,300571.SZ,UNKNOWN,[]
pr7_fact-300572.SZ,pr7_fact,300572.SZ,UNKNOWN,[]
pr7_fact-300573.SZ,pr7_fact,300573.SZ,UNKNOWN,[]
pr7_fact-300576.SZ,pr7_fact,300576.SZ,UNKNOWN,[]
pr7_fact-300579.SZ,pr7_fact,300579.SZ,UNKNOWN,[]
pr7_fact-300580.SZ,pr7_fact,300580.SZ,UNKNOWN,[]
pr7_fact-300587.SZ,pr7_fact,300587.SZ,UNKNOWN,[]
pr7_fact-300590.SZ,pr7_fact,300590.SZ,UNKNOWN,[]
pr7_fact-300593.SZ,pr7_fact,300593.SZ,UNKNOWN,[]
pr7_fact-300595.SZ,pr7_fact,300595.SZ,UNKNOWN,[]
pr7_fact-300596.SZ,pr7_fact,300596.SZ,UNKNOWN,[]
pr7_fact-300598.SZ,pr7_fact,300598.SZ,UNKNOWN,[]
pr7_fact-300601.SZ,pr7_fact,300601.SZ,UNKNOWN,[]
pr7_fact-300602.SZ,pr7_fact,300602.SZ,UNKNOWN,[]
pr7_fact-300603.SZ,pr7_fact,300603.SZ,UNKNOWN,[]
pr7_fact-300604.SZ,pr7_fact,300604.SZ,UNKNOWN,[]
pr7_fact-300607.SZ,pr7_fact,300607.SZ,UNKNOWN,[]
pr7_fact-300613.SZ,pr7_fact,300613.SZ,UNKNOWN,[]
pr7_fact-300616.SZ,pr7_fact,300616.SZ,UNKNOWN,[]
pr7_fact-300618.SZ,pr7_fact,300618.SZ,UNKNOWN,[]
pr7_fact-300620.SZ,pr7_fact,300620.SZ,UNKNOWN,[]
pr7_fact-300623.SZ,pr7_fact,300623.SZ,UNKNOWN,[]
pr7_fact-300624.SZ,pr7_fact,300624.SZ,UNKNOWN,[]
pr7_fact-300625.SZ,pr7_fact,300625.SZ,UNKNOWN,[]
pr7_fact-300627.SZ,pr7_fact,300627.SZ,UNKNOWN,[]
pr7_fact-300628.SZ,pr7_fact,300628.SZ,UNKNOWN,[]
pr7_fact-300630.SZ,pr7_fact,300630.SZ,UNKNOWN,[]
pr7_fact-300633.SZ,pr7_fact,300633.SZ,UNKNOWN,[]
pr7_fact-300634.SZ,pr7_fact,300634.SZ,UNKNOWN,[]
pr7_fact-300638.SZ,pr7_fact,300638.SZ,UNKNOWN,[]
pr7_fact-300639.SZ,pr7_fact,300639.SZ,UNKNOWN,[]
pr7_fact-300641.SZ,pr7_fact,300641.SZ,UNKNOWN,[]
pr7_fact-300653.SZ,pr7_fact,300653.SZ,UNKNOWN,[]
pr7_fact-300655.SZ,pr7_fact,300655.SZ,UNKNOWN,[]
pr7_fact-300657.SZ,pr7_fact,300657.SZ,UNKNOWN,[]
pr7_fact-300659.SZ,pr7_fact,300659.SZ,UNKNOWN,[]
pr7_fact-300660.SZ,pr7_fact,300660.SZ,UNKNOWN,[]
pr7_fact-300661.SZ,pr7_fact,300661.SZ,UNKNOWN,[]
pr7_fact-300662.SZ,pr7_fact,300662.SZ,UNKNOWN,[]
pr7_fact-300663.SZ,pr7_fact,300663.SZ,UNKNOWN,[]
pr7_fact-300664.SZ,pr7_fact,300664.SZ,UNKNOWN,[]
pr7_fact-300666.SZ,pr7_fact,300666.SZ,UNKNOWN,[]
pr7_fact-300671.SZ,pr7_fact,300671.SZ,UNKNOWN,[]
pr7_fact-300672.SZ,pr7_fact,300672.SZ,UNKNOWN,[]
pr7_fact-300673.SZ,pr7_fact,300673.SZ,UNKNOWN,[]
pr7_fact-300674.SZ,pr7_fact,300674.SZ,UNKNOWN,[]
pr7_fact-300676.SZ,pr7_fact,300676.SZ,UNKNOWN,[]
pr7_fact-300677.SZ,pr7_fact,300677.SZ,UNKNOWN,[]
pr7_fact-300678.SZ,pr7_fact,300678.SZ,UNKNOWN,[]
pr7_fact-300679.SZ,pr7_fact,300679.SZ,UNKNOWN,[]
pr7_fact-300680.SZ,pr7_fact,300680.SZ,UNKNOWN,[]
pr7_fact-300682.SZ,pr7_fact,300682.SZ,UNKNOWN,[]
pr7_fact-300684.SZ,pr7_fact,300684.SZ,UNKNOWN,[]
pr7_fact-300685.SZ,pr7_fact,300685.SZ,UNKNOWN,[]
pr7_fact-300687.SZ,pr7_fact,300687.SZ,UNKNOWN,[]
pr7_fact-300693.SZ,pr7_fact,300693.SZ,UNKNOWN,[]
pr7_fact-300696.SZ,pr7_fact,300696.SZ,UNKNOWN,[]
pr7_fact-300699.SZ,pr7_fact,300699.SZ,UNKNOWN,[]
pr7_fact-300702.SZ,pr7_fact,300702.SZ,UNKNOWN,[]
pr7_fact-300705.SZ,pr7_fact,300705.SZ,UNKNOWN,[]
pr7_fact-300709.SZ,pr7_fact,300709.SZ,UNKNOWN,[]
pr7_fact-300718.SZ,pr7_fact,300718.SZ,UNKNOWN,[]
pr7_fact-300723.SZ,pr7_fact,300723.SZ,UNKNOWN,[]
pr7_fact-300724.SZ,pr7_fact,300724.SZ,UNKNOWN,[]
pr7_fact-300725.SZ,pr7_fact,300725.SZ,UNKNOWN,[]
pr7_fact-300726.SZ,pr7_fact,300726.SZ,UNKNOWN,[]
pr7_fact-300735.SZ,pr7_fact,300735.SZ,UNKNOWN,[]
pr7_fact-300737.SZ,pr7_fact,300737.SZ,UNKNOWN,[]
pr7_fact-300738.SZ,pr7_fact,300738.SZ,UNKNOWN,[]
pr7_fact-300740.SZ,pr7_fact,300740.SZ,UNKNOWN,[]
pr7_fact-300741.SZ,pr7_fact,300741.SZ,UNKNOWN,[]
pr7_fact-300747.SZ,pr7_fact,300747.SZ,UNKNOWN,[]
pr7_fact-300748.SZ,pr7_fact,300748.SZ,UNKNOWN,[]
pr7_fact-300750.SZ,pr7_fact,300750.SZ,UNKNOWN,[]
pr7_fact-300751.SZ,pr7_fact,300751.SZ,UNKNOWN,[]
pr7_fact-300755.SZ,pr7_fact,300755.SZ,UNKNOWN,[]
pr7_fact-300757.SZ,pr7_fact,300757.SZ,UNKNOWN,[]
pr7_fact-300759.SZ,pr7_fact,300759.SZ,UNKNOWN,[]
pr7_fact-300760.SZ,pr7_fact,300760.SZ,UNKNOWN,[]
pr7_fact-300761.SZ,pr7_fact,300761.SZ,UNKNOWN,[]
pr7_fact-300762.SZ,pr7_fact,300762.SZ,UNKNOWN,[]
pr7_fact-300763.SZ,pr7_fact,300763.SZ,UNKNOWN,[]
pr7_fact-300765.SZ,pr7_fact,300765.SZ,UNKNOWN,[]
pr7_fact-300766.SZ,pr7_fact,300766.SZ,UNKNOWN,[]
pr7_fact-300767.SZ,pr7_fact,300767.SZ,UNKNOWN,[]
pr7_fact-300768.SZ,pr7_fact,300768.SZ,UNKNOWN,[]
pr7_fact-300769.SZ,pr7_fact,300769.SZ,UNKNOWN,[]
pr7_fact-300770.SZ,pr7_fact,300770.SZ,UNKNOWN,[]
pr7_fact-300771.SZ,pr7_fact,300771.SZ,UNKNOWN,[]
pr7_fact-300772.SZ,pr7_fact,300772.SZ,UNKNOWN,[]
pr7_fact-300773.SZ,pr7_fact,300773.SZ,UNKNOWN,[]
pr7_fact-300775.SZ,pr7_fact,300775.SZ,UNKNOWN,[]
pr7_fact-300776.SZ,pr7_fact,300776.SZ,UNKNOWN,[]
pr7_fact-300777.SZ,pr7_fact,300777.SZ,UNKNOWN,[]
pr7_fact-300779.SZ,pr7_fact,300779.SZ,UNKNOWN,[]
pr7_fact-300782.SZ,pr7_fact,300782.SZ,UNKNOWN,[]
pr7_fact-300783.SZ,pr7_fact,300783.SZ,UNKNOWN,[]
pr7_fact-300785.SZ,pr7_fact,300785.SZ,UNKNOWN,[]
pr7_fact-300788.SZ,pr7_fact,300788.SZ,UNKNOWN,[]
pr7_fact-300791.SZ,pr7_fact,300791.SZ,UNKNOWN,[]
pr7_fact-300792.SZ,pr7_fact,300792.SZ,UNKNOWN,[]
pr7_fact-300793.SZ,pr7_fact,300793.SZ,UNKNOWN,[]
pr7_fact-300798.SZ,pr7_fact,300798.SZ,UNKNOWN,[]
pr7_fact-300799.SZ,pr7_fact,300799.SZ,UNKNOWN,[]
pr7_fact-300800.SZ,pr7_fact,300800.SZ,UNKNOWN,[]
pr7_fact-300803.SZ,pr7_fact,300803.SZ,UNKNOWN,[]
pr7_fact-300805.SZ,pr7_fact,300805.SZ,UNKNOWN,[]
pr7_fact-300806.SZ,pr7_fact,300806.SZ,UNKNOWN,[]
pr7_fact-300809.SZ,pr7_fact,300809.SZ,UNKNOWN,[]
pr7_fact-300811.SZ,pr7_fact,300811.SZ,UNKNOWN,[]
pr7_fact-300814.SZ,pr7_fact,300814.SZ,UNKNOWN,[]
pr7_fact-300815.SZ,pr7_fact,300815.SZ,UNKNOWN,[]
pr7_fact-300820.SZ,pr7_fact,300820.SZ,UNKNOWN,[]
pr7_fact-300821.SZ,pr7_fact,300821.SZ,UNKNOWN,[]
pr7_fact-300827.SZ,pr7_fact,300827.SZ,UNKNOWN,[]
pr7_fact-300829.SZ,pr7_fact,300829.SZ,UNKNOWN,[]
pr7_fact-300831.SZ,pr7_fact,300831.SZ,UNKNOWN,[]
pr7_fact-300832.SZ,pr7_fact,300832.SZ,UNKNOWN,[]
pr7_fact-300841.SZ,pr7_fact,300841.SZ,UNKNOWN,[]
pr7_fact-300842.SZ,pr7_fact,300842.SZ,UNKNOWN,[]
pr7_fact-300846.SZ,pr7_fact,300846.SZ,UNKNOWN,[]
pr7_fact-300850.SZ,pr7_fact,300850.SZ,UNKNOWN,[]
pr7_fact-300855.SZ,pr7_fact,300855.SZ,UNKNOWN,[]
pr7_fact-300856.SZ,pr7_fact,300856.SZ,UNKNOWN,[]
pr7_fact-300857.SZ,pr7_fact,300857.SZ,UNKNOWN,[]
pr7_fact-300860.SZ,pr7_fact,300860.SZ,UNKNOWN,[]
pr7_fact-300861.SZ,pr7_fact,300861.SZ,UNKNOWN,[]
pr7_fact-300866.SZ,pr7_fact,300866.SZ,UNKNOWN,[]
pr7_fact-300867.SZ,pr7_fact,300867.SZ,UNKNOWN,[]
pr7_fact-300869.SZ,pr7_fact,300869.SZ,UNKNOWN,[]
pr7_fact-300870.SZ,pr7_fact,300870.SZ,UNKNOWN,[]
pr7_fact-300872.SZ,pr7_fact,300872.SZ,UNKNOWN,[]
pr7_fact-300887.SZ,pr7_fact,300887.SZ,UNKNOWN,[]
pr7_fact-300888.SZ,pr7_fact,300888.SZ,UNKNOWN,[]
pr7_fact-300894.SZ,pr7_fact,300894.SZ,UNKNOWN,[]
pr7_fact-300896.SZ,pr7_fact,300896.SZ,UNKNOWN,[]
pr7_fact-300900.SZ,pr7_fact,300900.SZ,UNKNOWN,[]
pr7_fact-300910.SZ,pr7_fact,300910.SZ,UNKNOWN,[]
pr7_fact-300913.SZ,pr7_fact,300913.SZ,UNKNOWN,[]
pr7_fact-300917.SZ,pr7_fact,300917.SZ,UNKNOWN,[]
pr7_fact-300919.SZ,pr7_fact,300919.SZ,UNKNOWN,[]
pr7_fact-300925.SZ,pr7_fact,300925.SZ,UNKNOWN,[]
pr7_fact-300926.SZ,pr7_fact,300926.SZ,UNKNOWN,[]
pr7_fact-300942.SZ,pr7_fact,300942.SZ,UNKNOWN,[]
pr7_fact-300953.SZ,pr7_fact,300953.SZ,UNKNOWN,[]
pr7_fact-300957.SZ,pr7_fact,300957.SZ,UNKNOWN,[]
pr7_fact-300969.SZ,pr7_fact,300969.SZ,UNKNOWN,[]
pr7_fact-300972.SZ,pr7_fact,300972.SZ,UNKNOWN,[]
pr7_fact-300973.SZ,pr7_fact,300973.SZ,UNKNOWN,[]
pr7_fact-300979.SZ,pr7_fact,300979.SZ,UNKNOWN,[]
pr7_fact-300981.SZ,pr7_fact,300981.SZ,UNKNOWN,[]
pr7_fact-300990.SZ,pr7_fact,300990.SZ,UNKNOWN,[]
pr7_fact-300999.SZ,pr7_fact,300999.SZ,UNKNOWN,[]
pr7_fact-301000.SZ,pr7_fact,301000.SZ,UNKNOWN,[]
pr7_fact-301004.SZ,pr7_fact,301004.SZ,UNKNOWN,[]
pr7_fact-301005.SZ,pr7_fact,301005.SZ,UNKNOWN,[]
pr7_fact-301015.SZ,pr7_fact,301015.SZ,UNKNOWN,[]
pr7_fact-301018.SZ,pr7_fact,301018.SZ,UNKNOWN,[]
pr7_fact-301029.SZ,pr7_fact,301029.SZ,UNKNOWN,[]
pr7_fact-301031.SZ,pr7_fact,301031.SZ,UNKNOWN,[]
pr7_fact-301035.SZ,pr7_fact,301035.SZ,UNKNOWN,[]
pr7_fact-301039.SZ,pr7_fact,301039.SZ,UNKNOWN,[]
pr7_fact-301047.SZ,pr7_fact,301047.SZ,UNKNOWN,[]
pr7_fact-301050.SZ,pr7_fact,301050.SZ,UNKNOWN,[]
pr7_fact-301060.SZ,pr7_fact,301060.SZ,UNKNOWN,[]
pr7_fact-301061.SZ,pr7_fact,301061.SZ,UNKNOWN,[]
pr7_fact-301069.SZ,pr7_fact,301069.SZ,UNKNOWN,[]
pr7_fact-301071.SZ,pr7_fact,301071.SZ,UNKNOWN,[]
pr7_fact-301078.SZ,pr7_fact,301078.SZ,UNKNOWN,[]
pr7_fact-301080.SZ,pr7_fact,301080.SZ,UNKNOWN,[]
pr7_fact-301087.SZ,pr7_fact,301087.SZ,UNKNOWN,[]
pr7_fact-301089.SZ,pr7_fact,301089.SZ,UNKNOWN,[]
pr7_fact-301090.SZ,pr7_fact,301090.SZ,UNKNOWN,[]
pr7_fact-301091.SZ,pr7_fact,301091.SZ,UNKNOWN,[]
pr7_fact-301095.SZ,pr7_fact,301095.SZ,UNKNOWN,[]
pr7_fact-301101.SZ,pr7_fact,301101.SZ,UNKNOWN,[]
pr7_fact-301109.SZ,pr7_fact,301109.SZ,UNKNOWN,[]
pr7_fact-301127.SZ,pr7_fact,301127.SZ,UNKNOWN,[]
pr7_fact-301153.SZ,pr7_fact,301153.SZ,UNKNOWN,[]
pr7_fact-301155.SZ,pr7_fact,301155.SZ,UNKNOWN,[]
pr7_fact-301165.SZ,pr7_fact,301165.SZ,UNKNOWN,[]
pr7_fact-301171.SZ,pr7_fact,301171.SZ,UNKNOWN,[]
pr7_fact-301175.SZ,pr7_fact,301175.SZ,UNKNOWN,[]
pr7_fact-301177.SZ,pr7_fact,301177.SZ,UNKNOWN,[]
pr7_fact-301180.SZ,pr7_fact,301180.SZ,UNKNOWN,[]
pr7_fact-301196.SZ,pr7_fact,301196.SZ,UNKNOWN,[]
pr7_fact-301200.SZ,pr7_fact,301200.SZ,UNKNOWN,[]
pr7_fact-301205.SZ,pr7_fact,301205.SZ,UNKNOWN,[]
pr7_fact-301206.SZ,pr7_fact,301206.SZ,UNKNOWN,[]
pr7_fact-301207.SZ,pr7_fact,301207.SZ,UNKNOWN,[]
pr7_fact-301215.SZ,pr7_fact,301215.SZ,UNKNOWN,[]
pr7_fact-301216.SZ,pr7_fact,301216.SZ,UNKNOWN,[]
pr7_fact-301217.SZ,pr7_fact,301217.SZ,UNKNOWN,[]
pr7_fact-301219.SZ,pr7_fact,301219.SZ,UNKNOWN,[]
pr7_fact-301225.SZ,pr7_fact,301225.SZ,UNKNOWN,[]
pr7_fact-301236.SZ,pr7_fact,301236.SZ,UNKNOWN,[]
pr7_fact-301238.SZ,pr7_fact,301238.SZ,UNKNOWN,[]
pr7_fact-301239.SZ,pr7_fact,301239.SZ,UNKNOWN,[]
pr7_fact-301246.SZ,pr7_fact,301246.SZ,UNKNOWN,[]
pr7_fact-301262.SZ,pr7_fact,301262.SZ,UNKNOWN,[]
pr7_fact-301263.SZ,pr7_fact,301263.SZ,UNKNOWN,[]
pr7_fact-301267.SZ,pr7_fact,301267.SZ,UNKNOWN,[]
pr7_fact-301268.SZ,pr7_fact,301268.SZ,UNKNOWN,[]
pr7_fact-301269.SZ,pr7_fact,301269.SZ,UNKNOWN,[]
pr7_fact-301275.SZ,pr7_fact,301275.SZ,UNKNOWN,[]
pr7_fact-301286.SZ,pr7_fact,301286.SZ,UNKNOWN,[]
pr7_fact-301291.SZ,pr7_fact,301291.SZ,UNKNOWN,[]
pr7_fact-301293.SZ,pr7_fact,301293.SZ,UNKNOWN,[]
pr7_fact-301297.SZ,pr7_fact,301297.SZ,UNKNOWN,[]
pr7_fact-301301.SZ,pr7_fact,301301.SZ,UNKNOWN,[]
pr7_fact-301308.SZ,pr7_fact,301308.SZ,UNKNOWN,[]
pr7_fact-301316.SZ,pr7_fact,301316.SZ,UNKNOWN,[]
pr7_fact-301325.SZ,pr7_fact,301325.SZ,UNKNOWN,[]
pr7_fact-301327.SZ,pr7_fact,301327.SZ,UNKNOWN,[]
pr7_fact-301339.SZ,pr7_fact,301339.SZ,UNKNOWN,[]
pr7_fact-301345.SZ,pr7_fact,301345.SZ,UNKNOWN,[]
pr7_fact-301348.SZ,pr7_fact,301348.SZ,UNKNOWN,[]
pr7_fact-301358.SZ,pr7_fact,301358.SZ,UNKNOWN,[]
pr7_fact-301363.SZ,pr7_fact,301363.SZ,UNKNOWN,[]
pr7_fact-301367.SZ,pr7_fact,301367.SZ,UNKNOWN,[]
pr7_fact-301371.SZ,pr7_fact,301371.SZ,UNKNOWN,[]
pr7_fact-301376.SZ,pr7_fact,301376.SZ,UNKNOWN,[]
pr7_fact-301377.SZ,pr7_fact,301377.SZ,UNKNOWN,[]
pr7_fact-301381.SZ,pr7_fact,301381.SZ,UNKNOWN,[]
pr7_fact-301389.SZ,pr7_fact,301389.SZ,UNKNOWN,[]
pr7_fact-301392.SZ,pr7_fact,301392.SZ,UNKNOWN,[]
pr7_fact-301396.SZ,pr7_fact,301396.SZ,UNKNOWN,[]
pr7_fact-301413.SZ,pr7_fact,301413.SZ,UNKNOWN,[]
pr7_fact-301421.SZ,pr7_fact,301421.SZ,UNKNOWN,[]
pr7_fact-301458.SZ,pr7_fact,301458.SZ,UNKNOWN,[]
pr7_fact-301487.SZ,pr7_fact,301487.SZ,UNKNOWN,[]
pr7_fact-301488.SZ,pr7_fact,301488.SZ,UNKNOWN,[]
pr7_fact-301489.SZ,pr7_fact,301489.SZ,UNKNOWN,[]
pr7_fact-301498.SZ,pr7_fact,301498.SZ,UNKNOWN,[]
pr7_fact-301500.SZ,pr7_fact,301500.SZ,UNKNOWN,[]
pr7_fact-301508.SZ,pr7_fact,301508.SZ,UNKNOWN,[]
pr7_fact-301510.SZ,pr7_fact,301510.SZ,UNKNOWN,[]
pr7_fact-301511.SZ,pr7_fact,301511.SZ,UNKNOWN,[]
pr7_fact-301522.SZ,pr7_fact,301522.SZ,UNKNOWN,[]
pr7_fact-301526.SZ,pr7_fact,301526.SZ,UNKNOWN,[]
pr7_fact-301536.SZ,pr7_fact,301536.SZ,UNKNOWN,[]
pr7_fact-301550.SZ,pr7_fact,301550.SZ,UNKNOWN,[]
pr7_fact-301551.SZ,pr7_fact,301551.SZ,UNKNOWN,[]
pr7_fact-301556.SZ,pr7_fact,301556.SZ,UNKNOWN,[]
pr7_fact-301558.SZ,pr7_fact,301558.SZ,UNKNOWN,[]
pr7_fact-301559.SZ,pr7_fact,301559.SZ,UNKNOWN,[]
pr7_fact-301563.SZ,pr7_fact,301563.SZ,UNKNOWN,[]
pr7_fact-301565.SZ,pr7_fact,301565.SZ,UNKNOWN,[]
pr7_fact-301571.SZ,pr7_fact,301571.SZ,UNKNOWN,[]
pr7_fact-301584.SZ,pr7_fact,301584.SZ,UNKNOWN,[]
pr7_fact-301589.SZ,pr7_fact,301589.SZ,UNKNOWN,[]
pr7_fact-301592.SZ,pr7_fact,301592.SZ,UNKNOWN,[]
pr7_fact-301600.SZ,pr7_fact,301600.SZ,UNKNOWN,[]
pr7_fact-301602.SZ,pr7_fact,301602.SZ,UNKNOWN,[]
pr7_fact-301606.SZ,pr7_fact,301606.SZ,UNKNOWN,[]
pr7_fact-301611.SZ,pr7_fact,301611.SZ,UNKNOWN,[]
pr7_fact-301622.SZ,pr7_fact,301622.SZ,UNKNOWN,[]
pr7_fact-301626.SZ,pr7_fact,301626.SZ,UNKNOWN,[]
pr7_fact-301631.SZ,pr7_fact,301631.SZ,UNKNOWN,[]
pr7_fact-301632.SZ,pr7_fact,301632.SZ,UNKNOWN,[]
pr7_fact-301658.SZ,pr7_fact,301658.SZ,UNKNOWN,[]
pr7_fact-301662.SZ,pr7_fact,301662.SZ,UNKNOWN,[]
pr7_fact-301665.SZ,pr7_fact,301665.SZ,UNKNOWN,[]
pr7_fact-301678.SZ,pr7_fact,301678.SZ,UNKNOWN,[]
pr7_fact-302132.SZ,pr7_fact,302132.SZ,UNKNOWN,[]
pr7_fact-600000.SH,pr7_fact,600000.SH,UNKNOWN,[]
pr7_fact-600004.SH,pr7_fact,600004.SH,UNKNOWN,[]
pr7_fact-600005.SH,pr7_fact,600005.SH,UNKNOWN,[]
pr7_fact-600006.SH,pr7_fact,600006.SH,UNKNOWN,[]
pr7_fact-600007.SH,pr7_fact,600007.SH,UNKNOWN,[]
pr7_fact-600008.SH,pr7_fact,600008.SH,UNKNOWN,[]
pr7_fact-600009.SH,pr7_fact,600009.SH,UNKNOWN,[]
pr7_fact-600010.SH,pr7_fact,600010.SH,UNKNOWN,[]
pr7_fact-600011.SH,pr7_fact,600011.SH,UNKNOWN,[]
pr7_fact-600012.SH,pr7_fact,600012.SH,UNKNOWN,[]
pr7_fact-600015.SH,pr7_fact,600015.SH,UNKNOWN,[]
pr7_fact-600016.SH,pr7_fact,600016.SH,UNKNOWN,[]
pr7_fact-600017.SH,pr7_fact,600017.SH,UNKNOWN,[]
pr7_fact-600018.SH,pr7_fact,600018.SH,UNKNOWN,[]
pr7_fact-600019.SH,pr7_fact,600019.SH,UNKNOWN,[]
pr7_fact-600020.SH,pr7_fact,600020.SH,UNKNOWN,[]
pr7_fact-600021.SH,pr7_fact,600021.SH,UNKNOWN,[]
pr7_fact-600022.SH,pr7_fact,600022.SH,UNKNOWN,[]
pr7_fact-600023.SH,pr7_fact,600023.SH,UNKNOWN,[]
pr7_fact-600025.SH,pr7_fact,600025.SH,UNKNOWN,[]
pr7_fact-600026.SH,pr7_fact,600026.SH,UNKNOWN,[]
pr7_fact-600027.SH,pr7_fact,600027.SH,UNKNOWN,[]
pr7_fact-600028.SH,pr7_fact,600028.SH,UNKNOWN,[]
pr7_fact-600029.SH,pr7_fact,600029.SH,UNKNOWN,[]
pr7_fact-600030.SH,pr7_fact,600030.SH,UNKNOWN,[]
pr7_fact-600031.SH,pr7_fact,600031.SH,UNKNOWN,[]
pr7_fact-600032.SH,pr7_fact,600032.SH,UNKNOWN,[]
pr7_fact-600033.SH,pr7_fact,600033.SH,UNKNOWN,[]
pr7_fact-600035.SH,pr7_fact,600035.SH,UNKNOWN,[]
pr7_fact-600036.SH,pr7_fact,600036.SH,UNKNOWN,[]
pr7_fact-600037.SH,pr7_fact,600037.SH,UNKNOWN,[]
pr7_fact-600038.SH,pr7_fact,600038.SH,UNKNOWN,[]
pr7_fact-600039.SH,pr7_fact,600039.SH,UNKNOWN,[]
pr7_fact-600048.SH,pr7_fact,600048.SH,UNKNOWN,[]
pr7_fact-600050.SH,pr7_fact,600050.SH,UNKNOWN,[]
pr7_fact-600051.SH,pr7_fact,600051.SH,UNKNOWN,[]
pr7_fact-600052.SH,pr7_fact,600052.SH,UNKNOWN,[]
pr7_fact-600053.SH,pr7_fact,600053.SH,UNKNOWN,[]
pr7_fact-600054.SH,pr7_fact,600054.SH,UNKNOWN,[]
pr7_fact-600055.SH,pr7_fact,600055.SH,UNKNOWN,[]
pr7_fact-600056.SH,pr7_fact,600056.SH,UNKNOWN,[]
pr7_fact-600057.SH,pr7_fact,600057.SH,UNKNOWN,[]
pr7_fact-600058.SH,pr7_fact,600058.SH,UNKNOWN,[]
pr7_fact-600059.SH,pr7_fact,600059.SH,UNKNOWN,[]
pr7_fact-600060.SH,pr7_fact,600060.SH,UNKNOWN,[]
pr7_fact-600061.SH,pr7_fact,600061.SH,UNKNOWN,[]
pr7_fact-600062.SH,pr7_fact,600062.SH,UNKNOWN,[]
pr7_fact-600063.SH,pr7_fact,600063.SH,UNKNOWN,[]
pr7_fact-600064.SH,pr7_fact,600064.SH,UNKNOWN,[]
pr7_fact-600066.SH,pr7_fact,600066.SH,UNKNOWN,[]
pr7_fact-600067.SH,pr7_fact,600067.SH,UNKNOWN,[]
pr7_fact-600068.SH,pr7_fact,600068.SH,UNKNOWN,[]
pr7_fact-600069.SH,pr7_fact,600069.SH,UNKNOWN,[]
pr7_fact-600071.SH,pr7_fact,600071.SH,UNKNOWN,[]
pr7_fact-600072.SH,pr7_fact,600072.SH,UNKNOWN,[]
pr7_fact-600073.SH,pr7_fact,600073.SH,UNKNOWN,[]
pr7_fact-600074.SH,pr7_fact,600074.SH,UNKNOWN,[]
pr7_fact-600075.SH,pr7_fact,600075.SH,UNKNOWN,[]
pr7_fact-600076.SH,pr7_fact,600076.SH,UNKNOWN,[]
pr7_fact-600077.SH,pr7_fact,600077.SH,UNKNOWN,[]
pr7_fact-600078.SH,pr7_fact,600078.SH,UNKNOWN,[]
pr7_fact-600079.SH,pr7_fact,600079.SH,UNKNOWN,[]
pr7_fact-600080.SH,pr7_fact,600080.SH,UNKNOWN,[]
pr7_fact-600081.SH,pr7_fact,600081.SH,UNKNOWN,[]
pr7_fact-600082.SH,pr7_fact,600082.SH,UNKNOWN,[]
pr7_fact-600084.SH,pr7_fact,600084.SH,UNKNOWN,[]
pr7_fact-600085.SH,pr7_fact,600085.SH,UNKNOWN,[]
pr7_fact-600086.SH,pr7_fact,600086.SH,UNKNOWN,[]
pr7_fact-600088.SH,pr7_fact,600088.SH,UNKNOWN,[]
pr7_fact-600089.SH,pr7_fact,600089.SH,UNKNOWN,[]
pr7_fact-600090.SH,pr7_fact,600090.SH,UNKNOWN,[]
pr7_fact-600091.SH,pr7_fact,600091.SH,UNKNOWN,[]
pr7_fact-600093.SH,pr7_fact,600093.SH,UNKNOWN,[]
pr7_fact-600094.SH,pr7_fact,600094.SH,UNKNOWN,[]
pr7_fact-600095.SH,pr7_fact,600095.SH,UNKNOWN,[]
pr7_fact-600096.SH,pr7_fact,600096.SH,UNKNOWN,[]
pr7_fact-600097.SH,pr7_fact,600097.SH,UNKNOWN,[]
pr7_fact-600098.SH,pr7_fact,600098.SH,UNKNOWN,[]
pr7_fact-600100.SH,pr7_fact,600100.SH,UNKNOWN,[]
pr7_fact-600101.SH,pr7_fact,600101.SH,UNKNOWN,[]
pr7_fact-600103.SH,pr7_fact,600103.SH,UNKNOWN,[]
pr7_fact-600104.SH,pr7_fact,600104.SH,UNKNOWN,[]
pr7_fact-600105.SH,pr7_fact,600105.SH,UNKNOWN,[]
pr7_fact-600106.SH,pr7_fact,600106.SH,UNKNOWN,[]
pr7_fact-600107.SH,pr7_fact,600107.SH,UNKNOWN,[]
pr7_fact-600108.SH,pr7_fact,600108.SH,UNKNOWN,[]
pr7_fact-600109.SH,pr7_fact,600109.SH,UNKNOWN,[]
pr7_fact-600110.SH,pr7_fact,600110.SH,UNKNOWN,[]
pr7_fact-600111.SH,pr7_fact,600111.SH,UNKNOWN,[]
pr7_fact-600112.SH,pr7_fact,600112.SH,UNKNOWN,[]
pr7_fact-600113.SH,pr7_fact,600113.SH,UNKNOWN,[]
pr7_fact-600114.SH,pr7_fact,600114.SH,UNKNOWN,[]
pr7_fact-600115.SH,pr7_fact,600115.SH,UNKNOWN,[]
pr7_fact-600116.SH,pr7_fact,600116.SH,UNKNOWN,[]
pr7_fact-600117.SH,pr7_fact,600117.SH,UNKNOWN,[]
pr7_fact-600118.SH,pr7_fact,600118.SH,UNKNOWN,[]
pr7_fact-600119.SH,pr7_fact,600119.SH,UNKNOWN,[]
pr7_fact-600120.SH,pr7_fact,600120.SH,UNKNOWN,[]
pr7_fact-600121.SH,pr7_fact,600121.SH,UNKNOWN,[]
pr7_fact-600122.SH,pr7_fact,600122.SH,UNKNOWN,[]
pr7_fact-600123.SH,pr7_fact,600123.SH,UNKNOWN,[]
pr7_fact-600125.SH,pr7_fact,600125.SH,UNKNOWN,[]
pr7_fact-600126.SH,pr7_fact,600126.SH,UNKNOWN,[]
pr7_fact-600127.SH,pr7_fact,600127.SH,UNKNOWN,[]
pr7_fact-600128.SH,pr7_fact,600128.SH,UNKNOWN,[]
pr7_fact-600129.SH,pr7_fact,600129.SH,UNKNOWN,[]
pr7_fact-600130.SH,pr7_fact,600130.SH,UNKNOWN,[]
pr7_fact-600131.SH,pr7_fact,600131.SH,UNKNOWN,[]
pr7_fact-600132.SH,pr7_fact,600132.SH,UNKNOWN,[]
pr7_fact-600133.SH,pr7_fact,600133.SH,UNKNOWN,[]
pr7_fact-600135.SH,pr7_fact,600135.SH,UNKNOWN,[]
pr7_fact-600136.SH,pr7_fact,600136.SH,UNKNOWN,[]
pr7_fact-600138.SH,pr7_fact,600138.SH,UNKNOWN,[]
pr7_fact-600139.SH,pr7_fact,600139.SH,UNKNOWN,[]
pr7_fact-600141.SH,pr7_fact,600141.SH,UNKNOWN,[]
pr7_fact-600143.SH,pr7_fact,600143.SH,UNKNOWN,[]
pr7_fact-600146.SH,pr7_fact,600146.SH,UNKNOWN,[]
pr7_fact-600149.SH,pr7_fact,600149.SH,UNKNOWN,[]
pr7_fact-600150.SH,pr7_fact,600150.SH,UNKNOWN,[]
pr7_fact-600151.SH,pr7_fact,600151.SH,UNKNOWN,[]
pr7_fact-600152.SH,pr7_fact,600152.SH,UNKNOWN,[]
pr7_fact-600153.SH,pr7_fact,600153.SH,UNKNOWN,[]
pr7_fact-600155.SH,pr7_fact,600155.SH,UNKNOWN,[]
pr7_fact-600156.SH,pr7_fact,600156.SH,UNKNOWN,[]
pr7_fact-600157.SH,pr7_fact,600157.SH,UNKNOWN,[]
pr7_fact-600158.SH,pr7_fact,600158.SH,UNKNOWN,[]
pr7_fact-600159.SH,pr7_fact,600159.SH,UNKNOWN,[]
pr7_fact-600160.SH,pr7_fact,600160.SH,UNKNOWN,[]
pr7_fact-600161.SH,pr7_fact,600161.SH,UNKNOWN,[]
pr7_fact-600162.SH,pr7_fact,600162.SH,UNKNOWN,[]
pr7_fact-600163.SH,pr7_fact,600163.SH,UNKNOWN,[]
pr7_fact-600165.SH,pr7_fact,600165.SH,UNKNOWN,[]
pr7_fact-600166.SH,pr7_fact,600166.SH,UNKNOWN,[]
pr7_fact-600167.SH,pr7_fact,600167.SH,UNKNOWN,[]
pr7_fact-600168.SH,pr7_fact,600168.SH,UNKNOWN,[]
pr7_fact-600169.SH,pr7_fact,600169.SH,UNKNOWN,[]
pr7_fact-600170.SH,pr7_fact,600170.SH,UNKNOWN,[]
pr7_fact-600171.SH,pr7_fact,600171.SH,UNKNOWN,[]
pr7_fact-600172.SH,pr7_fact,600172.SH,UNKNOWN,[]
pr7_fact-600173.SH,pr7_fact,600173.SH,UNKNOWN,[]
pr7_fact-600175.SH,pr7_fact,600175.SH,UNKNOWN,[]
pr7_fact-600176.SH,pr7_fact,600176.SH,UNKNOWN,[]
pr7_fact-600177.SH,pr7_fact,600177.SH,UNKNOWN,[]
pr7_fact-600178.SH,pr7_fact,600178.SH,UNKNOWN,[]
pr7_fact-600179.SH,pr7_fact,600179.SH,UNKNOWN,[]
pr7_fact-600180.SH,pr7_fact,600180.SH,UNKNOWN,[]
pr7_fact-600182.SH,pr7_fact,600182.SH,UNKNOWN,[]
pr7_fact-600183.SH,pr7_fact,600183.SH,UNKNOWN,[]
pr7_fact-600184.SH,pr7_fact,600184.SH,UNKNOWN,[]
pr7_fact-600185.SH,pr7_fact,600185.SH,UNKNOWN,[]
pr7_fact-600186.SH,pr7_fact,600186.SH,UNKNOWN,[]
pr7_fact-600187.SH,pr7_fact,600187.SH,UNKNOWN,[]
pr7_fact-600188.SH,pr7_fact,600188.SH,UNKNOWN,[]
pr7_fact-600189.SH,pr7_fact,600189.SH,UNKNOWN,[]
pr7_fact-600190.SH,pr7_fact,600190.SH,UNKNOWN,[]
pr7_fact-600191.SH,pr7_fact,600191.SH,UNKNOWN,[]
pr7_fact-600192.SH,pr7_fact,600192.SH,UNKNOWN,[]
pr7_fact-600193.SH,pr7_fact,600193.SH,UNKNOWN,[]
pr7_fact-600195.SH,pr7_fact,600195.SH,UNKNOWN,[]
pr7_fact-600196.SH,pr7_fact,600196.SH,UNKNOWN,[]
pr7_fact-600197.SH,pr7_fact,600197.SH,UNKNOWN,[]
pr7_fact-600198.SH,pr7_fact,600198.SH,UNKNOWN,[]
pr7_fact-600199.SH,pr7_fact,600199.SH,UNKNOWN,[]
pr7_fact-600200.SH,pr7_fact,600200.SH,UNKNOWN,[]
pr7_fact-600201.SH,pr7_fact,600201.SH,UNKNOWN,[]
pr7_fact-600202.SH,pr7_fact,600202.SH,UNKNOWN,[]
pr7_fact-600203.SH,pr7_fact,600203.SH,UNKNOWN,[]
pr7_fact-600206.SH,pr7_fact,600206.SH,UNKNOWN,[]
pr7_fact-600207.SH,pr7_fact,600207.SH,UNKNOWN,[]
pr7_fact-600208.SH,pr7_fact,600208.SH,UNKNOWN,[]
pr7_fact-600209.SH,pr7_fact,600209.SH,UNKNOWN,[]
pr7_fact-600210.SH,pr7_fact,600210.SH,UNKNOWN,[]
pr7_fact-600211.SH,pr7_fact,600211.SH,UNKNOWN,[]
pr7_fact-600212.SH,pr7_fact,600212.SH,UNKNOWN,[]
pr7_fact-600215.SH,pr7_fact,600215.SH,UNKNOWN,[]
pr7_fact-600216.SH,pr7_fact,600216.SH,UNKNOWN,[]
pr7_fact-600217.SH,pr7_fact,600217.SH,UNKNOWN,[]
pr7_fact-600218.SH,pr7_fact,600218.SH,UNKNOWN,[]
pr7_fact-600219.SH,pr7_fact,600219.SH,UNKNOWN,[]
pr7_fact-600220.SH,pr7_fact,600220.SH,UNKNOWN,[]
pr7_fact-600221.SH,pr7_fact,600221.SH,UNKNOWN,[]
pr7_fact-600222.SH,pr7_fact,600222.SH,UNKNOWN,[]
pr7_fact-600223.SH,pr7_fact,600223.SH,UNKNOWN,[]
pr7_fact-600225.SH,pr7_fact,600225.SH,UNKNOWN,[]
pr7_fact-600226.SH,pr7_fact,600226.SH,UNKNOWN,[]
pr7_fact-600227.SH,pr7_fact,600227.SH,UNKNOWN,[]
pr7_fact-600228.SH,pr7_fact,600228.SH,UNKNOWN,[]
pr7_fact-600229.SH,pr7_fact,600229.SH,UNKNOWN,[]
pr7_fact-600230.SH,pr7_fact,600230.SH,UNKNOWN,[]
pr7_fact-600231.SH,pr7_fact,600231.SH,UNKNOWN,[]
pr7_fact-600232.SH,pr7_fact,600232.SH,UNKNOWN,[]
pr7_fact-600233.SH,pr7_fact,600233.SH,UNKNOWN,[]
pr7_fact-600235.SH,pr7_fact,600235.SH,UNKNOWN,[]
pr7_fact-600236.SH,pr7_fact,600236.SH,UNKNOWN,[]
pr7_fact-600237.SH,pr7_fact,600237.SH,UNKNOWN,[]
pr7_fact-600238.SH,pr7_fact,600238.SH,UNKNOWN,[]
pr7_fact-600239.SH,pr7_fact,600239.SH,UNKNOWN,[]
pr7_fact-600240.SH,pr7_fact,600240.SH,UNKNOWN,[]
pr7_fact-600242.SH,pr7_fact,600242.SH,UNKNOWN,[]
pr7_fact-600246.SH,pr7_fact,600246.SH,UNKNOWN,[]
pr7_fact-600247.SH,pr7_fact,600247.SH,UNKNOWN,[]
pr7_fact-600248.SH,pr7_fact,600248.SH,UNKNOWN,[]
pr7_fact-600249.SH,pr7_fact,600249.SH,UNKNOWN,[]
pr7_fact-600251.SH,pr7_fact,600251.SH,UNKNOWN,[]
pr7_fact-600252.SH,pr7_fact,600252.SH,UNKNOWN,[]
pr7_fact-600255.SH,pr7_fact,600255.SH,UNKNOWN,[]
pr7_fact-600256.SH,pr7_fact,600256.SH,UNKNOWN,[]
pr7_fact-600257.SH,pr7_fact,600257.SH,UNKNOWN,[]
pr7_fact-600258.SH,pr7_fact,600258.SH,UNKNOWN,[]
pr7_fact-600259.SH,pr7_fact,600259.SH,UNKNOWN,[]
pr7_fact-600260.SH,pr7_fact,600260.SH,UNKNOWN,[]
pr7_fact-600261.SH,pr7_fact,600261.SH,UNKNOWN,[]
pr7_fact-600262.SH,pr7_fact,600262.SH,UNKNOWN,[]
pr7_fact-600266.SH,pr7_fact,600266.SH,UNKNOWN,[]
pr7_fact-600267.SH,pr7_fact,600267.SH,UNKNOWN,[]
pr7_fact-600268.SH,pr7_fact,600268.SH,UNKNOWN,[]
pr7_fact-600269.SH,pr7_fact,600269.SH,UNKNOWN,[]
pr7_fact-600270.SH,pr7_fact,600270.SH,UNKNOWN,[]
pr7_fact-600271.SH,pr7_fact,600271.SH,UNKNOWN,[]
pr7_fact-600273.SH,pr7_fact,600273.SH,UNKNOWN,[]
pr7_fact-600275.SH,pr7_fact,600275.SH,UNKNOWN,[]
pr7_fact-600276.SH,pr7_fact,600276.SH,UNKNOWN,[]
pr7_fact-600277.SH,pr7_fact,600277.SH,UNKNOWN,[]
pr7_fact-600278.SH,pr7_fact,600278.SH,UNKNOWN,[]
pr7_fact-600279.SH,pr7_fact,600279.SH,UNKNOWN,[]
pr7_fact-600280.SH,pr7_fact,600280.SH,UNKNOWN,[]
pr7_fact-600281.SH,pr7_fact,600281.SH,UNKNOWN,[]
pr7_fact-600282.SH,pr7_fact,600282.SH,UNKNOWN,[]
pr7_fact-600283.SH,pr7_fact,600283.SH,UNKNOWN,[]
pr7_fact-600284.SH,pr7_fact,600284.SH,UNKNOWN,[]
pr7_fact-600285.SH,pr7_fact,600285.SH,UNKNOWN,[]
pr7_fact-600287.SH,pr7_fact,600287.SH,UNKNOWN,[]
pr7_fact-600288.SH,pr7_fact,600288.SH,UNKNOWN,[]
pr7_fact-600289.SH,pr7_fact,600289.SH,UNKNOWN,[]
pr7_fact-600290.SH,pr7_fact,600290.SH,UNKNOWN,[]
pr7_fact-600291.SH,pr7_fact,600291.SH,UNKNOWN,[]
pr7_fact-600292.SH,pr7_fact,600292.SH,UNKNOWN,[]
pr7_fact-600293.SH,pr7_fact,600293.SH,UNKNOWN,[]
pr7_fact-600295.SH,pr7_fact,600295.SH,UNKNOWN,[]
pr7_fact-600297.SH,pr7_fact,600297.SH,UNKNOWN,[]
pr7_fact-600298.SH,pr7_fact,600298.SH,UNKNOWN,[]
pr7_fact-600299.SH,pr7_fact,600299.SH,UNKNOWN,[]
pr7_fact-600300.SH,pr7_fact,600300.SH,UNKNOWN,[]
pr7_fact-600301.SH,pr7_fact,600301.SH,UNKNOWN,[]
pr7_fact-600302.SH,pr7_fact,600302.SH,UNKNOWN,[]
pr7_fact-600303.SH,pr7_fact,600303.SH,UNKNOWN,[]
pr7_fact-600305.SH,pr7_fact,600305.SH,UNKNOWN,[]
pr7_fact-600306.SH,pr7_fact,600306.SH,UNKNOWN,[]
pr7_fact-600307.SH,pr7_fact,600307.SH,UNKNOWN,[]
pr7_fact-600308.SH,pr7_fact,600308.SH,UNKNOWN,[]
pr7_fact-600309.SH,pr7_fact,600309.SH,UNKNOWN,[]
pr7_fact-600310.SH,pr7_fact,600310.SH,UNKNOWN,[]
pr7_fact-600311.SH,pr7_fact,600311.SH,UNKNOWN,[]
pr7_fact-600312.SH,pr7_fact,600312.SH,UNKNOWN,[]
pr7_fact-600313.SH,pr7_fact,600313.SH,UNKNOWN,[]
pr7_fact-600315.SH,pr7_fact,600315.SH,UNKNOWN,[]
pr7_fact-600316.SH,pr7_fact,600316.SH,UNKNOWN,[]
pr7_fact-600317.SH,pr7_fact,600317.SH,UNKNOWN,[]
pr7_fact-600318.SH,pr7_fact,600318.SH,UNKNOWN,[]
pr7_fact-600319.SH,pr7_fact,600319.SH,UNKNOWN,[]
pr7_fact-600320.SH,pr7_fact,600320.SH,UNKNOWN,[]
pr7_fact-600321.SH,pr7_fact,600321.SH,UNKNOWN,[]
pr7_fact-600322.SH,pr7_fact,600322.SH,UNKNOWN,[]
pr7_fact-600323.SH,pr7_fact,600323.SH,UNKNOWN,[]
pr7_fact-600325.SH,pr7_fact,600325.SH,UNKNOWN,[]
pr7_fact-600326.SH,pr7_fact,600326.SH,UNKNOWN,[]
pr7_fact-600327.SH,pr7_fact,600327.SH,UNKNOWN,[]
pr7_fact-600328.SH,pr7_fact,600328.SH,UNKNOWN,[]
pr7_fact-600329.SH,pr7_fact,600329.SH,UNKNOWN,[]
pr7_fact-600330.SH,pr7_fact,600330.SH,UNKNOWN,[]
pr7_fact-600331.SH,pr7_fact,600331.SH,UNKNOWN,[]
pr7_fact-600332.SH,pr7_fact,600332.SH,UNKNOWN,[]
pr7_fact-600333.SH,pr7_fact,600333.SH,UNKNOWN,[]
pr7_fact-600335.SH,pr7_fact,600335.SH,UNKNOWN,[]
pr7_fact-600336.SH,pr7_fact,600336.SH,UNKNOWN,[]
pr7_fact-600337.SH,pr7_fact,600337.SH,UNKNOWN,[]
pr7_fact-600338.SH,pr7_fact,600338.SH,UNKNOWN,[]
pr7_fact-600339.SH,pr7_fact,600339.SH,UNKNOWN,[]
pr7_fact-600340.SH,pr7_fact,600340.SH,UNKNOWN,[]
pr7_fact-600343.SH,pr7_fact,600343.SH,UNKNOWN,[]
pr7_fact-600345.SH,pr7_fact,600345.SH,UNKNOWN,[]
pr7_fact-600346.SH,pr7_fact,600346.SH,UNKNOWN,[]
pr7_fact-600348.SH,pr7_fact,600348.SH,UNKNOWN,[]
pr7_fact-600350.SH,pr7_fact,600350.SH,UNKNOWN,[]
pr7_fact-600351.SH,pr7_fact,600351.SH,UNKNOWN,[]
pr7_fact-600352.SH,pr7_fact,600352.SH,UNKNOWN,[]
pr7_fact-600353.SH,pr7_fact,600353.SH,UNKNOWN,[]
pr7_fact-600354.SH,pr7_fact,600354.SH,UNKNOWN,[]
pr7_fact-600356.SH,pr7_fact,600356.SH,UNKNOWN,[]
pr7_fact-600358.SH,pr7_fact,600358.SH,UNKNOWN,[]
pr7_fact-600359.SH,pr7_fact,600359.SH,UNKNOWN,[]
pr7_fact-600360.SH,pr7_fact,600360.SH,UNKNOWN,[]
pr7_fact-600361.SH,pr7_fact,600361.SH,UNKNOWN,[]
pr7_fact-600362.SH,pr7_fact,600362.SH,UNKNOWN,[]
pr7_fact-600363.SH,pr7_fact,600363.SH,UNKNOWN,[]
pr7_fact-600365.SH,pr7_fact,600365.SH,UNKNOWN,[]
pr7_fact-600366.SH,pr7_fact,600366.SH,UNKNOWN,[]
pr7_fact-600367.SH,pr7_fact,600367.SH,UNKNOWN,[]
pr7_fact-600368.SH,pr7_fact,600368.SH,UNKNOWN,[]
pr7_fact-600369.SH,pr7_fact,600369.SH,UNKNOWN,[]
pr7_fact-600370.SH,pr7_fact,600370.SH,UNKNOWN,[]
pr7_fact-600371.SH,pr7_fact,600371.SH,UNKNOWN,[]
pr7_fact-600372.SH,pr7_fact,600372.SH,UNKNOWN,[]
pr7_fact-600373.SH,pr7_fact,600373.SH,UNKNOWN,[]
pr7_fact-600375.SH,pr7_fact,600375.SH,UNKNOWN,[]
pr7_fact-600376.SH,pr7_fact,600376.SH,UNKNOWN,[]
pr7_fact-600377.SH,pr7_fact,600377.SH,UNKNOWN,[]
pr7_fact-600378.SH,pr7_fact,600378.SH,UNKNOWN,[]
pr7_fact-600380.SH,pr7_fact,600380.SH,UNKNOWN,[]
pr7_fact-600381.SH,pr7_fact,600381.SH,UNKNOWN,[]
pr7_fact-600382.SH,pr7_fact,600382.SH,UNKNOWN,[]
pr7_fact-600383.SH,pr7_fact,600383.SH,UNKNOWN,[]
pr7_fact-600386.SH,pr7_fact,600386.SH,UNKNOWN,[]
pr7_fact-600387.SH,pr7_fact,600387.SH,UNKNOWN,[]
pr7_fact-600388.SH,pr7_fact,600388.SH,UNKNOWN,[]
pr7_fact-600389.SH,pr7_fact,600389.SH,UNKNOWN,[]
pr7_fact-600390.SH,pr7_fact,600390.SH,UNKNOWN,[]
pr7_fact-600391.SH,pr7_fact,600391.SH,UNKNOWN,[]
pr7_fact-600392.SH,pr7_fact,600392.SH,UNKNOWN,[]
pr7_fact-600393.SH,pr7_fact,600393.SH,UNKNOWN,[]
pr7_fact-600395.SH,pr7_fact,600395.SH,UNKNOWN,[]
pr7_fact-600396.SH,pr7_fact,600396.SH,UNKNOWN,[]
pr7_fact-600397.SH,pr7_fact,600397.SH,UNKNOWN,[]
pr7_fact-600398.SH,pr7_fact,600398.SH,UNKNOWN,[]
pr7_fact-600399.SH,pr7_fact,600399.SH,UNKNOWN,[]
pr7_fact-600400.SH,pr7_fact,600400.SH,UNKNOWN,[]
pr7_fact-600401.SH,pr7_fact,600401.SH,UNKNOWN,[]
pr7_fact-600403.SH,pr7_fact,600403.SH,UNKNOWN,[]
pr7_fact-600405.SH,pr7_fact,600405.SH,UNKNOWN,[]
pr7_fact-600406.SH,pr7_fact,600406.SH,UNKNOWN,[]
pr7_fact-600408.SH,pr7_fact,600408.SH,UNKNOWN,[]
pr7_fact-600409.SH,pr7_fact,600409.SH,UNKNOWN,[]
pr7_fact-600410.SH,pr7_fact,600410.SH,UNKNOWN,[]
pr7_fact-600415.SH,pr7_fact,600415.SH,UNKNOWN,[]
pr7_fact-600416.SH,pr7_fact,600416.SH,UNKNOWN,[]
pr7_fact-600418.SH,pr7_fact,600418.SH,UNKNOWN,[]
pr7_fact-600420.SH,pr7_fact,600420.SH,UNKNOWN,[]
pr7_fact-600422.SH,pr7_fact,600422.SH,UNKNOWN,[]
pr7_fact-600423.SH,pr7_fact,600423.SH,UNKNOWN,[]
pr7_fact-600425.SH,pr7_fact,600425.SH,UNKNOWN,[]
pr7_fact-600426.SH,pr7_fact,600426.SH,UNKNOWN,[]
pr7_fact-600428.SH,pr7_fact,600428.SH,UNKNOWN,[]
pr7_fact-600429.SH,pr7_fact,600429.SH,UNKNOWN,[]
pr7_fact-600432.SH,pr7_fact,600432.SH,UNKNOWN,[]
pr7_fact-600433.SH,pr7_fact,600433.SH,UNKNOWN,[]
pr7_fact-600435.SH,pr7_fact,600435.SH,UNKNOWN,[]
pr7_fact-600436.SH,pr7_fact,600436.SH,UNKNOWN,[]
pr7_fact-600438.SH,pr7_fact,600438.SH,UNKNOWN,[]
pr7_fact-600439.SH,pr7_fact,600439.SH,UNKNOWN,[]
pr7_fact-600446.SH,pr7_fact,600446.SH,UNKNOWN,[]
pr7_fact-600449.SH,pr7_fact,600449.SH,UNKNOWN,[]
pr7_fact-600452.SH,pr7_fact,600452.SH,UNKNOWN,[]
pr7_fact-600456.SH,pr7_fact,600456.SH,UNKNOWN,[]
pr7_fact-600458.SH,pr7_fact,600458.SH,UNKNOWN,[]
pr7_fact-600459.SH,pr7_fact,600459.SH,UNKNOWN,[]
pr7_fact-600460.SH,pr7_fact,600460.SH,UNKNOWN,[]
pr7_fact-600461.SH,pr7_fact,600461.SH,UNKNOWN,[]
pr7_fact-600463.SH,pr7_fact,600463.SH,UNKNOWN,[]
pr7_fact-600466.SH,pr7_fact,600466.SH,UNKNOWN,[]
pr7_fact-600467.SH,pr7_fact,600467.SH,UNKNOWN,[]
pr7_fact-600468.SH,pr7_fact,600468.SH,UNKNOWN,[]
pr7_fact-600469.SH,pr7_fact,600469.SH,UNKNOWN,[]
pr7_fact-600470.SH,pr7_fact,600470.SH,UNKNOWN,[]
pr7_fact-600475.SH,pr7_fact,600475.SH,UNKNOWN,[]
pr7_fact-600477.SH,pr7_fact,600477.SH,UNKNOWN,[]
pr7_fact-600478.SH,pr7_fact,600478.SH,UNKNOWN,[]
pr7_fact-600479.SH,pr7_fact,600479.SH,UNKNOWN,[]
pr7_fact-600480.SH,pr7_fact,600480.SH,UNKNOWN,[]
pr7_fact-600481.SH,pr7_fact,600481.SH,UNKNOWN,[]
pr7_fact-600482.SH,pr7_fact,600482.SH,UNKNOWN,[]
pr7_fact-600483.SH,pr7_fact,600483.SH,UNKNOWN,[]
pr7_fact-600485.SH,pr7_fact,600485.SH,UNKNOWN,[]
pr7_fact-600486.SH,pr7_fact,600486.SH,UNKNOWN,[]
pr7_fact-600487.SH,pr7_fact,600487.SH,UNKNOWN,[]
pr7_fact-600488.SH,pr7_fact,600488.SH,UNKNOWN,[]
pr7_fact-600489.SH,pr7_fact,600489.SH,UNKNOWN,[]
pr7_fact-600490.SH,pr7_fact,600490.SH,UNKNOWN,[]
pr7_fact-600491.SH,pr7_fact,600491.SH,UNKNOWN,[]
pr7_fact-600495.SH,pr7_fact,600495.SH,UNKNOWN,[]
pr7_fact-600496.SH,pr7_fact,600496.SH,UNKNOWN,[]
pr7_fact-600497.SH,pr7_fact,600497.SH,UNKNOWN,[]
pr7_fact-600498.SH,pr7_fact,600498.SH,UNKNOWN,[]
pr7_fact-600499.SH,pr7_fact,600499.SH,UNKNOWN,[]
pr7_fact-600500.SH,pr7_fact,600500.SH,UNKNOWN,[]
pr7_fact-600501.SH,pr7_fact,600501.SH,UNKNOWN,[]
pr7_fact-600502.SH,pr7_fact,600502.SH,UNKNOWN,[]
pr7_fact-600503.SH,pr7_fact,600503.SH,UNKNOWN,[]
pr7_fact-600507.SH,pr7_fact,600507.SH,UNKNOWN,[]
pr7_fact-600508.SH,pr7_fact,600508.SH,UNKNOWN,[]
pr7_fact-600509.SH,pr7_fact,600509.SH,UNKNOWN,[]
pr7_fact-600510.SH,pr7_fact,600510.SH,UNKNOWN,[]
pr7_fact-600511.SH,pr7_fact,600511.SH,UNKNOWN,[]
pr7_fact-600512.SH,pr7_fact,600512.SH,UNKNOWN,[]
pr7_fact-600515.SH,pr7_fact,600515.SH,UNKNOWN,[]
pr7_fact-600516.SH,pr7_fact,600516.SH,UNKNOWN,[]
pr7_fact-600517.SH,pr7_fact,600517.SH,UNKNOWN,[]
pr7_fact-600518.SH,pr7_fact,600518.SH,UNKNOWN,[]
pr7_fact-600519.SH,pr7_fact,600519.SH,UNKNOWN,[]
pr7_fact-600521.SH,pr7_fact,600521.SH,UNKNOWN,[]
pr7_fact-600522.SH,pr7_fact,600522.SH,UNKNOWN,[]
pr7_fact-600523.SH,pr7_fact,600523.SH,UNKNOWN,[]
pr7_fact-600525.SH,pr7_fact,600525.SH,UNKNOWN,[]
pr7_fact-600526.SH,pr7_fact,600526.SH,UNKNOWN,[]
pr7_fact-600527.SH,pr7_fact,600527.SH,UNKNOWN,[]
pr7_fact-600528.SH,pr7_fact,600528.SH,UNKNOWN,[]
pr7_fact-600529.SH,pr7_fact,600529.SH,UNKNOWN,[]
pr7_fact-600530.SH,pr7_fact,600530.SH,UNKNOWN,[]
pr7_fact-600531.SH,pr7_fact,600531.SH,UNKNOWN,[]
pr7_fact-600533.SH,pr7_fact,600533.SH,UNKNOWN,[]
pr7_fact-600535.SH,pr7_fact,600535.SH,UNKNOWN,[]
pr7_fact-600536.SH,pr7_fact,600536.SH,UNKNOWN,[]
pr7_fact-600537.SH,pr7_fact,600537.SH,UNKNOWN,[]
pr7_fact-600540.SH,pr7_fact,600540.SH,UNKNOWN,[]
pr7_fact-600543.SH,pr7_fact,600543.SH,UNKNOWN,[]
pr7_fact-600545.SH,pr7_fact,600545.SH,UNKNOWN,[]
pr7_fact-600546.SH,pr7_fact,600546.SH,UNKNOWN,[]
pr7_fact-600547.SH,pr7_fact,600547.SH,UNKNOWN,[]
pr7_fact-600548.SH,pr7_fact,600548.SH,UNKNOWN,[]
pr7_fact-600549.SH,pr7_fact,600549.SH,UNKNOWN,[]
pr7_fact-600550.SH,pr7_fact,600550.SH,UNKNOWN,[]
pr7_fact-600551.SH,pr7_fact,600551.SH,UNKNOWN,[]
pr7_fact-600552.SH,pr7_fact,600552.SH,UNKNOWN,[]
pr7_fact-600555.SH,pr7_fact,600555.SH,UNKNOWN,[]
pr7_fact-600556.SH,pr7_fact,600556.SH,UNKNOWN,[]
pr7_fact-600557.SH,pr7_fact,600557.SH,UNKNOWN,[]
pr7_fact-600559.SH,pr7_fact,600559.SH,UNKNOWN,[]
pr7_fact-600560.SH,pr7_fact,600560.SH,UNKNOWN,[]
pr7_fact-600561.SH,pr7_fact,600561.SH,UNKNOWN,[]
pr7_fact-600562.SH,pr7_fact,600562.SH,UNKNOWN,[]
pr7_fact-600563.SH,pr7_fact,600563.SH,UNKNOWN,[]
pr7_fact-600565.SH,pr7_fact,600565.SH,UNKNOWN,[]
pr7_fact-600566.SH,pr7_fact,600566.SH,UNKNOWN,[]
pr7_fact-600567.SH,pr7_fact,600567.SH,UNKNOWN,[]
pr7_fact-600568.SH,pr7_fact,600568.SH,UNKNOWN,[]
pr7_fact-600569.SH,pr7_fact,600569.SH,UNKNOWN,[]
pr7_fact-600570.SH,pr7_fact,600570.SH,UNKNOWN,[]
pr7_fact-600571.SH,pr7_fact,600571.SH,UNKNOWN,[]
pr7_fact-600572.SH,pr7_fact,600572.SH,UNKNOWN,[]
pr7_fact-600573.SH,pr7_fact,600573.SH,UNKNOWN,[]
pr7_fact-600575.SH,pr7_fact,600575.SH,UNKNOWN,[]
pr7_fact-600577.SH,pr7_fact,600577.SH,UNKNOWN,[]
pr7_fact-600578.SH,pr7_fact,600578.SH,UNKNOWN,[]
pr7_fact-600580.SH,pr7_fact,600580.SH,UNKNOWN,[]
pr7_fact-600581.SH,pr7_fact,600581.SH,UNKNOWN,[]
pr7_fact-600582.SH,pr7_fact,600582.SH,UNKNOWN,[]
pr7_fact-600583.SH,pr7_fact,600583.SH,UNKNOWN,[]
pr7_fact-600584.SH,pr7_fact,600584.SH,UNKNOWN,[]
pr7_fact-600585.SH,pr7_fact,600585.SH,UNKNOWN,[]
pr7_fact-600586.SH,pr7_fact,600586.SH,UNKNOWN,[]
pr7_fact-600587.SH,pr7_fact,600587.SH,UNKNOWN,[]
pr7_fact-600588.SH,pr7_fact,600588.SH,UNKNOWN,[]
pr7_fact-600589.SH,pr7_fact,600589.SH,UNKNOWN,[]
pr7_fact-600590.SH,pr7_fact,600590.SH,UNKNOWN,[]
pr7_fact-600592.SH,pr7_fact,600592.SH,UNKNOWN,[]
pr7_fact-600594.SH,pr7_fact,600594.SH,UNKNOWN,[]
pr7_fact-600595.SH,pr7_fact,600595.SH,UNKNOWN,[]
pr7_fact-600596.SH,pr7_fact,600596.SH,UNKNOWN,[]
pr7_fact-600597.SH,pr7_fact,600597.SH,UNKNOWN,[]
pr7_fact-600598.SH,pr7_fact,600598.SH,UNKNOWN,[]
pr7_fact-600600.SH,pr7_fact,600600.SH,UNKNOWN,[]
pr7_fact-600601.SH,pr7_fact,600601.SH,UNKNOWN,[]
pr7_fact-600602.SH,pr7_fact,600602.SH,UNKNOWN,[]
pr7_fact-600603.SH,pr7_fact,600603.SH,UNKNOWN,[]
pr7_fact-600604.SH,pr7_fact,600604.SH,UNKNOWN,[]
pr7_fact-600605.SH,pr7_fact,600605.SH,UNKNOWN,[]
pr7_fact-600606.SH,pr7_fact,600606.SH,UNKNOWN,[]
pr7_fact-600608.SH,pr7_fact,600608.SH,UNKNOWN,[]
pr7_fact-600609.SH,pr7_fact,600609.SH,UNKNOWN,[]
pr7_fact-600610.SH,pr7_fact,600610.SH,UNKNOWN,[]
pr7_fact-600611.SH,pr7_fact,600611.SH,UNKNOWN,[]
pr7_fact-600612.SH,pr7_fact,600612.SH,UNKNOWN,[]
pr7_fact-600613.SH,pr7_fact,600613.SH,UNKNOWN,[]
pr7_fact-600614.SH,pr7_fact,600614.SH,UNKNOWN,[]
pr7_fact-600615.SH,pr7_fact,600615.SH,UNKNOWN,[]
pr7_fact-600616.SH,pr7_fact,600616.SH,UNKNOWN,[]
pr7_fact-600617.SH,pr7_fact,600617.SH,UNKNOWN,[]
pr7_fact-600618.SH,pr7_fact,600618.SH,UNKNOWN,[]
pr7_fact-600619.SH,pr7_fact,600619.SH,UNKNOWN,[]
pr7_fact-600620.SH,pr7_fact,600620.SH,UNKNOWN,[]
pr7_fact-600621.SH,pr7_fact,600621.SH,UNKNOWN,[]
pr7_fact-600622.SH,pr7_fact,600622.SH,UNKNOWN,[]
pr7_fact-600623.SH,pr7_fact,600623.SH,UNKNOWN,[]
pr7_fact-600624.SH,pr7_fact,600624.SH,UNKNOWN,[]
pr7_fact-600626.SH,pr7_fact,600626.SH,UNKNOWN,[]
pr7_fact-600628.SH,pr7_fact,600628.SH,UNKNOWN,[]
pr7_fact-600629.SH,pr7_fact,600629.SH,UNKNOWN,[]
pr7_fact-600630.SH,pr7_fact,600630.SH,UNKNOWN,[]
pr7_fact-600633.SH,pr7_fact,600633.SH,UNKNOWN,[]
pr7_fact-600634.SH,pr7_fact,600634.SH,UNKNOWN,[]
pr7_fact-600635.SH,pr7_fact,600635.SH,UNKNOWN,[]
pr7_fact-600636.SH,pr7_fact,600636.SH,UNKNOWN,[]
pr7_fact-600637.SH,pr7_fact,600637.SH,UNKNOWN,[]
pr7_fact-600638.SH,pr7_fact,600638.SH,UNKNOWN,[]
pr7_fact-600639.SH,pr7_fact,600639.SH,UNKNOWN,[]
pr7_fact-600640.SH,pr7_fact,600640.SH,UNKNOWN,[]
pr7_fact-600641.SH,pr7_fact,600641.SH,UNKNOWN,[]
pr7_fact-600642.SH,pr7_fact,600642.SH,UNKNOWN,[]
pr7_fact-600643.SH,pr7_fact,600643.SH,UNKNOWN,[]
pr7_fact-600644.SH,pr7_fact,600644.SH,UNKNOWN,[]
pr7_fact-600645.SH,pr7_fact,600645.SH,UNKNOWN,[]
pr7_fact-600648.SH,pr7_fact,600648.SH,UNKNOWN,[]
pr7_fact-600649.SH,pr7_fact,600649.SH,UNKNOWN,[]
pr7_fact-600650.SH,pr7_fact,600650.SH,UNKNOWN,[]
pr7_fact-600651.SH,pr7_fact,600651.SH,UNKNOWN,[]
pr7_fact-600652.SH,pr7_fact,600652.SH,UNKNOWN,[]
pr7_fact-600653.SH,pr7_fact,600653.SH,UNKNOWN,[]
pr7_fact-600654.SH,pr7_fact,600654.SH,UNKNOWN,[]
pr7_fact-600655.SH,pr7_fact,600655.SH,UNKNOWN,[]
pr7_fact-600657.SH,pr7_fact,600657.SH,UNKNOWN,[]
pr7_fact-600658.SH,pr7_fact,600658.SH,UNKNOWN,[]
pr7_fact-600660.SH,pr7_fact,600660.SH,UNKNOWN,[]
pr7_fact-600661.SH,pr7_fact,600661.SH,UNKNOWN,[]
pr7_fact-600662.SH,pr7_fact,600662.SH,UNKNOWN,[]
pr7_fact-600663.SH,pr7_fact,600663.SH,UNKNOWN,[]
pr7_fact-600664.SH,pr7_fact,600664.SH,UNKNOWN,[]
pr7_fact-600665.SH,pr7_fact,600665.SH,UNKNOWN,[]
pr7_fact-600666.SH,pr7_fact,600666.SH,UNKNOWN,[]
pr7_fact-600667.SH,pr7_fact,600667.SH,UNKNOWN,[]
pr7_fact-600668.SH,pr7_fact,600668.SH,UNKNOWN,[]
pr7_fact-600673.SH,pr7_fact,600673.SH,UNKNOWN,[]
pr7_fact-600674.SH,pr7_fact,600674.SH,UNKNOWN,[]
pr7_fact-600675.SH,pr7_fact,600675.SH,UNKNOWN,[]
pr7_fact-600676.SH,pr7_fact,600676.SH,UNKNOWN,[]
pr7_fact-600677.SH,pr7_fact,600677.SH,UNKNOWN,[]
pr7_fact-600678.SH,pr7_fact,600678.SH,UNKNOWN,[]
pr7_fact-600679.SH,pr7_fact,600679.SH,UNKNOWN,[]
pr7_fact-600680.SH,pr7_fact,600680.SH,UNKNOWN,[]
pr7_fact-600681.SH,pr7_fact,600681.SH,UNKNOWN,[]
pr7_fact-600682.SH,pr7_fact,600682.SH,UNKNOWN,[]
pr7_fact-600683.SH,pr7_fact,600683.SH,UNKNOWN,[]
pr7_fact-600684.SH,pr7_fact,600684.SH,UNKNOWN,[]
pr7_fact-600685.SH,pr7_fact,600685.SH,UNKNOWN,[]
pr7_fact-600686.SH,pr7_fact,600686.SH,UNKNOWN,[]
pr7_fact-600687.SH,pr7_fact,600687.SH,UNKNOWN,[]
pr7_fact-600688.SH,pr7_fact,600688.SH,UNKNOWN,[]
pr7_fact-600690.SH,pr7_fact,600690.SH,UNKNOWN,[]
pr7_fact-600691.SH,pr7_fact,600691.SH,UNKNOWN,[]
pr7_fact-600692.SH,pr7_fact,600692.SH,UNKNOWN,[]
pr7_fact-600693.SH,pr7_fact,600693.SH,UNKNOWN,[]
pr7_fact-600694.SH,pr7_fact,600694.SH,UNKNOWN,[]
pr7_fact-600695.SH,pr7_fact,600695.SH,UNKNOWN,[]
pr7_fact-600696.SH,pr7_fact,600696.SH,UNKNOWN,[]
pr7_fact-600697.SH,pr7_fact,600697.SH,UNKNOWN,[]
pr7_fact-600698.SH,pr7_fact,600698.SH,UNKNOWN,[]
pr7_fact-600699.SH,pr7_fact,600699.SH,UNKNOWN,[]
pr7_fact-600701.SH,pr7_fact,600701.SH,UNKNOWN,[]
pr7_fact-600702.SH,pr7_fact,600702.SH,UNKNOWN,[]
pr7_fact-600703.SH,pr7_fact,600703.SH,UNKNOWN,[]
pr7_fact-600704.SH,pr7_fact,600704.SH,UNKNOWN,[]
pr7_fact-600705.SH,pr7_fact,600705.SH,UNKNOWN,[]
pr7_fact-600706.SH,pr7_fact,600706.SH,UNKNOWN,[]
pr7_fact-600707.SH,pr7_fact,600707.SH,UNKNOWN,[]
pr7_fact-600708.SH,pr7_fact,600708.SH,UNKNOWN,[]
pr7_fact-600710.SH,pr7_fact,600710.SH,UNKNOWN,[]
pr7_fact-600711.SH,pr7_fact,600711.SH,UNKNOWN,[]
pr7_fact-600713.SH,pr7_fact,600713.SH,UNKNOWN,[]
pr7_fact-600714.SH,pr7_fact,600714.SH,UNKNOWN,[]
pr7_fact-600715.SH,pr7_fact,600715.SH,UNKNOWN,[]
pr7_fact-600716.SH,pr7_fact,600716.SH,UNKNOWN,[]
pr7_fact-600717.SH,pr7_fact,600717.SH,UNKNOWN,[]
pr7_fact-600718.SH,pr7_fact,600718.SH,UNKNOWN,[]
pr7_fact-600720.SH,pr7_fact,600720.SH,UNKNOWN,[]
pr7_fact-600722.SH,pr7_fact,600722.SH,UNKNOWN,[]
pr7_fact-600723.SH,pr7_fact,600723.SH,UNKNOWN,[]
pr7_fact-600724.SH,pr7_fact,600724.SH,UNKNOWN,[]
pr7_fact-600725.SH,pr7_fact,600725.SH,UNKNOWN,[]
pr7_fact-600726.SH,pr7_fact,600726.SH,UNKNOWN,[]
pr7_fact-600727.SH,pr7_fact,600727.SH,UNKNOWN,[]
pr7_fact-600728.SH,pr7_fact,600728.SH,UNKNOWN,[]
pr7_fact-600729.SH,pr7_fact,600729.SH,UNKNOWN,[]
pr7_fact-600730.SH,pr7_fact,600730.SH,UNKNOWN,[]
pr7_fact-600732.SH,pr7_fact,600732.SH,UNKNOWN,[]
pr7_fact-600733.SH,pr7_fact,600733.SH,UNKNOWN,[]
pr7_fact-600734.SH,pr7_fact,600734.SH,UNKNOWN,[]
pr7_fact-600735.SH,pr7_fact,600735.SH,UNKNOWN,[]
pr7_fact-600736.SH,pr7_fact,600736.SH,UNKNOWN,[]
pr7_fact-600737.SH,pr7_fact,600737.SH,UNKNOWN,[]
pr7_fact-600738.SH,pr7_fact,600738.SH,UNKNOWN,[]
pr7_fact-600739.SH,pr7_fact,600739.SH,UNKNOWN,[]
pr7_fact-600740.SH,pr7_fact,600740.SH,UNKNOWN,[]
pr7_fact-600741.SH,pr7_fact,600741.SH,UNKNOWN,[]
pr7_fact-600742.SH,pr7_fact,600742.SH,UNKNOWN,[]
pr7_fact-600743.SH,pr7_fact,600743.SH,UNKNOWN,[]
pr7_fact-600744.SH,pr7_fact,600744.SH,UNKNOWN,[]
pr7_fact-600745.SH,pr7_fact,600745.SH,UNKNOWN,[]
pr7_fact-600746.SH,pr7_fact,600746.SH,UNKNOWN,[]
pr7_fact-600747.SH,pr7_fact,600747.SH,UNKNOWN,[]
pr7_fact-600748.SH,pr7_fact,600748.SH,UNKNOWN,[]
pr7_fact-600750.SH,pr7_fact,600750.SH,UNKNOWN,[]
pr7_fact-600751.SH,pr7_fact,600751.SH,UNKNOWN,[]
pr7_fact-600754.SH,pr7_fact,600754.SH,UNKNOWN,[]
pr7_fact-600755.SH,pr7_fact,600755.SH,UNKNOWN,[]
pr7_fact-600756.SH,pr7_fact,600756.SH,UNKNOWN,[]
pr7_fact-600757.SH,pr7_fact,600757.SH,UNKNOWN,[]
pr7_fact-600758.SH,pr7_fact,600758.SH,UNKNOWN,[]
pr7_fact-600759.SH,pr7_fact,600759.SH,UNKNOWN,[]
pr7_fact-600760.SH,pr7_fact,600760.SH,UNKNOWN,[]
pr7_fact-600761.SH,pr7_fact,600761.SH,UNKNOWN,[]
pr7_fact-600763.SH,pr7_fact,600763.SH,UNKNOWN,[]
pr7_fact-600764.SH,pr7_fact,600764.SH,UNKNOWN,[]
pr7_fact-600765.SH,pr7_fact,600765.SH,UNKNOWN,[]
pr7_fact-600767.SH,pr7_fact,600767.SH,UNKNOWN,[]
pr7_fact-600768.SH,pr7_fact,600768.SH,UNKNOWN,[]
pr7_fact-600769.SH,pr7_fact,600769.SH,UNKNOWN,[]
pr7_fact-600770.SH,pr7_fact,600770.SH,UNKNOWN,[]
pr7_fact-600771.SH,pr7_fact,600771.SH,UNKNOWN,[]
pr7_fact-600773.SH,pr7_fact,600773.SH,UNKNOWN,[]
pr7_fact-600775.SH,pr7_fact,600775.SH,UNKNOWN,[]
pr7_fact-600776.SH,pr7_fact,600776.SH,UNKNOWN,[]
pr7_fact-600777.SH,pr7_fact,600777.SH,UNKNOWN,[]
pr7_fact-600778.SH,pr7_fact,600778.SH,UNKNOWN,[]
pr7_fact-600779.SH,pr7_fact,600779.SH,UNKNOWN,[]
pr7_fact-600780.SH,pr7_fact,600780.SH,UNKNOWN,[]
pr7_fact-600781.SH,pr7_fact,600781.SH,UNKNOWN,[]
pr7_fact-600782.SH,pr7_fact,600782.SH,UNKNOWN,[]
pr7_fact-600783.SH,pr7_fact,600783.SH,UNKNOWN,[]
pr7_fact-600784.SH,pr7_fact,600784.SH,UNKNOWN,[]
pr7_fact-600785.SH,pr7_fact,600785.SH,UNKNOWN,[]
pr7_fact-600787.SH,pr7_fact,600787.SH,UNKNOWN,[]
pr7_fact-600789.SH,pr7_fact,600789.SH,UNKNOWN,[]
pr7_fact-600790.SH,pr7_fact,600790.SH,UNKNOWN,[]
pr7_fact-600791.SH,pr7_fact,600791.SH,UNKNOWN,[]
pr7_fact-600792.SH,pr7_fact,600792.SH,UNKNOWN,[]
pr7_fact-600794.SH,pr7_fact,600794.SH,UNKNOWN,[]
pr7_fact-600795.SH,pr7_fact,600795.SH,UNKNOWN,[]
pr7_fact-600796.SH,pr7_fact,600796.SH,UNKNOWN,[]
pr7_fact-600797.SH,pr7_fact,600797.SH,UNKNOWN,[]
pr7_fact-600798.SH,pr7_fact,600798.SH,UNKNOWN,[]
pr7_fact-600800.SH,pr7_fact,600800.SH,UNKNOWN,[]
pr7_fact-600801.SH,pr7_fact,600801.SH,UNKNOWN,[]
pr7_fact-600802.SH,pr7_fact,600802.SH,UNKNOWN,[]
pr7_fact-600803.SH,pr7_fact,600803.SH,UNKNOWN,[]
pr7_fact-600804.SH,pr7_fact,600804.SH,UNKNOWN,[]
pr7_fact-600805.SH,pr7_fact,600805.SH,UNKNOWN,[]
pr7_fact-600806.SH,pr7_fact,600806.SH,UNKNOWN,[]
pr7_fact-600807.SH,pr7_fact,600807.SH,UNKNOWN,[]
pr7_fact-600808.SH,pr7_fact,600808.SH,UNKNOWN,[]
pr7_fact-600809.SH,pr7_fact,600809.SH,UNKNOWN,[]
pr7_fact-600810.SH,pr7_fact,600810.SH,UNKNOWN,[]
pr7_fact-600811.SH,pr7_fact,600811.SH,UNKNOWN,[]
pr7_fact-600812.SH,pr7_fact,600812.SH,UNKNOWN,[]
pr7_fact-600814.SH,pr7_fact,600814.SH,UNKNOWN,[]
pr7_fact-600815.SH,pr7_fact,600815.SH,UNKNOWN,[]
pr7_fact-600816.SH,pr7_fact,600816.SH,UNKNOWN,[]
pr7_fact-600817.SH,pr7_fact,600817.SH,UNKNOWN,[]
pr7_fact-600818.SH,pr7_fact,600818.SH,UNKNOWN,[]
pr7_fact-600819.SH,pr7_fact,600819.SH,UNKNOWN,[]
pr7_fact-600820.SH,pr7_fact,600820.SH,UNKNOWN,[]
pr7_fact-600821.SH,pr7_fact,600821.SH,UNKNOWN,[]
pr7_fact-600822.SH,pr7_fact,600822.SH,UNKNOWN,[]
pr7_fact-600823.SH,pr7_fact,600823.SH,UNKNOWN,[]
pr7_fact-600824.SH,pr7_fact,600824.SH,UNKNOWN,[]
pr7_fact-600825.SH,pr7_fact,600825.SH,UNKNOWN,[]
pr7_fact-600826.SH,pr7_fact,600826.SH,UNKNOWN,[]
pr7_fact-600827.SH,pr7_fact,600827.SH,UNKNOWN,[]
pr7_fact-600828.SH,pr7_fact,600828.SH,UNKNOWN,[]
pr7_fact-600829.SH,pr7_fact,600829.SH,UNKNOWN,[]
pr7_fact-600830.SH,pr7_fact,600830.SH,UNKNOWN,[]
pr7_fact-600831.SH,pr7_fact,600831.SH,UNKNOWN,[]
pr7_fact-600832.SH,pr7_fact,600832.SH,UNKNOWN,[]
pr7_fact-600833.SH,pr7_fact,600833.SH,UNKNOWN,[]
pr7_fact-600834.SH,pr7_fact,600834.SH,UNKNOWN,[]
pr7_fact-600835.SH,pr7_fact,600835.SH,UNKNOWN,[]
pr7_fact-600836.SH,pr7_fact,600836.SH,UNKNOWN,[]
pr7_fact-600837.SH,pr7_fact,600837.SH,UNKNOWN,[]
pr7_fact-600838.SH,pr7_fact,600838.SH,UNKNOWN,[]
pr7_fact-600839.SH,pr7_fact,600839.SH,UNKNOWN,[]
pr7_fact-600841.SH,pr7_fact,600841.SH,UNKNOWN,[]
pr7_fact-600843.SH,pr7_fact,600843.SH,UNKNOWN,[]
pr7_fact-600844.SH,pr7_fact,600844.SH,UNKNOWN,[]
pr7_fact-600845.SH,pr7_fact,600845.SH,UNKNOWN,[]
pr7_fact-600846.SH,pr7_fact,600846.SH,UNKNOWN,[]
pr7_fact-600848.SH,pr7_fact,600848.SH,UNKNOWN,[]
pr7_fact-600850.SH,pr7_fact,600850.SH,UNKNOWN,[]
pr7_fact-600851.SH,pr7_fact,600851.SH,UNKNOWN,[]
pr7_fact-600854.SH,pr7_fact,600854.SH,UNKNOWN,[]
pr7_fact-600855.SH,pr7_fact,600855.SH,UNKNOWN,[]
pr7_fact-600856.SH,pr7_fact,600856.SH,UNKNOWN,[]
pr7_fact-600857.SH,pr7_fact,600857.SH,UNKNOWN,[]
pr7_fact-600858.SH,pr7_fact,600858.SH,UNKNOWN,[]
pr7_fact-600859.SH,pr7_fact,600859.SH,UNKNOWN,[]
pr7_fact-600860.SH,pr7_fact,600860.SH,UNKNOWN,[]
pr7_fact-600861.SH,pr7_fact,600861.SH,UNKNOWN,[]
pr7_fact-600862.SH,pr7_fact,600862.SH,UNKNOWN,[]
pr7_fact-600863.SH,pr7_fact,600863.SH,UNKNOWN,[]
pr7_fact-600864.SH,pr7_fact,600864.SH,UNKNOWN,[]
pr7_fact-600865.SH,pr7_fact,600865.SH,UNKNOWN,[]
pr7_fact-600866.SH,pr7_fact,600866.SH,UNKNOWN,[]
pr7_fact-600867.SH,pr7_fact,600867.SH,UNKNOWN,[]
pr7_fact-600868.SH,pr7_fact,600868.SH,UNKNOWN,[]
pr7_fact-600869.SH,pr7_fact,600869.SH,UNKNOWN,[]
pr7_fact-600870.SH,pr7_fact,600870.SH,UNKNOWN,[]
pr7_fact-600871.SH,pr7_fact,600871.SH,UNKNOWN,[]
pr7_fact-600872.SH,pr7_fact,600872.SH,UNKNOWN,[]
pr7_fact-600873.SH,pr7_fact,600873.SH,UNKNOWN,[]
pr7_fact-600874.SH,pr7_fact,600874.SH,UNKNOWN,[]
pr7_fact-600875.SH,pr7_fact,600875.SH,UNKNOWN,[]
pr7_fact-600876.SH,pr7_fact,600876.SH,UNKNOWN,[]
pr7_fact-600877.SH,pr7_fact,600877.SH,UNKNOWN,[]
pr7_fact-600879.SH,pr7_fact,600879.SH,UNKNOWN,[]
pr7_fact-600880.SH,pr7_fact,600880.SH,UNKNOWN,[]
pr7_fact-600881.SH,pr7_fact,600881.SH,UNKNOWN,[]
pr7_fact-600882.SH,pr7_fact,600882.SH,UNKNOWN,[]
pr7_fact-600883.SH,pr7_fact,600883.SH,UNKNOWN,[]
pr7_fact-600884.SH,pr7_fact,600884.SH,UNKNOWN,[]
pr7_fact-600885.SH,pr7_fact,600885.SH,UNKNOWN,[]
pr7_fact-600886.SH,pr7_fact,600886.SH,UNKNOWN,[]
pr7_fact-600887.SH,pr7_fact,600887.SH,UNKNOWN,[]
pr7_fact-600888.SH,pr7_fact,600888.SH,UNKNOWN,[]
pr7_fact-600890.SH,pr7_fact,600890.SH,UNKNOWN,[]
pr7_fact-600891.SH,pr7_fact,600891.SH,UNKNOWN,[]
pr7_fact-600893.SH,pr7_fact,600893.SH,UNKNOWN,[]
pr7_fact-600894.SH,pr7_fact,600894.SH,UNKNOWN,[]
pr7_fact-600895.SH,pr7_fact,600895.SH,UNKNOWN,[]
pr7_fact-600896.SH,pr7_fact,600896.SH,UNKNOWN,[]
pr7_fact-600897.SH,pr7_fact,600897.SH,UNKNOWN,[]
pr7_fact-600900.SH,pr7_fact,600900.SH,UNKNOWN,[]
pr7_fact-600901.SH,pr7_fact,600901.SH,UNKNOWN,[]
pr7_fact-600903.SH,pr7_fact,600903.SH,UNKNOWN,[]
pr7_fact-600905.SH,pr7_fact,600905.SH,UNKNOWN,[]
pr7_fact-600906.SH,pr7_fact,600906.SH,UNKNOWN,[]
pr7_fact-600908.SH,pr7_fact,600908.SH,UNKNOWN,[]
pr7_fact-600909.SH,pr7_fact,600909.SH,UNKNOWN,[]
pr7_fact-600916.SH,pr7_fact,600916.SH,UNKNOWN,[]
pr7_fact-600917.SH,pr7_fact,600917.SH,UNKNOWN,[]
pr7_fact-600918.SH,pr7_fact,600918.SH,UNKNOWN,[]
pr7_fact-600919.SH,pr7_fact,600919.SH,UNKNOWN,[]
pr7_fact-600925.SH,pr7_fact,600925.SH,UNKNOWN,[]
pr7_fact-600926.SH,pr7_fact,600926.SH,UNKNOWN,[]
pr7_fact-600927.SH,pr7_fact,600927.SH,UNKNOWN,[]
pr7_fact-600928.SH,pr7_fact,600928.SH,UNKNOWN,[]
pr7_fact-600929.SH,pr7_fact,600929.SH,UNKNOWN,[]
pr7_fact-600930.SH,pr7_fact,600930.SH,UNKNOWN,[]
pr7_fact-600933.SH,pr7_fact,600933.SH,UNKNOWN,[]
pr7_fact-600935.SH,pr7_fact,600935.SH,UNKNOWN,[]
pr7_fact-600936.SH,pr7_fact,600936.SH,UNKNOWN,[]
pr7_fact-600938.SH,pr7_fact,600938.SH,UNKNOWN,[]
pr7_fact-600939.SH,pr7_fact,600939.SH,UNKNOWN,[]
pr7_fact-600941.SH,pr7_fact,600941.SH,UNKNOWN,[]
pr7_fact-600955.SH,pr7_fact,600955.SH,UNKNOWN,[]
pr7_fact-600956.SH,pr7_fact,600956.SH,UNKNOWN,[]
pr7_fact-600958.SH,pr7_fact,600958.SH,UNKNOWN,[]
pr7_fact-600959.SH,pr7_fact,600959.SH,UNKNOWN,[]
pr7_fact-600961.SH,pr7_fact,600961.SH,UNKNOWN,[]
pr7_fact-600962.SH,pr7_fact,600962.SH,UNKNOWN,[]
pr7_fact-600963.SH,pr7_fact,600963.SH,UNKNOWN,[]
pr7_fact-600965.SH,pr7_fact,600965.SH,UNKNOWN,[]
pr7_fact-600966.SH,pr7_fact,600966.SH,UNKNOWN,[]
pr7_fact-600967.SH,pr7_fact,600967.SH,UNKNOWN,[]
pr7_fact-600968.SH,pr7_fact,600968.SH,UNKNOWN,[]
pr7_fact-600969.SH,pr7_fact,600969.SH,UNKNOWN,[]
pr7_fact-600970.SH,pr7_fact,600970.SH,UNKNOWN,[]
pr7_fact-600971.SH,pr7_fact,600971.SH,UNKNOWN,[]
pr7_fact-600973.SH,pr7_fact,600973.SH,UNKNOWN,[]
pr7_fact-600975.SH,pr7_fact,600975.SH,UNKNOWN,[]
pr7_fact-600976.SH,pr7_fact,600976.SH,UNKNOWN,[]
pr7_fact-600977.SH,pr7_fact,600977.SH,UNKNOWN,[]
pr7_fact-600978.SH,pr7_fact,600978.SH,UNKNOWN,[]
pr7_fact-600979.SH,pr7_fact,600979.SH,UNKNOWN,[]
pr7_fact-600981.SH,pr7_fact,600981.SH,UNKNOWN,[]
pr7_fact-600982.SH,pr7_fact,600982.SH,UNKNOWN,[]
pr7_fact-600983.SH,pr7_fact,600983.SH,UNKNOWN,[]
pr7_fact-600984.SH,pr7_fact,600984.SH,UNKNOWN,[]
pr7_fact-600985.SH,pr7_fact,600985.SH,UNKNOWN,[]
pr7_fact-600986.SH,pr7_fact,600986.SH,UNKNOWN,[]
pr7_fact-600987.SH,pr7_fact,600987.SH,UNKNOWN,[]
pr7_fact-600988.SH,pr7_fact,600988.SH,UNKNOWN,[]
pr7_fact-600989.SH,pr7_fact,600989.SH,UNKNOWN,[]
pr7_fact-600990.SH,pr7_fact,600990.SH,UNKNOWN,[]
pr7_fact-600993.SH,pr7_fact,600993.SH,UNKNOWN,[]
pr7_fact-600995.SH,pr7_fact,600995.SH,UNKNOWN,[]
pr7_fact-600996.SH,pr7_fact,600996.SH,UNKNOWN,[]
pr7_fact-600997.SH,pr7_fact,600997.SH,UNKNOWN,[]
pr7_fact-600998.SH,pr7_fact,600998.SH,UNKNOWN,[]
pr7_fact-600999.SH,pr7_fact,600999.SH,UNKNOWN,[]
pr7_fact-601000.SH,pr7_fact,601000.SH,UNKNOWN,[]
pr7_fact-601001.SH,pr7_fact,601001.SH,UNKNOWN,[]
pr7_fact-601002.SH,pr7_fact,601002.SH,UNKNOWN,[]
pr7_fact-601003.SH,pr7_fact,601003.SH,UNKNOWN,[]
pr7_fact-601005.SH,pr7_fact,601005.SH,UNKNOWN,[]
pr7_fact-601006.SH,pr7_fact,601006.SH,UNKNOWN,[]
pr7_fact-601007.SH,pr7_fact,601007.SH,UNKNOWN,[]
pr7_fact-601008.SH,pr7_fact,601008.SH,UNKNOWN,[]
pr7_fact-601009.SH,pr7_fact,601009.SH,UNKNOWN,[]
pr7_fact-601010.SH,pr7_fact,601010.SH,UNKNOWN,[]
pr7_fact-601011.SH,pr7_fact,601011.SH,UNKNOWN,[]
pr7_fact-601012.SH,pr7_fact,601012.SH,UNKNOWN,[]
pr7_fact-601015.SH,pr7_fact,601015.SH,UNKNOWN,[]
pr7_fact-601016.SH,pr7_fact,601016.SH,UNKNOWN,[]
pr7_fact-601018.SH,pr7_fact,601018.SH,UNKNOWN,[]
pr7_fact-601019.SH,pr7_fact,601019.SH,UNKNOWN,[]
pr7_fact-601020.SH,pr7_fact,601020.SH,UNKNOWN,[]
pr7_fact-601021.SH,pr7_fact,601021.SH,UNKNOWN,[]
pr7_fact-601022.SH,pr7_fact,601022.SH,UNKNOWN,[]
pr7_fact-601026.SH,pr7_fact,601026.SH,UNKNOWN,[]
pr7_fact-601028.SH,pr7_fact,601028.SH,UNKNOWN,[]
pr7_fact-601033.SH,pr7_fact,601033.SH,UNKNOWN,[]
pr7_fact-601038.SH,pr7_fact,601038.SH,UNKNOWN,[]
pr7_fact-601058.SH,pr7_fact,601058.SH,UNKNOWN,[]
pr7_fact-601059.SH,pr7_fact,601059.SH,UNKNOWN,[]
pr7_fact-601061.SH,pr7_fact,601061.SH,UNKNOWN,[]
pr7_fact-601066.SH,pr7_fact,601066.SH,UNKNOWN,[]
pr7_fact-601068.SH,pr7_fact,601068.SH,UNKNOWN,[]
pr7_fact-601069.SH,pr7_fact,601069.SH,UNKNOWN,[]
pr7_fact-601077.SH,pr7_fact,601077.SH,UNKNOWN,[]
pr7_fact-601083.SH,pr7_fact,601083.SH,UNKNOWN,[]
pr7_fact-601088.SH,pr7_fact,601088.SH,UNKNOWN,[]
pr7_fact-601089.SH,pr7_fact,601089.SH,UNKNOWN,[]
pr7_fact-601096.SH,pr7_fact,601096.SH,UNKNOWN,[]
pr7_fact-601098.SH,pr7_fact,601098.SH,UNKNOWN,[]
pr7_fact-601099.SH,pr7_fact,601099.SH,UNKNOWN,[]
pr7_fact-601100.SH,pr7_fact,601100.SH,UNKNOWN,[]
pr7_fact-601101.SH,pr7_fact,601101.SH,UNKNOWN,[]
pr7_fact-601106.SH,pr7_fact,601106.SH,UNKNOWN,[]
pr7_fact-601107.SH,pr7_fact,601107.SH,UNKNOWN,[]
pr7_fact-601108.SH,pr7_fact,601108.SH,UNKNOWN,[]
pr7_fact-601111.SH,pr7_fact,601111.SH,UNKNOWN,[]
pr7_fact-601112.SH,pr7_fact,601112.SH,UNKNOWN,[]
pr7_fact-601113.SH,pr7_fact,601113.SH,UNKNOWN,[]
pr7_fact-601116.SH,pr7_fact,601116.SH,UNKNOWN,[]
pr7_fact-601117.SH,pr7_fact,601117.SH,UNKNOWN,[]
pr7_fact-601118.SH,pr7_fact,601118.SH,UNKNOWN,[]
pr7_fact-601126.SH,pr7_fact,601126.SH,UNKNOWN,[]
pr7_fact-601127.SH,pr7_fact,601127.SH,UNKNOWN,[]
pr7_fact-601128.SH,pr7_fact,601128.SH,UNKNOWN,[]
pr7_fact-601136.SH,pr7_fact,601136.SH,UNKNOWN,[]
pr7_fact-601137.SH,pr7_fact,601137.SH,UNKNOWN,[]
pr7_fact-601138.SH,pr7_fact,601138.SH,UNKNOWN,[]
pr7_fact-601139.SH,pr7_fact,601139.SH,UNKNOWN,[]
pr7_fact-601155.SH,pr7_fact,601155.SH,UNKNOWN,[]
pr7_fact-601156.SH,pr7_fact,601156.SH,UNKNOWN,[]
pr7_fact-601158.SH,pr7_fact,601158.SH,UNKNOWN,[]
pr7_fact-601162.SH,pr7_fact,601162.SH,UNKNOWN,[]
pr7_fact-601163.SH,pr7_fact,601163.SH,UNKNOWN,[]
pr7_fact-601166.SH,pr7_fact,601166.SH,UNKNOWN,[]
pr7_fact-601168.SH,pr7_fact,601168.SH,UNKNOWN,[]
pr7_fact-601169.SH,pr7_fact,601169.SH,UNKNOWN,[]
pr7_fact-601179.SH,pr7_fact,601179.SH,UNKNOWN,[]
pr7_fact-601186.SH,pr7_fact,601186.SH,UNKNOWN,[]
pr7_fact-601187.SH,pr7_fact,601187.SH,UNKNOWN,[]
pr7_fact-601188.SH,pr7_fact,601188.SH,UNKNOWN,[]
pr7_fact-601198.SH,pr7_fact,601198.SH,UNKNOWN,[]
pr7_fact-601199.SH,pr7_fact,601199.SH,UNKNOWN,[]
pr7_fact-601200.SH,pr7_fact,601200.SH,UNKNOWN,[]
pr7_fact-601208.SH,pr7_fact,601208.SH,UNKNOWN,[]
pr7_fact-601211.SH,pr7_fact,601211.SH,UNKNOWN,[]
pr7_fact-601212.SH,pr7_fact,601212.SH,UNKNOWN,[]
pr7_fact-601216.SH,pr7_fact,601216.SH,UNKNOWN,[]
pr7_fact-601218.SH,pr7_fact,601218.SH,UNKNOWN,[]
pr7_fact-601222.SH,pr7_fact,601222.SH,UNKNOWN,[]
pr7_fact-601225.SH,pr7_fact,601225.SH,UNKNOWN,[]
pr7_fact-601226.SH,pr7_fact,601226.SH,UNKNOWN,[]
pr7_fact-601228.SH,pr7_fact,601228.SH,UNKNOWN,[]
pr7_fact-601229.SH,pr7_fact,601229.SH,UNKNOWN,[]
pr7_fact-601231.SH,pr7_fact,601231.SH,UNKNOWN,[]
pr7_fact-601233.SH,pr7_fact,601233.SH,UNKNOWN,[]
pr7_fact-601236.SH,pr7_fact,601236.SH,UNKNOWN,[]
pr7_fact-601238.SH,pr7_fact,601238.SH,UNKNOWN,[]
pr7_fact-601258.SH,pr7_fact,601258.SH,UNKNOWN,[]
pr7_fact-601268.SH,pr7_fact,601268.SH,UNKNOWN,[]
pr7_fact-601279.SH,pr7_fact,601279.SH,UNKNOWN,[]
pr7_fact-601288.SH,pr7_fact,601288.SH,UNKNOWN,[]
pr7_fact-601298.SH,pr7_fact,601298.SH,UNKNOWN,[]
pr7_fact-601299.SH,pr7_fact,601299.SH,UNKNOWN,[]
pr7_fact-601311.SH,pr7_fact,601311.SH,UNKNOWN,[]
pr7_fact-601318.SH,pr7_fact,601318.SH,UNKNOWN,[]
pr7_fact-601319.SH,pr7_fact,601319.SH,UNKNOWN,[]
pr7_fact-601326.SH,pr7_fact,601326.SH,UNKNOWN,[]
pr7_fact-601328.SH,pr7_fact,601328.SH,UNKNOWN,[]
pr7_fact-601330.SH,pr7_fact,601330.SH,UNKNOWN,[]
pr7_fact-601333.SH,pr7_fact,601333.SH,UNKNOWN,[]
pr7_fact-601336.SH,pr7_fact,601336.SH,UNKNOWN,[]
pr7_fact-601339.SH,pr7_fact,601339.SH,UNKNOWN,[]
pr7_fact-601360.SH,pr7_fact,601360.SH,UNKNOWN,[]
pr7_fact-601366.SH,pr7_fact,601366.SH,UNKNOWN,[]
pr7_fact-601368.SH,pr7_fact,601368.SH,UNKNOWN,[]
pr7_fact-601369.SH,pr7_fact,601369.SH,UNKNOWN,[]
pr7_fact-601375.SH,pr7_fact,601375.SH,UNKNOWN,[]
pr7_fact-601377.SH,pr7_fact,601377.SH,UNKNOWN,[]
pr7_fact-601388.SH,pr7_fact,601388.SH,UNKNOWN,[]
pr7_fact-601390.SH,pr7_fact,601390.SH,UNKNOWN,[]
pr7_fact-601398.SH,pr7_fact,601398.SH,UNKNOWN,[]
pr7_fact-601399.SH,pr7_fact,601399.SH,UNKNOWN,[]
pr7_fact-601456.SH,pr7_fact,601456.SH,UNKNOWN,[]
pr7_fact-601500.SH,pr7_fact,601500.SH,UNKNOWN,[]
pr7_fact-601512.SH,pr7_fact,601512.SH,UNKNOWN,[]
pr7_fact-601515.SH,pr7_fact,601515.SH,UNKNOWN,[]
pr7_fact-601519.SH,pr7_fact,601519.SH,UNKNOWN,[]
pr7_fact-601528.SH,pr7_fact,601528.SH,UNKNOWN,[]
pr7_fact-601555.SH,pr7_fact,601555.SH,UNKNOWN,[]
pr7_fact-601558.SH,pr7_fact,601558.SH,UNKNOWN,[]
pr7_fact-601566.SH,pr7_fact,601566.SH,UNKNOWN,[]
pr7_fact-601567.SH,pr7_fact,601567.SH,UNKNOWN,[]
pr7_fact-601568.SH,pr7_fact,601568.SH,UNKNOWN,[]
pr7_fact-601577.SH,pr7_fact,601577.SH,UNKNOWN,[]
pr7_fact-601588.SH,pr7_fact,601588.SH,UNKNOWN,[]
pr7_fact-601595.SH,pr7_fact,601595.SH,UNKNOWN,[]
pr7_fact-601598.SH,pr7_fact,601598.SH,UNKNOWN,[]
pr7_fact-601599.SH,pr7_fact,601599.SH,UNKNOWN,[]
pr7_fact-601600.SH,pr7_fact,601600.SH,UNKNOWN,[]
pr7_fact-601601.SH,pr7_fact,601601.SH,UNKNOWN,[]
pr7_fact-601606.SH,pr7_fact,601606.SH,UNKNOWN,[]
pr7_fact-601607.SH,pr7_fact,601607.SH,UNKNOWN,[]
pr7_fact-601608.SH,pr7_fact,601608.SH,UNKNOWN,[]
pr7_fact-601609.SH,pr7_fact,601609.SH,UNKNOWN,[]
pr7_fact-601611.SH,pr7_fact,601611.SH,UNKNOWN,[]
pr7_fact-601615.SH,pr7_fact,601615.SH,UNKNOWN,[]
pr7_fact-601616.SH,pr7_fact,601616.SH,UNKNOWN,[]
pr7_fact-601618.SH,pr7_fact,601618.SH,UNKNOWN,[]
pr7_fact-601619.SH,pr7_fact,601619.SH,UNKNOWN,[]
pr7_fact-601628.SH,pr7_fact,601628.SH,UNKNOWN,[]
pr7_fact-601633.SH,pr7_fact,601633.SH,UNKNOWN,[]
pr7_fact-601636.SH,pr7_fact,601636.SH,UNKNOWN,[]
pr7_fact-601658.SH,pr7_fact,601658.SH,UNKNOWN,[]
pr7_fact-601665.SH,pr7_fact,601665.SH,UNKNOWN,[]
pr7_fact-601666.SH,pr7_fact,601666.SH,UNKNOWN,[]
pr7_fact-601668.SH,pr7_fact,601668.SH,UNKNOWN,[]
pr7_fact-601669.SH,pr7_fact,601669.SH,UNKNOWN,[]
pr7_fact-601677.SH,pr7_fact,601677.SH,UNKNOWN,[]
pr7_fact-601678.SH,pr7_fact,601678.SH,UNKNOWN,[]
pr7_fact-601686.SH,pr7_fact,601686.SH,UNKNOWN,[]
pr7_fact-601688.SH,pr7_fact,601688.SH,UNKNOWN,[]
pr7_fact-601689.SH,pr7_fact,601689.SH,UNKNOWN,[]
pr7_fact-601696.SH,pr7_fact,601696.SH,UNKNOWN,[]
pr7_fact-601698.SH,pr7_fact,601698.SH,UNKNOWN,[]
pr7_fact-601699.SH,pr7_fact,601699.SH,UNKNOWN,[]
pr7_fact-601700.SH,pr7_fact,601700.SH,UNKNOWN,[]
pr7_fact-601702.SH,pr7_fact,601702.SH,UNKNOWN,[]
pr7_fact-601717.SH,pr7_fact,601717.SH,UNKNOWN,[]
pr7_fact-601718.SH,pr7_fact,601718.SH,UNKNOWN,[]
pr7_fact-601727.SH,pr7_fact,601727.SH,UNKNOWN,[]
pr7_fact-601728.SH,pr7_fact,601728.SH,UNKNOWN,[]
pr7_fact-601766.SH,pr7_fact,601766.SH,UNKNOWN,[]
pr7_fact-601777.SH,pr7_fact,601777.SH,UNKNOWN,[]
pr7_fact-601778.SH,pr7_fact,601778.SH,UNKNOWN,[]
pr7_fact-601788.SH,pr7_fact,601788.SH,UNKNOWN,[]
pr7_fact-601789.SH,pr7_fact,601789.SH,UNKNOWN,[]
pr7_fact-601798.SH,pr7_fact,601798.SH,UNKNOWN,[]
pr7_fact-601799.SH,pr7_fact,601799.SH,UNKNOWN,[]
pr7_fact-601800.SH,pr7_fact,601800.SH,UNKNOWN,[]
pr7_fact-601801.SH,pr7_fact,601801.SH,UNKNOWN,[]
pr7_fact-601808.SH,pr7_fact,601808.SH,UNKNOWN,[]
pr7_fact-601811.SH,pr7_fact,601811.SH,UNKNOWN,[]
pr7_fact-601816.SH,pr7_fact,601816.SH,UNKNOWN,[]
pr7_fact-601818.SH,pr7_fact,601818.SH,UNKNOWN,[]
pr7_fact-601825.SH,pr7_fact,601825.SH,UNKNOWN,[]
pr7_fact-601827.SH,pr7_fact,601827.SH,UNKNOWN,[]
pr7_fact-601828.SH,pr7_fact,601828.SH,UNKNOWN,[]
pr7_fact-601838.SH,pr7_fact,601838.SH,UNKNOWN,[]
pr7_fact-601857.SH,pr7_fact,601857.SH,UNKNOWN,[]
pr7_fact-601858.SH,pr7_fact,601858.SH,UNKNOWN,[]
pr7_fact-601860.SH,pr7_fact,601860.SH,UNKNOWN,[]
pr7_fact-601865.SH,pr7_fact,601865.SH,UNKNOWN,[]
pr7_fact-601866.SH,pr7_fact,601866.SH,UNKNOWN,[]
pr7_fact-601868.SH,pr7_fact,601868.SH,UNKNOWN,[]
pr7_fact-601869.SH,pr7_fact,601869.SH,UNKNOWN,[]
pr7_fact-601872.SH,pr7_fact,601872.SH,UNKNOWN,[]
pr7_fact-601877.SH,pr7_fact,601877.SH,UNKNOWN,[]
pr7_fact-601878.SH,pr7_fact,601878.SH,UNKNOWN,[]
pr7_fact-601880.SH,pr7_fact,601880.SH,UNKNOWN,[]
pr7_fact-601881.SH,pr7_fact,601881.SH,UNKNOWN,[]
pr7_fact-601882.SH,pr7_fact,601882.SH,UNKNOWN,[]
pr7_fact-601886.SH,pr7_fact,601886.SH,UNKNOWN,[]
pr7_fact-601888.SH,pr7_fact,601888.SH,UNKNOWN,[]
pr7_fact-601890.SH,pr7_fact,601890.SH,UNKNOWN,[]
pr7_fact-601898.SH,pr7_fact,601898.SH,UNKNOWN,[]
pr7_fact-601899.SH,pr7_fact,601899.SH,UNKNOWN,[]
pr7_fact-601900.SH,pr7_fact,601900.SH,UNKNOWN,[]
pr7_fact-601901.SH,pr7_fact,601901.SH,UNKNOWN,[]
pr7_fact-601908.SH,pr7_fact,601908.SH,UNKNOWN,[]
pr7_fact-601916.SH,pr7_fact,601916.SH,UNKNOWN,[]
pr7_fact-601918.SH,pr7_fact,601918.SH,UNKNOWN,[]
pr7_fact-601919.SH,pr7_fact,601919.SH,UNKNOWN,[]
pr7_fact-601921.SH,pr7_fact,601921.SH,UNKNOWN,[]
pr7_fact-601928.SH,pr7_fact,601928.SH,UNKNOWN,[]
pr7_fact-601929.SH,pr7_fact,601929.SH,UNKNOWN,[]
pr7_fact-601933.SH,pr7_fact,601933.SH,UNKNOWN,[]
pr7_fact-601939.SH,pr7_fact,601939.SH,UNKNOWN,[]
pr7_fact-601949.SH,pr7_fact,601949.SH,UNKNOWN,[]
pr7_fact-601952.SH,pr7_fact,601952.SH,UNKNOWN,[]
pr7_fact-601958.SH,pr7_fact,601958.SH,UNKNOWN,[]
pr7_fact-601963.SH,pr7_fact,601963.SH,UNKNOWN,[]
pr7_fact-601965.SH,pr7_fact,601965.SH,UNKNOWN,[]
pr7_fact-601966.SH,pr7_fact,601966.SH,UNKNOWN,[]
pr7_fact-601968.SH,pr7_fact,601968.SH,UNKNOWN,[]
pr7_fact-601969.SH,pr7_fact,601969.SH,UNKNOWN,[]
pr7_fact-601975.SH,pr7_fact,601975.SH,UNKNOWN,[]
pr7_fact-601985.SH,pr7_fact,601985.SH,UNKNOWN,[]
pr7_fact-601988.SH,pr7_fact,601988.SH,UNKNOWN,[]
pr7_fact-601989.SH,pr7_fact,601989.SH,UNKNOWN,[]
pr7_fact-601990.SH,pr7_fact,601990.SH,UNKNOWN,[]
pr7_fact-601991.SH,pr7_fact,601991.SH,UNKNOWN,[]
pr7_fact-601992.SH,pr7_fact,601992.SH,UNKNOWN,[]
pr7_fact-601995.SH,pr7_fact,601995.SH,UNKNOWN,[]
pr7_fact-601996.SH,pr7_fact,601996.SH,UNKNOWN,[]
pr7_fact-601997.SH,pr7_fact,601997.SH,UNKNOWN,[]
pr7_fact-601998.SH,pr7_fact,601998.SH,UNKNOWN,[]
pr7_fact-601999.SH,pr7_fact,601999.SH,UNKNOWN,[]
pr7_fact-603000.SH,pr7_fact,603000.SH,UNKNOWN,[]
pr7_fact-603001.SH,pr7_fact,603001.SH,UNKNOWN,[]
pr7_fact-603002.SH,pr7_fact,603002.SH,UNKNOWN,[]
pr7_fact-603003.SH,pr7_fact,603003.SH,UNKNOWN,[]
pr7_fact-603005.SH,pr7_fact,603005.SH,UNKNOWN,[]
pr7_fact-603008.SH,pr7_fact,603008.SH,UNKNOWN,[]
pr7_fact-603009.SH,pr7_fact,603009.SH,UNKNOWN,[]
pr7_fact-603010.SH,pr7_fact,603010.SH,UNKNOWN,[]
pr7_fact-603012.SH,pr7_fact,603012.SH,UNKNOWN,[]
pr7_fact-603013.SH,pr7_fact,603013.SH,UNKNOWN,[]
pr7_fact-603014.SH,pr7_fact,603014.SH,UNKNOWN,[]
pr7_fact-603018.SH,pr7_fact,603018.SH,UNKNOWN,[]
pr7_fact-603019.SH,pr7_fact,603019.SH,UNKNOWN,[]
pr7_fact-603020.SH,pr7_fact,603020.SH,UNKNOWN,[]
pr7_fact-603025.SH,pr7_fact,603025.SH,UNKNOWN,[]
pr7_fact-603026.SH,pr7_fact,603026.SH,UNKNOWN,[]
pr7_fact-603027.SH,pr7_fact,603027.SH,UNKNOWN,[]
pr7_fact-603032.SH,pr7_fact,603032.SH,UNKNOWN,[]
pr7_fact-603033.SH,pr7_fact,603033.SH,UNKNOWN,[]
pr7_fact-603039.SH,pr7_fact,603039.SH,UNKNOWN,[]
pr7_fact-603043.SH,pr7_fact,603043.SH,UNKNOWN,[]
pr7_fact-603049.SH,pr7_fact,603049.SH,UNKNOWN,[]
pr7_fact-603053.SH,pr7_fact,603053.SH,UNKNOWN,[]
pr7_fact-603055.SH,pr7_fact,603055.SH,UNKNOWN,[]
pr7_fact-603056.SH,pr7_fact,603056.SH,UNKNOWN,[]
pr7_fact-603057.SH,pr7_fact,603057.SH,UNKNOWN,[]
pr7_fact-603058.SH,pr7_fact,603058.SH,UNKNOWN,[]
pr7_fact-603060.SH,pr7_fact,603060.SH,UNKNOWN,[]
pr7_fact-603063.SH,pr7_fact,603063.SH,UNKNOWN,[]
pr7_fact-603068.SH,pr7_fact,603068.SH,UNKNOWN,[]
pr7_fact-603071.SH,pr7_fact,603071.SH,UNKNOWN,[]
pr7_fact-603072.SH,pr7_fact,603072.SH,UNKNOWN,[]
pr7_fact-603075.SH,pr7_fact,603075.SH,UNKNOWN,[]
pr7_fact-603077.SH,pr7_fact,603077.SH,UNKNOWN,[]
pr7_fact-603081.SH,pr7_fact,603081.SH,UNKNOWN,[]
pr7_fact-603083.SH,pr7_fact,603083.SH,UNKNOWN,[]
pr7_fact-603087.SH,pr7_fact,603087.SH,UNKNOWN,[]
pr7_fact-603092.SH,pr7_fact,603092.SH,UNKNOWN,[]
pr7_fact-603093.SH,pr7_fact,603093.SH,UNKNOWN,[]
pr7_fact-603096.SH,pr7_fact,603096.SH,UNKNOWN,[]
pr7_fact-603098.SH,pr7_fact,603098.SH,UNKNOWN,[]
pr7_fact-603099.SH,pr7_fact,603099.SH,UNKNOWN,[]
pr7_fact-603100.SH,pr7_fact,603100.SH,UNKNOWN,[]
pr7_fact-603103.SH,pr7_fact,603103.SH,UNKNOWN,[]
pr7_fact-603105.SH,pr7_fact,603105.SH,UNKNOWN,[]
pr7_fact-603108.SH,pr7_fact,603108.SH,UNKNOWN,[]
pr7_fact-603111.SH,pr7_fact,603111.SH,UNKNOWN,[]
pr7_fact-603113.SH,pr7_fact,603113.SH,UNKNOWN,[]
pr7_fact-603116.SH,pr7_fact,603116.SH,UNKNOWN,[]
pr7_fact-603117.SH,pr7_fact,603117.SH,UNKNOWN,[]
pr7_fact-603118.SH,pr7_fact,603118.SH,UNKNOWN,[]
pr7_fact-603119.SH,pr7_fact,603119.SH,UNKNOWN,[]
pr7_fact-603123.SH,pr7_fact,603123.SH,UNKNOWN,[]
pr7_fact-603124.SH,pr7_fact,603124.SH,UNKNOWN,[]
pr7_fact-603126.SH,pr7_fact,603126.SH,UNKNOWN,[]
pr7_fact-603127.SH,pr7_fact,603127.SH,UNKNOWN,[]
pr7_fact-603128.SH,pr7_fact,603128.SH,UNKNOWN,[]
pr7_fact-603129.SH,pr7_fact,603129.SH,UNKNOWN,[]
pr7_fact-603132.SH,pr7_fact,603132.SH,UNKNOWN,[]
pr7_fact-603156.SH,pr7_fact,603156.SH,UNKNOWN,[]
pr7_fact-603160.SH,pr7_fact,603160.SH,UNKNOWN,[]
pr7_fact-603162.SH,pr7_fact,603162.SH,UNKNOWN,[]
pr7_fact-603165.SH,pr7_fact,603165.SH,UNKNOWN,[]
pr7_fact-603166.SH,pr7_fact,603166.SH,UNKNOWN,[]
pr7_fact-603167.SH,pr7_fact,603167.SH,UNKNOWN,[]
pr7_fact-603168.SH,pr7_fact,603168.SH,UNKNOWN,[]
pr7_fact-603169.SH,pr7_fact,603169.SH,UNKNOWN,[]
pr7_fact-603170.SH,pr7_fact,603170.SH,UNKNOWN,[]
pr7_fact-603171.SH,pr7_fact,603171.SH,UNKNOWN,[]
pr7_fact-603175.SH,pr7_fact,603175.SH,UNKNOWN,[]
pr7_fact-603179.SH,pr7_fact,603179.SH,UNKNOWN,[]
pr7_fact-603180.SH,pr7_fact,603180.SH,UNKNOWN,[]
pr7_fact-603185.SH,pr7_fact,603185.SH,UNKNOWN,[]
pr7_fact-603187.SH,pr7_fact,603187.SH,UNKNOWN,[]
pr7_fact-603188.SH,pr7_fact,603188.SH,UNKNOWN,[]
pr7_fact-603193.SH,pr7_fact,603193.SH,UNKNOWN,[]
pr7_fact-603194.SH,pr7_fact,603194.SH,UNKNOWN,[]
pr7_fact-603195.SH,pr7_fact,603195.SH,UNKNOWN,[]
pr7_fact-603197.SH,pr7_fact,603197.SH,UNKNOWN,[]
pr7_fact-603198.SH,pr7_fact,603198.SH,UNKNOWN,[]
pr7_fact-603202.SH,pr7_fact,603202.SH,UNKNOWN,[]
pr7_fact-603208.SH,pr7_fact,603208.SH,UNKNOWN,[]
pr7_fact-603212.SH,pr7_fact,603212.SH,UNKNOWN,[]
pr7_fact-603218.SH,pr7_fact,603218.SH,UNKNOWN,[]
pr7_fact-603219.SH,pr7_fact,603219.SH,UNKNOWN,[]
pr7_fact-603220.SH,pr7_fact,603220.SH,UNKNOWN,[]
pr7_fact-603222.SH,pr7_fact,603222.SH,UNKNOWN,[]
pr7_fact-603225.SH,pr7_fact,603225.SH,UNKNOWN,[]
pr7_fact-603227.SH,pr7_fact,603227.SH,UNKNOWN,[]
pr7_fact-603228.SH,pr7_fact,603228.SH,UNKNOWN,[]
pr7_fact-603229.SH,pr7_fact,603229.SH,UNKNOWN,[]
pr7_fact-603233.SH,pr7_fact,603233.SH,UNKNOWN,[]
pr7_fact-603235.SH,pr7_fact,603235.SH,UNKNOWN,[]
pr7_fact-603236.SH,pr7_fact,603236.SH,UNKNOWN,[]
pr7_fact-603248.SH,pr7_fact,603248.SH,UNKNOWN,[]
pr7_fact-603256.SH,pr7_fact,603256.SH,UNKNOWN,[]
pr7_fact-603258.SH,pr7_fact,603258.SH,UNKNOWN,[]
pr7_fact-603259.SH,pr7_fact,603259.SH,UNKNOWN,[]
pr7_fact-603260.SH,pr7_fact,603260.SH,UNKNOWN,[]
pr7_fact-603262.SH,pr7_fact,603262.SH,UNKNOWN,[]
pr7_fact-603267.SH,pr7_fact,603267.SH,UNKNOWN,[]
pr7_fact-603277.SH,pr7_fact,603277.SH,UNKNOWN,[]
pr7_fact-603279.SH,pr7_fact,603279.SH,UNKNOWN,[]
pr7_fact-603281.SH,pr7_fact,603281.SH,UNKNOWN,[]
pr7_fact-603283.SH,pr7_fact,603283.SH,UNKNOWN,[]
pr7_fact-603288.SH,pr7_fact,603288.SH,UNKNOWN,[]
pr7_fact-603290.SH,pr7_fact,603290.SH,UNKNOWN,[]
pr7_fact-603296.SH,pr7_fact,603296.SH,UNKNOWN,[]
pr7_fact-603297.SH,pr7_fact,603297.SH,UNKNOWN,[]
pr7_fact-603298.SH,pr7_fact,603298.SH,UNKNOWN,[]
pr7_fact-603299.SH,pr7_fact,603299.SH,UNKNOWN,[]
pr7_fact-603300.SH,pr7_fact,603300.SH,UNKNOWN,[]
pr7_fact-603301.SH,pr7_fact,603301.SH,UNKNOWN,[]
pr7_fact-603303.SH,pr7_fact,603303.SH,UNKNOWN,[]
pr7_fact-603305.SH,pr7_fact,603305.SH,UNKNOWN,[]
pr7_fact-603306.SH,pr7_fact,603306.SH,UNKNOWN,[]
pr7_fact-603308.SH,pr7_fact,603308.SH,UNKNOWN,[]
pr7_fact-603309.SH,pr7_fact,603309.SH,UNKNOWN,[]
pr7_fact-603313.SH,pr7_fact,603313.SH,UNKNOWN,[]
pr7_fact-603317.SH,pr7_fact,603317.SH,UNKNOWN,[]
pr7_fact-603318.SH,pr7_fact,603318.SH,UNKNOWN,[]
pr7_fact-603319.SH,pr7_fact,603319.SH,UNKNOWN,[]
pr7_fact-603323.SH,pr7_fact,603323.SH,UNKNOWN,[]
pr7_fact-603327.SH,pr7_fact,603327.SH,UNKNOWN,[]
pr7_fact-603328.SH,pr7_fact,603328.SH,UNKNOWN,[]
pr7_fact-603337.SH,pr7_fact,603337.SH,UNKNOWN,[]
pr7_fact-603338.SH,pr7_fact,603338.SH,UNKNOWN,[]
pr7_fact-603339.SH,pr7_fact,603339.SH,UNKNOWN,[]
pr7_fact-603341.SH,pr7_fact,603341.SH,UNKNOWN,[]
pr7_fact-603345.SH,pr7_fact,603345.SH,UNKNOWN,[]
pr7_fact-603348.SH,pr7_fact,603348.SH,UNKNOWN,[]
pr7_fact-603355.SH,pr7_fact,603355.SH,UNKNOWN,[]
pr7_fact-603357.SH,pr7_fact,603357.SH,UNKNOWN,[]
pr7_fact-603358.SH,pr7_fact,603358.SH,UNKNOWN,[]
pr7_fact-603359.SH,pr7_fact,603359.SH,UNKNOWN,[]
pr7_fact-603360.SH,pr7_fact,603360.SH,UNKNOWN,[]
pr7_fact-603363.SH,pr7_fact,603363.SH,UNKNOWN,[]
pr7_fact-603366.SH,pr7_fact,603366.SH,UNKNOWN,[]
pr7_fact-603367.SH,pr7_fact,603367.SH,UNKNOWN,[]
pr7_fact-603368.SH,pr7_fact,603368.SH,UNKNOWN,[]
pr7_fact-603369.SH,pr7_fact,603369.SH,UNKNOWN,[]
pr7_fact-603376.SH,pr7_fact,603376.SH,UNKNOWN,[]
pr7_fact-603377.SH,pr7_fact,603377.SH,UNKNOWN,[]
pr7_fact-603378.SH,pr7_fact,603378.SH,UNKNOWN,[]
pr7_fact-603379.SH,pr7_fact,603379.SH,UNKNOWN,[]
pr7_fact-603383.SH,pr7_fact,603383.SH,UNKNOWN,[]
pr7_fact-603385.SH,pr7_fact,603385.SH,UNKNOWN,[]
pr7_fact-603387.SH,pr7_fact,603387.SH,UNKNOWN,[]
pr7_fact-603390.SH,pr7_fact,603390.SH,UNKNOWN,[]
pr7_fact-603392.SH,pr7_fact,603392.SH,UNKNOWN,[]
pr7_fact-603393.SH,pr7_fact,603393.SH,UNKNOWN,[]
pr7_fact-603395.SH,pr7_fact,603395.SH,UNKNOWN,[]
pr7_fact-603396.SH,pr7_fact,603396.SH,UNKNOWN,[]
pr7_fact-603398.SH,pr7_fact,603398.SH,UNKNOWN,[]
pr7_fact-603399.SH,pr7_fact,603399.SH,UNKNOWN,[]
pr7_fact-603402.SH,pr7_fact,603402.SH,UNKNOWN,[]
pr7_fact-603406.SH,pr7_fact,603406.SH,UNKNOWN,[]
pr7_fact-603408.SH,pr7_fact,603408.SH,UNKNOWN,[]
pr7_fact-603416.SH,pr7_fact,603416.SH,UNKNOWN,[]
pr7_fact-603418.SH,pr7_fact,603418.SH,UNKNOWN,[]
pr7_fact-603421.SH,pr7_fact,603421.SH,UNKNOWN,[]
pr7_fact-603429.SH,pr7_fact,603429.SH,UNKNOWN,[]
pr7_fact-603439.SH,pr7_fact,603439.SH,UNKNOWN,[]
pr7_fact-603444.SH,pr7_fact,603444.SH,UNKNOWN,[]
pr7_fact-603456.SH,pr7_fact,603456.SH,UNKNOWN,[]
pr7_fact-603458.SH,pr7_fact,603458.SH,UNKNOWN,[]
pr7_fact-603466.SH,pr7_fact,603466.SH,UNKNOWN,[]
pr7_fact-603477.SH,pr7_fact,603477.SH,UNKNOWN,[]
pr7_fact-603486.SH,pr7_fact,603486.SH,UNKNOWN,[]
pr7_fact-603489.SH,pr7_fact,603489.SH,UNKNOWN,[]
pr7_fact-603496.SH,pr7_fact,603496.SH,UNKNOWN,[]
pr7_fact-603501.SH,pr7_fact,603501.SH,UNKNOWN,[]
pr7_fact-603505.SH,pr7_fact,603505.SH,UNKNOWN,[]
pr7_fact-603508.SH,pr7_fact,603508.SH,UNKNOWN,[]
pr7_fact-603511.SH,pr7_fact,603511.SH,UNKNOWN,[]
pr7_fact-603515.SH,pr7_fact,603515.SH,UNKNOWN,[]
pr7_fact-603516.SH,pr7_fact,603516.SH,UNKNOWN,[]
pr7_fact-603517.SH,pr7_fact,603517.SH,UNKNOWN,[]
pr7_fact-603520.SH,pr7_fact,603520.SH,UNKNOWN,[]
pr7_fact-603528.SH,pr7_fact,603528.SH,UNKNOWN,[]
pr7_fact-603529.SH,pr7_fact,603529.SH,UNKNOWN,[]
pr7_fact-603530.SH,pr7_fact,603530.SH,UNKNOWN,[]
pr7_fact-603533.SH,pr7_fact,603533.SH,UNKNOWN,[]
pr7_fact-603551.SH,pr7_fact,603551.SH,UNKNOWN,[]
pr7_fact-603555.SH,pr7_fact,603555.SH,UNKNOWN,[]
pr7_fact-603556.SH,pr7_fact,603556.SH,UNKNOWN,[]
pr7_fact-603557.SH,pr7_fact,603557.SH,UNKNOWN,[]
pr7_fact-603565.SH,pr7_fact,603565.SH,UNKNOWN,[]
pr7_fact-603566.SH,pr7_fact,603566.SH,UNKNOWN,[]
pr7_fact-603567.SH,pr7_fact,603567.SH,UNKNOWN,[]
pr7_fact-603568.SH,pr7_fact,603568.SH,UNKNOWN,[]
pr7_fact-603569.SH,pr7_fact,603569.SH,UNKNOWN,[]
pr7_fact-603579.SH,pr7_fact,603579.SH,UNKNOWN,[]
pr7_fact-603583.SH,pr7_fact,603583.SH,UNKNOWN,[]
pr7_fact-603587.SH,pr7_fact,603587.SH,UNKNOWN,[]
pr7_fact-603588.SH,pr7_fact,603588.SH,UNKNOWN,[]
pr7_fact-603589.SH,pr7_fact,603589.SH,UNKNOWN,[]
pr7_fact-603590.SH,pr7_fact,603590.SH,UNKNOWN,[]
pr7_fact-603595.SH,pr7_fact,603595.SH,UNKNOWN,[]
pr7_fact-603596.SH,pr7_fact,603596.SH,UNKNOWN,[]
pr7_fact-603599.SH,pr7_fact,603599.SH,UNKNOWN,[]
pr7_fact-603600.SH,pr7_fact,603600.SH,UNKNOWN,[]
pr7_fact-603601.SH,pr7_fact,603601.SH,UNKNOWN,[]
pr7_fact-603603.SH,pr7_fact,603603.SH,UNKNOWN,[]
pr7_fact-603605.SH,pr7_fact,603605.SH,UNKNOWN,[]
pr7_fact-603606.SH,pr7_fact,603606.SH,UNKNOWN,[]
pr7_fact-603609.SH,pr7_fact,603609.SH,UNKNOWN,[]
pr7_fact-603610.SH,pr7_fact,603610.SH,UNKNOWN,[]
pr7_fact-603612.SH,pr7_fact,603612.SH,UNKNOWN,[]
pr7_fact-603613.SH,pr7_fact,603613.SH,UNKNOWN,[]
pr7_fact-603618.SH,pr7_fact,603618.SH,UNKNOWN,[]
pr7_fact-603619.SH,pr7_fact,603619.SH,UNKNOWN,[]
pr7_fact-603626.SH,pr7_fact,603626.SH,UNKNOWN,[]
pr7_fact-603636.SH,pr7_fact,603636.SH,UNKNOWN,[]
pr7_fact-603638.SH,pr7_fact,603638.SH,UNKNOWN,[]
pr7_fact-603648.SH,pr7_fact,603648.SH,UNKNOWN,[]
pr7_fact-603650.SH,pr7_fact,603650.SH,UNKNOWN,[]
pr7_fact-603658.SH,pr7_fact,603658.SH,UNKNOWN,[]
pr7_fact-603659.SH,pr7_fact,603659.SH,UNKNOWN,[]
pr7_fact-603660.SH,pr7_fact,603660.SH,UNKNOWN,[]
pr7_fact-603662.SH,pr7_fact,603662.SH,UNKNOWN,[]
pr7_fact-603663.SH,pr7_fact,603663.SH,UNKNOWN,[]
pr7_fact-603666.SH,pr7_fact,603666.SH,UNKNOWN,[]
pr7_fact-603667.SH,pr7_fact,603667.SH,UNKNOWN,[]
pr7_fact-603669.SH,pr7_fact,603669.SH,UNKNOWN,[]
pr7_fact-603676.SH,pr7_fact,603676.SH,UNKNOWN,[]
pr7_fact-603678.SH,pr7_fact,603678.SH,UNKNOWN,[]
pr7_fact-603680.SH,pr7_fact,603680.SH,UNKNOWN,[]
pr7_fact-603686.SH,pr7_fact,603686.SH,UNKNOWN,[]
pr7_fact-603687.SH,pr7_fact,603687.SH,UNKNOWN,[]
pr7_fact-603688.SH,pr7_fact,603688.SH,UNKNOWN,[]
pr7_fact-603690.SH,pr7_fact,603690.SH,UNKNOWN,[]
pr7_fact-603693.SH,pr7_fact,603693.SH,UNKNOWN,[]
pr7_fact-603698.SH,pr7_fact,603698.SH,UNKNOWN,[]
pr7_fact-603699.SH,pr7_fact,603699.SH,UNKNOWN,[]
pr7_fact-603707.SH,pr7_fact,603707.SH,UNKNOWN,[]
pr7_fact-603708.SH,pr7_fact,603708.SH,UNKNOWN,[]
pr7_fact-603711.SH,pr7_fact,603711.SH,UNKNOWN,[]
pr7_fact-603712.SH,pr7_fact,603712.SH,UNKNOWN,[]
pr7_fact-603713.SH,pr7_fact,603713.SH,UNKNOWN,[]
pr7_fact-603718.SH,pr7_fact,603718.SH,UNKNOWN,[]
pr7_fact-603719.SH,pr7_fact,603719.SH,UNKNOWN,[]
pr7_fact-603727.SH,pr7_fact,603727.SH,UNKNOWN,[]
pr7_fact-603728.SH,pr7_fact,603728.SH,UNKNOWN,[]
pr7_fact-603730.SH,pr7_fact,603730.SH,UNKNOWN,[]
pr7_fact-603733.SH,pr7_fact,603733.SH,UNKNOWN,[]
pr7_fact-603737.SH,pr7_fact,603737.SH,UNKNOWN,[]
pr7_fact-603758.SH,pr7_fact,603758.SH,UNKNOWN,[]
pr7_fact-603766.SH,pr7_fact,603766.SH,UNKNOWN,[]
pr7_fact-603773.SH,pr7_fact,603773.SH,UNKNOWN,[]
pr7_fact-603777.SH,pr7_fact,603777.SH,UNKNOWN,[]
pr7_fact-603779.SH,pr7_fact,603779.SH,UNKNOWN,[]
pr7_fact-603786.SH,pr7_fact,603786.SH,UNKNOWN,[]
pr7_fact-603789.SH,pr7_fact,603789.SH,UNKNOWN,[]
pr7_fact-603799.SH,pr7_fact,603799.SH,UNKNOWN,[]
pr7_fact-603800.SH,pr7_fact,603800.SH,UNKNOWN,[]
pr7_fact-603801.SH,pr7_fact,603801.SH,UNKNOWN,[]
pr7_fact-603803.SH,pr7_fact,603803.SH,UNKNOWN,[]
pr7_fact-603806.SH,pr7_fact,603806.SH,UNKNOWN,[]
pr7_fact-603808.SH,pr7_fact,603808.SH,UNKNOWN,[]
pr7_fact-603809.SH,pr7_fact,603809.SH,UNKNOWN,[]
pr7_fact-603815.SH,pr7_fact,603815.SH,UNKNOWN,[]
pr7_fact-603816.SH,pr7_fact,603816.SH,UNKNOWN,[]
pr7_fact-603817.SH,pr7_fact,603817.SH,UNKNOWN,[]
pr7_fact-603818.SH,pr7_fact,603818.SH,UNKNOWN,[]
pr7_fact-603826.SH,pr7_fact,603826.SH,UNKNOWN,[]
pr7_fact-603833.SH,pr7_fact,603833.SH,UNKNOWN,[]
pr7_fact-603839.SH,pr7_fact,603839.SH,UNKNOWN,[]
pr7_fact-603843.SH,pr7_fact,603843.SH,UNKNOWN,[]
pr7_fact-603848.SH,pr7_fact,603848.SH,UNKNOWN,[]
pr7_fact-603858.SH,pr7_fact,603858.SH,UNKNOWN,[]
pr7_fact-603861.SH,pr7_fact,603861.SH,UNKNOWN,[]
pr7_fact-603866.SH,pr7_fact,603866.SH,UNKNOWN,[]
pr7_fact-603868.SH,pr7_fact,603868.SH,UNKNOWN,[]
pr7_fact-603869.SH,pr7_fact,603869.SH,UNKNOWN,[]
pr7_fact-603871.SH,pr7_fact,603871.SH,UNKNOWN,[]
pr7_fact-603876.SH,pr7_fact,603876.SH,UNKNOWN,[]
pr7_fact-603877.SH,pr7_fact,603877.SH,UNKNOWN,[]
pr7_fact-603881.SH,pr7_fact,603881.SH,UNKNOWN,[]
pr7_fact-603882.SH,pr7_fact,603882.SH,UNKNOWN,[]
pr7_fact-603883.SH,pr7_fact,603883.SH,UNKNOWN,[]
pr7_fact-603885.SH,pr7_fact,603885.SH,UNKNOWN,[]
pr7_fact-603887.SH,pr7_fact,603887.SH,UNKNOWN,[]
pr7_fact-603888.SH,pr7_fact,603888.SH,UNKNOWN,[]
pr7_fact-603893.SH,pr7_fact,603893.SH,UNKNOWN,[]
pr7_fact-603896.SH,pr7_fact,603896.SH,UNKNOWN,[]
pr7_fact-603898.SH,pr7_fact,603898.SH,UNKNOWN,[]
pr7_fact-603899.SH,pr7_fact,603899.SH,UNKNOWN,[]
pr7_fact-603900.SH,pr7_fact,603900.SH,UNKNOWN,[]
pr7_fact-603906.SH,pr7_fact,603906.SH,UNKNOWN,[]
pr7_fact-603915.SH,pr7_fact,603915.SH,UNKNOWN,[]
pr7_fact-603916.SH,pr7_fact,603916.SH,UNKNOWN,[]
pr7_fact-603919.SH,pr7_fact,603919.SH,UNKNOWN,[]
pr7_fact-603920.SH,pr7_fact,603920.SH,UNKNOWN,[]
pr7_fact-603927.SH,pr7_fact,603927.SH,UNKNOWN,[]
pr7_fact-603929.SH,pr7_fact,603929.SH,UNKNOWN,[]
pr7_fact-603936.SH,pr7_fact,603936.SH,UNKNOWN,[]
pr7_fact-603938.SH,pr7_fact,603938.SH,UNKNOWN,[]
pr7_fact-603939.SH,pr7_fact,603939.SH,UNKNOWN,[]
pr7_fact-603950.SH,pr7_fact,603950.SH,UNKNOWN,[]
pr7_fact-603956.SH,pr7_fact,603956.SH,UNKNOWN,[]
pr7_fact-603958.SH,pr7_fact,603958.SH,UNKNOWN,[]
pr7_fact-603959.SH,pr7_fact,603959.SH,UNKNOWN,[]
pr7_fact-603960.SH,pr7_fact,603960.SH,UNKNOWN,[]
pr7_fact-603969.SH,pr7_fact,603969.SH,UNKNOWN,[]
pr7_fact-603976.SH,pr7_fact,603976.SH,UNKNOWN,[]
pr7_fact-603979.SH,pr7_fact,603979.SH,UNKNOWN,[]
pr7_fact-603980.SH,pr7_fact,603980.SH,UNKNOWN,[]
pr7_fact-603983.SH,pr7_fact,603983.SH,UNKNOWN,[]
pr7_fact-603985.SH,pr7_fact,603985.SH,UNKNOWN,[]
pr7_fact-603986.SH,pr7_fact,603986.SH,UNKNOWN,[]
pr7_fact-603989.SH,pr7_fact,603989.SH,UNKNOWN,[]
pr7_fact-603992.SH,pr7_fact,603992.SH,UNKNOWN,[]
pr7_fact-603993.SH,pr7_fact,603993.SH,UNKNOWN,[]
pr7_fact-603995.SH,pr7_fact,603995.SH,UNKNOWN,[]
pr7_fact-603996.SH,pr7_fact,603996.SH,UNKNOWN,[]
pr7_fact-603997.SH,pr7_fact,603997.SH,UNKNOWN,[]
pr7_fact-603999.SH,pr7_fact,603999.SH,UNKNOWN,[]
pr7_fact-605007.SH,pr7_fact,605007.SH,UNKNOWN,[]
pr7_fact-605008.SH,pr7_fact,605008.SH,UNKNOWN,[]
pr7_fact-605009.SH,pr7_fact,605009.SH,UNKNOWN,[]
pr7_fact-605011.SH,pr7_fact,605011.SH,UNKNOWN,[]
pr7_fact-605020.SH,pr7_fact,605020.SH,UNKNOWN,[]
pr7_fact-605090.SH,pr7_fact,605090.SH,UNKNOWN,[]
pr7_fact-605099.SH,pr7_fact,605099.SH,UNKNOWN,[]
pr7_fact-605111.SH,pr7_fact,605111.SH,UNKNOWN,[]
pr7_fact-605116.SH,pr7_fact,605116.SH,UNKNOWN,[]
pr7_fact-605117.SH,pr7_fact,605117.SH,UNKNOWN,[]
pr7_fact-605118.SH,pr7_fact,605118.SH,UNKNOWN,[]
pr7_fact-605123.SH,pr7_fact,605123.SH,UNKNOWN,[]
pr7_fact-605136.SH,pr7_fact,605136.SH,UNKNOWN,[]
pr7_fact-605168.SH,pr7_fact,605168.SH,UNKNOWN,[]
pr7_fact-605196.SH,pr7_fact,605196.SH,UNKNOWN,[]
pr7_fact-605198.SH,pr7_fact,605198.SH,UNKNOWN,[]
pr7_fact-605199.SH,pr7_fact,605199.SH,UNKNOWN,[]
pr7_fact-605222.SH,pr7_fact,605222.SH,UNKNOWN,[]
pr7_fact-605296.SH,pr7_fact,605296.SH,UNKNOWN,[]
pr7_fact-605333.SH,pr7_fact,605333.SH,UNKNOWN,[]
pr7_fact-605338.SH,pr7_fact,605338.SH,UNKNOWN,[]
pr7_fact-605339.SH,pr7_fact,605339.SH,UNKNOWN,[]
pr7_fact-605358.SH,pr7_fact,605358.SH,UNKNOWN,[]
pr7_fact-605365.SH,pr7_fact,605365.SH,UNKNOWN,[]
pr7_fact-605368.SH,pr7_fact,605368.SH,UNKNOWN,[]
pr7_fact-605369.SH,pr7_fact,605369.SH,UNKNOWN,[]
pr7_fact-605376.SH,pr7_fact,605376.SH,UNKNOWN,[]
pr7_fact-605388.SH,pr7_fact,605388.SH,UNKNOWN,[]
pr7_fact-605499.SH,pr7_fact,605499.SH,UNKNOWN,[]
pr7_fact-605507.SH,pr7_fact,605507.SH,UNKNOWN,[]
pr7_fact-605555.SH,pr7_fact,605555.SH,UNKNOWN,[]
pr7_fact-605577.SH,pr7_fact,605577.SH,UNKNOWN,[]
pr7_fact-605589.SH,pr7_fact,605589.SH,UNKNOWN,[]
pr7_fact-605599.SH,pr7_fact,605599.SH,UNKNOWN,[]
pr7_fact-688001.SH,pr7_fact,688001.SH,UNKNOWN,[]
pr7_fact-688002.SH,pr7_fact,688002.SH,UNKNOWN,[]
pr7_fact-688003.SH,pr7_fact,688003.SH,UNKNOWN,[]
pr7_fact-688005.SH,pr7_fact,688005.SH,UNKNOWN,[]
pr7_fact-688006.SH,pr7_fact,688006.SH,UNKNOWN,[]
pr7_fact-688007.SH,pr7_fact,688007.SH,UNKNOWN,[]
pr7_fact-688008.SH,pr7_fact,688008.SH,UNKNOWN,[]
pr7_fact-688009.SH,pr7_fact,688009.SH,UNKNOWN,[]
pr7_fact-688012.SH,pr7_fact,688012.SH,UNKNOWN,[]
pr7_fact-688016.SH,pr7_fact,688016.SH,UNKNOWN,[]
pr7_fact-688017.SH,pr7_fact,688017.SH,UNKNOWN,[]
pr7_fact-688018.SH,pr7_fact,688018.SH,UNKNOWN,[]
pr7_fact-688019.SH,pr7_fact,688019.SH,UNKNOWN,[]
pr7_fact-688020.SH,pr7_fact,688020.SH,UNKNOWN,[]
pr7_fact-688023.SH,pr7_fact,688023.SH,UNKNOWN,[]
pr7_fact-688025.SH,pr7_fact,688025.SH,UNKNOWN,[]
pr7_fact-688027.SH,pr7_fact,688027.SH,UNKNOWN,[]
pr7_fact-688029.SH,pr7_fact,688029.SH,UNKNOWN,[]
pr7_fact-688030.SH,pr7_fact,688030.SH,UNKNOWN,[]
pr7_fact-688031.SH,pr7_fact,688031.SH,UNKNOWN,[]
pr7_fact-688032.SH,pr7_fact,688032.SH,UNKNOWN,[]
pr7_fact-688033.SH,pr7_fact,688033.SH,UNKNOWN,[]
pr7_fact-688036.SH,pr7_fact,688036.SH,UNKNOWN,[]
pr7_fact-688037.SH,pr7_fact,688037.SH,UNKNOWN,[]
pr7_fact-688041.SH,pr7_fact,688041.SH,UNKNOWN,[]
pr7_fact-688046.SH,pr7_fact,688046.SH,UNKNOWN,[]
pr7_fact-688047.SH,pr7_fact,688047.SH,UNKNOWN,[]
pr7_fact-688048.SH,pr7_fact,688048.SH,UNKNOWN,[]
pr7_fact-688050.SH,pr7_fact,688050.SH,UNKNOWN,[]
pr7_fact-688052.SH,pr7_fact,688052.SH,UNKNOWN,[]
pr7_fact-688055.SH,pr7_fact,688055.SH,UNKNOWN,[]
pr7_fact-688062.SH,pr7_fact,688062.SH,UNKNOWN,[]
pr7_fact-688063.SH,pr7_fact,688063.SH,UNKNOWN,[]
pr7_fact-688065.SH,pr7_fact,688065.SH,UNKNOWN,[]
pr7_fact-688066.SH,pr7_fact,688066.SH,UNKNOWN,[]
pr7_fact-688068.SH,pr7_fact,688068.SH,UNKNOWN,[]
pr7_fact-688072.SH,pr7_fact,688072.SH,UNKNOWN,[]
pr7_fact-688076.SH,pr7_fact,688076.SH,UNKNOWN,[]
pr7_fact-688082.SH,pr7_fact,688082.SH,UNKNOWN,[]
pr7_fact-688083.SH,pr7_fact,688083.SH,UNKNOWN,[]
pr7_fact-688085.SH,pr7_fact,688085.SH,UNKNOWN,[]
pr7_fact-688086.SH,pr7_fact,688086.SH,UNKNOWN,[]
pr7_fact-688088.SH,pr7_fact,688088.SH,UNKNOWN,[]
pr7_fact-688091.SH,pr7_fact,688091.SH,UNKNOWN,[]
pr7_fact-688095.SH,pr7_fact,688095.SH,UNKNOWN,[]
pr7_fact-688097.SH,pr7_fact,688097.SH,UNKNOWN,[]
pr7_fact-688098.SH,pr7_fact,688098.SH,UNKNOWN,[]
pr7_fact-688099.SH,pr7_fact,688099.SH,UNKNOWN,[]
pr7_fact-688100.SH,pr7_fact,688100.SH,UNKNOWN,[]
pr7_fact-688102.SH,pr7_fact,688102.SH,UNKNOWN,[]
pr7_fact-688105.SH,pr7_fact,688105.SH,UNKNOWN,[]
pr7_fact-688106.SH,pr7_fact,688106.SH,UNKNOWN,[]
pr7_fact-688107.SH,pr7_fact,688107.SH,UNKNOWN,[]
pr7_fact-688108.SH,pr7_fact,688108.SH,UNKNOWN,[]
pr7_fact-688110.SH,pr7_fact,688110.SH,UNKNOWN,[]
pr7_fact-688111.SH,pr7_fact,688111.SH,UNKNOWN,[]
pr7_fact-688114.SH,pr7_fact,688114.SH,UNKNOWN,[]
pr7_fact-688116.SH,pr7_fact,688116.SH,UNKNOWN,[]
pr7_fact-688120.SH,pr7_fact,688120.SH,UNKNOWN,[]
pr7_fact-688122.SH,pr7_fact,688122.SH,UNKNOWN,[]
pr7_fact-688123.SH,pr7_fact,688123.SH,UNKNOWN,[]
pr7_fact-688126.SH,pr7_fact,688126.SH,UNKNOWN,[]
pr7_fact-688127.SH,pr7_fact,688127.SH,UNKNOWN,[]
pr7_fact-688128.SH,pr7_fact,688128.SH,UNKNOWN,[]
pr7_fact-688131.SH,pr7_fact,688131.SH,UNKNOWN,[]
pr7_fact-688133.SH,pr7_fact,688133.SH,UNKNOWN,[]
pr7_fact-688139.SH,pr7_fact,688139.SH,UNKNOWN,[]
pr7_fact-688141.SH,pr7_fact,688141.SH,UNKNOWN,[]
pr7_fact-688146.SH,pr7_fact,688146.SH,UNKNOWN,[]
pr7_fact-688147.SH,pr7_fact,688147.SH,UNKNOWN,[]
pr7_fact-688148.SH,pr7_fact,688148.SH,UNKNOWN,[]
pr7_fact-688150.SH,pr7_fact,688150.SH,UNKNOWN,[]
pr7_fact-688152.SH,pr7_fact,688152.SH,UNKNOWN,[]
pr7_fact-688153.SH,pr7_fact,688153.SH,UNKNOWN,[]
pr7_fact-688158.SH,pr7_fact,688158.SH,UNKNOWN,[]
pr7_fact-688161.SH,pr7_fact,688161.SH,UNKNOWN,[]
pr7_fact-688165.SH,pr7_fact,688165.SH,UNKNOWN,[]
pr7_fact-688166.SH,pr7_fact,688166.SH,UNKNOWN,[]
pr7_fact-688167.SH,pr7_fact,688167.SH,UNKNOWN,[]
pr7_fact-688169.SH,pr7_fact,688169.SH,UNKNOWN,[]
pr7_fact-688172.SH,pr7_fact,688172.SH,UNKNOWN,[]
pr7_fact-688173.SH,pr7_fact,688173.SH,UNKNOWN,[]
pr7_fact-688177.SH,pr7_fact,688177.SH,UNKNOWN,[]
pr7_fact-688180.SH,pr7_fact,688180.SH,UNKNOWN,[]
pr7_fact-688182.SH,pr7_fact,688182.SH,UNKNOWN,[]
pr7_fact-688183.SH,pr7_fact,688183.SH,UNKNOWN,[]
pr7_fact-688185.SH,pr7_fact,688185.SH,UNKNOWN,[]
pr7_fact-688187.SH,pr7_fact,688187.SH,UNKNOWN,[]
pr7_fact-688188.SH,pr7_fact,688188.SH,UNKNOWN,[]
pr7_fact-688190.SH,pr7_fact,688190.SH,UNKNOWN,[]
pr7_fact-688192.SH,pr7_fact,688192.SH,UNKNOWN,[]
pr7_fact-688195.SH,pr7_fact,688195.SH,UNKNOWN,[]
pr7_fact-688198.SH,pr7_fact,688198.SH,UNKNOWN,[]
pr7_fact-688200.SH,pr7_fact,688200.SH,UNKNOWN,[]
pr7_fact-688202.SH,pr7_fact,688202.SH,UNKNOWN,[]
pr7_fact-688205.SH,pr7_fact,688205.SH,UNKNOWN,[]
pr7_fact-688206.SH,pr7_fact,688206.SH,UNKNOWN,[]
pr7_fact-688208.SH,pr7_fact,688208.SH,UNKNOWN,[]
pr7_fact-688209.SH,pr7_fact,688209.SH,UNKNOWN,[]
pr7_fact-688213.SH,pr7_fact,688213.SH,UNKNOWN,[]
pr7_fact-688220.SH,pr7_fact,688220.SH,UNKNOWN,[]
pr7_fact-688222.SH,pr7_fact,688222.SH,UNKNOWN,[]
pr7_fact-688223.SH,pr7_fact,688223.SH,UNKNOWN,[]
pr7_fact-688232.SH,pr7_fact,688232.SH,UNKNOWN,[]
pr7_fact-688233.SH,pr7_fact,688233.SH,UNKNOWN,[]
pr7_fact-688234.SH,pr7_fact,688234.SH,UNKNOWN,[]
pr7_fact-688235.SH,pr7_fact,688235.SH,UNKNOWN,[]
pr7_fact-688238.SH,pr7_fact,688238.SH,UNKNOWN,[]
pr7_fact-688239.SH,pr7_fact,688239.SH,UNKNOWN,[]
pr7_fact-688248.SH,pr7_fact,688248.SH,UNKNOWN,[]
pr7_fact-688249.SH,pr7_fact,688249.SH,UNKNOWN,[]
pr7_fact-688252.SH,pr7_fact,688252.SH,UNKNOWN,[]
pr7_fact-688256.SH,pr7_fact,688256.SH,UNKNOWN,[]
pr7_fact-688261.SH,pr7_fact,688261.SH,UNKNOWN,[]
pr7_fact-688262.SH,pr7_fact,688262.SH,UNKNOWN,[]
pr7_fact-688266.SH,pr7_fact,688266.SH,UNKNOWN,[]
pr7_fact-688268.SH,pr7_fact,688268.SH,UNKNOWN,[]
pr7_fact-688270.SH,pr7_fact,688270.SH,UNKNOWN,[]
pr7_fact-688271.SH,pr7_fact,688271.SH,UNKNOWN,[]
pr7_fact-688275.SH,pr7_fact,688275.SH,UNKNOWN,[]
pr7_fact-688276.SH,pr7_fact,688276.SH,UNKNOWN,[]
pr7_fact-688277.SH,pr7_fact,688277.SH,UNKNOWN,[]
pr7_fact-688278.SH,pr7_fact,688278.SH,UNKNOWN,[]
pr7_fact-688279.SH,pr7_fact,688279.SH,UNKNOWN,[]
pr7_fact-688281.SH,pr7_fact,688281.SH,UNKNOWN,[]
pr7_fact-688289.SH,pr7_fact,688289.SH,UNKNOWN,[]
pr7_fact-688295.SH,pr7_fact,688295.SH,UNKNOWN,[]
pr7_fact-688297.SH,pr7_fact,688297.SH,UNKNOWN,[]
pr7_fact-688298.SH,pr7_fact,688298.SH,UNKNOWN,[]
pr7_fact-688300.SH,pr7_fact,688300.SH,UNKNOWN,[]
pr7_fact-688301.SH,pr7_fact,688301.SH,UNKNOWN,[]
pr7_fact-688303.SH,pr7_fact,688303.SH,UNKNOWN,[]
pr7_fact-688306.SH,pr7_fact,688306.SH,UNKNOWN,[]
pr7_fact-688313.SH,pr7_fact,688313.SH,UNKNOWN,[]
pr7_fact-688315.SH,pr7_fact,688315.SH,UNKNOWN,[]
pr7_fact-688318.SH,pr7_fact,688318.SH,UNKNOWN,[]
pr7_fact-688321.SH,pr7_fact,688321.SH,UNKNOWN,[]
pr7_fact-688322.SH,pr7_fact,688322.SH,UNKNOWN,[]
pr7_fact-688326.SH,pr7_fact,688326.SH,UNKNOWN,[]
pr7_fact-688327.SH,pr7_fact,688327.SH,UNKNOWN,[]
pr7_fact-688330.SH,pr7_fact,688330.SH,UNKNOWN,[]
pr7_fact-688331.SH,pr7_fact,688331.SH,UNKNOWN,[]
pr7_fact-688332.SH,pr7_fact,688332.SH,UNKNOWN,[]
pr7_fact-688333.SH,pr7_fact,688333.SH,UNKNOWN,[]
pr7_fact-688336.SH,pr7_fact,688336.SH,UNKNOWN,[]
pr7_fact-688337.SH,pr7_fact,688337.SH,UNKNOWN,[]
pr7_fact-688339.SH,pr7_fact,688339.SH,UNKNOWN,[]
pr7_fact-688343.SH,pr7_fact,688343.SH,UNKNOWN,[]
pr7_fact-688347.SH,pr7_fact,688347.SH,UNKNOWN,[]
pr7_fact-688348.SH,pr7_fact,688348.SH,UNKNOWN,[]
pr7_fact-688349.SH,pr7_fact,688349.SH,UNKNOWN,[]
pr7_fact-688351.SH,pr7_fact,688351.SH,UNKNOWN,[]
pr7_fact-688352.SH,pr7_fact,688352.SH,UNKNOWN,[]
pr7_fact-688353.SH,pr7_fact,688353.SH,UNKNOWN,[]
pr7_fact-688356.SH,pr7_fact,688356.SH,UNKNOWN,[]
pr7_fact-688361.SH,pr7_fact,688361.SH,UNKNOWN,[]
pr7_fact-688362.SH,pr7_fact,688362.SH,UNKNOWN,[]
pr7_fact-688363.SH,pr7_fact,688363.SH,UNKNOWN,[]
pr7_fact-688365.SH,pr7_fact,688365.SH,UNKNOWN,[]
pr7_fact-688366.SH,pr7_fact,688366.SH,UNKNOWN,[]
pr7_fact-688368.SH,pr7_fact,688368.SH,UNKNOWN,[]
pr7_fact-688372.SH,pr7_fact,688372.SH,UNKNOWN,[]
pr7_fact-688375.SH,pr7_fact,688375.SH,UNKNOWN,[]
pr7_fact-688380.SH,pr7_fact,688380.SH,UNKNOWN,[]
pr7_fact-688381.SH,pr7_fact,688381.SH,UNKNOWN,[]
pr7_fact-688382.SH,pr7_fact,688382.SH,UNKNOWN,[]
pr7_fact-688383.SH,pr7_fact,688383.SH,UNKNOWN,[]
pr7_fact-688385.SH,pr7_fact,688385.SH,UNKNOWN,[]
pr7_fact-688387.SH,pr7_fact,688387.SH,UNKNOWN,[]
pr7_fact-688388.SH,pr7_fact,688388.SH,UNKNOWN,[]
pr7_fact-688389.SH,pr7_fact,688389.SH,UNKNOWN,[]
pr7_fact-688390.SH,pr7_fact,688390.SH,UNKNOWN,[]
pr7_fact-688392.SH,pr7_fact,688392.SH,UNKNOWN,[]
pr7_fact-688396.SH,pr7_fact,688396.SH,UNKNOWN,[]
pr7_fact-688399.SH,pr7_fact,688399.SH,UNKNOWN,[]
pr7_fact-688400.SH,pr7_fact,688400.SH,UNKNOWN,[]
pr7_fact-688403.SH,pr7_fact,688403.SH,UNKNOWN,[]
pr7_fact-688408.SH,pr7_fact,688408.SH,UNKNOWN,[]
pr7_fact-688409.SH,pr7_fact,688409.SH,UNKNOWN,[]
pr7_fact-688411.SH,pr7_fact,688411.SH,UNKNOWN,[]
pr7_fact-688425.SH,pr7_fact,688425.SH,UNKNOWN,[]
pr7_fact-688432.SH,pr7_fact,688432.SH,UNKNOWN,[]
pr7_fact-688433.SH,pr7_fact,688433.SH,UNKNOWN,[]
pr7_fact-688439.SH,pr7_fact,688439.SH,UNKNOWN,[]
pr7_fact-688443.SH,pr7_fact,688443.SH,UNKNOWN,[]
pr7_fact-688449.SH,pr7_fact,688449.SH,UNKNOWN,[]
pr7_fact-688469.SH,pr7_fact,688469.SH,UNKNOWN,[]
pr7_fact-688472.SH,pr7_fact,688472.SH,UNKNOWN,[]
pr7_fact-688475.SH,pr7_fact,688475.SH,UNKNOWN,[]
pr7_fact-688484.SH,pr7_fact,688484.SH,UNKNOWN,[]
pr7_fact-688486.SH,pr7_fact,688486.SH,UNKNOWN,[]
pr7_fact-688498.SH,pr7_fact,688498.SH,UNKNOWN,[]
pr7_fact-688499.SH,pr7_fact,688499.SH,UNKNOWN,[]
pr7_fact-688502.SH,pr7_fact,688502.SH,UNKNOWN,[]
pr7_fact-688503.SH,pr7_fact,688503.SH,UNKNOWN,[]
pr7_fact-688505.SH,pr7_fact,688505.SH,UNKNOWN,[]
pr7_fact-688506.SH,pr7_fact,688506.SH,UNKNOWN,[]
pr7_fact-688508.SH,pr7_fact,688508.SH,UNKNOWN,[]
pr7_fact-688515.SH,pr7_fact,688515.SH,UNKNOWN,[]
pr7_fact-688516.SH,pr7_fact,688516.SH,UNKNOWN,[]
pr7_fact-688518.SH,pr7_fact,688518.SH,UNKNOWN,[]
pr7_fact-688519.SH,pr7_fact,688519.SH,UNKNOWN,[]
pr7_fact-688520.SH,pr7_fact,688520.SH,UNKNOWN,[]
pr7_fact-688521.SH,pr7_fact,688521.SH,UNKNOWN,[]
pr7_fact-688522.SH,pr7_fact,688522.SH,UNKNOWN,[]
pr7_fact-688523.SH,pr7_fact,688523.SH,UNKNOWN,[]
pr7_fact-688525.SH,pr7_fact,688525.SH,UNKNOWN,[]
pr7_fact-688526.SH,pr7_fact,688526.SH,UNKNOWN,[]
pr7_fact-688531.SH,pr7_fact,688531.SH,UNKNOWN,[]
pr7_fact-688536.SH,pr7_fact,688536.SH,UNKNOWN,[]
pr7_fact-688538.SH,pr7_fact,688538.SH,UNKNOWN,[]
pr7_fact-688543.SH,pr7_fact,688543.SH,UNKNOWN,[]
pr7_fact-688545.SH,pr7_fact,688545.SH,UNKNOWN,[]
pr7_fact-688548.SH,pr7_fact,688548.SH,UNKNOWN,[]
pr7_fact-688549.SH,pr7_fact,688549.SH,UNKNOWN,[]
pr7_fact-688552.SH,pr7_fact,688552.SH,UNKNOWN,[]
pr7_fact-688556.SH,pr7_fact,688556.SH,UNKNOWN,[]
pr7_fact-688559.SH,pr7_fact,688559.SH,UNKNOWN,[]
pr7_fact-688561.SH,pr7_fact,688561.SH,UNKNOWN,[]
pr7_fact-688563.SH,pr7_fact,688563.SH,UNKNOWN,[]
pr7_fact-688567.SH,pr7_fact,688567.SH,UNKNOWN,[]
pr7_fact-688568.SH,pr7_fact,688568.SH,UNKNOWN,[]
pr7_fact-688575.SH,pr7_fact,688575.SH,UNKNOWN,[]
pr7_fact-688578.SH,pr7_fact,688578.SH,UNKNOWN,[]
pr7_fact-688582.SH,pr7_fact,688582.SH,UNKNOWN,[]
pr7_fact-688584.SH,pr7_fact,688584.SH,UNKNOWN,[]
pr7_fact-688586.SH,pr7_fact,688586.SH,UNKNOWN,[]
pr7_fact-688591.SH,pr7_fact,688591.SH,UNKNOWN,[]
pr7_fact-688593.SH,pr7_fact,688593.SH,UNKNOWN,[]
pr7_fact-688596.SH,pr7_fact,688596.SH,UNKNOWN,[]
pr7_fact-688598.SH,pr7_fact,688598.SH,UNKNOWN,[]
pr7_fact-688599.SH,pr7_fact,688599.SH,UNKNOWN,[]
pr7_fact-688605.SH,pr7_fact,688605.SH,UNKNOWN,[]
pr7_fact-688608.SH,pr7_fact,688608.SH,UNKNOWN,[]
pr7_fact-688612.SH,pr7_fact,688612.SH,UNKNOWN,[]
pr7_fact-688615.SH,pr7_fact,688615.SH,UNKNOWN,[]
pr7_fact-688617.SH,pr7_fact,688617.SH,UNKNOWN,[]
pr7_fact-688627.SH,pr7_fact,688627.SH,UNKNOWN,[]
pr7_fact-688629.SH,pr7_fact,688629.SH,UNKNOWN,[]
pr7_fact-688630.SH,pr7_fact,688630.SH,UNKNOWN,[]
pr7_fact-688631.SH,pr7_fact,688631.SH,UNKNOWN,[]
pr7_fact-688639.SH,pr7_fact,688639.SH,UNKNOWN,[]
pr7_fact-688652.SH,pr7_fact,688652.SH,UNKNOWN,[]
pr7_fact-688658.SH,pr7_fact,688658.SH,UNKNOWN,[]
pr7_fact-688660.SH,pr7_fact,688660.SH,UNKNOWN,[]
pr7_fact-688668.SH,pr7_fact,688668.SH,UNKNOWN,[]
pr7_fact-688676.SH,pr7_fact,688676.SH,UNKNOWN,[]
pr7_fact-688680.SH,pr7_fact,688680.SH,UNKNOWN,[]
pr7_fact-688686.SH,pr7_fact,688686.SH,UNKNOWN,[]
pr7_fact-688690.SH,pr7_fact,688690.SH,UNKNOWN,[]
pr7_fact-688691.SH,pr7_fact,688691.SH,UNKNOWN,[]
pr7_fact-688692.SH,pr7_fact,688692.SH,UNKNOWN,[]
pr7_fact-688696.SH,pr7_fact,688696.SH,UNKNOWN,[]
pr7_fact-688698.SH,pr7_fact,688698.SH,UNKNOWN,[]
pr7_fact-688699.SH,pr7_fact,688699.SH,UNKNOWN,[]
pr7_fact-688700.SH,pr7_fact,688700.SH,UNKNOWN,[]
pr7_fact-688702.SH,pr7_fact,688702.SH,UNKNOWN,[]
pr7_fact-688707.SH,pr7_fact,688707.SH,UNKNOWN,[]
pr7_fact-688708.SH,pr7_fact,688708.SH,UNKNOWN,[]
pr7_fact-688709.SH,pr7_fact,688709.SH,UNKNOWN,[]
pr7_fact-688711.SH,pr7_fact,688711.SH,UNKNOWN,[]
pr7_fact-688717.SH,pr7_fact,688717.SH,UNKNOWN,[]
pr7_fact-688726.SH,pr7_fact,688726.SH,UNKNOWN,[]
pr7_fact-688728.SH,pr7_fact,688728.SH,UNKNOWN,[]
pr7_fact-688733.SH,pr7_fact,688733.SH,UNKNOWN,[]
pr7_fact-688739.SH,pr7_fact,688739.SH,UNKNOWN,[]
pr7_fact-688766.SH,pr7_fact,688766.SH,UNKNOWN,[]
pr7_fact-688772.SH,pr7_fact,688772.SH,UNKNOWN,[]
pr7_fact-688776.SH,pr7_fact,688776.SH,UNKNOWN,[]
pr7_fact-688777.SH,pr7_fact,688777.SH,UNKNOWN,[]
pr7_fact-688778.SH,pr7_fact,688778.SH,UNKNOWN,[]
pr7_fact-688779.SH,pr7_fact,688779.SH,UNKNOWN,[]
pr7_fact-688788.SH,pr7_fact,688788.SH,UNKNOWN,[]
pr7_fact-688789.SH,pr7_fact,688789.SH,UNKNOWN,[]
pr7_fact-688798.SH,pr7_fact,688798.SH,UNKNOWN,[]
pr7_fact-688800.SH,pr7_fact,688800.SH,UNKNOWN,[]
pr7_fact-688819.SH,pr7_fact,688819.SH,UNKNOWN,[]
pr7_fact-688981.SH,pr7_fact,688981.SH,UNKNOWN,[]
pr7_fact-689009.SH,pr7_fact,689009.SH,UNKNOWN,[]
